Price,Close,High,Low,Open,Volume
Ticker,ARVINDFASN.NS,ARVINDFASN.NS,ARVINDFASN.NS,ARVINDFASN.NS,ARVINDFASN.NS
Date,,,,,
2019-03-08,458.3591003417969,458.3591003417969,436.5659112797044,436.5659112797044,33388
2019-03-11,481.2604675292969,481.2604675292969,481.2604675292969,481.2604675292969,12681
2019-03-12,505.3068542480469,505.3068542480469,505.3068542480469,505.3068542480469,8760
2019-03-13,530.5722045898438,530.5722045898438,530.5722045898438,530.5722045898438,1166129
2019-03-14,557.0934448242188,557.0934448242188,557.0934448242188,557.0934448242188,6931
2019-03-15,584.9443969726562,584.9443969726562,584.9443969726562,584.9443969726562,15837
2019-03-18,614.1620483398438,614.1620483398438,614.1620483398438,614.1620483398438,7305
2019-03-19,644.8572387695312,644.8572387695312,644.8572387695312,644.8572387695312,5787
2019-03-20,677.0668334960938,677.0668334960938,677.0668334960938,677.0668334960938,51821
2019-03-22,710.9017333984375,710.9017333984375,710.9017333984375,710.9017333984375,40022
2019-03-25,781.9697875976562,781.9697875976562,717.5505436538305,756.4828206765434,4609276
2019-03-26,751.6069946289062,805.0188249853331,739.75001191921,788.2491470093303,1071024
2019-03-27,741.8185424804688,764.682935664138,735.0589288716146,748.3564627562905,383319
2019-03-28,754.8206176757812,757.9603124635282,735.5391836409065,742.3725941638701,225667
2019-04-01,768.8568725585938,779.3841197158196,759.4377886221384,771.9965672040789,222614
2019-04-02,774.1759033203125,776.761577141511,762.2450632149079,769.0415753707038,147124
2019-04-03,740.2671508789062,772.6615066614285,737.2752313980696,771.9966086932328,444356
2019-04-04,729.8137817382812,746.1402545782097,718.4000646956825,746.1402545782097,126902
2019-04-05,721.17041015625,735.7976791235486,703.3664268613605,735.7976791235486,190457
2019-04-08,715.6666870117188,729.1488946829309,709.2026239853598,716.5901159171958,72793
2019-04-09,715.5189208984375,719.5451462313108,709.2026331183434,712.5270014960793,71236
2019-04-10,716.5162963867188,721.7614408170411,710.6801719908473,710.7540293145352,77990
2019-04-11,720.2838745117188,732.6579793296208,714.4846488821652,718.7325067061109,86111
2019-04-12,716.55322265625,726.341654086587,713.96754887705,718.1784478312717,133310
2019-04-15,705.5827026367188,720.283889819477,700.3375585005597,716.5901135218962,37982
2019-04-16,707.8359375,712.9702653859534,694.1689953483168,709.2026317151683,80223
2019-04-18,709.9044189453125,712.8963383036703,703.2925806034389,708.4638674278816,63236
2019-04-22,709.461181640625,718.6217350962886,708.0206300663623,709.2026506676141,54873
2019-04-23,710.8648071289062,729.1488936326787,702.5538256155445,709.4611539267496,135133
2019-04-24,709.1656494140625,716.5901001868255,706.3214447522543,706.9863426798514,53129
2019-04-25,712.9702758789062,715.1126237119302,707.7251315908521,712.1576025882905,46811
2019-04-26,717.6243286132812,726.895697627685,711.0494495612918,712.8963072885197,50714
2019-04-30,738.974365234375,752.7151649194492,712.8963584174201,718.0676453877661,262794
2019-05-02,735.502197265625,745.9924855044331,726.1939295758708,726.1939295758708,62225
2019-05-03,738.7896728515625,742.5203474812092,731.365161220174,731.365161220174,393448
2019-05-06,732.5471801757812,738.7527122316565,726.3416481199059,738.7527122316565,63825
2019-05-07,735.1328125,738.6049562494428,732.1408930612794,738.6049562494428,110013
2019-05-08,724.1622924804688,735.0219273295261,716.6639240515358,726.0461091660405,58927
2019-05-09,724.6056518554688,729.7768783180718,715.9991798358227,724.1623865335247,35071
2019-05-10,714.189208984375,727.5975599458935,711.0125551444928,724.5686814403402,163299
2019-05-13,711.5296630859375,719.4343385167838,705.7304978576831,716.5901337218721,178294
2019-05-14,702.9231567382812,715.9621594841047,698.1212779967206,714.4846489962372,204973
2019-05-15,687.0400390625,702.479981831651,679.6524863109375,701.7781248730391,22152
2019-05-16,620.14599609375,698.1213022574218,618.3360365800108,681.1299917444903,134656
2019-05-17,565.9584350585938,620.55228400777,558.1645762983052,618.3360182645971,1137094
2019-05-20,594.2526245117188,594.2526245117188,568.8395784114305,584.3533773714493,164139
2019-05-21,623.9505615234375,623.9505615234375,599.1284923725864,601.3447583002019,121237
2019-05-22,607.7718505859375,636.8048790381965,594.6959486311798,631.6335919771188,153732
2019-05-23,606.0357666015625,630.488486241463,599.3131120991357,607.7718080435653,78998
2019-05-24,618.6315307617188,623.5072670238987,599.8672196115933,605.7772011206595,39403
2019-05-27,610.4313354492188,635.3273202253013,591.002127299434,591.002127299434,50374
2019-05-28,625.39111328125,627.9397672664599,598.3896791349613,620.2198266174316,51974
2019-05-29,594.8436889648438,627.9397785571233,594.1418320292087,627.9397785571233,57317
2019-05-30,598.2418823242188,605.0384545420353,594.695881585889,594.695881585889,130025
2019-05-31,591.6670532226562,610.9115886456553,589.5246447235969,606.5159553221363,79570
2019-06-03,595.0653686523438,604.2997796755128,565.1458696547131,591.740939416147,32185
2019-06-04,574.0847778320312,599.0176627608727,570.6864913474269,595.0653553226654,56422
2019-06-06,564.739501953125,583.6146282647745,559.6790316683614,583.6146282647745,93729
2019-06-07,588.9336547851562,592.9598800596704,554.8032588374417,559.974545662979,73194
2019-06-10,562.37548828125,591.7409038603721,554.803261987158,591.7409038603721,37618
2019-06-11,566.6972045898438,571.0558181796625,560.5286314942779,562.1908156715481,16567
2019-06-12,576.5595703125,582.1371636278384,565.1827510268539,566.6972206064709,37560
2019-06-13,565.2197265625,574.3802802543845,558.6078877892818,572.5333616382983,36146
2019-06-14,560.1592407226562,569.7261004748616,556.2807906272241,561.4520776504743,73331
2019-06-17,555.6159057617188,566.6233161439815,550.3707618652037,560.1591927465478,16145
2019-06-18,557.5736083984375,561.3782010406579,554.0645057240747,554.0645057240747,24917
2019-06-19,519.4909057617188,562.9295696740005,517.1269253275358,557.8322008292818,110357
2019-06-20,512.5097045898438,526.8414834655339,480.1523099387673,517.1269096824371,105354
2019-06-21,514.7259521484375,523.7756894426101,494.96435398755773,513.5070332075013,55628
2019-06-24,517.3115844726562,519.3431158775884,502.38876495706563,517.1269108336656,67362
2019-06-25,509.924072265625,513.4331751234024,502.351875933398,512.1033791665068,85559
2019-06-26,510.03485107421875,514.0610762785886,506.4149624970117,506.4149624970117,36189
2019-06-27,516.3142700195312,550.3708100120957,511.4015746480456,513.4331668686244,75885
2019-06-28,502.7212219238281,545.1994974089404,491.270545803838,515.6494085553021,82626
2019-07-01,509.7393493652344,535.5956610705343,502.3518274002903,503.09058263118555,19756
2019-07-02,505.67620849609375,516.2773432954954,503.12752412528914,504.7158509466361,27512
2019-07-03,504.3464660644531,511.21686551298757,502.38876164640544,506.0825378419654,12071
2019-07-04,501.24371337890625,506.78434747469896,498.621141313936,505.30683695741834,14658
2019-07-05,503.57080078125,513.4331502095505,498.7319628893999,513.4331502095505,18950
2019-07-08,491.3074951171875,501.57618146607507,480.18926749809197,499.9139668987742,35048
2019-07-09,499.61846923828125,509.62856377323965,478.82256588834827,492.00931417648803,37904
2019-07-10,493.52374267578125,512.6943900724475,487.6137309445747,512.6943900724475,189278
2019-07-11,487.72454833984375,494.11475403810744,484.76952729574083,493.52374376048493,29373
2019-07-12,487.6137390136719,493.4498631779113,483.9199626555366,491.27055636741864,23304
2019-07-15,487.6137390136719,495.66612899279244,480.70638025835996,489.05429055253745,29124
2019-07-16,483.6983337402344,487.61374277889354,481.7037005602414,486.09930356356705,25489
2019-07-17,482.55328369140625,488.31555071703997,481.03884443990097,483.69834529542163,22421
2019-07-18,480.9280090332031,483.88303009589896,476.4955077831693,480.9280090332031,18413
2019-07-19,480.1523132324219,484.3262530706418,476.53242465774974,480.96495614216906,56845
2019-07-22,481.5190124511719,484.03076818105785,472.838653375234,476.4955009913999,32485
2019-07-23,484.0307922363281,484.9172925177562,478.7117602037486,478.8964641987188,42653
2019-07-24,483.144287109375,483.5136647515997,480.1892659715771,481.038837583095,106231
2019-07-25,481.5928955078125,483.88301857044814,480.15231367085806,483.14426332237036,22524
2019-07-26,480.2262268066406,483.5875542604918,472.6540002841827,480.96498209390535,81995
2019-07-29,466.7809143066406,486.98580757470353,464.4907911356977,480.2262240447175,73727
2019-07-30,455.1824645996094,466.5223241135372,453.59413780504394,463.0132519084339,67966
2019-07-31,444.4705505371094,450.6391538247295,436.52897713555126,447.68413283214454,27746
2019-08-01,439.0776672363281,446.20662816445343,436.08571754545613,446.20662816445343,168716
2019-08-02,446.5021667480469,472.7278884411299,432.6874792746722,435.8641027379987,241825
2019-08-05,433.5000915527344,443.25162493445964,425.52158906733166,443.25162493445964,21097
2019-08-06,423.5638732910156,446.9453895217278,417.43222884283557,433.35233507438517,385554
2019-08-07,432.3919982910156,450.232850870441,426.7035885236543,426.99907850740885,159219
2019-08-08,428.88287353515625,437.3785287465519,426.1495154649246,437.3416000864705,159561
2019-08-09,414.4772033691406,428.9198292555483,411.48525366921507,426.5558184922487,38092
2019-08-13,367.9727478027344,397.4120217119574,343.52002658722546,370.1151260070883,1021016
2019-08-14,377.13323974609375,381.71351609871897,360.3635627986558,372.73766737278834,24228
2019-08-16,364.0203857421875,377.5026233750096,358.812170396114,377.5026233750096,51884
2019-08-19,369.9673767089844,372.109754888387,359.03382281464076,359.03382281464076,17546
2019-08-20,362.5059509277344,373.0700963813587,361.32393039037225,373.0700963813587,44605
2019-08-21,363.207763671875,369.41326505242404,354.6012926488431,367.12314207160307,101072
2019-08-22,355.89410400390625,361.9888194945363,347.65701047855964,360.5113090308674,38843
2019-08-23,370.89080810546875,377.5026466800805,348.6912815331907,350.9075473931078,56371
2019-08-26,380.642333984375,391.5020000714126,358.4058791886328,391.5020000714126,57589
2019-08-27,382.85858154296875,387.84516421983,376.76386601080407,376.76386601080407,55988
2019-08-28,373.8088684082031,381.7135438675573,369.450254720087,376.76388954022417,74120
2019-08-29,367.08624267578125,370.8538764003085,351.3508098187484,368.6745392194085,283389
2019-08-30,362.2843322753906,378.3522140641342,355.7463814401414,369.6718547151776,65890
2019-09-03,345.145263671875,362.09964509209783,332.4387097715417,361.98882877008225,57225
2019-09-04,346.3272399902344,351.4985265383835,339.8262183191963,339.8262183191963,10133
2019-09-05,340.15869140625,348.5804590434362,335.1351798211211,343.5569474583072,10208
2019-09-06,342.55963134765625,348.8020921772344,339.0874876258298,341.7839474125274,7865
2019-09-09,331.8846435546875,335.2090116893605,299.1948313850189,299.1948313850189,52378
2019-09-11,334.9874267578125,347.06601146716224,327.3043842354527,331.88466075239836,31695
2019-09-12,345.2191467285156,351.4985668281764,338.49652199576786,341.3037678827599,65577
2019-09-13,336.7604064941406,350.1687559068968,327.34129273522285,350.1318272495857,20680
2019-09-16,354.3796691894531,370.8538564403956,332.4756339529266,333.9901034374021,82940
2019-09-17,335.8739318847656,361.2500812232533,333.91622739408996,361.2500812232533,31723
2019-09-18,354.970703125,358.2950715863678,336.5018815609179,339.8262500222857,25465
2019-09-19,347.5831298828125,360.5113163586878,344.0002003139975,344.0002003139975,41025
2019-09-20,339.900146484375,358.9230198362629,336.13251261385864,350.5012517929917,161078
2019-09-23,344.9605712890625,359.03381984222705,343.59387706358433,353.04992031618906,39855
2019-09-24,348.1741638183594,350.13186839000116,343.59388704531557,344.96058131049756,23611
2019-09-25,337.5730285644531,347.32456120292665,333.5099051370934,347.32456120292665,42045
2019-09-26,332.3279113769531,347.5831504745602,330.961217123714,334.6919222381233,70771
2019-09-27,328.7080078125,335.3937337887983,322.9088124202935,330.22244698697415,62829
2019-09-30,321.4682312011719,330.66571293323506,318.4024241864906,328.7080084628417,14840
2019-10-01,315.5582275390625,320.507881831156,313.8960433361401,314.708655935254,36524
2019-10-03,313.6744079589844,318.1069092429405,312.97258134802,315.558224797667,24561
2019-10-04,313.15728759765625,317.99609521255724,306.6931940988978,313.6744102225153,23833
2019-10-07,313.26812744140625,316.9618737579885,307.35808478445443,307.35808478445443,18946
2019-10-09,313.4527893066406,321.3574346500326,310.1653494432323,313.2681156525668,14087
2019-10-10,311.79058837890625,313.23113990452225,308.0229547346677,312.677088627903,7908
2019-10-11,311.16265869140625,316.18617036644446,306.9886882865794,311.2365160136799,9605
2019-10-14,315.7428894042969,318.0330428174536,305.0309989647291,311.0148982847683,23284
2019-10-15,318.1807861328125,321.35740941674044,315.1519078293448,316.1861530365759,14701
2019-10-16,317.8483581542969,319.10423608714063,309.5743352621483,309.5743352621483,8959
2019-10-17,322.72412109375,325.0512032802585,313.2311490421363,315.33659857392763,14385
2019-10-18,325.67913818359375,335.5784164162391,317.66367680456335,318.40243208174695,14269
2019-10-22,325.0511779785156,339.82622186808186,311.05181797607,328.70799512066156,60124
2019-10-23,339.6415710449219,354.52743225303095,304.4769290268683,328.59720087218835,135402
2019-10-24,339.82623291015625,350.16877610651926,320.98803464963953,326.5286990462676,190958
2019-10-25,333.47296142578125,339.82623849865655,324.3124386209896,335.9847475332984,24707
2019-10-27,330.85040283203125,333.9162403413598,320.6186753724327,326.5287177337386,2515
2019-10-29,328.85577392578125,338.16407256076286,325.0881400773404,325.7899667201724,58245
2019-10-30,335.09820556640625,351.0183415402991,325.937683072534,329.1143366731571,116077
2019-10-31,335.172119140625,338.5334466391021,331.58915898422384,335.09823147331326,99402
2019-11-01,326.0115661621094,335.43064982347187,324.75568834059436,335.43064982347187,19911
2019-11-04,325.7530212402344,331.18283907230233,322.09617356670884,323.979990393672,55849
2019-11-05,323.57366943359375,327.4151905776732,322.4655365837242,322.8349142003474,17886
2019-11-06,324.0169677734375,326.8242136710148,318.9934256059644,324.9773253994446,14541
2019-11-07,318.7718200683594,323.2412501931938,315.4474212131161,321.3574332784261,31832
2019-11-08,314.2284851074219,320.61869142083225,311.8644741133724,315.44743443985624,58751
2019-11-11,304.95709228515625,314.6716959095963,302.88857164484676,309.53736848183684,19277
2019-11-13,294.319091796875,304.9571254099648,280.7260370463672,298.4561031828538,63179
2019-11-14,285.0846862792969,294.7623321302028,281.5017261193147,294.319097157923,25531
2019-11-15,270.01409912109375,285.8603474087716,265.02751643112487,284.4567245926345,73788
2019-11-18,266.65277099609375,273.3384967817741,263.06984147825113,268.90596536373016,70251
2019-11-19,265.58160400390625,269.60779890514925,262.66351164178667,269.60779890514925,90222
2019-11-20,262.6266174316406,267.6870885606753,258.56349333785874,265.6185675053586,142152
2019-11-21,270.2357177734375,277.4754944638272,260.1886955960839,260.1886955960839,261838
2019-11-22,267.3546142578125,271.26999297954626,264.36266446712585,271.12224799186,82403
2019-11-25,260.2625732421875,270.8636778201613,256.9751335836276,267.57623816160145,111048
2019-11-26,258.9328308105469,265.9510063904148,257.08597284406767,262.8851687605976,117809
2019-11-27,253.20748901367188,258.56346472534875,249.69841665044035,256.71657654890845,140158
2019-11-28,251.06512451171875,254.795814555679,246.0416126739869,252.32100247115173,133784
2019-11-29,253.6138153076172,255.608448507329,250.17861537166968,254.0940092770309,118610
2019-12-02,252.50567626953125,254.13093178759127,250.91736458361098,254.13093178759127,56496
2019-12-03,243.97308349609375,253.3552543846749,230.86022268953909,253.3552543846749,77193
2019-12-04,235.07110595703125,246.41095028147802,231.22958479786715,244.52713353250508,133648
2019-12-05,230.93409729003906,235.44048607192192,223.5465600222267,234.92334829793202,158263
2019-12-06,237.13961791992188,239.31893985661569,230.49083578702442,230.49083578702442,118493
2019-12-09,236.6225128173828,237.54594178382877,233.4089302499716,233.4089302499716,33437
2019-12-10,244.26858520507812,262.9220800482881,233.48279156300467,236.62250148335127,161342
2019-12-11,246.44790649414062,247.92541704066838,237.13962342942708,247.22359042786462,70391
2019-12-12,259.3391418457031,266.68973535409333,241.2027550485602,246.48484295686163,97366
2019-12-13,284.3459167480469,290.3298161543745,241.2766306928296,259.339145235338,141773
2019-12-16,299.1948547363281,308.0229590334728,272.00874557431604,285.82343280666686,250516
2019-12-17,309.0572204589844,313.2311606724189,292.5830315801688,298.45611508417636,142234
2019-12-18,305.7697448730469,317.5528391685796,302.88858127897083,309.05718439509644,62261
2019-12-19,309.4635009765625,313.82214482705024,301.41111120898967,301.41111120898967,43091
2019-12-20,309.86981201171875,313.96989462117625,306.619300989736,311.75362883054896,45892
2019-12-23,293.8019714355469,313.23115060088423,290.32982764106885,305.8805567055987,68063
2019-12-24,279.0638427734375,294.5776424978724,273.63399466347954,294.3929385114336,28898
2019-12-26,277.8818359375,286.19281782518834,274.81602877620065,274.81602877620065,16351
2019-12-27,282.72064208984375,287.0053980371826,280.72600908952955,287.0053980371826,16837
2019-12-30,279.10076904296875,283.7179741922727,271.82406319499654,283.7179741922727,21976
2019-12-31,290.62530517578125,298.4560927087157,277.6232611778581,277.6232611778581,76158
2020-01-01,294.8731384277344,302.18680348964887,291.6965150304244,291.6965150304244,40808
2020-01-02,292.4352722167969,302.88860173998677,289.0739448073156,302.0759891411287,46558
2020-01-03,299.4903564453125,301.4111323735589,289.2217002000357,289.2217002000357,50141
2020-01-06,291.91815185546875,301.4111238667279,281.50172056815074,301.4111238667279,30360
2020-01-07,293.580322265625,298.38220103689247,291.10549521753717,298.38220103689247,47516
2020-01-08,295.64886474609375,296.9786000158648,281.53868701366616,281.53868701366616,13859
2020-01-09,292.98931884765625,305.47424035764095,288.22436862421404,304.3661074589783,50457
2020-01-10,296.202880859375,319.3627627830591,289.48022660932077,295.5010543019269,65436
2020-01-13,295.7966003417969,300.59847931323685,291.8073339711807,296.2398353029706,19875
2020-01-14,297.8281555175781,300.9309215523454,295.50107340550016,296.2398286682548,19447
2020-01-15,294.65155029296875,308.059901483367,291.8073453907595,296.2398468960108,84347
2020-01-16,295.53802490234375,299.120954457281,291.0685647794123,291.0685647794123,20128
2020-01-17,298.5669250488281,302.88861016406474,293.28485197731175,295.57497519488993,33886
2020-01-20,296.313720703125,301.41111995372063,294.0235672171993,301.41111995372063,26961
2020-01-21,308.2076110839844,311.79057088296423,289.59104621169064,292.6568834231079,43470
2020-01-22,307.9121398925781,327.89540011125104,305.8436190722897,312.49238614377185,155144
2020-01-23,303.44268798828125,312.7879150814388,300.7462281499196,312.7879150814388,27123
2020-01-24,299.7489013671875,307.28419898785535,296.97858430041674,307.28419898785535,11132
2020-01-27,298.308349609375,300.67236038247023,293.69114438704935,297.8650843139153,23736
2020-01-28,290.2559509277344,299.19487206837374,288.7784402918589,299.19487206837374,14663
2020-01-29,290.4775695800781,295.5010812245247,289.5910693101176,290.3298245924198,14249
2020-01-30,287.1531677246094,292.8785059289345,284.41980962227046,288.1135556500862,20576
2020-01-31,289.73883056640625,291.8073515418006,284.41982864798484,286.8946256042437,15782
2020-02-03,267.0960388183594,281.53866437910733,262.25720107746304,278.54671474664576,27268
2020-02-04,272.4519958496094,277.03224189005135,267.4284845309266,272.5997408276868,14926
2020-02-05,258.5634460449219,277.73406200252583,257.08593561051526,273.1168570670092,390538
2020-02-06,258.7112121582031,262.9220808275119,251.17592956784614,258.56346717149216,143475
2020-02-07,264.21490478515625,268.16721194800175,255.68229085069552,255.68229085069552,35780
2020-02-10,262.3680419921875,269.5339321118187,257.08596881654205,265.951002224009,26278
2020-02-11,282.09271240234375,284.4197944266669,259.3021771282216,268.90596483786044,522791
2020-02-12,293.0632019042969,295.6857739533633,274.33581993375185,279.9503416589649,90395
2020-02-13,285.9342346191406,302.8147280769179,284.89995908003186,296.60919621830067,76633
2020-02-14,287.44866943359375,290.66225163465924,285.23240375396176,287.59641441010086,19250
2020-02-17,282.27740478515625,287.7441817488325,276.5151378455015,286.9315691428864,18392
2020-02-18,279.0638427734375,280.6890982716546,274.85294387314474,279.13770009280535,16550
2020-02-19,284.38287353515625,287.22707853626565,277.3277995436385,279.0638715438996,283254
2020-02-20,280.9476623535156,297.6804114529526,280.72602970520296,286.56218416138006,35550
2020-02-24,268.6104736328125,279.9872617157107,264.362646223912,273.33849497656394,267499
2020-02-25,264.84283447265625,271.71323370253754,257.23368002717416,269.64471303005365,282965
2020-02-26,264.9906005859375,266.652784781632,254.906618398169,258.56346611031125,72914
2020-02-27,258.6373291015625,264.17799378203136,251.24980653828163,259.3021967256144,21411
2020-02-28,255.42373657226562,258.52650260245525,247.48216302538526,250.10473510109185,173878
2020-03-02,257.7138977050781,265.2122365249375,251.5453092926603,251.5453092926603,35093
2020-03-03,261.7400817871094,265.02752142090543,257.8247032229025,265.02752142090543,14980
2020-03-04,250.4002227783203,262.2572051723968,247.48216076223653,261.1860312935855,31423
2020-03-05,258.0093688964844,261.22295111217545,251.21284202215344,258.5634504909182,19491
2020-03-06,246.7803497314453,254.86969904209158,238.28469410817596,254.86969904209158,32476
2020-03-09,229.19802856445312,241.0180671101285,209.731891347778,240.24238319678295,28151
2020-03-11,227.4989013671875,240.83337912598168,220.4438129437797,229.23495801332064,79636
2020-03-12,213.0932159423828,221.62579956880077,199.7956670579345,221.62579956880077,45104
2020-03-13,213.240966796875,221.5519331821066,170.5041294814036,185.4269342459804,39056
2020-03-16,180.14483642578125,191.11531813229493,171.7599980052763,171.7599980052763,278413
2020-03-17,200.1847686767578,232.9987497896275,170.86574984572684,232.80459364730567,48867
2020-03-18,164.84661865234375,210.669712998335,160.1866437275991,199.9905943132925,38252
2020-03-19,150.9637908935547,171.73951589287887,148.39108909838356,154.36168289411455,45204
2020-03-20,159.3614501953125,164.9437165037858,145.6242309585688,152.42003012279596,61330
2020-03-23,143.43988037109375,155.2354477419649,143.43988037109375,145.62423964169741,7753
2020-03-24,134.0713653564453,153.82772798722667,129.12014847389366,151.44919761882295,16728
2020-03-25,140.81863403320312,147.4687970818216,123.19810216561322,123.19810216561322,21220
2020-03-26,143.00299072265625,150.42982377135138,140.77008121481143,146.6436043804903,45194
2020-03-27,144.99319458007812,155.33250648270544,136.30427823157532,155.33250648270544,35464
2020-03-30,137.95468139648438,144.89610097709937,135.91594330889131,144.89610097709937,27731
2020-03-31,142.27487182617188,144.9446440641378,136.40136379944371,136.40136379944371,14753
2020-04-01,133.44033813476562,142.71175351986793,131.20742855483402,141.40113498825676,34170
2020-04-03,134.3140869140625,136.40137571089744,131.06181559667533,132.03264194980545,11272
2020-04-07,135.77032470703125,140.7700767685847,132.12971116418606,140.7700767685847,37589
2020-04-08,129.8968048095703,137.76051568361254,128.34347976674735,135.7217775131577,47568
2020-04-09,135.81886291503906,142.71174752072156,132.03262838910007,134.70241575800793,90205
2020-04-13,132.27532958984375,145.2358929259636,131.0617968222679,145.2358929259636,43414
2020-04-15,131.7413787841797,137.85759292190863,131.06179437820845,134.8480286800424,379411
2020-04-16,134.0713653564453,135.33344857780426,130.33368127981296,132.9063829659657,114878
2020-04-17,136.49844360351562,139.750714497338,132.03262475432246,134.94511860640594,116614
2020-04-20,150.13858032226562,150.13858032226562,137.46927345468004,141.158422316583,259489
2020-04-21,138.05177307128906,157.27417242951938,135.91594923459624,151.2550283882928,197188
2020-04-22,139.45947265625,144.65341173895948,135.9159595787816,135.9159595787816,104272
2020-04-23,139.79925537109375,142.51757801853296,137.8576028394965,139.70216971011286,468148
2020-04-24,139.6051025390625,140.72154973686392,136.88677982701824,139.70217303034525,65076
2020-04-27,136.49844360351562,140.38174851028754,133.5374145088993,139.79924973987085,88553
2020-04-28,133.6830291748047,137.8575908581256,132.4209612077564,136.49843723853425,44373
2020-04-29,133.87721252441406,135.91595072322204,132.03263047615602,133.44033463466764,34890
2020-04-30,134.89657592773438,140.7700840392556,132.03263232595071,134.8480406824182,121723
2020-05-04,130.67347717285156,133.8772129737322,128.24641149279284,133.00345719130686,31896
2020-05-05,130.09097290039062,132.95491635113368,129.1686819119806,131.93553970520608,19920
2020-05-06,129.26577758789062,131.5957728608739,127.17849647751221,129.89681165265452,17997
2020-05-07,128.78036499023438,131.88701525294334,128.14933092274825,129.1201572333441,16188
2020-05-08,127.90662384033203,130.91618842570338,127.17849652425569,130.09098303055234,11198
2020-05-11,128.1007843017578,140.6730218095109,126.64454479269163,129.1201610613079,27755
2020-05-12,128.14932250976562,129.12014875662686,126.25620525958426,128.14932250976562,11284
2020-05-13,129.2172393798828,132.9063883628853,128.14932743290825,132.9063883628853,26911
2020-05-14,130.52786254882812,131.8870163606768,128.14933199908847,129.0716078986973,21310
2020-05-15,128.82888793945312,131.06179734388212,128.14931869010863,130.09097112595762,18049
2020-05-18,117.42166900634766,129.12014963589647,116.49937799674701,128.82889265665182,74435
2020-05-19,117.5672836303711,120.0914423749801,116.69354308331596,119.2176942419229,24375
2020-05-20,109.84920501708984,117.95562225380462,106.79109783728798,117.56728720973332,86799
2020-05-21,113.58689880371094,114.5091822237964,107.71338330336874,110.52879156531924,82490
2020-05-22,114.07231140136719,123.34371873306921,110.52879105446594,118.44103709116386,324435
2020-05-26,117.3245849609375,119.84873628909769,114.5577270660697,116.40230152464909,68510
2020-05-27,117.71292114257812,120.2370724948257,117.42167174254915,120.2370724948257,54632
2020-05-28,119.16915893554688,123.19810006413499,117.80999761590253,119.41186550126879,92433
2020-05-29,121.74185180664062,131.06180203899584,119.41186424855181,119.41186424855181,846691
2020-06-01,133.87721252441406,133.87721252441406,124.12038424811546,124.2660051540292,244024
2020-06-02,147.22608947753906,147.22608947753906,136.93531278128964,141.7409240715992,120143
2020-06-03,161.93414306640625,161.93414306640625,161.93414306640625,161.93414306640625,26255
2020-06-04,169.99200439453125,169.99200439453125,169.99200439453125,169.99200439453125,30482
2020-06-05,178.48675537109375,178.48675537109375,171.83657745211264,178.48675537109375,149421
2020-06-08,175.67137145996094,187.36985248035978,173.77825413363837,187.36985248035978,482265
2020-06-09,166.98245239257812,176.59364461287873,166.93390197582602,175.6713687586514,133322
2020-06-10,162.61370849609375,172.22491526750227,159.40997290562424,172.22491526750227,86907
2020-06-11,166.5941162109375,170.72012764693903,159.45852528580008,159.45852528580008,197921
2020-06-12,172.27345275878906,174.89468962413017,158.29352786763803,158.29352786763803,97409
2020-06-15,174.31219482421875,180.8652871367089,171.88512921663158,177.5159305294367,81823
2020-06-16,167.17660522460938,178.58384402616002,165.62328018747942,176.73927718232036,72629
2020-06-17,175.52572631835938,175.52572631835938,163.0505909820365,163.87579631685998,68114
2020-06-18,175.23448181152344,183.48651986037598,173.00157240046775,183.48651986037598,161605
2020-06-19,177.8071746826172,180.08863459029604,166.49703666423503,175.2344881389871,63856
2020-06-22,179.4090576171875,186.39901301941268,178.34114565684678,186.39901301941268,148884
2020-06-23,179.70028686523438,183.38943563631375,177.17613563702312,180.57404260838777,86852
2020-06-24,176.1567840576172,183.3409106887013,175.23449302005747,182.46717006849,70756
2020-06-25,174.0209503173828,179.0207175289646,172.75886711783608,176.15677408768985,44485
2020-06-26,172.71034240722656,175.71990693181908,169.89493403686245,173.77825435750202,49929
2020-06-29,167.41932678222656,172.32200845135034,166.39995011581235,172.32200845135034,50039
2020-06-30,162.61370849609375,170.86574643833106,161.15746918369967,170.7686759551082,47577
2020-07-01,156.01210021972656,166.98246198735737,154.6043959771179,162.61372834491812,69145
2020-07-02,152.95396423339844,154.60437483197222,150.47836350754181,150.47836350754181,100636
2020-07-03,159.79832458496094,160.57497952679537,153.390853040804,155.2839703230324,114617
2020-07-06,167.75909423828125,167.75909423828125,162.71079195466731,165.91452750188526,51450
2020-07-07,169.99200439453125,176.10821855615205,166.01161394115977,171.7395006572818,165767
2020-07-08,164.7010040283203,172.66178534548436,163.73017777852004,171.83657999875317,103635
2020-07-09,165.04078674316406,172.90448194796787,157.41978291482545,167.71055877632557,1155003
2020-07-10,160.47789001464844,168.82701388502036,159.26435721465336,168.82701388502036,539616
2020-07-13,152.4685516357422,161.9341374020904,152.4685516357422,161.9341374020904,204689
2020-07-14,144.84756469726562,144.84756469726562,144.84756469726562,144.84756469726562,42835
2020-07-15,137.61488342285156,137.61488342285156,137.61488342285156,137.61488342285156,54112
2020-07-16,130.7705535888672,130.7705535888672,130.7705535888672,130.7705535888672,24494
2020-07-17,124.26600646972656,124.26600646972656,124.26600646972656,124.26600646972656,91547
2020-07-20,118.58666229248047,127.85806996028337,118.05270632101518,118.05270632101518,1176617
2020-07-21,120.3826904296875,124.5087171732275,116.06250753892529,121.35352426781586,1532219
2020-07-22,126.40182495117188,126.40182495117188,120.47977428165339,122.32434868461856,441824
2020-07-23,132.71221923828125,132.71221923828125,132.71221923828125,132.71221923828125,41186
2020-07-24,135.9159393310547,139.3138309869293,131.11034363465905,139.3138309869293,1082824
2020-07-27,129.12014770507812,133.92574365670663,129.12014770507812,131.401592401023,95847
2020-07-28,123.00392150878906,125.91640771216896,122.66413688836292,123.82912681811361,361781
2020-07-29,117.95562744140625,124.26600580757027,116.88771550574711,116.88771550574711,902289
2020-07-30,123.44080352783203,123.82913098882757,119.46040532961484,119.46040532961484,521949
2020-07-31,119.02354431152344,123.10102089962702,118.34395982283753,123.10102089962702,154556
2020-08-03,117.51875305175781,122.32434900923377,117.1789608333092,121.3535227690976,138448
2020-08-04,119.46040344238281,120.86810753475807,117.9556212792935,119.89727372560172,138042
2020-08-05,119.75165557861328,122.61559907153767,119.07207113798567,120.43123243323846,144664
2020-08-06,118.58666229248047,121.35352781225612,117.80999975089485,121.35352781225612,112764
2020-08-07,119.31478881835938,120.38269316839117,117.61583525248543,117.61583525248543,164441
2020-08-10,120.57686614990234,121.25644303399415,118.58666315720001,120.38269482358804,251382
2020-08-11,122.56705474853516,124.4601719729259,120.43123096573557,121.64477134378205,354487
2020-08-12,128.6832733154297,128.6832733154297,120.13998549194059,120.96519085181218,1329929
2020-08-13,135.0907440185547,135.0907440185547,128.6832725019416,133.3917980650907,933417
2020-08-14,128.6832733154297,141.8379934849039,128.34348108818784,141.8379934849039,857852
2020-08-17,129.07159423828125,131.25596839628918,124.31454122827222,130.09097086828552,300199
2020-08-18,132.5666046142578,134.6538782243965,129.1201619816973,130.8676585082369,358369
2020-08-19,135.57615661621094,137.76051569066618,131.64430117898848,133.9257459133761,385767
2020-08-20,142.3234100341797,142.3234100341797,133.00345945754577,136.11010964975708,465424
2020-08-21,149.41046142578125,149.41046142578125,149.41046142578125,149.41046142578125,97482
2020-08-24,156.83729553222656,156.83729553222656,156.83729553222656,156.83729553222656,90215
2020-08-25,152.56565856933594,164.65246765065996,150.09004231807486,164.65246765065996,1440093
2020-08-26,159.50706481933594,160.186649260586,147.56587771396846,150.76961343014105,1281669
2020-08-27,152.27439880371094,159.1187327454282,151.54627914003916,158.73040529253745,472115
2020-08-28,150.9637908935547,155.18688827150876,149.60462195572637,152.6142016483431,236531
2020-08-31,143.43988037109375,155.33251823860886,143.43988037109375,153.39086555362783,210590
2020-09-01,137.1780242919922,143.19716863995586,136.30428364954818,143.19716863995586,196882
2020-09-02,139.94488525390625,142.61465736667495,136.88677051440393,137.85759673722893,155501
2020-09-03,146.93484497070312,146.93484497070312,139.45946156772106,142.61466206791684,139343
2020-09-04,142.37196350097656,152.7598262519092,140.86717361826905,141.83799992762647,322039
2020-09-07,138.343017578125,143.0029928112492,136.20719369977576,142.3719587655568,160530
2020-09-08,131.7413787841797,139.65362441882914,131.45012182219028,137.56635113192328,149229
2020-09-09,128.34347534179688,131.69283187578162,127.2755634634246,130.4307638562536,119032
2020-09-10,128.48910522460938,133.97428525117132,126.45035963662909,130.9647059021522,158803
2020-09-11,130.47930908203125,132.37242642817768,128.58619173588482,132.37242642817768,144559
2020-09-14,136.69261169433594,136.98386869100614,131.11036040289108,133.29471960389122,388748
2020-09-15,134.1199188232422,140.575925635217,131.98409496743028,137.66343166274385,184529
2020-09-16,132.08119201660156,135.9159621699884,131.54722842060747,135.9159621699884,159370
2020-09-17,131.64430236816406,135.09074470886233,130.57639044327158,132.22680116101498,150312
2020-09-18,128.48910522460938,132.32387468480695,128.05222737704125,130.3336719227789,163378
2020-09-21,122.71267700195312,131.8870062517505,122.13018580695199,131.8870062517505,226356
2020-09-22,122.27581024169922,125.8678735183236,117.47021412459432,124.60579784702337,132868
2020-09-23,121.40206909179688,127.08141338042685,119.41186613904436,122.51851626567965,109859
2020-09-24,119.9458236694336,121.88748381692798,116.98480199595821,117.13042290366901,175408
2020-09-25,124.21746826171875,125.72225047554525,119.80019969422652,123.24663441982851,308805
2020-09-28,123.48934173583984,126.88724123814235,122.17873083401138,124.79996022367084,222402
2020-09-29,120.9166488647461,125.13975376848472,120.52832139033472,125.0426756928832,198593
2020-09-30,119.55748748779297,123.29517143096348,118.3924899669072,121.35351901082339,214835
2020-10-01,121.644775390625,123.78059165847598,120.38269214170967,121.35352599364474,241767
2020-10-05,127.71244812011719,127.71244812011719,122.3243531995837,122.90685199802046,250660
2020-10-06,130.819091796875,134.07136268636958,129.65409425759188,132.80929466214997,750877
2020-10-07,127.85807037353516,131.9355468335379,127.17849349220228,131.06180621268172,171037
2020-10-08,128.6832733154297,133.7801263800471,124.02329813898109,130.9647180731905,266646
2020-10-09,126.01349639892578,129.50847385826614,125.52808328435087,129.1201464010071,200189
2020-10-12,123.92622375488281,130.77056581800906,121.74185700699063,126.25621141249985,144774
2020-10-13,122.1787338256836,125.38246208527066,120.86811530576074,124.0718435653478,104607
2020-10-14,121.30498504638672,123.44080893339857,120.43123684188113,122.1787332508923,102718
2020-10-15,119.36332702636719,123.14956172738914,118.68375013474925,122.32435633942268,119171
2020-10-16,123.1980972290039,125.23683536855211,119.4118627532695,119.60602648417829,140496
2020-10-19,123.10101318359375,125.57662164662626,122.32435066377928,123.34371974691061,87064
2020-10-20,121.83893585205078,124.21746620846176,121.35352273213057,123.14955431023633,48330
2020-10-21,121.59623718261719,123.68351828532174,120.8681174554883,123.24664038024211,115168
2020-10-22,123.92622375488281,128.05224309112114,121.49915043344735,122.51851955952964,222820
2020-10-23,125.52808380126953,131.93553997444502,124.36308625269048,126.01349691784337,556464
2020-10-26,123.92622375488281,127.80953651757787,123.34372494397786,126.20766858059064,128820
2020-10-27,122.0816421508789,125.62516247031836,121.35352247255602,123.29517494808371,132248
2020-10-28,120.47978210449219,123.9747674070429,119.26624922874679,123.10101918490452,96784
2020-10-29,120.04290771484375,120.91664832134401,118.92645295542387,119.41186608925793,73336
2020-10-30,119.8487319946289,122.17872708913676,118.63519920457466,121.20789327109105,66565
2020-11-02,122.42143249511719,123.19809499064368,119.60602431108164,120.38268680660815,126320
2020-11-03,121.59623718261719,123.24664038024211,120.38269671806617,123.24664038024211,167831
2020-11-04,120.18852996826172,122.80976698915951,119.897280567495,120.47977936902845,40738
2020-11-05,121.15935516357422,123.78059216103648,120.18852889370008,120.38269263047438,126584
2020-11-06,120.5283203125,122.6156013303026,120.1885280859267,122.6156013303026,82984
2020-11-09,121.35353088378906,122.32435718884263,120.86811773126227,121.06228147507241,154668
2020-11-10,121.0622787475586,123.87767952038516,120.09145246437758,121.40207098107304,201991
2020-11-11,121.01373291015625,124.89704553241955,120.38269129016236,124.89704553241955,176144
2020-11-12,123.1495590209961,128.149326485031,120.38269351120843,122.32435365116473,311357
2020-11-13,123.10101318359375,127.61535981288893,121.15935309105635,123.14955601345761,367808
2020-11-14,124.79996490478516,125.72225595689135,121.35353002892256,122.80976947624454,82196
2020-11-17,131.9840850830078,134.94511407826553,123.97475380954269,125.23682937909453,698719
2020-11-18,137.3236541748047,138.6342726652918,132.51804292834848,133.00345606023222,820913
2020-11-19,135.4790802001953,139.79926339991394,129.50848618503213,137.17802626291518,759495
2020-11-20,132.46949768066406,137.61488559328612,131.25596494259338,135.91593975998717,261476
2020-11-23,130.819091796875,134.9451184268342,130.1880577847652,133.00345080402747,203080
2020-11-24,129.8968048095703,133.48886802284812,127.66391049126572,132.22679995980727,249825
2020-11-25,126.88723754882812,131.83846954645446,126.20766070252769,131.83846954645446,202340
2020-11-26,127.51827239990234,129.896802756507,125.23683528769295,127.17848776753193,427516
2020-11-27,127.51827239990234,130.09097407329278,126.69307464757219,129.70264661172595,510619
2020-12-01,130.13951110839844,131.2559734372824,127.71244547518106,129.31430575870354,618022
2020-12-02,130.6249237060547,131.9840925927562,129.4113908943604,130.96471592773008,726180
2020-12-03,130.09097290039062,133.4888647094734,129.21723232674168,131.93553970520608,511198
2020-12-04,132.76075744628906,137.22657673351574,130.67348388856814,131.1588970495268,1020476
2020-12-07,149.7017059326172,150.81816828640217,136.69260653881457,137.85760413754443,2868201
2020-12-08,149.9929656982422,155.2354398176842,144.65340591510574,152.17732485734118,1298483
2020-12-09,150.7696075439453,154.2645849287749,149.60461002500068,150.23565919809818,825842
2020-12-10,154.2646026611328,157.95375178051373,142.80882780937264,150.47838304735205,1118749
2020-12-11,153.05105590820312,159.21582068892488,150.67252557057063,155.33250058821713,682935
2020-12-14,149.65316772460938,155.08979779103046,148.19692834103256,154.36167809924206,329561
2020-12-15,147.37171936035156,152.32293617699366,144.02236279179834,150.4783693709518,462948
2020-12-16,157.56541442871094,160.04103049314494,148.4881706977913,148.4881706977913,1400141
2020-12-17,156.59458923339844,163.09913128374805,154.5073006241037,158.63332742619497,1258654
2020-12-18,153.05105590820312,157.27416822457332,150.67252557057063,154.36167435604136,416632
2020-12-21,142.61465454101562,158.730402899015,139.79924641300195,153.39084360726707,782935
2020-12-22,142.8573760986328,145.04173528616988,133.44033969377602,139.79926109847628,619517
2020-12-23,146.93484497070312,149.02211838418216,142.22633460038665,143.68257398262855,326027
2020-12-24,148.4881591796875,151.2550168384885,144.65338968408562,147.56586823608586,354715
2020-12-28,149.8958740234375,151.3035781605408,148.1483776630329,149.50754655623814,166921
2020-12-29,153.0025177001953,157.12852910697993,146.64359689947756,151.83752017536025,416494
2020-12-30,152.56565856933594,154.65294732196966,150.52692023653452,154.36169031899448,222539
2020-12-31,149.7017059326172,154.36168115553133,148.53670833388733,152.42002860565177,249800
2021-01-01,150.13858032226562,152.71126685643176,149.02211799452877,151.25502747799754,234095
2021-01-04,151.6433563232422,153.77918016649977,148.82796320040634,151.449200174222,363509
2021-01-05,158.82749938964844,160.6720662679122,148.8279645352572,149.55608423762487,964585
2021-01-06,166.20578002929688,168.53577518580354,160.2351864057548,161.59435530438537,1658921
2021-01-07,164.798095703125,169.60369188385104,163.09913453195455,167.8561954672209,474323
2021-01-08,162.32247924804688,167.37078198998947,160.5749828349104,164.79809537365554,443587
2021-01-11,160.5264434814453,166.35141620415874,160.08956559634018,163.87580014190465,386406
2021-01-12,163.24476623535156,164.7980912844836,158.24499886283195,160.4778931902058,426846
2021-01-13,162.3710174560547,166.98245755785823,160.186658278782,163.68163599681944,499431
2021-01-14,163.92434692382812,166.49704882740778,161.15748885809552,166.01163566401632,351748
2021-01-15,157.6139373779297,164.94369933912947,156.40040464846055,164.94369933912947,429971
2021-01-18,151.93460083007812,160.91475818008524,149.55607061683247,160.76913728727513,369462
2021-01-19,153.29376220703125,155.47813639773767,150.13857695779532,154.79855196756193,277397
2021-01-20,151.15794372558594,155.72084840972533,149.50754817907313,155.33250576630573,358197
2021-01-21,149.6046142578125,154.45876060941885,148.48816712090508,153.3423134725114,324355
2021-01-22,145.91546630859375,153.19667829244008,143.48840070464655,153.19667829244008,299050
2021-01-25,143.7796630859375,147.4687968738339,142.95445771516967,147.27464072142138,157781
2021-01-27,140.2361297607422,143.0515228269157,138.48863342270002,141.30404166087828,209151
2021-01-28,141.78945922851562,142.56611417733333,137.03239835799005,138.82842999563692,340137
2021-01-29,140.2361297607422,144.41069170272786,138.34301252086436,141.789454781667,206597
2021-02-01,139.75071716308594,142.27486843503684,138.9255118202552,139.36238969940229,337841
2021-02-02,144.65341186523438,147.37173470046446,140.43031428286363,140.43031428286363,376173
2021-02-03,141.01278686523438,150.672529359074,138.34301465962236,144.6534004994376,977036
2021-02-04,139.6536407470703,143.24570416089378,138.82843534962376,139.8478120777657,415673
2021-02-05,137.3236541748047,141.98362934409167,136.59551930497395,141.59528670098058,385514
2021-02-08,137.61488342285156,140.04194886071372,136.8867637914929,139.70215666501227,192016
2021-02-09,137.7119903564453,142.90591423052754,136.93532019310246,138.05178260465743,707000
2021-02-10,140.28466796875,142.0321643437232,137.5178100873796,139.50801302787642,565189
2021-02-11,144.7990264892578,146.59505816142476,139.5565523819585,141.25549839065593,496295
2021-02-12,154.7014617919922,159.02164446049835,144.11942887861414,145.67275383650423,1177061
2021-02-15,160.62353515625,164.7495469091672,151.6433615853013,156.78875005096614,1031615
2021-02-16,156.3518829345703,159.1187408315302,153.58502503761045,157.27417395755867,444086
2021-02-17,158.19644165039062,159.26435352404067,154.55584333476847,157.274165846969,334691
2021-02-18,169.16680908203125,172.71033705801352,157.41979316483702,159.79832356350937,1816291
2021-02-19,168.6328582763672,172.6617841507593,165.4291225709915,169.7493054215113,830329
2021-02-22,160.04103088378906,171.73951161219244,158.2935345095693,168.8270176551595,641031
2021-02-23,158.24484252929688,164.55873354059338,156.10707653095565,164.55873354059338,703133
2021-02-24,158.9905548095703,163.06724192653527,154.5161487810983,159.08999212344904,154393
2021-02-25,158.7419891357422,163.81298910083723,158.3442701930703,161.07862964695374,269155
2021-02-26,156.50479125976562,162.0729476782501,154.61560345992572,154.61560345992572,266258
2021-03-01,157.10137939453125,161.0786295057852,156.10706686671776,158.9905671285748,174007
2021-03-02,157.6482391357422,160.0345829038579,156.60420804769018,160.0345829038579,196291
2021-03-03,163.41526794433594,167.74051828231688,157.69797098185148,158.0956899191354,601774
2021-03-04,167.6907958984375,172.3143580947186,159.38829568396196,159.38829568396196,600110
2021-03-05,171.02175903320312,181.81005629683239,168.4365403278525,169.33143072832257,1446562
2021-03-08,170.17657470703125,176.8881839400834,169.0331214250167,174.45212140100608,319343
2021-03-09,165.20501708984375,174.30298563873794,163.06725126703515,173.5075325981563,237091
2021-03-10,163.81298828125,168.0388165070182,163.06725388846738,168.0388165070182,165302
2021-03-12,158.5431365966797,166.05019955089685,157.10138640144731,165.901058733875,518964
2021-03-15,156.95223999023438,161.3769277442424,155.90820879227613,158.9905685529085,198586
2021-03-16,160.3328857421875,162.91810423225857,155.5601828531355,158.79169837972222,185270
2021-03-17,154.7647247314453,162.6198020859932,154.11842771627533,160.3328804467703,234055
2021-03-18,148.79885864257812,158.0956865292978,147.0091082911709,154.8641709241392,230442
2021-03-19,151.08578491210938,153.37270675057076,139.65119089180752,147.25769079982004,257312
2021-03-22,152.97499084472656,153.91958472639394,148.15256894125926,153.07441299584636,127775
2021-03-23,149.8428955078125,153.7207234850344,149.14687976995376,152.42811415929378,122071
2021-03-24,145.6667938232422,149.64404416653892,145.1696375303301,147.15826270197846,135489
2021-03-25,143.92674255371094,145.6170708653638,140.64550808285216,145.2690705737913,249411
2021-03-26,144.8216094970703,148.64971868930925,143.180999941542,145.1696249407301,241791
2021-03-30,139.0546112060547,145.76622067817806,137.2151269856337,143.37986154044236,312579
2021-03-31,138.1597137451172,140.99351033440553,137.66255751345284,139.1043075508786,152241
2021-04-01,143.92674255371094,145.16963324933886,138.8060389565262,138.8060389565262,189163
2021-04-05,138.95518493652344,143.62845109140065,135.22651271103533,143.62845109140065,161077
2021-04-06,140.29750061035156,142.18668830220835,139.20375078537882,139.20375078537882,123057
2021-04-07,140.59579467773438,141.93812274800658,140.0986383808937,141.8884040839213,111569
2021-04-08,139.45233154296875,142.4849877766999,138.70659714969082,141.9381128538951,140875
2021-04-09,139.0048828125,141.34150795449463,137.8117109131832,140.8443517321123,146352
2021-04-12,131.00067138671875,138.2094369848494,130.5532337977874,138.2094369848494,169449
2021-04-13,132.9395751953125,135.62421584991856,130.85152809595417,131.24924701811642,119873
2021-04-15,131.05038452148438,133.03900943024135,129.0120409556077,132.9395721160019,78549
2021-04-16,130.50352478027344,133.73504063197544,129.75779035295758,132.19385311445487,76125
2021-04-19,123.99076843261719,131.4978310065209,122.30044017997784,131.4978310065209,569487
2021-04-20,126.92399597167969,132.84016007678028,124.78622251497953,124.78622251497953,162503
2021-04-22,128.11717224121094,129.21090689268135,125.28337553530103,126.77484429167366,72482
2021-04-23,124.18963623046875,128.26631607695438,123.19532370274042,125.2833784937694,222759
2021-04-26,123.29475402832031,126.27769162577967,122.79759776207709,123.4439024253938,188941
2021-04-27,126.92399597167969,127.62001929428112,123.3444723808808,123.3444723808808,104626
2021-04-28,131.05038452148438,133.68530645678575,126.82455659037585,128.26630661482383,207521
2021-04-29,130.55323791503906,133.1384413837298,128.5148941989525,132.24356617764553,77799
2021-04-30,129.608642578125,130.30465830518565,126.9239942323143,128.36575193265776,68974
2021-05-03,135.32594299316406,137.21513075357785,127.27200533665193,130.6526619096046,257282
2021-05-04,137.06597900390625,141.59008857000063,135.27621353727338,135.32593219479176,255426
2021-05-05,137.9608612060547,140.9935174057059,133.28759542843076,140.9935174057059,223244
2021-05-06,143.87701416015625,150.14118587683575,137.71227976120363,139.15402983621607,1415720
2021-05-07,140.59579467773438,145.11992001338555,138.9054663028774,143.8770292712839,147911
2021-05-10,141.6398162841797,144.37417573048432,140.6952224189482,142.43526933932387,140265
2021-05-11,141.7392578125,143.33014879800209,138.65688282183103,141.1923828726064,175915
2021-05-12,140.14834594726562,143.6781584097256,139.3031894127643,141.7889707001298,221635
2021-05-14,137.4636993408203,142.08724626973878,136.22080875003533,140.2974959566118,143878
2021-05-17,139.60147094726562,141.19237703904273,137.3145643018428,137.3145643018428,98150
2021-05-18,140.44664001464844,144.1753118734444,139.5020461781544,141.19237438640764,157384
2021-05-19,140.8940887451172,143.57872966134906,140.44665112107953,142.0375573087755,122524
2021-05-20,139.30319213867188,143.67816122124327,138.2094422820264,141.39123935771516,217602
2021-05-21,139.50204467773438,143.1312791791262,138.70659165534582,140.99351340521122,175432
2021-05-24,139.70089721679688,142.58439721154494,138.65686612490404,142.43525641499042,242280
2021-05-25,143.37986755371094,149.84289916829297,139.85005494519194,140.09863308421433,662907
2021-05-26,144.0758819580078,147.50627238196475,143.47930353314973,144.17531928148688,358387
2021-05-27,143.230712890625,147.00910327284706,141.5403847431058,145.02047835294115,327451
2021-05-28,146.2633819580078,150.14119482848437,142.1866944402203,144.17531953728633,2713863
2021-05-31,144.17530822753906,146.90966752150962,143.52901119049318,146.26337048446374,463762
2021-06-01,143.08157348632812,149.09716760001032,141.78897927631868,146.16394853790254,545265
2021-06-02,147.3571014404297,148.1525544315097,143.03185140418861,143.08155488887795,554911
2021-06-03,147.10853576660156,153.12412960699154,145.66678563262508,149.09716082643263,2053799
2021-06-04,144.17530822753906,146.16393316860857,143.1809957570043,145.1696206980738,681930
2021-06-07,143.87701416015625,146.9096702867714,143.0815611343549,145.1696234305829,593709
2021-06-08,140.99351501464844,145.6667807130202,140.19806198317983,143.9267338444346,716306
2021-06-09,138.75631713867188,142.98214540770198,137.51342647131008,141.68953607924468,741374
2021-06-10,139.10430908203125,142.53469925587754,138.5574493587844,140.39691833298738,549975
2021-06-11,139.10430908203125,141.59009026771446,138.70659016112364,139.25346505637484,503473
2021-06-14,140.34719848632812,140.99351069233498,137.2151202876933,140.0986203698649,439623
2021-06-15,139.45233154296875,141.0929411393781,139.15403475125657,140.24778459686618,286151
2021-06-16,137.91114807128906,140.19806997766628,137.26485098061974,140.04892916351352,367707
2021-06-17,136.81739807128906,139.70089808393533,136.2208045373604,136.2208045373604,256360
2021-06-18,134.97792053222656,138.20943612507912,131.79612359828033,137.36426443968512,274669
2021-06-21,134.13275146484375,135.6739388889938,131.89554831843378,133.98361065721835,288451
2021-06-22,134.97792053222656,135.97223302233505,133.53617045597016,135.62421758199525,253923
2021-06-23,137.4636993408203,141.19237111317528,134.38132460687183,135.27621493543958,897123
2021-06-24,138.45802307128906,140.94380445497467,137.41399185574,138.40830440921425,460289
2021-06-25,138.2591552734375,139.70090535479784,137.41398358505148,138.45801473776228,293532
2021-06-28,136.966552734375,141.19238104015426,136.22081832747278,139.70091222634983,338554
2021-06-29,135.72366333007812,138.11000738576084,134.92821025418206,137.71228843381553,254069
2021-06-30,136.51910400390625,140.09861976224943,135.72365100027307,136.2208072310433,267256
2021-07-01,136.1710968017578,139.1540343666244,135.82309652239306,136.86711253249234,592734
2021-07-02,136.36996459960938,140.1483554469159,136.02196429899274,137.21513636340376,289951
2021-07-05,141.4409637451172,142.68385446343984,136.66826035235707,138.01058839694784,688038
2021-07-06,138.90545654296875,142.68384716787804,138.2591594712891,141.68953464406007,514936
2021-07-07,145.6667938232422,147.953715805039,138.4580275760169,139.25348067907746,1298181
2021-07-08,150.78749084472656,152.82583458913578,144.97077158034557,146.51195905402108,3261027
2021-07-09,159.48773193359375,161.97351338624955,151.33437180328391,152.03038757562635,3820773
2021-07-12,162.02322387695312,165.85133318974852,157.10137988336274,160.38261426975805,2725756
2021-07-13,172.11549377441406,174.50183762180805,162.07293180828896,163.31582238964086,4328366
2021-07-14,173.8555450439453,177.98193581098474,168.58568580955435,172.9109360403057,3805727
2021-07-15,178.92652893066406,183.50037243786153,177.534497518215,179.47340383269923,3739514
2021-07-16,175.79446411132812,180.36829279632533,174.00469846415285,178.97626127741438,925339
2021-07-19,177.8328094482422,180.11971622465887,170.2760278374564,172.86124659167413,1315156
2021-07-20,167.29307556152344,177.7333566515442,163.2661069638288,176.9876222879713,998316
2021-07-22,200.75169372558594,200.75169372558594,168.5856924853098,172.91094288733498,4945178
2021-07-23,196.02870178222656,212.58401388172462,193.44349840552732,206.71756107412895,5705060
2021-07-26,212.9817352294922,223.62087598325022,195.97900052171195,197.56989142421514,5297296
2021-07-27,208.05990600585938,217.55559411723044,206.27014033914972,214.62237505979274,1582221
2021-07-28,210.99310302734375,218.40072789190612,201.19913430440027,209.7999310981532,1859693
2021-07-29,213.92633056640625,216.26297103489557,209.10392399365864,211.24168982244302,1206092
2021-07-30,209.00450134277344,213.92634558081284,207.91076660765685,213.62806394433028,337992
2021-08-02,209.25306701660156,212.73316084021053,204.82837933241402,210.29709819808525,475635
2021-08-03,217.8538818359375,220.43908531600482,209.35250665270485,211.78856932177018,1396949
2021-08-04,216.90927124023438,228.34386527669514,210.79425528084215,216.76013043029997,1526648
2021-08-05,219.59393310546875,228.4930274085282,213.8766359333572,216.76013626440258,1170701
2021-08-06,211.9874267578125,220.83681731106572,205.8226921528527,220.09108291920757,737097
2021-08-09,212.4348602294922,219.64362587733976,205.47467270743246,206.81700065548876,1155989
2021-08-10,196.4264373779297,213.87662478453478,190.16226559453239,212.58401550034094,970665
2021-08-11,202.7900390625,204.13236705741545,186.0358819027329,197.86819503448547,1022157
2021-08-12,199.657958984375,206.6181466917944,193.89094327811216,206.27013123762137,543246
2021-08-13,214.77151489257812,218.6990465055181,203.8340766341598,203.8340766341598,1761794
2021-08-16,238.13784790039062,248.23011388248202,212.53430057915864,214.7715037431498,4860956
2021-08-17,249.42330932617188,255.28974730448343,230.23307406985637,236.4475275095955,3187567
2021-08-18,249.1747283935547,261.7527759456948,236.94468112693312,250.56675987963945,1706063
2021-08-20,238.28700256347656,249.12501873570505,232.66914258273843,239.77847142618643,1449605
2021-08-23,260.3607482910156,270.4530146436588,249.57245101308217,249.57245101308217,5781243
2021-08-24,267.8677673339844,277.4131729004353,253.59939281309622,264.9345638197572,2821996
2021-08-25,281.2413024902344,285.36769338147815,264.5368339395467,266.97291175235847,2948734
2021-08-26,289.7426452636719,293.2724727090277,280.3961141927163,284.2739267244522,2299711
2021-08-27,266.7243347167969,288.79808489992894,263.54252250055816,287.1574449591748,1833878
2021-08-30,254.34515380859375,270.70159225283015,250.86505987696876,268.3152481970895,2099066
2021-08-31,254.59371948242188,262.10079753546484,249.87074998270276,255.48862506385245,1394230
2021-09-01,248.77699279785156,255.53832105870873,245.09803945903386,255.24003943632218,840999
2021-09-02,246.19178771972656,257.228662836692,243.60656908108444,249.57244424225385,1475397
2021-09-03,247.23580932617188,253.54970008332347,245.59519968855255,246.5895122378989,748824
2021-09-06,243.55685424804688,249.3735886904041,241.61794782459623,247.48438575647359,738828
2021-09-07,251.8096466064453,254.54400604639685,241.12078697754387,241.12078697754387,935101
2021-09-08,264.83514404296875,267.2711914946695,253.6988317540201,254.54400345930804,2133593
2021-09-09,260.708740234375,266.42603690316383,259.515553139807,264.9842716925616,658434
2021-09-13,264.13909912109375,268.4643643940213,258.6206771017088,258.6206771017088,690007
2021-09-14,252.65481567382812,266.1774719221986,248.57812830089154,263.49281599894505,670069
2021-09-15,254.19598388671875,257.2286552101372,247.18609291778455,253.99712442164343,641372
2021-09-16,249.27413940429688,256.73149828707227,248.57812369235918,254.24570187814405,246084
2021-09-17,250.4673309326172,255.14061216076044,246.53979930582102,249.6718930122578,634439
2021-09-20,255.53831481933594,260.5098773644592,249.572439765188,251.5610647832373,643105
2021-09-21,251.9587860107422,257.97439495148615,248.57812951809805,257.22866056293185,319951
2021-09-22,264.9346008300781,266.8237886757651,250.56677181648817,251.95880336888848,691071
2021-09-23,262.896240234375,272.9388033669523,260.70877076352417,266.4757715932358,607928
2021-09-24,253.00282287597656,263.4928232118297,251.41193191450455,261.5041981309857,404284
2021-09-27,267.1717834472656,274.8279715642107,254.14628350367184,254.4445651189258,1227484
2021-09-28,269.160400390625,271.24843232277425,261.6036194761529,271.24843232277425,668636
2021-09-29,272.5907897949219,284.3236965338549,264.7854299142273,264.7854299142273,1025335
2021-09-30,271.74560546875,280.34643322838946,269.2101206253949,273.4359489269939,622950
2021-10-01,270.4032897949219,273.53536802330916,267.470055855189,270.15471167609735,368424
2021-10-04,285.06939697265625,287.40600699937613,270.751273145218,272.6404911113442,944814
2021-10-05,342.04351806640625,342.04351806640625,282.3847649152889,284.72140548250985,3026427
2021-10-06,321.6601257324219,362.32750495714663,317.3845936949127,348.00940960231117,4272097
2021-10-07,338.01654052734375,345.5235876318127,323.94699462626573,328.1231191899228,1300007
2021-10-08,330.5592041015625,339.01086038579666,326.23393864024075,339.01086038579666,368997
2021-10-11,328.6700134277344,342.838967789574,323.79788782123757,332.79643493814643,323684
2021-10-12,323.9967346191406,330.60890668401913,321.31207872801247,328.66998516886997,177894
2021-10-13,330.5094909667969,343.0378353708836,324.1458966113277,327.0791308194949,667436
2021-10-14,332.3489685058594,338.2154064585518,327.1288276392752,332.8958282685639,321221
2021-10-18,333.4924011230469,342.0434945557422,329.3660103825279,332.34894783504893,351920
2021-10-19,309.87750244140625,340.0548946269575,290.140392108437,339.06058206956874,380105
2021-10-20,323.7481689453125,332.89582610273874,298.3434653534797,313.2084499573119,457237
2021-10-21,325.3390808105469,334.0890191751487,317.08626838046837,330.1117689468731,326783
2021-10-22,311.17010498046875,331.1557616962876,304.50819917918983,323.05212099509623,332460
2021-10-25,301.97271728515625,318.7268585737824,293.32218642913404,308.23687387468317,284537
2021-10-26,313.75531005859375,316.63884070163294,302.96704326795293,305.65166892125103,159525
2021-10-27,306.5465393066406,317.18569546128464,304.2596326368436,315.0976330900729,334723
2021-10-28,299.58636474609375,310.32495869210885,298.2937705446714,307.3917244774816,162464
2021-10-29,297.0508728027344,302.9670445827697,293.4216380824822,299.5863576547434,124199
2021-11-01,310.17578125,313.2084220881712,298.2937353220678,303.16586026352667,662876
2021-11-02,313.90447998046875,321.113245871697,305.6019642300451,312.16443304120673,256599
2021-11-03,318.37890625,323.20129807861616,313.5067502410276,314.99821913911813,337715
2021-11-04,326.3333740234375,328.1231243824654,320.16862439743596,322.1075459063906,120266
2021-11-08,331.851806640625,334.0890098314607,326.73110318373654,327.12882212663857,262284
2021-11-09,340.3531494140625,342.93836792818803,298.293743691206,333.09468045517997,652712
2021-11-10,337.0222473144531,349.99801381398674,333.2935752922871,341.0492009607882,1241904
2021-11-11,330.45977783203125,337.56910640474285,326.63166849472174,337.56910640474285,212344
2021-11-12,334.6358642578125,341.54634836376624,332.10037948616576,338.9114262719744,227003
2021-11-15,327.3774108886719,341.04920860991484,322.70412971180616,338.06627092528,289604
2021-11-16,323.400146484375,334.0890060530361,320.71549054813056,329.11744346296115,177803
2021-11-17,319.6217956542969,328.02371887180004,318.2297337467232,323.15159322732893,141360
2021-11-18,311.2198181152344,325.339068007587,309.2311930793543,324.04644352785897,143164
2021-11-22,298.1943054199219,308.3363048105596,289.3449304542133,305.6019455021435,324650
2021-11-23,310.2254943847656,314.15304082627887,289.3449322627141,301.27668204674353,184901
2021-11-24,307.19287109375,316.6885437045879,305.4528241503182,316.6885437045879,80948
2021-11-25,303.762451171875,309.33060691845884,301.27667006572216,307.2425447204889,153160
2021-11-26,293.2724914550781,301.2766951455997,285.9642883258135,297.7966013072842,238285
2021-11-29,281.0921630859375,296.3051325879143,264.4871317731047,288.3506323842119,329668
2021-11-30,279.8492736816406,296.1559931034131,276.7171649372062,279.60069554916237,239704
2021-12-01,275.67315673828125,286.61059487758183,273.78396894665883,280.64471952887243,185761
2021-12-02,280.346435546875,285.36770178563813,276.4188888376564,276.4188888376564,88875
2021-12-03,283.42877197265625,288.35063108919655,277.9103496187256,281.4401469306618,138438
2021-12-06,283.6276550292969,293.3222023966436,269.80671664618944,283.42878038159307,139426
2021-12-07,292.2781677246094,300.3320745950213,284.4728086319668,287.952902336864,206363
2021-12-08,297.39886474609375,304.1601773794887,293.9684745996751,294.76394277913874,150488
2021-12-09,299.7852478027344,302.9670602486934,295.7085600888533,300.38184142935324,81627
2021-12-10,297.7469177246094,301.2270117955879,295.31083973731955,301.2270117955879,42702
2021-12-13,302.3207092285156,308.23688085346845,297.7965994052058,297.7965994052058,100365
2021-12-14,293.5707702636719,303.2156138036725,290.3392545876111,302.07213013539695,101300
2021-12-15,293.6701965332031,302.12185259870984,290.7369625846296,290.7369625846296,59918
2021-12-16,290.23980712890625,301.2766817365726,288.35061948384833,298.0948696598369,112848
2021-12-17,276.5680236816406,292.8250395883709,274.72853943545834,292.8250395883709,169979
2021-12-20,262.5482177734375,274.57940574689263,239.23160658611593,273.43595237847575,219379
2021-12-21,277.11492919921875,280.2967112604727,262.5482255736229,268.46439758391017,151500
2021-12-22,279.35211181640625,285.0694087487896,276.12059615897215,279.40181530430135,73917
2021-12-23,277.462890625,284.1744999912339,275.523999458938,282.1858749938313,68197
2021-12-24,271.347900390625,283.32938533516386,270.453025126289,283.32938533516386,52722
2021-12-27,266.7740478515625,274.8279856606266,263.4928285394307,266.47576622100917,87339
2021-12-28,271.2981872558594,275.8720310870236,268.1661087700007,268.2655157504953,61033
2021-12-29,274.23138427734375,278.9046653168705,271.2981805133943,271.2981805133943,130432
2021-12-30,268.71295166015625,277.06517054582366,268.2654988999917,269.458686031091,56911
2021-12-31,269.5083923339844,276.4188763811161,267.4700638364037,269.16040723245317,161684
2022-01-03,271.09930419921875,273.18736657303765,269.95585086289253,271.4473196521903,64708
2022-01-04,279.7001037597656,280.9429944276352,270.75129095110464,272.44163439701146,172658
2022-01-05,273.68450927734375,279.70008762521866,272.5907594839096,279.4018060197406,66632
2022-01-06,275.5736999511719,278.1589184884995,267.47005924363316,272.4416216831059,79291
2022-01-07,273.1376647949219,277.86064932394356,271.84504029636236,275.5737122929584,77312
2022-01-10,291.4826965332031,301.0778058664459,273.2867903436134,276.1205869715682,524990
2022-01-11,282.3350524902344,291.482709477504,280.5950055783939,291.482709477504,192733
2022-01-12,293.6204833984375,304.2596398036871,283.3790762877478,283.3790762877478,626087
2022-01-13,296.65313720703125,302.27099670193314,294.3662002755783,295.2611057910215,219269
2022-01-14,312.9598693847656,316.19138511312303,292.3775878388544,296.30513447707756,449592
2022-01-17,335.7296142578125,344.9767388437164,313.0095672458352,317.18569194192213,1097391
2022-01-18,326.78082275390625,342.0435268979515,323.15158791230886,335.97821410217966,513026
2022-01-19,315.6942443847656,326.3831046277144,311.2198377714382,319.6714947077233,321138
2022-01-20,310.4740905761719,321.41152851480405,307.9386057370932,313.35759087300914,185562
2022-01-21,305.2539367675781,312.95985862408867,303.2653117723496,310.2254992556494,149911
2022-01-24,291.4330139160156,307.19287387215434,285.66598293064686,306.2482648138579,215420
2022-01-25,297.39886474609375,302.0721151314081,282.5338812369574,289.891787418948,166981
2022-01-27,305.7013854980469,310.2254951649319,294.06791729175836,297.39887018364516,272759
2022-01-28,305.3533935546875,319.820629179765,304.11050285342617,310.9215499651405,176430
2022-01-31,306.1488342285156,316.43997539662695,302.2710212743899,313.15875605329245,95950
2022-02-01,300.7298278808594,311.1203753035396,293.3221876153427,305.2539376200346,171744
2022-02-02,314.50103759765625,321.1629436120425,304.7070835614753,307.2425683471243,340396
2022-02-03,318.62744140625,326.6316446083646,315.19705126591043,315.19705126591043,150869
2022-02-04,313.15875244140625,322.107565468027,309.7283619769305,318.18001872429454,163356
2022-02-07,306.1488342285156,317.88174076070476,304.25964641435297,313.9044904807786,175083
2022-02-08,306.8448486328125,316.6885364764658,303.36475482537884,308.8831771538483,140626
2022-02-09,304.90594482421875,312.2638518048485,300.43153824010466,309.87750769545664,103330
2022-02-10,306.6957092285156,311.56783451243035,301.3263973401096,308.23688149840365,218116
2022-02-11,295.6588439941406,310.1758133510207,289.39465669767304,302.76817268628065,464583
2022-02-14,286.1134338378906,292.8250434935145,273.43594893282335,283.37907434856237,243252
2022-02-15,290.8363952636719,294.7639416279128,281.04241143983717,292.3278639573318,191707
2022-02-16,290.93585205078125,298.29375869649266,289.64322755669025,296.30513363851605,144669
2022-02-17,286.36199951171875,295.31081199645996,283.87621826595733,294.3164994981554,67076
2022-02-18,285.7654113769531,293.32219257654054,283.4287708927109,286.3620049560803,105709
2022-02-21,277.4131774902344,285.56655183364387,274.43024009786626,283.3790522749706,210444
2022-02-22,272.6405029296875,275.42456582570077,263.4928156816271,265.4814407056394,384683
2022-02-23,274.877685546875,280.39610743864966,271.8450144054071,274.43023281229546,85168
2022-02-24,258.5709533691406,268.1660932649599,249.7215781919897,259.51556238131235,305436
2022-02-25,266.3266296386719,268.46439560897807,263.6419735449774,268.46439560897807,94649
2022-02-28,266.4757385253906,266.97289475398276,258.5212388679163,259.5155513251006,89234
2022-03-02,267.9175109863281,277.2640422683447,261.50418332608854,261.50418332608854,164820
2022-03-03,269.6575622558594,277.11490600912975,267.4700626172963,277.11490600912975,70163
2022-03-04,260.9075927734375,269.65756094101573,259.51556134841644,269.65756094101573,66084
2022-03-07,248.23011779785156,256.5326335173108,245.59519565416963,251.56107085224662,180488
2022-03-08,251.01419067382812,257.3777998551957,244.10372174834717,246.58950302888024,170008
2022-03-09,265.3819885253906,269.01122292218963,251.11361388027285,251.11361388027285,225606
2022-03-10,268.0169372558594,275.6731560724832,265.5808897007599,268.4643900435364,133023
2022-03-11,270.70159912109375,273.2868178904098,261.50420778272786,268.4643958225723,64669
2022-03-14,265.58087158203125,275.4245591432593,258.52124684926866,275.4245591432593,189990
2022-03-15,263.69171142578125,271.3976340105602,259.515586403522,263.14482129400255,113261
2022-03-16,261.35504150390625,269.3095413459486,258.7698229864407,265.48143222816395,127507
2022-03-17,266.9729309082031,271.34790024348297,264.9346022325424,264.98430572452935,271202
2022-03-21,267.4203796386719,271.94448972501164,265.2328798323468,271.94448972501164,79098
2022-03-22,282.0864562988281,291.7312689290954,271.4473008671639,273.3364884674011,686926
2022-03-23,285.61627197265625,324.4441638229799,282.3847562758377,285.36769384213176,432257
2022-03-24,282.0864562988281,287.8037529288142,279.79951944042887,285.6162533849554,120782
2022-03-25,279.8492736816406,285.3676960850541,278.40750837566253,281.3904459654018,131607
2022-03-28,281.7881774902344,283.9259434561954,270.7513018466074,281.4898958555465,212724
2022-03-29,281.5395812988281,288.35062806502816,278.4572064472621,286.26256572403116,144658
2022-03-30,279.0538024902344,288.0523489968694,274.77827079458035,285.5168338660895,164341
2022-03-31,282.2356262207031,284.82084494546785,273.8834067856267,276.9160479559782,149959
2022-04-01,283.22991943359375,286.9585912788385,279.40181027034066,283.3790602386017,125481
2022-04-04,287.5552062988281,293.32220704550815,284.42309743991274,287.35633164797235,148743
2022-04-05,303.1658630371094,305.25392527226853,285.4173795542687,290.7369572849812,463756
2022-04-06,300.5806579589844,307.29226736405207,296.80228257966115,302.2710013541608,249043
2022-04-07,288.8974914550781,303.9116166230008,286.7100221106189,303.9116166230008,184236
2022-04-08,288.40032958984375,295.45995443563197,286.6602827081922,294.3165011250628,110481
2022-04-11,283.9259338378906,292.32788694377695,282.88191780783853,290.28955837309974,116443
2022-04-12,280.1475524902344,286.80945851136835,274.7782709514152,285.2682558990711,209581
2022-04-13,288.6986389160156,290.3392484635317,280.14754539246593,280.14754539246593,141119
2022-04-18,289.44439697265625,301.92300766515586,287.30663100283516,293.32220995065927,321684
2022-04-19,281.4898681640625,293.2227432490803,278.6560715372548,293.2227432490803,130332
2022-04-20,277.16461181640625,289.2952365608627,274.0325334826192,283.2796276764685,133009
2022-04-21,291.4330139160156,293.2227643649858,278.35780997734304,278.40751346714353,151081
2022-04-22,288.54949951171875,295.31081237116524,286.4614371938278,290.6872653169842,93322
2022-04-25,283.6773681640625,285.2682743677498,279.948695972926,283.97568014576063,78103
2022-04-26,292.0793151855469,299.7852375436336,287.35633051446143,287.35633051446143,249878
2022-04-27,288.499755859375,291.28384896979134,282.6333183804385,290.3392399897556,93528
2022-04-28,295.4102478027344,301.3761227620194,288.49976383729216,288.49976383729216,246984
2022-04-29,285.3179931640625,297.7468998127146,282.38475905737647,297.7468998127146,85315
2022-05-02,277.86065673828125,283.7767982576717,276.4188913901884,279.5012663917589,97148
2022-05-04,270.3535461425781,283.97563869686337,265.0339685241963,282.0367173028713,117625
2022-05-05,267.96722412109375,279.60069274187697,264.03967752976683,276.31944321970246,118131
2022-05-06,269.5581359863281,271.14904212103966,258.17324525205964,263.4928234162464,229607
2022-05-09,265.9786071777344,274.9274201295086,259.2669974639037,274.9274201295086,117713
2022-05-10,252.70452880859375,272.98849878346215,249.57245034124094,264.93459139427233,161226
2022-05-11,243.258544921875,257.47723175352746,235.4034823095963,253.54968527538355,182350
2022-05-12,233.91201782226562,242.66197093885972,227.7472832987578,235.15490845894078,260447
2022-05-13,233.46458435058594,241.6179440367672,227.74728732090935,232.0725377097225,315254
2022-05-16,233.0668487548828,234.60803619618105,228.74159839356776,232.66912981545326,141901
2022-05-17,243.20884704589844,245.59519101121353,234.85661282328581,236.54694106305107,99771
2022-05-18,241.02134704589844,252.55537826375374,237.14353431458764,252.55537826375374,115547
2022-05-19,231.0285186767578,238.6350033393992,227.6975656863434,234.65775328374255,85299
2022-05-20,238.43614196777344,241.76707975959474,231.82395469982106,235.35376713044167,73524
2022-05-23,233.16627502441406,240.2756031407917,229.68618136733323,240.2756031407917,76602
2022-05-24,234.26004028320312,239.7287592483101,231.67482161271406,235.6520717691555,79915
2022-05-25,229.33816528320312,236.54693069530822,221.98025906930448,234.26002415045068,141405
2022-05-26,231.47596740722656,233.41487386821638,216.66070113411297,227.49871716027081,233349
2022-05-27,235.85092163085938,256.2343430239342,229.03989011872898,229.03989011872898,195882
2022-05-30,245.54547119140625,248.0809711250816,236.94467405286568,238.63500228464764,251425
2022-05-31,264.13909912109375,266.9728957029434,240.22589657841476,245.59517779749353,399109
2022-06-01,262.7470703125,272.9884766203791,259.5155547835856,262.49849219489124,164223
2022-06-02,267.96722412109375,270.9501616808833,255.04116136200574,262.3990679406846,168863
2022-06-03,271.84503173828125,275.32512549221246,267.5695001210552,271.9941725446478,216891
2022-06-06,263.7911071777344,276.12060706361103,262.4985130013171,276.12060706361103,89892
2022-06-07,258.81951904296875,264.28823752738344,255.04114386406724,258.5212374450584,56345
2022-06-08,264.7357177734375,270.4033114746423,253.54970152948943,256.53263919454224,90501
2022-06-09,261.6533508300781,268.0666791447598,258.6207095816233,268.0666791447598,62778
2022-06-10,257.9246826171875,261.40477672050656,253.6491505707148,261.40477672050656,33378
2022-06-13,250.31817626953125,261.10647315273013,248.57812936398338,256.53262950363086,88289
2022-06-14,251.0639190673828,254.39487218123742,248.57813769047803,248.57813769047803,69884
2022-06-15,252.70452880859375,256.48293470940956,251.2130599818533,251.2130599818533,45760
2022-06-16,242.46311950683594,257.52694845376567,241.17051016745458,256.23435428638965,57988
2022-06-17,242.66197204589844,245.4957536072428,236.89495643101523,244.2031594768076,77950
2022-06-20,236.89495849609375,243.10941176199339,230.68050523019411,240.12647419436155,160840
2022-06-21,244.35231018066406,245.89349767398696,235.80121614623127,242.21454425805862,55342
2022-06-22,241.91622924804688,247.58380734565498,240.92191676874705,242.61224494915587,35294
2022-06-23,245.04830932617188,247.08665295841888,240.8224812574665,241.91623106169794,40005
2022-06-24,250.61647033691406,251.5610641838358,244.70031395671495,245.6449078036367,28408
2022-06-27,258.42181396484375,260.2612981677828,253.2513919735619,257.5269387792005,36393
2022-06-28,254.79258728027344,260.0127280928449,254.1959936900346,260.0127280928449,46120
2022-06-29,254.24571228027344,259.61500907490887,253.69883735137466,254.7925872091722,31796
2022-06-30,256.085205078125,261.9019400178732,250.91479762147029,261.9019400178732,46050
2022-07-01,258.9189758300781,260.06242916674347,250.01988175236326,257.32806971888664,97240
2022-07-04,268.4643859863281,272.9387924194336,259.2669949849447,259.9132920675911,157935
2022-07-05,271.74560546875,274.4302614685466,266.7740427609865,271.0496048960695,89801
2022-07-06,271.84503173828125,276.41887531224984,268.46437530326426,271.4473128066339,100163
2022-07-07,278.009765625,281.2909845551203,272.1930317543252,276.418859644575,67398
2022-07-08,280.9429931640625,282.3847584699109,273.53538302328263,279.40182088043997,73873
2022-07-11,280.09783935546875,283.77677734610313,277.6120581412527,283.77677734610313,60267
2022-07-12,288.8478088378906,291.0850121765662,279.89899548318834,279.89899548318834,227831
2022-07-13,288.64892578125,296.15600386119235,285.516847267054,291.73130080474897,102258
2022-07-14,282.1858825683594,292.32788246495153,278.5566479194843,292.32788246495153,58545
2022-07-15,282.2356262207031,287.3066263454317,280.4458454063224,282.5836416855003,51582
2022-07-18,288.2015075683594,290.3392735479408,282.3847729027917,283.52822630172955,80286
2022-07-19,292.77532958984375,299.23836088018015,286.2128609800849,286.8591580403166,168908
2022-07-20,293.421630859375,303.2653187432218,291.43300581843584,298.29375614087394,120128
2022-07-21,297.7469177246094,299.2880901041521,290.7369957466596,293.42165188187647,57901
2022-07-22,295.55938720703125,302.96702738397005,293.0239024989564,300.0834968921088,117141
2022-07-25,295.6588439941406,302.2710164092917,290.68728122425097,302.2710164092917,109420
2022-07-26,291.6318359375,298.2440381523572,290.3392418613372,298.2440381523572,45870
2022-07-27,286.6602783203125,293.32218413140913,284.3733717341797,291.33355915424704,60364
2022-07-28,293.2227478027344,293.9187786846923,284.82082545229184,287.3563101691216,124685
2022-07-29,293.4713134765625,297.10054784936887,289.3449228788784,294.31648512765634,55272
2022-08-01,290.3392333984375,296.55368616809585,288.35060851214683,295.45993641183446,90412
2022-08-02,293.52105712890625,295.31080746076185,287.7540265209103,291.1346828944203,81161
2022-08-03,286.7597351074219,296.3051417146837,284.47282836602034,296.3051417146837,66635
2022-08-04,293.32220458984375,296.30514226363874,287.95292284581495,288.1517671509946,136442
2022-08-05,288.1517639160156,296.20570161364566,286.41171695917006,293.3222012968181,77532
2022-08-08,291.8307189941406,293.8193439958043,283.72707818116317,292.32787524455654,122577
2022-08-10,310.4740905761719,313.70560633076775,293.3221992633169,293.3221992633169,536004
2022-08-11,285.06939697265625,308.2368653605385,281.0424132671861,308.2368653605385,592618
2022-08-12,271.9444885253906,282.8819268207446,268.5638318483563,282.3847705345921,627535
2022-08-16,263.39337158203125,276.8663239793343,260.50987144023503,272.4416212771923,338300
2022-08-17,269.8564147949219,272.83935238737274,263.8905396100201,266.3266174481258,185599
2022-08-18,265.3819885253906,272.9387692622921,264.4871133834962,270.4529881214698,136654
2022-08-19,261.6036376953125,269.80671622407993,260.6590286362137,267.4700756652652,126440
2022-08-22,263.7911071777344,265.3820133253324,262.59795032504405,262.59795032504405,58219
2022-08-23,270.801025390625,275.4245726166511,263.6419629900609,266.27688514304265,135877
2022-08-24,278.9543762207031,281.440157617587,268.46439086345765,272.0936256341059,318019
2022-08-25,287.4060363769531,289.3449580271105,276.0211756506782,280.39614489225147,283203
2022-08-26,282.8819274902344,291.3335843748284,279.60070813146723,289.5438338780484,80171
2022-08-29,273.0382080078125,280.04809872406946,271.3478646855904,277.4131767697889,170875
2022-08-30,273.1873779296875,280.49558136985723,272.54108082959334,273.83367502978166,169234
2022-09-01,275.0765380859375,279.2029287575738,269.90613146095035,273.1873504663459,177275
2022-09-02,280.2469787597656,285.91454169346497,273.0879167609773,278.40749460163164,216850
2022-09-05,283.18017578125,290.339237613431,278.30805080790844,279.1035189803775,321787
2022-09-06,282.9813537597656,287.60490098247084,281.7881665791918,287.3563228485188,112122
2022-09-07,290.0906982421875,293.32221416090937,281.4401665683117,286.3620260282776,157029
2022-09-08,293.2724914550781,298.2440540812431,290.8364136306532,297.2994450446677,223277
2022-09-09,294.5650939941406,298.194328745857,292.77534353532496,295.26112491924175,108273
2022-09-12,295.5096740722656,298.2937368115704,293.8690342445955,296.901705441918,138054
2022-09-13,302.81787109375,309.92723001057453,296.55371424643374,298.29376118668944,414452
2022-09-14,297.94573974609375,302.51958339456706,294.5153797677462,298.24405170769563,162825
2022-09-15,298.7412109375,305.75110211671824,294.46564886409584,298.29375816265195,156042
2022-09-16,286.8591613769531,299.8349275962616,283.8762238236399,299.13892704022777,167550
2022-09-19,288.5992126464844,291.3335721116966,279.6503998512446,287.35632198047887,126998
2022-09-20,294.01824951171875,303.21564111033405,291.33359333992325,292.675921425821,200934
2022-09-21,323.4996032714844,328.6203069785966,296.20571087196595,296.20571087196595,3011013
2022-09-22,323.947021484375,331.0066467634782,320.51666134211445,325.83623963276324,886648
2022-09-23,312.1644287109375,326.9299454012144,306.2482570619102,325.0407576764527,474701
2022-09-26,295.2113952636719,313.05931799042406,288.3506446157545,309.13177121063933,421550
2022-09-27,324.2950134277344,330.956919266478,290.98554492203465,294.2170605233339,841672
2022-09-28,323.0024108886719,335.8787391265252,315.7439116750788,321.06348944092923,776404
2022-09-29,318.32916259765625,333.7907412374957,313.2581624317153,323.1515846215806,372182
2022-09-30,322.90301513671875,326.13453106957274,313.50674897896914,321.1629680959512,240109
2022-10-03,312.86041259765625,326.03505282435435,308.7340219162091,325.5876304192867,177196
2022-10-04,312.3135681152344,323.6487247568091,311.21981827613286,316.04224005943723,145291
2022-10-06,312.5124206542969,319.96976473937247,311.2198264838214,315.1970766625284,145368
2022-10-07,315.9427795410156,324.1458572159594,307.3916864413636,314.6004516708596,389160
2022-10-10,317.2851257324219,320.86465681153095,306.9939852589867,312.760985637989,295482
2022-10-11,326.97967529296875,342.09320725292247,317.53370643899405,319.07487869335444,1156366
2022-10-12,311.02093505859375,332.0009346882644,296.30512232885815,330.21118434200247,790697
2022-10-13,303.4642028808594,314.69992257614746,302.3207191713297,313.1090164248118,271681
2022-10-14,305.6019592285156,313.20844394114135,301.82355344440697,311.9158498021629,192707
2022-10-17,307.14312744140625,310.17579879512874,303.4144555389677,308.0380026291896,123833
2022-10-18,315.8433837890625,318.6771807002855,307.888883178759,310.6232427635508,255148
2022-10-19,324.6927490234375,328.07343594739064,316.19138891199293,317.5834204044385,458046
2022-10-20,330.0620422363281,332.7964015759018,320.7154805822144,324.69273053068525,413860
2022-10-21,331.6529235839844,343.03781389281346,327.47682927343413,333.09468885244206,619627
2022-10-24,341.14862060546875,343.03780826333457,334.23813667821247,334.2878705090039,194595
2022-10-25,341.098876953125,345.97103227787113,330.11173641778686,342.44120484169775,378083
2022-10-27,370.38140869140625,376.7947364962841,338.51370499395085,343.0378147611682,2109420
2022-10-28,365.3104248046875,372.02203451725165,356.9582054534099,370.8288776636468,371486
2022-10-31,367.8956298828125,374.7563801550684,359.9411297772382,372.3700361921981,388815
2022-11-01,372.5191650390625,375.85011792011926,360.68685258074936,370.8288520273085,482141
2022-11-02,368.34307861328125,386.78756339327447,363.91837584045874,376.2975786316519,440023
2022-11-03,363.9681091308594,370.87859372527555,361.7309058175031,366.5036244257369,198851
2022-11-04,365.06182861328125,369.8842503111396,362.92406280528485,366.1058749455651,148704
2022-11-07,352.33465576171875,367.746500181756,342.5406711421187,365.06184417743555,485183
2022-11-09,344.62872314453125,362.5263483821629,340.2537541552455,352.9809421866241,211126
2022-11-10,351.9369201660156,355.1187019474358,340.35315531013015,344.4795764445491,238001
2022-11-11,349.8985900878906,359.0959814332996,344.5293082361299,356.95821545965555,232616
2022-11-14,354.57183837890625,365.4098384014677,350.59458843712156,350.694025754468,384165
2022-11-15,363.22235107421875,370.878569608568,357.9525068608163,367.8956320513945,860121
2022-11-16,347.06475830078125,364.0178042567194,344.0321173805504,364.0178042567194,375188
2022-11-17,348.5562438964844,356.0633216751551,343.0378215140793,347.81050950188853,335169
2022-11-18,334.4370422363281,353.82613753963346,331.1060890256759,349.99802803915287,310040
2022-11-21,344.529296875,348.40710973206365,332.94556179345943,335.58048396915586,259404
2022-11-22,334.039306640625,348.00938555159195,331.15577602798925,346.8161983778109,298979
2022-11-23,329.9626159667969,339.55772571994953,327.37739734492936,335.3816009966243,174997
2022-11-24,324.6927490234375,333.4427176148299,323.69843647968906,332.8958275093618,180514
2022-11-25,328.2225646972656,333.09468991376957,319.7211745542547,326.08479887557615,245319
2022-11-28,332.15008544921875,334.6358667513204,327.2779601659015,328.32200651919027,199249
2022-11-29,327.5762634277344,334.53645088874794,325.6373419259912,333.0449821471022,123720
2022-11-30,333.04498291015625,339.3588429890485,321.46121804829335,321.46121804829335,1316134
2022-12-01,325.3887939453125,333.0450129992776,323.5493095914106,333.0450129992776,207629
2022-12-02,323.3504333496094,328.76941820472126,322.1572462259836,327.0293713501056,198462
2022-12-05,328.62030029296875,330.7580662230466,321.7595497142022,325.58765912983625,159236
2022-12-06,338.8616943359375,349.60028774749094,326.4327878484983,329.0677402990434,616023
2022-12-07,329.76373291015625,340.1045767897372,327.2779516725642,338.0662483125155,224345
2022-12-08,325.0904846191406,331.05635963027146,324.0464382857871,330.75804767330925,163572
2022-12-09,325.6373291015625,328.17281372490277,321.21262653799914,326.0847818440381,125808
2022-12-12,321.26239013671875,327.67568786110166,317.0365618102296,325.63735927651715,176763
2022-12-13,332.5975646972656,338.215424818417,320.41723534736576,322.40586054734945,328800
2022-12-14,332.398681640625,340.0051971135713,330.60893114346806,340.0051971135713,127765
2022-12-15,324.6927490234375,336.5250925692521,322.8532950927115,329.21688930389917,122127
2022-12-16,321.6601257324219,328.073454132698,318.87606259320836,327.62600132560436,110180
2022-12-19,327.6259765625,336.02792952545497,319.22402359954503,323.30071101555876,234684
2022-12-20,349.2522888183594,359.94114890319173,329.1174593562333,329.2168966816387,1888002
2022-12-21,337.46966552734375,361.92975975544215,335.0833215318242,349.25227503873367,781592
2022-12-22,332.49810791015625,357.9525150491179,323.40015422145996,357.9525150491179,509450
2022-12-23,300.13323974609375,328.12313107008873,293.4216302469328,326.7310996131388,904911
2022-12-26,321.0138244628906,323.1515904540148,298.09490114889866,306.2482764918048,336580
2022-12-27,319.9200439453125,327.17851299123885,316.43995022718167,323.1515595407197,170465
2022-12-28,334.33758544921875,339.8560078075052,320.56635095373514,321.2623818565866,613319
2022-12-29,346.2693176269531,347.01505197934426,333.0946774013763,334.43700530448206,525221
2022-12-30,343.9327087402344,354.67130260416525,340.05489582159737,347.95969281821266,164640
2023-01-02,344.08184814453125,350.8431917372073,338.86170722130856,346.8162076757431,199060
2023-01-03,343.6841125488281,347.36308096846653,340.7011750228542,344.0818314834894,100923
2023-01-04,347.76080322265625,349.9980063884918,338.6131159180803,344.5292875386716,260562
2023-01-05,341.14862060546875,347.31333982292614,340.05487080017514,345.125870556348,206551
2023-01-06,334.6358642578125,344.7281605443514,333.0946919995974,338.5634108234714,145877
2023-01-09,334.5861511230469,342.7892291223489,332.44838534960627,337.91710401580764,128305
2023-01-10,335.2324523925781,340.5520303218824,332.29924873197774,336.57478033272173,119453
2023-01-11,335.7296142578125,342.9383799837653,330.41003623951434,334.089004678639,97409
2023-01-12,332.1003723144531,337.8176691432199,331.1060598224937,335.08330979033144,64995
2023-01-13,331.9015197753906,334.08901954094176,329.4157383799967,334.08901954094176,54660
2023-01-16,330.5094909667969,337.8176943978484,328.9683186266482,333.09470970795945,46599
2023-01-17,332.8460998535156,334.9341621125858,329.117428085179,329.117428085179,76136
2023-01-18,336.37591552734375,340.0051805237374,330.3603368805171,332.8461181963975,78655
2023-01-19,334.7850341796875,339.80630021646,332.8461126480175,333.93986247757465,75141
2023-01-20,332.0506591796875,336.5250652635006,330.90717557195086,333.2935497585245,64404
2023-01-23,327.1288146972656,335.0336112629645,325.0407523644386,332.44839267679816,154054
2023-01-24,317.7325744628906,331.40437250938356,315.34623032721424,329.1174657010295,182395
2023-01-25,309.9769287109375,322.7041168540071,307.2425692756365,318.1800070168404,108332
2023-01-27,302.4698791503906,315.7439269482291,299.3377704534527,314.65020745711854,148257
2023-01-30,302.1218566894531,308.18716895797843,298.2937475273832,302.270997494415,120523
2023-01-31,317.8817138671875,319.87033883890837,300.9286677768615,302.2709957015749,145253
2023-02-01,308.4357604980469,321.16294880858476,304.75679198090165,319.07488641625935,117657
2023-02-02,303.9613342285156,312.61183451144956,298.29374101169014,311.2198031221967,103549
2023-02-03,304.55792236328125,307.19287489976114,296.9017339237302,303.8619217836917,120697
2023-02-06,302.3207092285156,309.13175605166043,300.182943381721,309.13175605166043,52726
2023-02-07,305.0550537109375,306.8448343636509,294.46563197241534,302.3704282478802,142190
2023-02-08,308.4854431152344,310.72264616764136,300.6303806889181,309.6288963843296,70433
2023-02-09,307.44146728515625,309.08207700223176,303.6133577159719,308.23690522555273,53475
2023-02-10,311.4186706542969,317.88170156221037,307.54082783434256,310.17578009508276,115227
2023-02-13,304.35906982421875,316.8874137019664,302.46988209643376,311.66727294823903,110117
2023-02-14,292.9244689941406,308.0877346411583,287.5054537236682,300.77953168674463,505518
2023-02-15,288.40032958984375,297.24973514887927,286.8591573465562,293.0239070077255,126353
2023-02-16,289.3449401855469,296.9514248123444,287.6048932943967,294.31650273169026,143988
2023-02-17,291.5821228027344,295.31079444982817,286.9088422007738,288.3506073752531,151180
2023-02-20,284.6219482421875,293.86904219594584,283.37905763850983,288.698635491052,112115
2023-02-21,274.330810546875,286.859154018205,271.54674770613906,284.57224742360114,213209
2023-02-22,266.9232177734375,279.4018282125874,262.84653022537685,274.5297027573979,191156
2023-02-23,274.77825927734375,276.418868796724,262.5979314256895,268.4643689752356,163538
2023-02-24,273.6347961425781,279.40179616787066,269.0112190126368,278.3080464130027,192875
2023-02-27,268.2655029296875,274.92740888104544,264.5865648508858,269.5581273984635,148305
2023-02-28,275.5736999511719,277.4131841225786,267.7683408523979,273.43593417100044,170831
2023-03-01,275.32513427734375,279.3023844087435,272.7399156231319,275.42457159943086,93078
2023-03-02,270.6021423339844,276.568017367667,269.5581263406937,275.22568941628646,87976
2023-03-03,268.9615478515625,273.7839698430268,266.87348540387563,273.1873762374004,125955
2023-03-06,272.29248046875,276.4188712184977,269.40898032699914,270.4032928133966,140006
2023-03-08,274.7285461425781,275.22570241887234,266.5254675837236,266.62490490778464,61275
2023-03-09,271.2484436035156,277.91034963212223,268.4643806821932,275.4245683295093,134625
2023-03-10,265.8294372558594,275.92170246646174,264.3379685938785,275.92170246646174,161037
2023-03-13,265.77972412109375,268.51408354762356,261.5041924281239,268.41467657095774,171074
2023-03-14,268.613525390625,270.9501659178008,259.61500908215174,269.7569787376228,175471
2023-03-15,271.74560546875,274.3805579790732,267.6192144901084,274.3805579790732,52623
2023-03-16,281.0921630859375,290.23982011378916,266.1277413713163,270.4530069258815,473191
2023-03-17,276.4685974121094,284.373394465809,275.4245813532486,283.37908189774674,110634
2023-03-20,273.3365173339844,277.4132049086121,264.13912613181714,265.6305949754118,48924
2023-03-21,275.67315673828125,277.81092266943324,272.739922554228,273.3862499922138,198822
2023-03-22,285.56658935546875,287.3563398884493,272.54108829518293,274.5297134847224,119715
2023-03-23,288.10205078125,289.8918011679127,280.8932850585095,285.5665660094762,167475
2023-03-24,288.00262451171875,294.31651528339097,286.36201487032633,289.7426714770766,188374
2023-03-27,278.158935546875,289.7426706724288,276.4188885863494,289.7426706724288,120555
2023-03-28,267.8180847167969,281.04242916363063,264.48713168875673,274.7285385601534,148449
2023-03-29,274.1816711425781,275.2256871271855,266.52545277542646,267.37062446697064,224211
2023-03-31,278.1092224121094,283.0310511519273,274.97711371657726,277.81091045138686,144532
2023-04-03,282.7327575683594,284.1744924467946,278.1092106409489,282.3847421342514,137894
2023-04-05,289.44439697265625,292.32789737455533,283.3293806984194,287.2568971676229,133925
2023-04-06,285.1688232421875,293.322198176564,283.3293693254412,291.3335731041805,149006
2023-04-10,292.4770202636719,294.61478610245047,285.86484810670146,288.35062939458584,147671
2023-04-11,286.90887451171875,297.2994528093835,285.96429579448346,292.47703086725187,147166
2023-04-12,281.6390380859375,289.24552324875884,280.5950220152801,287.25689809016444,101700
2023-04-13,281.39044189453125,286.3620044721731,276.56802012541664,284.52252024964366,56739
2023-04-17,280.9429931640625,286.2128677785339,277.41319582079274,285.61627419183765,117368
2023-04-18,289.0466613769531,290.63753713195825,279.401817806182,280.94299007284695,114314
2023-04-19,288.798095703125,293.073627581123,287.4060338414408,289.046673843567,103378
2023-04-20,292.02960205078125,296.00685216876803,287.55519566804617,288.79808632991706,145089
2023-04-21,287.10772705078125,291.8307113052963,285.3676802201704,290.3392425933442,59490
2023-04-24,285.06939697265625,292.3278658580591,283.32935015207255,291.23411607346196,132911
2023-04-25,284.2242431640625,287.95291515674126,281.88760264651506,285.3676965063486,100973
2023-04-26,282.0864562988281,285.5168160704149,280.3961129836638,284.1744881841383,71034
2023-04-27,281.19158935546875,284.8208545976153,279.8492916292088,283.0310737225816,55856
2023-04-28,280.4955749511719,285.3677003517905,279.00410613400226,282.28532539417114,94461
2023-05-02,281.688720703125,285.3676891115043,280.39612658342935,283.3790641002743,91460
2023-05-03,281.2909851074219,283.0310318891765,279.4017975274612,281.5892970478416,67779
2023-05-04,281.9372863769531,282.88189535316985,279.6006763671687,282.78245803819834,48383
2023-05-05,279.650390625,284.373375,278.45720348739627,284.373375,54668
2023-05-08,281.19158935546875,282.4344800975704,278.9543860196858,280.99274504313985,59153
2023-05-09,279.3023681640625,284.37336785546165,278.6560711241018,283.37905538044254,53361
2023-05-10,278.5566711425781,281.8876244491394,276.5183424331965,280.6944371815909,60297
2023-05-11,275.9217224121094,280.34642523343905,274.4302536423142,278.5566445032789,51944
2023-05-12,275.2257080078125,281.1418799534563,274.2811292700788,278.40752037831214,50783
2023-05-15,283.72711181640625,286.85919049652585,273.53540747467525,276.6177826614648,153529
2023-05-16,279.6007080078125,285.7157242704532,278.40752078114576,285.0694271660136,45646
2023-05-17,279.252685546875,281.34074796926075,274.4799671037059,278.4075138111461,58846
2023-05-18,279.6007080078125,287.0580523144503,278.30808345492164,282.3847710780193,132857
2023-05-19,276.7668762207031,280.8932668148453,274.7782513228989,279.6006727688757,50652
2023-05-22,276.02117919921875,280.8933047886982,274.92742928876123,278.10924169299903,62576
2023-05-23,270.0552978515625,277.313767415041,268.76267331482586,277.313767415041,104592
2023-05-24,271.9444885253906,276.96575487792575,268.5638318483563,269.3592697685956,69899
2023-05-25,271.64617919921875,273.58507031115244,267.91750743318266,273.2370548775207,61460
2023-05-26,269.7569580078125,276.56800442123665,268.6135047486848,273.18734812920377,86730
2023-05-29,264.3380126953125,271.94449807165876,262.448824810418,271.0496227939732,142997
2023-05-30,271.09930419921875,277.41319480938125,265.3820071735774,265.3820071735774,1166683
2023-05-31,284.3733825683594,285.9145548467726,273.4359447772686,273.4359447772686,655672
2023-06-01,283.18017578125,288.3506126982705,279.8989568088384,284.37336286794954,350666
2023-06-02,294.8633728027344,297.995481591725,283.4785123796791,287.40602872230096,569858
2023-06-05,299.03948974609375,308.2368805362895,295.9074113836399,295.95711487192887,493653
2023-06-06,308.58489990234375,312.114697247933,299.0394935409623,301.0778220908361,490699
2023-06-07,308.137451171875,311.6672789078213,304.80649808223944,308.58490395406886,243930
2023-06-08,323.10186767578125,327.3773994028153,309.13175846980164,309.13175846980164,741984
2023-06-09,320.0691833496094,325.14018309978394,315.19705823434714,325.14018309978394,282275
2023-06-12,318.13031005859375,321.1629511751199,312.21413829407936,319.9697639867102,519252
2023-06-13,321.70977783203125,325.5876206233293,312.71126238742073,319.6714494675859,328774
2023-06-14,328.27227783203125,331.95124635440925,321.6104020443876,324.04644955222346,406099
2023-06-15,338.61309814453125,340.50231610505887,323.69841115515516,328.2722545673655,632462
2023-06-16,338.9611511230469,343.5846985331008,335.2324789626789,343.0378387538515,690207
2023-06-19,329.8134765625,344.03213352732587,324.14588303441684,340.05488342874406,234269
2023-06-20,336.6742248535156,338.41427176099717,323.1515685322857,330.06205267388776,291440
2023-06-21,339.6074523925781,341.6955148967879,333.04501358507895,336.0776548417562,258516
2023-06-22,336.2267761230469,345.7721824847419,333.79072862970435,343.0378230258403,230629
2023-06-23,325.14019775390625,335.0833230674814,324.14588522254877,335.0833230674814,137322
2023-06-26,325.6373291015625,332.0506565756698,317.18567323175097,325.14017287392653,250509
2023-06-27,327.6756591796875,334.08898668672344,323.6487058527633,325.63733077351765,162729
2023-06-28,346.31903076171875,347.51221789639163,324.0961707165132,324.14587420378734,336659
2023-06-30,354.37298583984375,360.8360173982225,343.13726619134343,345.3247355893113,492357
2023-07-03,350.1968688964844,356.9581816480358,344.38013479804187,355.91416567775514,276821
2023-07-04,341.7452087402344,351.8374742615307,339.0605529284177,351.8374742615307,140421
2023-07-05,346.716796875,351.24090682100666,340.1045941698984,342.938390994369,203447
2023-07-06,350.9923095703125,352.8814972357418,342.490949903876,342.490949903876,155619
2023-07-07,347.7110900878906,353.92554315391664,342.0932002409958,350.9923091691487,237388
2023-07-10,343.6841125488281,349.3019721539438,342.0435029783444,347.71109641529875,371110
2023-07-11,346.2196350097656,349.00369795556776,343.53497904173406,348.50654169067377,299405
2023-07-12,353.7266845703125,357.3062157675844,345.1258872054303,347.909950167747,365272
2023-07-13,345.5235900878906,354.37296517529666,343.0378088642367,354.37296517529666,101329
2023-07-14,339.5080261230469,348.8048240202325,336.7736666605781,344.5292922710672,146614
2023-07-17,336.7736511230469,345.6727296657402,335.0833077593575,340.85030804016424,181563
2023-07-18,337.5691223144531,343.03784152720567,329.7140589685746,339.9554664475791,148207
2023-07-19,337.3702087402344,342.0434894841621,332.6969583403152,337.56908337172393,156960
2023-07-20,331.9015197753906,337.22109803033584,330.0620658180081,336.8730825661784,60880
2023-07-21,328.4711608886719,333.0947082326512,327.17853635181,332.0506921802728,54805
2023-07-24,324.74249267578125,332.89583757463214,321.6601176281619,325.63736792340967,99236
2023-07-25,332.4483947753906,334.0890043529648,321.4612233008292,324.7424727999874,126553
2023-07-26,333.1444091796875,338.0662684610633,330.7580651181763,332.7964240608923,114185
2023-07-27,332.29925537109375,336.3759124162249,331.10606821290276,335.58047454010415,82502
2023-07-28,326.1842346191406,334.93420366066266,324.6430622346515,332.0507032042569,122380
2023-07-31,323.7481689453125,332.94555993612244,323.1515753527822,326.58196575182365,172074
2023-08-01,324.2950134277344,329.66429481955277,321.66009139086145,327.02937278267984,134478
2023-08-02,318.9754638671875,329.0677608401796,316.8376978867059,324.096197934868,138629
2023-08-03,322.6047058105469,323.7978626154141,316.24108147521633,320.86465891910706,82888
2023-08-04,329.36602783203125,330.2609030463954,322.356136584833,322.356136584833,59147
2023-08-07,335.43133544921875,337.9668202433475,324.6430385140242,332.5975386920095,197452
2023-08-08,325.8362121582031,340.05486849876434,322.25668115783543,338.5633997772785,127201
2023-08-09,333.3929748535156,335.282192911256,322.65441180619837,329.46545861728833,249282
2023-08-10,323.3504333496094,345.026433458075,310.32493368339897,334.3872776951071,899210
2023-08-11,312.91015625,329.11743788116667,309.3803286645063,320.4669069835443,291648
2023-08-14,304.01104736328125,314.79934407441056,299.68578191253243,311.4186876377827,281356
2023-08-16,301.42584228515625,308.4357639416548,297.79660756064834,304.2596391103786,210939
2023-08-17,301.02813720703125,311.6175602422912,298.0949029232307,303.2653405388754,177914
2023-08-18,303.0664367675781,305.25393639727963,298.7909051706271,301.0281082875453,101402
2023-08-21,303.26531982421875,309.23119496830174,299.7852259901703,304.7070851216429,130711
2023-08-22,303.26531982421875,310.67296026572586,301.3761320973945,306.24825739626027,176363
2023-08-23,302.7681579589844,308.0877359328128,301.2766892005657,305.5522208370953,102693
2023-08-24,298.8406066894531,307.9385902468682,296.1062473423415,305.70138714468595,160124
2023-08-25,303.1161804199219,304.30933724786485,296.1559927195517,299.18863379425176,226809
2023-08-28,301.873291015625,313.2084478203202,300.28238489440224,306.14882276890137,373579
2023-08-29,318.1800231933594,320.1686483383179,302.5693036678305,304.6573661388393,483190
2023-08-30,317.8817138671875,323.7481514649623,313.20843304603983,319.42288608266756,266703
2023-08-31,320.0195007324219,322.8035637386986,315.6445315751252,321.46123572552517,222724
2023-09-01,322.6127624511719,328.4974842244132,319.2714278322333,324.1587381036173,182778
2023-09-04,323.211181640625,329.1457921904003,322.76236473260616,325.55510473333385,247071
2023-09-05,328.4974670410156,332.13801274464447,321.3659812634941,324.1587211471755,455413
2023-09-06,330.6917724609375,332.1380313192928,325.10629238120964,330.6419140610978,376502
2023-09-07,326.7021179199219,332.9858285036355,322.56286636790185,329.1956466185584,352598
2023-09-08,336.1775207519531,339.26950236874507,324.1587248224312,326.0538005105998,772539
2023-09-11,334.0331115722656,344.00722676067954,332.18789417469225,336.1775402500578,275932
2023-09-12,320.6179504394531,338.1225107217376,315.73060956192916,334.0331173362062,227026
2023-09-13,329.4949035644531,332.08817961868886,314.184630559019,321.1166528372628,221752
2023-09-14,327.05120849609375,334.58168320970873,324.2584686104266,331.1406015304207,81997
2023-09-15,327.998779296875,329.54475495320133,324.25848615552076,327.05122619229854,69170
2023-09-18,332.48712158203125,337.07522045892983,323.66002393251875,329.14578705001907,217149
2023-09-20,323.211181640625,331.68917931825655,321.3161058945181,329.64449793614335,209758
2023-09-21,315.2319030761719,324.95666553054036,314.4339860245805,323.2111953464229,112672
2023-09-22,316.0796813964844,321.01688023347214,310.593918439201,315.23187557900604,124936
2023-09-25,319.5207824707031,321.8148167621992,309.2474256817382,316.0797005948754,204555
2023-09-26,316.02984619140625,323.6600382314888,314.53372891144556,316.6781575916724,55692
2023-09-27,316.32904052734375,320.96699775906615,312.1897890288944,316.0298292628129,90517
2023-09-28,323.4106750488281,326.10369824240115,314.6833245270787,314.6833245270787,167402
2023-09-29,325.35565185546875,327.9987863108301,321.16651127213765,326.153568900587,59168
2023-10-03,322.86212158203125,327.450190228601,320.46830958032734,327.450190228601,88881
2023-10-04,321.4656982421875,325.0065271537467,317.226699578598,322.6626041579279,69364
2023-10-05,330.3925476074219,337.2248222267937,320.1192216987599,324.15872595445165,885387
2023-10-06,331.0408630371094,336.07780925771715,329.6943514558149,330.59204613573297,300740
2023-10-09,326.3530578613281,330.14320941941054,321.6652115944408,329.14579791059055,134125
2023-10-10,328.79669189453125,334.6315552041382,323.66002880400254,326.3530520049236,691585
2023-10-11,330.04345703125,333.7837501309663,326.90161691520495,330.94112128746525,81262
2023-10-12,332.38739013671875,335.13027182576894,325.25590383290506,329.64450844766856,264640
2023-10-13,349.5428771972656,362.4593380382179,332.1380341054932,332.38738698395076,1101339
2023-10-16,358.5694274902344,371.5357767457922,349.792218631136,351.0888413812587,1045370
2023-10-17,365.700927734375,376.3233543350675,362.0603817739515,362.0603817739515,754047
2023-10-18,365.6011657714844,372.48332933346427,358.6192854123835,369.0422475524743,373014
2023-10-19,358.86865234375,370.0396735314539,356.6244764261064,363.60635705877536,329180
2023-10-20,353.2332763671875,364.35440849596716,351.0888477315439,358.8686452501618,164821
2023-10-23,329.6943664550781,355.0785018679842,325.1561562049518,350.09144425747877,332454
2023-10-25,315.6308898925781,331.98843284755736,310.4941961776934,330.14321543490223,504636
2023-10-26,325.3057556152344,329.09593758977866,298.0764337588095,309.696271681025,427999
2023-10-27,324.45794677734375,336.1276734309433,321.7649540070707,325.3556414726846,248887
2023-10-30,328.746826171875,336.52662345231715,310.2448251643046,323.31092149201646,260558
2023-10-31,321.01690673828125,333.13545072949665,315.1820432051525,328.1483930838455,160015
2023-11-01,320.1690979003906,326.5525255402829,317.57582186083266,320.6678036603601,170778
2023-11-02,324.1587219238281,328.19822612929227,322.2636462526052,322.712463142889,102239
2023-11-03,342.9599609375,361.2624686145538,325.2060174269272,325.45537030961566,1703047
2023-11-06,336.7759704589844,352.9839065433436,335.3796005148175,349.04414957367925,354637
2023-11-07,364.0053405761719,369.04225649615904,334.13285385463047,337.7235413569044,1068690
2023-11-08,374.029296875,382.9062527664502,370.0396510416667,373.0318854166667,1122838
2023-11-09,376.423095703125,393.47883851745377,371.5357854188885,375.92438995088486,1562322
2023-11-10,379.7145690917969,395.9723643178259,374.02931138333685,377.0215458744035,1430975
2023-11-13,384.552001953125,393.77805857532485,380.5124974453252,392.8305358880873,436882
2023-11-15,386.4969482421875,402.90437925267605,382.30780785354875,388.9904769405242,743282
2023-11-16,386.6964416503906,391.9827103008984,380.1135198171628,388.69126460357586,451870
2023-11-17,412.0805358886719,413.92575316519697,388.9904668299441,388.9904668299441,2943578
2023-11-20,411.8312072753906,418.51387658217027,404.99893232950654,412.8286187875318,1014889
2023-11-21,418.9626770019531,426.59289912024445,411.8810798954702,412.82860253154337,1265675
2023-11-22,425.9445495605469,431.3804541641756,414.1751065703443,417.91539952552506,596272
2023-11-23,424.64794921875,436.8662401827657,419.9102445592337,424.2489907035601,668871
2023-11-24,423.0022277832031,433.8740071623121,419.41154025690173,428.0890325755815,386289
2023-11-28,423.9996337890625,425.9445679465609,414.5242245602627,415.17253594609554,331886
2023-11-29,429.7347412109375,441.75353734056375,419.5112735655551,424.84743105842244,674587
2023-11-30,438.4122009277344,440.8558712128313,428.2386221628955,432.47762092455736,447199
2023-12-01,438.162841796875,442.75094059634336,432.8765732392024,441.8532763708909,293803
2023-12-04,431.62982177734375,443.2496595341241,429.1362930553487,440.8558780487254,411610
2023-12-05,422.5035095214844,432.67708836651326,416.71850466740966,431.6298184866927,423441
2023-12-06,421.506103515625,426.39341374924476,412.6790057046784,423.89988501386904,329552
2023-12-07,421.506103515625,430.78201823578934,417.715921574704,423.89988501386904,660599
2023-12-08,406.2456970214844,427.14148039179986,403.2036040826272,425.8947160006971,371193
2023-12-11,400.4108581542969,414.67383040406656,398.36614631970167,407.84155555322815,358473
2023-12-12,395.9225158691406,406.844153772878,391.5338808210765,404.64986668742995,235150
2023-12-13,405.19842529296875,408.63950717242864,393.029992714891,395.5235214859247,248046
2023-12-14,402.35577392578125,414.4743169881987,400.11159815723795,407.9412841485387,243626
2023-12-15,403.7521667480469,408.7392242940385,397.61809205419394,403.90180282529354,171190
2023-12-18,403.6524353027344,411.1330213503122,398.21653059939473,403.75215209916934,265135
2023-12-19,413.42706298828125,420.60843789837224,403.95165382449676,403.95165382449676,339408
2023-12-20,389.0902404785156,417.36686319012153,385.1005943940163,414.9231927879321,277953
2023-12-21,398.7651062011719,407.9413041921749,382.557169298671,385.99825115494303,393416
2023-12-22,411.0831298828125,413.277447284826,399.2139395176616,401.7074681842304,160554
2023-12-26,418.1148986816406,418.91281567892946,409.4872651507206,413.9257583494184,332404
2023-12-27,417.9154052734375,424.8972855524687,414.9231708681384,420.8078924441768,404961
2023-12-28,409.9859924316406,423.6006840076302,406.04623519741125,420.00999645394705,259392
2023-12-29,409.08831787109375,420.90765015388996,404.35061327812934,411.7314522405046,430121
2024-01-01,410.3849792480469,414.97304785752505,408.7891147393405,409.73663741365283,165266
2024-01-02,409.9859924316406,421.50611373143306,400.01187724840076,411.8810986673234,433185
2024-01-03,422.20428466796875,439.8584807652739,411.18289953624526,411.73146369736696,1651707
2024-01-04,426.54302978515625,431.33062333695335,419.9102492750603,421.8053250724329,303832
2024-01-05,434.1732177734375,437.2153411396064,425.046908552098,428.3882431955894,492544
2024-01-08,440.1078186035156,445.94268188971506,427.88952788874377,433.87399681026466,504533
2024-01-09,441.90313720703125,453.6227219158541,439.8584558800738,442.35198454152544,471430
2024-01-10,469.73095703125,480.7523419057302,441.9031518937239,441.9031518937239,1267828
2024-01-11,476.4634704589844,479.6551688935686,467.33713117553634,473.7704473198387,618657
2024-01-12,481.0515441894531,492.7212706702338,470.12990675657227,480.75233292115934,623431
2024-01-15,464.743896484375,484.8417319436595,457.9614800812942,484.3430261980763,417649
2024-01-16,483.8443298339844,487.7342286372395,465.8909226448835,468.73355153754125,555408
2024-01-17,479.1564636230469,488.63187257860943,473.87019501274494,473.87019501274494,384807
2024-01-18,482.0988464355469,486.6370565081382,466.58907961046737,475.2665716887165,543115
2024-01-19,478.65777587890625,493.41948443817233,475.8650358361556,482.0988577517451,890925
2024-01-23,467.53662109375,489.8287732752164,460.4549936518669,487.8838087560336,263383
2024-01-24,481.0016784667969,483.6947015947655,462.69917201647655,465.79115364228954,254710
2024-01-25,472.7730407714844,482.9965084252981,470.52886494503747,478.7575096420095,438015
2024-01-29,491.4745178222656,498.50625673896207,478.75752116628615,482.74716717600523,569943
2024-01-30,497.2594909667969,498.70574981669864,492.72128081889826,495.6137680801184,221497
2024-01-31,520.549072265625,524.5387181588211,493.46932641469056,502.44602967438175,524319
2024-02-01,516.6591796875,532.6177643882722,512.1708277404078,528.6281182130791,451809
2024-02-02,514.6144409179688,521.646179343631,513.7666046738086,518.6040866490864,168330
2024-02-05,510.6746826171875,519.4518915492372,504.2413663345651,517.157857298851,197161
2024-02-06,521.09765625,524.6384549396536,508.4305178811567,513.068505759532,165970
2024-02-07,514.2154541015625,528.3787086805123,511.2232197909603,521.1474757632236,132106
2024-02-08,521.845703125,529.7252173603624,515.6617397188953,515.6617397188953,190304
2024-02-09,503.5431823730469,523.8405117001541,489.67916914737106,523.6410172324423,197433
2024-02-12,462.94854736328125,503.94216660802914,458.4601955577669,503.94216660802914,394869
2024-02-13,452.176513671875,502.39618923541036,421.7055738101894,480.05414708398064,1798329
2024-02-14,476.81256103515625,482.7471717057325,452.1765149571255,458.65968978375207,601332
2024-02-15,466.19012451171875,487.73421879145036,463.7963430225448,472.52369356329166,238515
2024-02-16,460.10589599609375,483.4453485958512,454.9692330461268,469.28209363690286,407071
2024-02-19,448.8351745605469,466.4394814305939,436.8163781727478,461.20307106072084,532983
2024-02-20,449.4834899902344,453.72248889921315,443.34941530378177,449.4336315902681,293249
2024-02-21,459.35784912109375,463.4971311516488,450.73024582825457,451.1790931737745,399339
2024-02-22,458.41033935546875,467.28729577010836,451.77755885434624,463.6966082207643,163092
2024-02-23,476.1143798828125,480.7523372142793,459.80669596635425,466.68882914581303,328285
2024-02-26,488.08331298828125,491.52436432522757,470.1797647775664,471.82548762902616,260653
2024-02-27,485.3404235839844,496.41169690188696,478.9569963137556,485.9887349466842,294256
2024-02-28,458.9090270996094,482.74715533526654,454.1214337422257,482.74715533526654,507183
2024-02-29,456.3157653808594,465.0929744848829,450.13180184944486,458.909041392052,257857
2024-03-01,459.35784912109375,463.6965951863153,452.8746744420634,454.8196390212057,139998
2024-03-04,464.0456848144531,470.17975924604644,456.8643100798282,462.59942601251623,159033
2024-03-05,454.5702819824219,472.52368862133267,451.6777947783139,472.52368862133267,162146
2024-03-06,450.7801208496094,458.8092709151924,442.6511931118767,458.8092709151924,257213
2024-03-07,459.4576110839844,463.79635728826884,450.13180727444967,451.2289660353215,120506
2024-03-11,450.58062744140625,463.2477651697021,448.8351573849094,459.45758335530246,106722
2024-03-12,442.1026306152344,450.58062804384014,438.8610433631204,450.58062804384014,181700
2024-03-13,425.0469055175781,444.8455299212988,414.77357922173485,443.7982600195632,539481
2024-03-14,445.7431945800781,447.8377648239872,416.1200912056504,425.3461476079263,180721
2024-03-15,451.12921142578125,458.06123355927,439.16027336870724,445.84294262600696,111785
2024-03-18,453.8222351074219,455.6674524807402,443.34941429725063,453.8222351074219,90729
2024-03-19,452.2762451171875,455.268479539561,446.44138190584266,451.8772561766716,60238
2024-03-20,442.950439453125,452.7749485101035,435.4199645993229,449.8325725012367,218269
2024-03-21,441.0054931640625,452.6752200092818,437.86365299452916,452.32611989298175,235084
2024-03-22,440.95562744140625,448.6356776795534,439.9083271098977,443.19980330217487,266940
2024-03-26,438.8610534667969,444.9452696139395,431.43032572698274,441.8532879222523,174033
2024-03-27,445.34423828125,447.23931405855984,434.22310605578434,441.0553809726759,244561
2024-03-28,451.9770202636719,454.2211961641256,437.8636534663127,451.52820334673135,215924
2024-04-01,451.5281982421875,457.71213127926694,446.8403520165802,454.2710798672893,233906
2024-04-02,456.86431884765625,460.80410639158896,447.2891929358402,453.622731519144,310483
2024-04-03,456.1661376953125,464.59424627612117,452.8746616114459,458.80927197877816,243111
2024-04-04,453.42327880859375,462.49972964281284,449.9821969215742,460.40515938282635,202317
2024-04-05,436.91607666015625,454.7697660952749,435.2703538434583,450.82997866381976,350803
2024-04-08,430.7820129394531,440.35716925328876,428.9866844474889,440.2574220173835,429886
2024-04-09,445.2444763183594,451.17908676959024,422.9024653677782,430.7820099319613,484498
2024-04-10,447.4886474609375,453.0242993520709,437.86363291621325,448.8351590257312,249736
2024-04-12,452.6253356933594,458.85915769463736,441.9031618511612,444.845538011198,311870
2024-04-15,445.6434326171875,450.7801260385145,414.6239602512887,438.86104679667187,288098
2024-04-16,442.7509460449219,462.10072250141167,437.8137775248847,438.26259442384304,203914
2024-04-18,444.74578857421875,449.3338876322089,441.60394838881354,443.2995601402177,227578
2024-04-19,448.53594970703125,450.8299839099009,436.91608174432827,447.63825503422083,116538
2024-04-22,453.1240234375,458.6097865805137,444.49642021847677,448.83516624657693,121409
2024-04-23,463.09814453125,467.08779050761603,453.87208821090366,458.8092872820898,489001
2024-04-24,476.5133361816406,478.8572592552847,464.79375125200323,467.7859857021234,231762
2024-04-25,483.79443359375,488.63188543341084,471.8254956507953,477.5107533491321,200270
2024-04-26,474.6681213378906,488.43241814374556,469.88055836803505,483.74457197188383,126106
2024-04-29,466.9880676269531,482.7471568529169,463.0981384997927,482.6972984542949,130558
2024-04-30,478.75750732421875,479.75491879781083,465.5418052991231,468.8332509865441,183054
2024-05-02,466.5890808105469,478.7076547120324,464.7937523118142,478.7076547120324,104864
2024-05-03,459.15838623046875,473.7206000950599,451.2289526970799,470.77822401950476,298453
2024-05-06,460.7542419433594,467.28727491346143,450.8299856155487,462.3999647854342,130637
2024-05-07,453.9718322753906,464.2451888558864,447.8377577173133,460.80410704988583,81365
2024-05-08,453.3235168457031,458.6097855047744,449.5333654039444,453.3235168457031,62902
2024-05-09,454.96923828125,462.79892444853766,447.83775232196854,453.3235154350439,146834
2024-05-10,454.22119140625,458.3105846475136,448.88503378890505,454.9692500318988,70674
2024-05-13,453.4731140136719,457.8118599505933,444.24705801248894,456.8144484910059,74738
2024-05-14,456.86431884765625,463.99583532124956,449.38373270493565,450.82999153462816,75978
2024-05-15,462.74908447265625,473.77046953589996,456.8144737840888,456.8144737840888,116016
2024-05-16,463.9459533691406,470.0301696098979,454.37079687663874,470.0301696098979,148849
2024-05-17,473.3216247558594,475.3663366355078,459.15839943155987,466.73873307312306,171446
2024-05-21,489.47967529296875,498.4065200590732,459.95628991096424,473.7704447563121,1265884
2024-05-22,486.7866516113281,496.26206049561097,473.7704442141409,492.521767514973,344050
2024-05-23,473.1719970703125,487.6344634400246,470.3293682823422,487.6344634400246,210887
2024-05-24,465.7911682128906,483.5450806502827,463.99583969713933,475.6156775273674,132596
2024-05-27,457.91162109375,468.23483610177254,453.8222278975064,464.84361268529835,406466
2024-05-28,455.2185974121094,461.7516609270643,421.65570690085764,445.6434410316707,1055559
2024-05-29,448.8850402832031,454.27108681666465,444.8455358216908,445.8429473369861,187268
2024-05-30,440.7561340332031,455.3183479637924,438.5618470049613,446.7406030097261,186015
2024-05-31,438.2127380371094,447.98735832578024,433.8739920291018,441.4543253338785,207252
2024-06-03,440.6065368652344,458.8092970186934,437.3649494406458,458.8092970186934,262603
2024-06-04,410.8836669921875,443.54889261483277,383.604457216552,439.3597522679461,381768
2024-06-05,445.49383544921875,448.83517002489845,404.05140025901966,423.899882801293,208610
2024-06-06,459.1084899902344,462.1007244166888,445.8429295417192,445.8429295417192,298039
2024-06-07,467.73614501953125,469.7309680618347,454.570300764895,459.1085110107017,145993
2024-06-10,469.930419921875,481.50039935504697,466.14026841517637,470.7782257805948,207242
2024-06-11,471.92523193359375,485.78924530798486,469.93040898940563,469.93040898940563,199804
2024-06-12,468.68365478515625,476.76269397155403,467.18753754465973,473.2218953444789,183892
2024-06-13,479.7549133300781,486.23808783453865,469.8805459417701,470.92781580167315,194010
2024-06-14,477.3112487792969,487.4848579910652,475.7652731697966,481.74974201469973,187605
2024-06-18,479.2562255859375,485.73940033371815,471.7756393384983,484.49263595914493,569577
2024-06-19,484.2931213378906,501.19925772926587,481.2011701684365,483.74455721133126,830845
2024-06-20,490.626708984375,494.96545508136916,483.3456172361932,490.42724494824785,262802
2024-06-21,511.2731018066406,533.5652849767564,494.9654484113594,495.66364862485386,1559919
2024-06-24,512.3703002929688,523.6410380800196,500.0522621666078,508.6798655634476,341037
2024-06-25,522.1448974609375,528.4285774612523,509.67725425508894,512.7692054192737,473080
2024-06-26,542.3424682617188,551.8178769026132,508.330732210371,524.6384152747845,3293193
2024-06-27,518.9033203125,558.3509320070514,507.68244120915426,558.3509320070514,5252562
2024-06-28,514.1656494140625,526.6332936772551,512.1708263319517,522.6436475130334,922237
2024-07-01,512.9188842773438,526.9325042343294,508.67988523372935,518.6540006304691,494962
2024-07-02,514.5147094726562,523.6410492533679,506.7349117734684,515.8612515541801,457646
2024-07-03,524.2893676757812,530.1242004702605,515.31266437525,515.8612285126272,670971
2024-07-04,532.966796875,539.8988187959552,519.7012364438942,526.8327528351176,1612751
2024-07-05,531.4208374023438,539.799118390698,527.1319801085871,533.2161659349433,928286
2024-07-08,523.0426025390625,538.6021972189665,521.6462021213324,530.5730470099317,373187
2024-07-09,517.9059448242188,531.6203535701658,515.3126991576711,524.3891198677574,320783
2024-07-10,511.3728942871094,525.5860083305878,501.24914309123847,517.9059275141169,427745
2024-07-11,517.6565551757812,523.0426014880138,509.3780521142991,509.3780521142991,906048
2024-07-12,508.13128662109375,520.6487884201293,504.8896993368688,520.6487884201293,517800
2024-07-15,508.4803771972656,523.3418330931567,498.00755630983264,505.1889313795059,356844
2024-07-16,502.9945983886719,514.9635361772288,501.6979756370113,512.6695019431885,234465
2024-07-18,495.8631286621094,509.67728423445874,493.5192055138232,502.9946149076145,322907
2024-07-19,472.7231750488281,497.3093615232579,468.3844290972035,493.7685325665743,396204
2024-07-22,486.4375915527344,492.2724243668409,465.94076735109064,471.97512507545144,220464
2024-07-23,481.0016784667969,488.7316173120383,453.72246884135745,488.7316173120383,500412
2024-07-24,482.8967590332031,489.6791753193254,477.41099592638693,481.0016833203831,297445
2024-07-25,474.21929931640625,483.4453554864641,472.77304049809925,480.75233232085196,281195
2024-07-26,486.7866516113281,497.4091080272057,477.3611315632698,477.71023166251246,1098348
2024-07-29,488.8313903808594,508.6798734737864,484.04379683795577,494.41690096162165,592545
2024-07-30,504.34112548828125,521.6462213274932,491.0256757012872,498.40654524875737,1620515
2024-07-31,510.4751892089844,526.3340562757794,505.23877887825324,506.3359376066945,1650410
2024-08-01,517.9059448242188,526.6332958443669,511.92147555326,515.1630630750293,1888858
2024-08-02,502.59564208984375,516.6591501408539,499.7031548659609,513.6669156805787,519602
2024-08-05,484.2432861328125,510.4253381636803,481.55026289134696,493.7186954392218,980850
2024-08-06,478.3585510253906,505.6876194399515,470.97771217453584,493.5191872306577,624478
2024-08-07,484.54248046875,495.66364272200923,481.6001348922528,492.72126670692955,944700
2024-08-08,481.6499938964844,500.7005591055474,477.8598424770945,484.7419755483985,545378
2024-08-09,481.54998779296875,497.1499938964844,479.45001220703125,482.75,515367
2024-08-12,476.5,490.0,475.0,481.04998779296875,514407
2024-08-13,461.04998779296875,485.95001220703125,457.04998779296875,479.0,605427
2024-08-14,466.6499938964844,472.70001220703125,462.04998779296875,463.3500061035156,462271
2024-08-16,475.5,480.29998779296875,469.1000061035156,469.1000061035156,204325
2024-08-19,475.1000061035156,484.8500061035156,472.1499938964844,484.8500061035156,415093
2024-08-20,487.5,492.6499938964844,480.75,480.75,426250
2024-08-21,498.1499938964844,499.29998779296875,487.5,490.8999938964844,596293
2024-08-22,509.1000061035156,519.7999877929688,493.6000061035156,495.0,1825004
2024-08-23,510.6499938964844,524.4500122070312,507.45001220703125,511.3999938964844,1127466
2024-08-26,519.1500244140625,524.7000122070312,500.1499938964844,510.95001220703125,1568637
2024-08-27,524.5999755859375,536.7000122070312,521.7000122070312,525.9500122070312,977209
2024-08-28,533.5499877929688,542.8499755859375,525.4000244140625,530.0,1110122
2024-08-29,540.25,548.0,533.5499877929688,537.4000244140625,2265618
2024-08-30,532.3499755859375,544.7999877929688,530.0999755859375,542.7999877929688,512548
2024-09-02,539.5499877929688,548.0,531.5,542.8499755859375,863241
2024-09-03,558.5499877929688,563.7999877929688,542.4500122070312,544.9000244140625,1732546
2024-09-04,580.25,583.0,548.0,558.0,1598260
2024-09-05,577.3499755859375,589.0,572.0,580.25,945498
2024-09-06,561.4500122070312,576.9000244140625,555.25,576.5999755859375,720812
2024-09-09,554.7999877929688,565.8499755859375,550.8499755859375,565.8499755859375,484027
2024-09-10,579.9000244140625,585.0,556.4500122070312,557.7000122070312,981639
2024-09-11,583.9500122070312,589.0,566.7999877929688,587.0,5701886
2024-09-12,584.2000122070312,596.0,578.2999877929688,590.0,914533
2024-09-13,585.2000122070312,596.0,582.0,590.0499877929688,531082
2024-09-16,590.0999755859375,596.8499755859375,582.9000244140625,590.0499877929688,590427
2024-09-17,599.1500244140625,605.2999877929688,585.1500244140625,593.7000122070312,1087802
2024-09-18,586.75,615.9000244140625,584.0,605.25,892640
2024-09-19,582.0499877929688,591.4000244140625,567.7999877929688,591.4000244140625,874542
2024-09-20,587.5499877929688,602.5499877929688,566.5,584.9000244140625,2879188
2024-09-23,608.0499877929688,612.75,586.4000244140625,594.75,897224
2024-09-24,598.1500244140625,622.9000244140625,592.0499877929688,609.0,731983
2024-09-25,589.9000244140625,607.25,588.0,599.0,261910
2024-09-26,591.4000244140625,596.0,582.5999755859375,589.0,266705
2024-09-27,596.7000122070312,600.0,590.0,598.0,243733
2024-09-30,592.6500244140625,596.0,582.2999877929688,591.0,220912
2024-10-01,600.2999877929688,604.7000122070312,589.1500244140625,589.9000244140625,325943
2024-10-03,586.8499755859375,596.0,584.0999755859375,592.7999877929688,515348
2024-10-04,572.0999755859375,588.0,549.9500122070312,585.0,637684
2024-10-07,568.4500122070312,596.8499755859375,544.4500122070312,572.0999755859375,759790
2024-10-08,578.5,584.7000122070312,559.7000122070312,559.7000122070312,443629
2024-10-09,597.0499877929688,599.5,581.7999877929688,581.7999877929688,2134322
2024-10-10,596.9000244140625,606.5,594.4000244140625,600.7999877929688,697242
2024-10-11,610.7999877929688,622.0999755859375,591.5499877929688,595.6500244140625,683574
2024-10-14,626.4500122070312,633.7000122070312,620.0999755859375,622.75,758364
2024-10-15,634.0,637.7000122070312,625.5499877929688,629.0,481127
2024-10-16,622.5499877929688,639.7000122070312,617.0999755859375,633.4000244140625,261776
2024-10-17,601.9000244140625,623.3499755859375,599.5999755859375,618.7000122070312,967755
2024-10-18,600.5499877929688,605.7000122070312,589.0,598.8499755859375,604314
2024-10-21,594.75,613.9500122070312,588.0,603.5499877929688,350223
2024-10-22,561.3499755859375,594.5,557.9000244140625,593.6500244140625,514015
2024-10-23,575.2999877929688,586.5499877929688,553.5499877929688,566.9000244140625,419775
2024-10-24,558.9500122070312,582.9500122070312,557.0499877929688,578.25,292353
2024-10-25,554.25,564.5,545.0499877929688,559.4000244140625,374605
2024-10-28,557.1500244140625,564.9500122070312,539.2000122070312,548.0,544340
2024-10-29,555.7999877929688,577.7000122070312,540.9500122070312,574.25,1003725
2024-10-30,556.25,569.0,552.2000122070312,557.75,288492
2024-10-31,566.0999755859375,574.5999755859375,553.1500244140625,556.5,444001
2024-11-01,579.6500244140625,584.0,567.0999755859375,569.4500122070312,154339
2024-11-04,566.8499755859375,586.5,555.0999755859375,582.9500122070312,403845
2024-11-05,567.7000122070312,577.5499877929688,562.75,567.0,276987
2024-11-06,586.2999877929688,591.75,569.0499877929688,576.25,386225
2024-11-07,586.4500122070312,599.5,583.0499877929688,588.0,247705
2024-11-08,588.0999755859375,596.5,579.6500244140625,589.0,492703
2024-11-11,584.25,591.2000122070312,581.0,591.2000122070312,222061
2024-11-12,570.5499877929688,590.2000122070312,565.5499877929688,586.0,127647
2024-11-13,549.4000244140625,576.0,546.2000122070312,572.8499755859375,306503
2024-11-14,555.0,567.9500122070312,545.1500244140625,545.1500244140625,161848
2024-11-18,557.2999877929688,563.0,547.0499877929688,551.0,365002
2024-11-19,563.0,574.0,552.0499877929688,552.0499877929688,217036
2024-11-21,567.75,569.7000122070312,552.2999877929688,558.7999877929688,240449
2024-11-22,572.5999755859375,574.7000122070312,562.2000122070312,568.7999877929688,142687
2024-11-25,570.8499755859375,583.0999755859375,568.5499877929688,574.7999877929688,683564
2024-11-26,570.4500122070312,584.8499755859375,569.2000122070312,579.4000244140625,196654
2024-11-27,573.0,584.7000122070312,568.4500122070312,575.8499755859375,333458
2024-11-28,572.0499877929688,580.7999877929688,566.9000244140625,573.0,206402
2024-11-29,569.0,576.9000244140625,556.9000244140625,576.7999877929688,556429
2024-12-02,566.8499755859375,582.0,565.5499877929688,572.9000244140625,297650
2024-12-03,558.25,576.9000244140625,556.4500122070312,572.0,535344
2024-12-04,551.1500244140625,566.2000122070312,549.0999755859375,558.0,453456
2024-12-05,549.0999755859375,553.8499755859375,545.9500122070312,552.7999877929688,297128
2024-12-06,534.8499755859375,551.8499755859375,533.2999877929688,551.75,396186
2024-12-09,529.0,539.9000244140625,523.0,539.9000244140625,640341
2024-12-10,532.1500244140625,536.2000122070312,521.75,525.1500244140625,605278
2024-12-11,531.7000122070312,555.0,528.4000244140625,536.7000122070312,641417
2024-12-12,522.75,536.0,518.5499877929688,535.0,460374
2024-12-13,521.4500122070312,532.2999877929688,514.0999755859375,526.0,726640
2024-12-16,523.5499877929688,534.5,521.0,526.0,305068
2024-12-17,515.2000122070312,530.0,509.0,525.0499877929688,660633
2024-12-18,514.0,529.0499877929688,511.5,518.4500122070312,630170
2024-12-19,512.9000244140625,524.0,505.20001220703125,509.0,543195
2024-12-20,522.2000122070312,541.5,520.2000122070312,530.0,1501891
2024-12-23,527.5499877929688,545.75,517.0,535.0,872697
2024-12-24,524.9500122070312,529.0,516.0499877929688,526.75,507781
2024-12-26,514.0999755859375,524.1500244140625,509.8999938964844,522.4000244140625,358948
2024-12-27,516.4500122070312,522.5999755859375,514.1500244140625,516.2000122070312,171400
2024-12-30,513.2000122070312,519.2000122070312,507.0,518.0,320525
2024-12-31,513.7999877929688,515.7999877929688,505.0,515.7999877929688,239691
2025-01-01,525.9000244140625,530.7000122070312,512.2999877929688,513.75,181763
2025-01-02,525.1500244140625,531.7000122070312,523.0499877929688,528.0,241252
2025-01-03,520.9500122070312,536.5999755859375,518.5999755859375,534.9000244140625,307007
2025-01-06,504.0,524.9000244140625,501.20001220703125,518.0,358049
2025-01-07,527.9500122070312,529.7000122070312,505.0,518.5,360105
2025-01-08,527.9500122070312,530.7000122070312,514.5,528.0,224627
2025-01-09,526.75,533.0999755859375,521.0,521.0,204212
2025-01-10,511.1499938964844,527.0,507.29998779296875,527.0,393544
2025-01-13,491.54998779296875,513.7999877929688,485.04998779296875,508.25,340666
2025-01-14,491.20001220703125,496.8999938964844,484.25,492.0,242953
2025-01-15,507.04998779296875,512.9000244140625,490.54998779296875,491.75,330748
2025-01-16,508.29998779296875,515.6500244140625,505.6000061035156,507.5,124430
2025-01-17,505.0,514.0,501.54998779296875,508.29998779296875,101832
2025-01-20,508.75,510.8999938964844,499.70001220703125,510.8999938964844,249260
2025-01-21,502.95001220703125,508.45001220703125,497.5,506.5,210518
2025-01-22,508.70001220703125,510.0,492.45001220703125,502.95001220703125,163989
2025-01-23,497.6000061035156,509.8999938964844,494.5,509.8999938964844,181283
2025-01-24,479.1499938964844,501.54998779296875,477.0,497.0,140972
2025-01-27,488.79998779296875,496.1499938964844,461.8999938964844,475.0,431576
2025-01-28,472.70001220703125,491.3999938964844,463.3500061035156,490.0,387383
2025-01-29,481.54998779296875,483.70001220703125,468.1000061035156,472.45001220703125,318479
2025-01-30,471.04998779296875,496.3500061035156,467.79998779296875,496.3500061035156,149150
2025-01-31,482.1000061035156,485.3999938964844,467.95001220703125,468.0,152036
2025-02-01,494.0,505.95001220703125,473.1000061035156,486.0,207097
2025-02-03,499.6499938964844,500.0,487.5,494.0,280945
2025-02-04,482.95001220703125,507.04998779296875,480.1499938964844,500.0,305460
2025-02-05,487.54998779296875,500.0,478.0,486.04998779296875,926723
2025-02-06,476.1000061035156,497.70001220703125,472.6499938964844,497.70001220703125,201597
2025-02-07,463.29998779296875,486.75,461.1000061035156,478.6000061035156,408713
2025-02-10,462.70001220703125,472.8500061035156,450.20001220703125,462.1000061035156,298148
2025-02-11,423.79998779296875,465.1000061035156,422.29998779296875,463.95001220703125,797197
2025-02-12,433.79998779296875,437.95001220703125,406.70001220703125,428.0,442432
2025-02-13,421.3500061035156,442.5,420.0,442.5,167479
2025-02-14,398.45001220703125,427.3999938964844,396.1000061035156,421.0,527155
2025-02-17,386.75,405.0,382.75,398.5,795546
2025-02-18,395.95001220703125,409.0,381.29998779296875,387.5,550466
2025-02-19,428.25,434.79998779296875,384.0,396.45001220703125,742252
2025-02-20,419.20001220703125,427.0,415.8500061035156,424.04998779296875,240861
2025-02-21,420.5,425.75,412.04998779296875,415.95001220703125,253348
2025-02-24,410.45001220703125,420.3500061035156,407.0,416.8500061035156,170152
2025-02-25,398.79998779296875,414.6000061035156,397.6000061035156,414.6000061035156,230261
2025-02-27,385.75,413.70001220703125,380.6499938964844,412.79998779296875,344657
2025-02-28,380.75,390.79998779296875,367.5,384.04998779296875,556425
2025-03-03,377.0,400.0,365.95001220703125,384.6000061035156,331106
2025-03-04,382.0,385.79998779296875,365.04998779296875,372.3500061035156,293962
2025-03-05,392.3999938964844,411.1499938964844,377.54998779296875,385.0,861453
2025-03-06,390.0,408.3999938964844,386.95001220703125,395.0,424724
2025-03-07,394.20001220703125,405.45001220703125,386.25,390.0,530514
2025-03-10,387.45001220703125,401.45001220703125,380.1000061035156,394.1000061035156,231238
2025-03-11,373.29998779296875,393.0,364.0,387.45001220703125,647519
2025-03-12,387.1499938964844,390.6000061035156,375.1499938964844,375.29998779296875,655147
2025-03-13,375.1499938964844,390.25,372.0,390.0,370830
2025-03-17,364.04998779296875,380.79998779296875,362.6000061035156,375.20001220703125,341496
2025-03-18,364.04998779296875,364.04998779296875,364.04998779296875,364.04998779296875,0
2025-03-19,396.45001220703125,399.8500061035156,367.0,367.0,512826
2025-03-20,390.25,402.5,384.5,398.5,370017
