Price,Close,High,Low,Open,Volume
Ticker,VESUVIUS.NS,VESUVIUS.NS,VESUVIUS.NS,VESUVIUS.NS,VESUVIUS.NS
Date,,,,,
2002-07-01,54.121524810791016,54.68333994723521,52.47353602991968,52.47353602991968,18935
2002-07-02,60.78838348388672,64.34654511197222,54.68332607373502,55.057869403007174,298168
2002-07-03,58.31639862060547,62.17419627977583,57.380040242898,61.42510957760985,103996
2002-07-04,60.00185012817383,61.23784446216911,57.75458978093827,59.477491666516975,61675
2002-07-05,60.00185012817383,61.05057276656615,58.84076904448261,60.676029375360216,18359
2002-07-08,60.526222229003906,61.42512419955096,59.17786355810397,59.17786355810397,27531
2002-07-09,57.56732177734375,60.90076160190968,56.930599114473985,60.90076160190968,41758
2002-07-10,57.267662048339844,59.177834956380224,56.63093965068525,58.42874843794503,17369
2002-07-11,55.582237243652344,57.529867459612525,55.020422154066594,56.8556882090939,19488
2002-07-12,56.481136322021484,58.241488861640725,54.720783782402236,54.720783782402236,12369
2002-07-15,55.02041244506836,55.43241239076047,54.72078235555878,55.05786906379587,9993
2002-07-16,54.00914764404297,55.432413456897784,53.260060975706516,55.39495683744987,9411
2002-07-17,52.061527252197266,54.60842325359376,51.31244052914406,54.60842325359376,10015
2002-07-18,54.908058166503906,55.432416577830544,52.660798034970234,52.660798034970234,7278
2002-07-19,54.15896987915039,56.18150165261331,53.821877440187976,56.18150165261331,6472
2002-07-22,52.62334442138672,53.185159486383725,50.188812473066335,52.5858877976889,14861
2002-07-23,61.57493209838867,63.148018935747025,52.06153211334794,52.43607550984684,126992
2002-07-24,55.13279724121094,58.42878089632741,54.683346223485906,56.59352019266698,59004
2002-07-25,54.72078323364258,59.739661609473195,54.38369080491867,59.739661609473195,19081
2002-07-26,51.574623107910156,53.93424758266757,51.08771556310648,53.18516081068607,13971
2002-07-29,50.26371765136719,51.2749835779852,46.817919890445985,50.563353481681666,17575
2002-07-30,49.102630615234375,52.43606381455742,48.69063068494617,52.24879215807686,12482
2002-07-31,50.07645034790039,50.86299375682581,47.941554157346765,48.016461692701895,12562
2002-08-01,49.96406936645508,52.061513940746025,49.5146185905575,50.188797611942206,4560
2002-08-02,49.102630615234375,49.81426062382955,48.016451578600666,49.81426062382955,4274
2002-08-05,49.102630615234375,51.312433875674046,48.87790234142674,49.77680400650247,8841
2002-08-06,49.9266242980957,50.11389595284094,48.91535850548689,49.43971685274262,3635
2002-08-07,48.65317916870117,50.937895903337974,48.42845658640972,50.937895903337974,18531
2002-08-08,49.0277214050293,50.15135143614604,48.2411838122943,48.69063468172542,15509
2002-08-09,48.95281219482422,49.402263048789614,48.46590472174601,48.57826886400678,1591
2002-08-12,47.866641998291016,50.188809660460905,46.93028360910331,50.188809660460905,5700
2002-08-13,47.5670051574707,48.690635200560564,47.30482595709866,47.941548505167326,11691
2002-08-14,47.45463180541992,48.01644671799019,46.443366105808806,48.01644671799019,10403
2002-08-15,47.45463180541992,47.45463180541992,47.45463180541992,47.45463180541992,0
2002-08-16,47.1175537109375,47.56700457969861,46.81791789340414,47.34227914531806,5287
2002-08-19,46.4433708190918,47.52954699846539,46.106281265832585,47.52954699846539,8776
2002-08-20,46.55574035644531,47.34228083359561,45.84410740758017,46.51828373476369,4307
2002-08-21,45.8441047668457,46.630645198689315,45.13247185897239,46.48082729320984,27497
2002-08-22,46.89282989501953,47.52955535366973,45.39465637942735,45.731745991943434,7282
2002-08-23,47.26736831665039,48.5782700053099,46.81791745212555,48.5782700053099,3995
2002-08-26,48.166282653808594,48.31609772506416,46.29356283018152,46.29356283018152,3641
2002-08-27,48.203731536865234,49.25245413678586,46.96774010575078,47.00519387198955,10246
2002-08-28,47.1175537109375,48.2786346456472,47.080097090591636,48.2786346456472,1605
2002-08-29,46.256099700927734,47.042640095994464,45.88155638351132,46.405917599402045,1685
2002-08-30,47.716827392578125,47.94155285005491,46.443379323490696,46.443379323490696,4930
2002-09-02,48.42845153808594,50.18880396704904,48.16627236187056,50.18880396704904,10809
2002-09-03,47.34228515625,48.915369111722285,47.19246722846131,48.6906407912696,6395
2002-09-04,46.85538101196289,47.229924429896315,46.74301970110657,46.81792724167745,4045
2002-09-05,47.080101013183594,47.52955477693096,46.66810387290289,46.89282932600699,2928
2002-09-06,46.66809844970703,48.65317638857408,46.44337302271778,48.65317638857408,2966
2002-09-09,46.4808235168457,46.81791306240273,43.52193083979412,43.52193083979412,4285
2002-09-10,46.4808235168457,46.4808235168457,46.4808235168457,46.4808235168457,0
2002-09-11,46.4433708190918,47.19245744520618,45.99391998643865,45.99391998643865,8188
2002-09-12,47.080101013183594,47.41719062160932,46.293560498549674,46.4433784197988,12025
2002-09-13,47.229915618896484,47.49209767706208,46.21864972214925,46.44337515947764,5415
2002-09-16,46.89282989501953,50.001541082888984,46.44337898335756,47.19246574115365,16320
2002-09-17,46.630653381347656,48.31609868428793,46.44338168102096,47.716829814750376,9971
2002-09-18,46.59319305419922,47.19246183938199,46.06883179558718,47.15500807609662,7764
2002-09-19,45.76919174194336,46.25609919224564,45.3197409090018,45.43210504600654,4097
2002-09-20,45.76919174194336,46.03137377577486,44.945197595704265,46.03137377577486,3155
2002-09-23,45.31974411010742,46.44337412936628,44.98265453282198,46.06883078961333,2051
2002-09-24,45.09502410888672,45.6193854192013,44.94520618343409,44.94520618343409,5610
2002-09-25,44.72047805786133,45.28229310165974,44.68302429311592,45.24483933691433,701
2002-09-26,44.383392333984375,44.94520742681962,44.196120636372626,44.64557156762509,1746
2002-09-27,44.9452018737793,45.02010940055334,44.7204764359182,44.9452018737793,1446
2002-09-30,44.9452018737793,50.937895456949875,44.907748110392276,50.937895456949875,4371
2002-10-01,44.271018981933594,45.80664886959141,43.44702482651518,44.23356522169434,1115
2002-10-02,44.271018981933594,44.271018981933594,44.271018981933594,44.271018981933594,0
2002-10-03,44.3459358215332,45.13247633131805,42.32340104098706,42.32340104098706,5421
2002-10-04,44.64556121826172,44.79537911312944,44.27101790986174,44.570653699597194,3170
2002-10-07,44.9452018737793,45.31974522272746,44.19611517588298,45.31974522272746,8041
2002-10-08,45.69429016113281,46.25610520409756,44.90774967248998,44.90774967248998,5726
2002-10-09,46.81791687011719,47.19246020507813,46.068830200195315,46.14373772417195,5379
2002-10-10,46.293556213378906,46.59319202814131,44.94520076202591,46.443374120760105,5634
2002-10-11,46.630653381347656,46.81792508167435,45.73174864827163,46.44338168102096,1416
2002-10-14,47.52956008911133,47.754285567332055,47.1924704430105,47.1924704430105,3150
2002-10-15,47.52956008911133,47.52956008911133,47.52956008911133,47.52956008911133,0
2002-10-16,47.04264831542969,48.16628132154227,47.00519454865176,47.941553005796216,5406
2002-10-17,45.5819206237793,47.192458033000364,45.54446686351483,47.192458033000364,6837
2002-10-18,45.69429016113281,45.84410807743123,45.46956471545473,45.69429016113281,15591
2002-10-21,45.73174285888672,46.44337580154726,45.319745741832406,46.44337580154726,3601
2002-10-22,45.5819206237793,45.99392055930474,45.13246978552812,45.694284762111465,6420
2002-10-23,43.184837341308594,45.35718645029046,42.548112109551525,45.35718645029046,14652
2002-10-24,43.184837341308594,43.37210896402453,42.136115111084116,42.73538373226745,5190
2002-10-25,43.2597541809082,43.82156917027064,42.92266461578297,43.82156917027064,7302
2002-10-28,44.083744049072266,44.9451947582882,43.784111131873466,44.9451947582882,7700
2002-10-29,42.32339859008789,43.07248529079741,41.42449397772867,43.07248529079741,18919
2002-10-30,41.53685760498047,43.14739227678651,41.27467554849649,43.14739227678651,18889
2002-10-31,41.38703918457031,42.922666311313556,40.82522417301506,42.623033353007436,67285
2002-11-01,41.199764251708984,43.44702411998402,40.97503883638922,42.3233941858465,13321
2002-11-04,42.32339859008789,42.660488176914974,41.19976853902361,41.19976853902361,3110
2002-11-05,40.97503662109375,43.03502472230694,40.82521873313417,41.948848606523185,8256
2002-11-06,40.97503662109375,40.97503662109375,40.97503662109375,40.97503662109375,0
2002-11-07,41.199764251708984,42.02375839372769,40.97503883638922,41.199764251708984,8985
2002-11-08,42.43575668334961,42.997571628720316,41.12485514415129,41.27467017688595,84518
2002-11-11,42.58557891845703,44.72047778645799,41.94885634903199,44.72047778645799,8674
2002-11-12,42.62303924560547,43.035036406196454,42.32340338833603,42.32340338833603,2251
2002-11-13,42.77284622192383,42.99757450111565,41.948852056683066,42.1361237176504,3328
2002-11-14,43.03504180908203,43.44703902139769,42.62304459676636,42.62304459676636,4070
2002-11-15,43.82157516479492,44.15866477603195,43.44703178731804,43.70921100853618,5016
2002-11-18,44.683021545410156,44.945200740044854,43.55939152690903,44.87029321516034,6368
2002-11-19,44.683021545410156,44.683021545410156,44.683021545410156,44.683021545410156,0
2002-11-20,45.24483108520508,45.69428189525777,44.196108718364066,45.24483108520508,8175
2002-11-21,46.51829528808594,46.81793119072246,45.84411879346338,46.0688442916709,6040
2002-11-22,46.36846160888672,47.005184074853354,46.29355123448331,46.36846160888672,5675
2002-11-25,43.48448181152344,46.817918155718374,43.44702804850665,45.731741882997916,17467
2002-11-26,43.48448181152344,44.19611473899815,42.69794135801516,43.89647891978597,43519
2002-11-27,44.9452018737793,45.69428857167562,43.0724851290385,44.345933086970035,7640
2002-11-28,45.20738983154297,45.69429742250349,44.608120928657385,45.020118120795004,5820
2002-11-29,45.02011489868164,45.432114918871726,44.38339227072494,45.3197507574491,5363
2002-12-02,47.005191802978516,47.941550205428285,45.88156172003879,46.44337676150865,10623
2002-12-03,45.76919174194336,47.56700078878701,45.69428422229934,46.9677320590187,5915
2002-12-04,44.83283615112305,45.54446906063302,44.570656959085156,44.94520029487578,5824
2002-12-05,46.293556213378906,47.492096614889604,45.207379956788834,47.492096614889604,5645
2002-12-06,45.50702667236328,46.3684777030041,42.09868203631148,42.09868203631148,5315
2002-12-09,45.80664825439453,46.40591698279036,45.39464832467987,45.39464832467987,4922
2002-12-10,45.99393081665039,46.25611005451041,45.13247985075712,46.25611005451041,2798
2002-12-11,45.88156509399414,46.368472642088975,45.656839632388554,45.656839632388554,2993
2002-12-12,46.0313835144043,47.71682878082442,45.54447596108942,47.71682878082442,5826
2002-12-13,46.51829528808594,46.6681132394042,45.3946649395086,45.4695753439376,6802
2002-12-16,45.76919174194336,46.405917089072396,45.39464842864582,45.39464842864582,14660
2002-12-17,44.795387268066406,46.29356077440668,44.75793350191574,46.29356077440668,5741
2002-12-18,45.02011489868164,45.16993282806537,44.94520736275943,44.94520736275943,10220
2002-12-19,44.907745361328125,45.28228868734831,43.97138704627766,43.97138704627766,9571
2002-12-20,45.20738983154297,46.331020096030755,44.982664350153314,45.507025711755524,12547
2002-12-23,44.121219635009766,45.99393688848998,43.89649127856034,44.90776030996351,6677
2002-12-24,45.43210220336914,46.06882465312043,44.23356196128517,44.90774102605356,5768
2002-12-25,45.43210220336914,45.43210220336914,45.43210220336914,45.43210220336914,0
2002-12-26,47.1175537109375,47.56700457969861,45.35719828362215,45.35719828362215,13639
2002-12-27,49.701900482177734,50.563351314250916,44.945201168223036,44.945201168223036,55084
2002-12-30,50.00153732299805,51.499710725934314,49.439722296896946,50.188808998365076,22618
2002-12-31,52.735694885253906,53.11023816467321,48.01644727853987,48.01644727853987,66767
2003-01-01,51.274986267089844,54.308789921129105,50.93789951223144,53.52224653968829,11250
2003-01-02,51.53717041015625,52.7731589689774,49.88917613993084,52.7731589689774,52395
2003-01-03,52.024070739746094,52.810614086642246,51.01280480450688,51.01280480450688,22805
2003-01-06,51.6870002746582,54.90807649085005,51.31245679440706,54.90807649085005,50303
2003-01-07,50.376075744628906,51.724433961371126,50.07643995034425,51.724433961371126,22852
2003-01-08,50.26371765136719,51.53716850143419,50.188810122558095,51.3124401999288,21867
2003-01-09,51.76188659667969,52.36115820531212,50.638256616802074,50.93789242111829,31827
2003-01-10,51.05025863647461,52.32370371271611,50.67571529462972,52.2487961873627,20170
2003-01-13,50.788082122802734,51.16262548443084,50.56335381979461,51.16262548443084,7627
2003-01-14,50.301177978515625,50.75062889955502,50.00154212612985,50.600813830901394,8033
2003-01-15,49.9266242980957,50.937890090704514,49.739352643350465,50.563346781214044,26457
2003-01-16,50.113895416259766,50.41353120365934,49.47717293995896,49.814259628860185,16425
2003-01-17,51.49970626831055,52.36115704345051,49.81426133589311,49.81426133589311,13910
2003-01-20,50.90044403076172,52.81061759137477,50.63826480275642,51.68698742985616,16430
2003-01-21,51.312435150146484,51.911706751799656,50.937891827882645,51.05025596757731,9348
2003-01-22,56.33130645751953,57.67966453794376,51.12515720408651,52.43605867085796,217289
2003-01-23,55.0953369140625,57.94186335022961,54.30879348106386,56.55605390096995,57760
2003-01-24,52.62334442138672,56.18150649970112,51.94916520037463,56.06914234368604,21300
2003-01-27,50.26371765136719,51.68698355905237,49.102636667130994,50.33862518017628,47676
2003-01-28,50.22626495361328,51.49971004319569,49.66444993496024,51.49971004319569,12884
2003-01-29,50.82553482055664,52.286257411415974,50.563355601195745,50.900442352505706,9734
2003-01-30,50.675716400146484,51.61207477518585,50.0389938481353,51.61207477518585,7906
2003-01-31,50.41353225708008,59.926930129033124,50.18880398306524,59.926930129033124,9424
2003-02-03,51.61207580566406,53.18515676412249,51.12516829790648,51.87425501289412,29856
2003-02-04,51.911712646484375,52.43607107116475,51.27498435427196,52.17389185882456,13797
2003-02-05,50.45098876953125,51.49971130642311,50.18880956407779,51.31243962894521,8382
2003-02-06,50.563350677490234,50.78807896653242,49.92662814530777,50.18880733913845,4897
2003-02-07,50.338619232177734,50.93789082199691,49.814260877394034,50.60080412464702,10361
2003-02-10,50.675716400146484,51.274982331124896,50.0389938481353,50.0389938481353,7009
2003-02-11,49.81428146362305,50.3760966681,49.58955309580035,50.3760966681,9737
2003-02-12,50.48844528198242,50.97535278538866,49.664451045875424,49.81426610150287,8650
2003-02-13,50.48844528198242,50.48844528198242,50.48844528198242,50.48844528198242,0
2003-02-14,51.6870002746582,51.91172864884088,50.638277386939,50.90045668009881,21283
2003-02-17,53.222618103027344,53.859340724183994,52.06153130585807,52.06153130585807,16272
2003-02-18,54.60842514038086,55.43241942119375,53.07279501903267,53.37243086162236,47903
2003-02-19,56.218963623046875,56.4811428460266,54.908061793069834,56.031691933050155,29671
2003-02-20,55.13279724121094,56.93060702719081,54.683346223485906,56.93060702719081,23076
2003-02-21,54.121524810791016,55.282611712140664,53.74698138649488,55.05788337153134,15262
2003-02-24,55.84441375732422,57.60476629583165,54.084055503739016,54.4960554599138,56113
2003-02-25,53.784423828125,55.43241217430296,53.18515222129068,55.43241217430296,14779
2003-02-26,53.33497619628906,54.68333467990723,52.02407433752416,54.12151959757942,24034
2003-02-27,55.582237243652344,56.181508958575265,53.63461274277079,53.93424860023225,20557
2003-02-28,54.383705139160156,57.64223185189452,53.934254164141485,55.73206377929538,22622
2003-03-03,54.23387145996094,55.320044753482115,53.5596923710166,54.68332228089807,8208
2003-03-04,54.121524810791016,54.68333994723521,53.334981333737495,53.334981333737495,4235
2003-03-05,54.4586067199707,54.6833350404148,53.55970486835149,53.896791633939046,8078
2003-03-06,54.121524810791016,54.68333994723521,53.55970967434681,53.93425309864295,6433
2003-03-07,52.735694885253906,53.409873931224034,51.76188007273294,51.76188007273294,12687
2003-03-10,51.274986267089844,53.6720673202419,50.75062782284824,53.6720673202419,14821
2003-03-11,51.34989929199219,51.68698604538727,50.30117669298314,51.53717098056243,6190
2003-03-12,51.16264343261719,52.810632515874836,50.600828193086606,51.16264343261719,8948
2003-03-13,50.975345611572266,52.17388303315442,50.30116652597068,51.05025312884417,19330
2003-03-14,50.975345611572266,50.975345611572266,50.975345611572266,50.975345611572266,0
2003-03-17,51.01437759399414,51.677914611983574,50.5850329144756,51.521790356842025,9472
2003-03-18,51.01437759399414,51.01437759399414,51.01437759399414,51.01437759399414,0
2003-03-19,51.05341720581055,51.91211261429364,50.8582588877117,51.91211261429364,7905
2003-03-20,50.624061584472656,51.52179095129082,49.60923902494734,51.52179095129082,14419
2003-03-21,51.795013427734375,52.6146806985056,51.13147637584089,51.36566872627806,9058
2003-03-24,49.570213317871094,51.52179651936208,49.17989667757289,51.209542015971664,15708
2003-03-25,49.531185150146484,50.350849547199346,49.1798995577296,49.726343481724776,35162
2003-03-26,50.46793746948242,50.93631619738712,49.336018736186844,50.0385868280439,5675
2003-03-27,50.03859329223633,50.741164452733756,49.570214503824516,50.741164452733756,2753
2003-03-28,49.17988967895508,50.74115601796953,48.63344586472418,50.74115601796953,9602
2003-03-31,47.54056167602539,49.179890156765886,46.955086793206746,49.179890156765886,6628
2003-04-01,49.140869140625,49.570216880232145,47.345413061798865,48.86764568605329,5789
2003-04-02,49.60923767089844,50.35083978265289,49.414079377167226,49.68730277511847,3244
2003-04-03,50.78019714355469,51.52179637575042,49.9605298189095,50.15568813851461,8446
2003-04-04,50.54600143432617,51.44373083628065,49.96052651423745,51.44373083628065,6796
2003-04-07,51.48276138305664,52.0682363311085,50.42890766771512,50.74116216449461,10027
2003-04-08,51.677913665771484,52.26338854547022,51.13147282702272,52.26338854547022,13207
2003-04-09,50.624061584472656,51.52179095129082,49.96052455882746,51.52179095129082,10273
2003-04-10,50.31180953979492,50.936318509184275,49.57021034993412,50.74116020071997,5932
2003-04-11,49.531185150146484,49.88247074256337,49.1798995577296,49.2969957478285,4250
2003-04-15,49.64828872680664,49.882481155893814,48.59443470743611,49.179909824393164,9703
2003-04-16,48.86763381958008,49.64826696671637,48.477317246011935,49.21891933136723,5513
2003-04-17,48.516353607177734,49.84342763850656,48.399257438352585,48.477319565649836,3982
2003-04-18,48.516353607177734,48.516353607177734,48.516353607177734,48.516353607177734,0
2003-04-21,48.165077209472656,49.17989994611817,46.44768328244494,49.17989994611817,33177
2003-04-22,48.789573669433594,49.10182813206967,48.47731920679752,48.984731964111326,2705
2003-04-23,48.94569396972656,49.57019982868542,48.4773123420983,49.17988329460128,4203
2003-04-24,49.101829528808594,49.41408102244765,48.47732058577181,49.101829528808594,9391
2003-04-25,47.85281753540039,48.71151589544089,47.61862815643644,48.00894478066953,1732
2003-04-28,48.828617095947266,48.9066822203116,47.73573215576668,48.008952646341825,5798
2003-04-29,48.555389404296875,49.17989541719326,47.774756143706504,48.4773242915101,882
2003-04-30,49.37504577636719,49.765362343769304,48.0089377904598,48.0089377904598,4694
2003-05-01,49.37504577636719,49.37504577636719,49.37504577636719,49.37504577636719,0
2003-05-02,51.13148498535156,51.59986380933258,39.89036343100779,48.08701369583515,11631
2003-05-05,53.66853332519531,54.13691206124526,51.56082603509114,51.56082603509114,31795
2003-05-06,53.12208557128906,55.03463431041152,52.61467285812658,53.47336808883956,19221
2003-05-07,52.96596908569336,53.278223601985104,52.7317826652942,52.7317826652942,6055
2003-05-08,51.677913665771484,52.96595959226039,51.52178941348854,51.716947706721456,9348
2003-05-09,53.82465744018555,54.25400808793312,50.858254816027184,50.89728290306686,6041
2003-05-12,53.90272903442383,54.956582745232346,53.08306172837323,53.08306172837323,15901
2003-05-13,53.59046936035156,55.11270168933641,53.16111872614633,54.56626084194661,9784
2003-05-14,56.439781188964844,57.76685521013757,53.70756506416104,53.70756506416104,51959
2003-05-15,60.30390167236328,61.20163084957583,57.766844320451554,57.766844320451554,63950
2003-05-16,58.352333068847656,60.88939102836277,58.11814072105043,60.88939102836277,13080
2003-05-19,60.850372314453125,62.060356489957684,58.54750612260159,58.54750612260159,41258
2003-05-20,61.5139045715332,63.62161203581478,60.694237248890786,60.694237248890786,42313
2003-05-21,60.733253479003906,62.06032727747715,60.1868067722886,61.63097671904066,13313
2003-05-22,59.52328872680664,61.67003028744556,59.015875894049195,60.772300807299224,16031
2003-05-23,59.3671760559082,60.499092172311755,58.58654260852354,60.10877544861942,13959
2003-05-26,62.645809173583984,64.01191716179298,59.328118345076426,59.328118345076426,38084
2003-05-27,60.381980895996094,64.63643569601852,60.108760448744526,63.15323132496262,22350
2003-05-28,59.75748062133789,61.279713151720195,59.718446574606304,61.279713151720195,4864
2003-05-29,61.43581771850586,62.060326531312604,57.92296904692213,58.664574006599814,10088
2003-05-30,65.10480499267578,65.57318368498834,61.5138937439352,61.5138937439352,77176
2003-06-02,63.972900390625,66.35383448076824,62.76292227649039,65.26094660405069,34293
2003-06-03,61.9822883605957,64.67547100013792,61.82615811920675,64.01193385257416,17483
2003-06-04,62.21644973754883,62.645800283790514,61.78710514706448,62.37257991607187,10273
2003-06-05,62.52872848510742,63.699678479044856,61.904225395129906,62.450666343330184,19335
2003-06-06,61.43581771850586,63.23127608850718,61.2016313805214,63.23127608850718,13294
2003-06-09,62.68486404418945,63.0751807419596,61.24068749783179,62.5287337916253,16270
2003-06-10,61.39680862426758,64.7925621989651,60.889395801437075,63.11419945687619,29522
2003-06-11,61.59195327758789,63.114185452554054,61.35776096339712,62.84096505650345,5677
2003-06-12,62.450653076171875,63.660636861826056,61.670019912719724,62.372590950978335,16029
2003-06-13,62.06034851074219,63.03614015399285,61.3577773364498,63.03614015399285,10455
2003-06-16,61.709075927734375,62.450675314793344,59.13298318869494,60.889408431923506,7222
2003-06-17,61.74808120727539,63.5435398413661,61.12357825836954,61.162606342562114,16504
2003-06-18,65.6902847290039,67.9150881496511,62.0603391712329,63.894825993318875,93641
2003-06-19,67.680908203125,68.69573392754029,66.11964152295363,68.30541725749744,61912
2003-06-20,69.78860473632812,71.42793315865377,66.74413426300434,67.9150839869167,139486
2003-06-23,77.86817932128906,81.57618786039806,71.19376156858885,71.19376156858885,639548
2003-06-24,79.66361999511719,83.29355959013384,76.42399104215089,77.12656210935879,380281
2003-06-25,78.84394836425781,82.35679754880395,78.2194394602574,80.79553124456123,90440
2003-06-26,75.13594055175781,81.96648060191761,74.58949973004835,80.9516551264477,74255
2003-06-27,79.97587585449219,81.18585980113977,74.35531871210158,75.79948906548924,130028
2003-06-30,81.7713394165039,84.62065219591585,78.88299854495507,81.18586443261486,149121
2003-07-01,79.4684829711914,82.74714088823237,79.27332462003992,81.18587407902044,38842
2003-07-02,78.06330871582031,81.88841203404706,77.7900883264665,80.99068279266358,33581
2003-07-03,77.63396453857422,81.0687515965118,76.93139946679283,79.54651933330773,37457
2003-07-04,77.90718841552734,80.40521203829742,77.28267953195578,78.02427861990867,31409
2003-07-07,78.45364379882812,79.85878607006605,77.0875355734754,78.10236120889826,27644
2003-07-08,82.86420440673828,83.91805789614293,79.23425931589308,79.62457586424723,159528
2003-07-09,77.39979553222656,83.76195833588235,76.8923826787277,83.76195833588235,45331
2003-07-10,77.51689147949219,79.54653693136835,76.5020657756743,76.5020657756743,22947
2003-07-11,76.73623657226562,79.31232224425212,76.5020442585587,79.23426012493579,17846
2003-07-14,76.89237213134766,79.19523774688652,76.54108956482777,78.45363857056284,26760
2003-07-15,74.6285400390625,78.45364428490107,73.92596889909065,77.32172841632809,17483
2003-07-16,77.63396453857422,78.4536317299969,74.16014939651448,75.33109912382787,28347
2003-07-17,75.33111572265625,79.1562201992073,75.01886120208398,78.84396567863503,16545
2003-07-18,73.73080444335938,76.42399259647092,73.37952188049032,76.11173812072134,12376
2003-07-21,74.23821258544922,75.95560911693288,73.76983387895673,74.82368745750443,18779
2003-07-22,71.42793273925781,74.16014874567752,71.03761616691214,73.41854964052403,18983
2003-07-23,73.0672836303711,75.29208758602827,72.20858809819325,73.30147602812873,14354
2003-07-24,73.41857147216797,73.69179196290276,71.97439496044407,72.2085873557939,5693
2003-07-25,72.67697143554688,76.5020764491568,71.93537205635413,76.5020764491568,13309
2003-07-28,72.09149169921875,74.74564639147808,71.81827120643325,72.40374624344221,14698
2003-07-29,71.15472412109375,73.30146562473983,70.33505680103428,73.30146562473983,17575
2003-07-30,75.83851623535156,76.97043198803617,71.66212982499563,71.81825408200088,58592
2003-07-31,76.73623657226562,79.39038436356844,74.16014494452118,76.46301022102156,101470
2003-08-01,75.29207611083984,78.06332658698135,74.23822239306743,78.06332658698135,11984
2003-08-04,76.54110717773438,77.2827065247078,74.94080632698939,75.72143972622885,8450
2003-08-05,75.60432434082031,79.42942821763712,75.3311039115674,76.5020537133016,29076
2003-08-06,75.91658782958984,77.63397869381666,74.94079621224293,74.94079621224293,14466
2003-08-07,77.79010772705078,79.46847047417036,75.56530406494312,75.91658665946986,35916
2003-08-08,80.83456420898438,83.33258788023376,77.28268103178588,78.8439473152563,96707
2003-08-11,80.09295654296875,82.74711032959803,78.84394474801321,80.63940329784545,43870
2003-08-12,84.65967559814453,87.27480181258592,80.7955433008427,80.7955433008427,140515
2003-08-13,90.98281860351562,92.03667242650897,85.12806852493057,85.47935114734176,235175
2003-08-14,89.61671447753906,92.38795940528587,87.93835151805295,91.33410553260018,81377
2003-08-15,89.61671447753906,89.61671447753906,89.61671447753906,89.61671447753906,0
2003-08-18,94.26146697998047,97.4230340932897,88.99219242830455,89.81185974086891,186968
2003-08-19,92.66116333007812,98.7110709481991,90.70958022745846,93.67598892574395,104203
2003-08-20,89.96798706054688,93.67599520404012,89.3044499523368,93.67599520404012,29175
2003-08-21,89.4605712890625,91.17796805149246,88.79703420265604,89.7728257873006,23592
2003-08-22,87.62609100341797,92.89536596353442,79.62459939731521,92.89536596353442,24072
2003-08-25,82.55197143554688,88.21156285784205,75.76046411109644,86.0257872365829,43970
2003-08-26,86.65029907226562,87.27480811454977,82.16165745365727,84.26936504878691,21900
2003-08-27,88.40670776367188,90.47538688483445,87.82123287781975,87.82123287781975,32860
2003-08-28,86.61125946044922,89.77282660582772,85.94772236799277,89.77282660582772,17018
2003-08-29,86.18191528320312,88.05543634592131,85.86966078012355,86.2599774200332,16861
2003-09-01,84.62065124511719,87.31383375844237,84.23033459357676,85.12806408327164,24807
2003-09-02,88.32865142822266,90.94377156534473,84.69870570678029,85.24514658710112,37038
2003-09-03,84.42549133300781,91.25603260662075,84.308395148594,91.25603260662075,14788
2003-09-04,87.58705139160156,89.22638603967779,81.96649417344076,81.96649417344076,30329
2003-09-05,93.51986694335938,96.72046211865437,86.88448423243305,86.88448423243305,121052
2003-09-08,93.5979232788086,95.19821778942087,92.30987728828542,94.45661862057112,57528
2003-09-09,93.79308319091797,95.2372534662628,91.3731213841565,94.84693685369615,36372
2003-09-10,90.2412109375,93.59793660832636,88.32866167866892,92.11473210364123,25650
2003-09-11,90.31925964355469,94.45661802185687,89.8508809106311,90.55345198789584,14831
2003-09-12,88.75800323486328,91.99763259937701,87.8602797104669,91.02184098089452,9642
2003-09-15,84.30841827392578,87.43095228407117,83.60584693049087,86.68935283896603,12053
2003-09-16,85.5573959350586,87.39188272973347,83.76194318196005,83.76194318196005,17070
2003-09-17,85.596435546875,88.21155569718853,85.08902275215532,87.97736334400746,17072
2003-09-18,82.43485260009766,85.2061024346634,81.18584085501817,84.38643531295867,12207
2003-09-19,83.84001159667969,85.0890235959268,81.2639195091783,82.35680724192916,42050
2003-09-22,82.90323638916016,84.30837841165771,81.96647901133389,81.96647901133389,4542
2003-09-23,82.27875518798828,83.09841662114229,81.61521804045606,81.65424613398164,4374
2003-09-24,84.81581115722656,88.60188155682901,82.04456049715408,88.60188155682901,59193
2003-09-25,87.54801177978516,88.60186537503253,84.54257524676174,85.7525530947278,35614
2003-09-26,90.2412109375,91.25603663958972,88.13350334794087,88.13350334794087,18366
2003-09-29,96.21304321289062,99.92105096348884,91.49020990614096,91.49020990614096,90636
2003-09-30,97.73526763916016,99.88200879378495,96.01787709776362,98.1255842127283,47130
2003-10-01,101.24812316894531,104.60484829504499,96.7985163327282,99.88201507553988,79830
2003-10-02,101.24812316894531,101.24812316894531,101.24812316894531,101.24812316894531,0
2003-10-03,103.70712280273438,106.71255340100136,101.95069814646199,101.95069814646199,65537
2003-10-06,103.86326599121094,107.61030832332878,103.47294932977198,104.99518192708007,33780
2003-10-07,105.54161834716797,108.50802722926456,101.48232762449203,103.86326153952423,47165
2003-10-08,105.07323455810547,106.16611628466414,103.82421666073773,105.30741499128415,18303
2003-10-09,104.25357818603516,109.09350219821388,103.90229558809419,106.16612736284142,26400
2003-10-10,98.90620422363281,104.99514434489633,98.35976347551627,104.99514434489633,37260
2003-10-13,96.05692291259766,101.40425347907585,95.23725562532202,101.40425347907585,23323
2003-10-14,91.84149932861328,99.14041872892149,90.70957758856795,95.23725263723168,30511
2003-10-15,93.71502685546875,95.23725935631934,92.15376030864384,92.54407694535007,11199
2003-10-16,92.27084350585938,96.01788531509335,90.98280346745905,94.61274314769092,25123
2003-10-17,93.51986694335938,95.23725773329548,92.07569064755047,95.23725773329548,18823
2003-10-20,88.87508392333984,112.25505059893821,88.40670521928999,112.25505059893821,17698
2003-10-21,88.17251586914062,90.94376605837301,87.46995076720209,88.99218309574698,20427
2003-10-22,87.7041244506836,90.28021597066407,87.0405875306152,89.77280328269728,22991
2003-10-23,89.42154693603516,92.89536274023601,87.35286749898727,87.35286749898727,30713
2003-10-24,91.95861053466797,92.42698935108324,88.67994690824156,92.03667267811055,13254
2003-10-27,91.763427734375,96.01787595325241,90.59247802762802,93.75403866238996,29066
2003-10-28,90.59248352050781,92.11471584927288,89.85087842114751,92.11471584927288,6048
2003-10-29,91.52923583984375,92.0756766565843,89.77281127148854,89.77281127148854,5130
2003-10-30,93.87114715576172,94.37855995316087,91.45118530173379,92.11472236490548,8540
2003-10-31,96.64239501953125,97.18883589123466,93.67598640119003,94.45661962119995,19081
2003-11-03,97.03270721435547,100.31136420690818,94.4566153232365,97.57914806119473,22055
2003-11-04,94.96403503417969,99.92105492731254,93.6759889943555,99.06235955268275,21145
2003-11-05,93.71502685546875,95.15919722012994,92.30988458102264,95.15919722012994,12568
2003-11-06,95.35435485839844,97.46206229927581,93.6759921413802,95.62757531099228,13897
2003-11-07,101.17007446289062,103.04358950751083,93.67599046137347,93.67599046137347,44936
2003-11-10,100.74073028564453,102.96552805562214,99.9210629339606,102.2629628464753,32478
2003-11-11,98.75009155273438,103.78517288991836,86.61124392422542,102.26294065935339,38899
2003-11-12,102.96552276611328,107.68835639603529,98.04753677593314,98.04753677593314,74363
2003-11-13,101.67747497558594,106.79062485186323,101.32619241555534,106.08804782028461,64475
2003-11-14,96.52531433105469,100.11622652804307,96.0179014654916,99.1404348464832,16819
2003-11-17,99.60879516601562,100.4674904951843,97.61818407872806,98.94525813691978,7669
2003-11-18,99.14042663574219,105.34645883417981,98.82817213235177,99.92105991633858,24213
2003-11-19,98.20365905761719,99.88201567498103,97.5791501145804,98.75009991595537,14784
2003-11-20,96.95466613769531,99.72591709685929,96.79854183961292,99.64785494781809,9799
2003-11-21,96.2520751953125,97.57914924270992,91.37311773317701,95.23724966088487,14306
2003-11-24,98.04753875732422,99.14042654025846,96.79852670072479,96.95465097438999,6584
2003-11-25,98.47689819335938,102.61425137068984,97.8133610376871,99.92106869823661,18556
2003-11-26,98.47689819335938,98.47689819335938,98.47689819335938,98.47689819335938,0
2003-11-27,98.90620422363281,100.93585490122564,98.39879750999208,99.37458881431267,13204
2003-11-28,103.27779388427734,106.86870012292177,99.37462716084676,100.70170146450926,90730
2003-12-01,102.02875518798828,106.51739601453134,100.81877136548628,103.59002156243804,91535
2003-12-02,100.93587493896484,105.07323327293346,100.70168259713317,103.04358219241533,26555
2003-12-03,106.75155639648438,110.77181134260577,102.26291691363403,103.78514879073273,167470
2003-12-04,110.5766830444336,112.0208591641178,105.58063555363715,106.98577763277265,96727
2003-12-05,107.49320983886719,115.61180382020291,106.20516957685969,112.95764328511407,126789
2003-12-08,108.82025909423828,110.06927693039562,106.94674425151915,108.42994250937873,29523
2003-12-09,112.72344970703125,116.62661641311293,110.84993445271984,110.84993445271984,68940
2003-12-10,110.18636322021484,116.11917986356491,109.2886398715905,112.45020647875052,29660
2003-12-11,111.94280242919922,114.75308687231201,109.28865416410667,110.88895469667041,48317
2003-12-12,110.77185821533203,111.9428081411242,108.19577790780414,108.898343098672,54996
2003-12-15,113.34796905517578,114.75311157926684,111.70864603667003,114.75311157926684,26929
2003-12-16,110.26444244384766,113.6211676757692,109.3276849611415,110.1083181819829,38573
2003-12-17,108.89833068847656,111.78667112730116,108.50801409102682,110.45959707827551,19162
2003-12-18,112.72344970703125,113.19183447636885,108.66415871501019,110.45961778211166,35604
2003-12-19,120.13946533203125,122.55943343191893,111.63056675646119,111.66960080546313,141700
2003-12-22,122.01299285888672,124.82326572295203,119.9052852329579,120.9981671392856,87462
2003-12-23,118.50013732910156,122.55942810703066,117.87562830676197,122.55942810703066,35861
2003-12-24,118.42205047607422,120.21750916407484,117.17304454076024,120.21750916407484,23049
2003-12-25,118.42205047607422,118.42205047607422,118.42205047607422,118.42205047607422,0
2003-12-26,117.52434539794922,120.52977644838256,117.21208493183329,117.79755990534198,21824
2003-12-29,116.62657928466797,119.04654663664205,115.80692406654627,119.04654663664205,23150
2003-12-30,113.5430908203125,118.26592382396906,113.26987636102855,117.1730421637998,30178
2003-12-31,112.25506591796875,114.51889762243951,111.86474928536909,112.41119018870495,16324
2004-01-01,119.28075408935547,121.77877792081229,113.77728770486148,113.77728770486148,80984
2004-01-02,122.59844207763672,124.90130755334819,119.43687534788921,121.07620977413367,88908
2004-01-05,114.94822692871094,124.04259801279366,113.97243552863698,124.04259801279366,40959
2004-01-06,108.58609008789062,116.70467114184663,105.38548899096519,115.53372126416923,34053
2004-01-07,108.23479461669922,110.69379648449798,106.79063026086631,109.21058617260714,25425
2004-01-08,111.78668212890625,112.56731540063258,110.06929131341201,110.84992458513834,13539
2004-01-09,107.33706665039062,113.97244895241477,106.94675004438919,113.97244895241477,18568
2004-01-12,105.03421783447266,108.4689997513182,104.4487428319522,108.4689997513182,18461
2004-01-13,104.21453094482422,106.16611392131905,101.48231477773145,104.99516413542216,19111
2004-01-14,109.75704956054688,111.63056476400645,105.42453225208754,105.42453225208754,26129
2004-01-15,108.46900177001953,112.02088590038443,107.72740246866238,110.84993587355115,19417
2004-01-16,103.12165832519531,107.72738979077324,101.48232371594581,105.77580664238967,16985
2004-01-19,104.60486602783203,105.38549935639794,99.96010010516872,103.19972365410953,18596
2004-01-20,102.06779479980469,105.58064433402359,100.89684495506506,105.58064433402359,5996
2004-01-21,91.41215515136719,101.4042574804244,85.86966009971898,97.89141370483149,20862
2004-01-22,93.79308319091797,97.03271226637294,90.553454115463,90.553454115463,21607
2004-01-23,95.15921020507812,97.18885580175392,92.11473883218443,92.30989717716787,19653
2004-01-26,95.15921020507812,95.15921020507812,95.15921020507812,95.15921020507812,0
2004-01-27,98.94526672363281,100.70169157671505,97.3449661418542,97.3449661418542,15825
2004-01-28,96.720458984375,99.06235868881139,95.62757126448622,97.96947096892262,7887
2004-01-29,97.69625091552734,98.7501045955534,96.79852150077961,97.57915473868913,17169
2004-01-30,93.67598724365234,97.54011933514946,92.89535401662191,95.62757031122844,11078
2004-02-02,93.67598724365234,93.67598724365234,93.67598724365234,93.67598724365234,0
2004-02-03,90.59248352050781,92.50503244185454,88.99218310861956,91.72439925669121,14223
2004-02-04,90.4363784790039,92.11474148535521,88.99220787568215,90.55347468051869,14762
2004-02-05,90.55345153808594,100.54555891769544,90.3192591949081,95.23725075557314,28640
2004-02-06,89.18733978271484,92.1147141738324,87.4309151480443,92.07568013298078,3747
2004-02-09,93.94920349121094,94.45661625729856,90.59248433816707,92.46599923486197,8822
2004-02-10,91.763427734375,94.84692624650543,91.3340771262645,94.45660967758978,37188
2004-02-11,91.33409881591797,92.81730332117453,90.55346549270499,90.55346549270499,8307
2004-02-12,91.52923583984375,94.80789265180351,90.94376098372534,91.72439412521655,11961
2004-02-13,93.9101791381836,94.84693662376914,91.80246586197786,91.80246586197786,9893
2004-02-16,101.36522674560547,103.04358337691029,95.04209300105173,95.04209300105173,29504
2004-02-17,101.32621002197266,104.44874338529065,100.19429406007379,102.26296764866416,19360
2004-02-18,101.32621002197266,108.2738419907474,100.31138429659042,103.70714409380652,26986
2004-02-19,98.35977935791016,104.60484471396795,97.57914618840294,103.0435783749535,40777
2004-02-20,98.67205047607422,99.92106256700995,97.18884601244328,97.57916266309566,19439
2004-02-23,96.01788330078125,101.24812334217887,94.92499563303525,98.35978289348323,7557
2004-02-24,99.45268249511719,100.66266052308343,95.23726153126977,95.23726153126977,17276
2004-02-25,95.04210662841797,101.48233151288983,94.53469377970161,101.48233151288983,7852
2004-02-26,96.60336303710938,98.35978781960227,96.01788810961175,97.57915458293877,3912
2004-02-27,96.68142700195312,98.12559732599908,95.47144903564826,96.91561935969423,3668
2004-03-01,95.90078735351562,97.50108779456201,95.58853288260917,97.50108779456201,5915
2004-03-02,95.90078735351562,95.90078735351562,95.90078735351562,95.90078735351562,0
2004-03-03,97.6181869506836,97.81334525649802,96.05692050416812,97.22787033905472,7085
2004-03-04,95.53282928466797,97.14602417970455,95.21805764541679,96.0049837416599,2360
2004-03-05,94.27375793457031,96.00499311380293,93.84094613787704,96.00499311380293,1986
2004-03-08,96.51649475097656,97.02799795586955,94.03767614554906,96.47714604145781,10262
2004-03-09,93.84092712402344,96.00497366147472,93.1720412132014,96.00497366147472,4146
2004-03-10,93.4868392944336,94.43114837669222,92.26710122639302,94.43114837669222,1853
2004-03-11,92.97533416748047,95.92630749482049,92.85729403363274,93.64422025425675,7973
2004-03-12,91.59819030761719,94.50981419215246,90.4964926743066,94.4311227905808,10757
2004-03-15,89.31610870361328,99.54614758596547,88.13571960180342,99.54614758596547,9746
2004-03-16,86.7192611694336,88.1357306710115,85.77495217089512,87.34880450430603,12567
2004-03-17,86.60123443603516,88.0963894773221,86.56188572283469,86.56188572283469,7170
2004-03-18,84.94868469238281,92.07036952279073,84.39783872922483,92.07036952279073,8533
2004-03-19,84.35846710205078,86.561862363726,83.41415827777232,86.561862363726,5894
2004-03-22,82.8239517211914,85.73557517591603,82.54852885446365,83.02068319796383,3704
2004-03-23,78.18112182617188,81.05340384271145,77.23681272660008,81.05340384271145,18799
2004-03-24,76.84334564208984,80.03039319177233,75.97772801145153,79.87301035120919,90732
2004-03-25,79.00740051269531,81.05340766065669,78.45654850885536,78.45654850885536,21028
2004-03-26,82.66661071777344,83.80765145818387,81.01406067473592,81.44687254386884,30418
2004-03-29,85.57823944091797,87.9783671784707,84.20111834646642,84.98804468615302,20871
2004-03-30,85.69625091552734,85.77494232240868,83.49285550023289,83.49285550023289,19804
2004-03-31,89.23741149902344,90.49649192505298,85.38147281624563,85.77493582461543,12385
2004-04-01,91.04734802246094,93.64420657262136,89.31611299153381,93.64420657262136,10492
2004-04-02,93.05401611328125,94.43113685914376,91.28343229717231,92.62120433450218,9168
2004-04-05,96.52587890625,98.1810658978533,94.66883323171443,95.27439080036079,13803
2004-04-06,94.58810424804688,96.48551694764308,92.85217112116278,96.48551694764308,6171
2004-04-07,93.3769760131836,95.67809348524922,92.85215823463004,94.466978377841,2966
2004-04-08,94.26513671875,95.47625196567185,92.12549855051128,92.44846384836724,8000
2004-04-09,94.26513671875,94.26513671875,94.26513671875,94.26513671875,0
2004-04-12,94.8302993774414,95.67808231769385,94.46696735164709,95.2743773290116,3541
2004-04-13,95.5166244506836,96.08180909901044,93.05402099715087,95.43587850659347,4275
2004-04-14,95.5166244506836,95.5166244506836,95.5166244506836,95.5166244506836,0
2004-04-15,98.66552734375,100.07849524197911,96.88922730713958,96.92960028253802,9052
2004-04-16,98.86736297607422,113.03741250807022,97.73699377903361,113.03741250807022,7891
2004-04-19,99.39218139648438,103.34849209136705,98.94810954055937,103.34849209136705,9022
2004-04-20,98.90775299072266,100.19960812430553,97.73701062342437,100.1188683334662,9730
2004-04-21,99.71514892578125,111.422595560792,99.23070409013569,111.422595560792,9267
2004-04-22,100.60330200195312,101.73367742760327,99.27107404172442,99.67477911088157,12606
2004-04-23,102.70256805419922,106.37628668062429,101.93553087991512,103.26775885213799,26560
2004-04-27,98.10032653808594,100.1188517754951,96.4855063481586,98.50403158556777,14651
2004-04-28,94.30551147460938,97.69663176610682,90.42994014714019,97.69663176610682,6855
2004-04-29,93.98252868652344,99.95736413815021,92.85215341296437,92.85215341296437,6786
2004-04-30,90.83364868164062,94.87069973415798,90.42994357638888,94.62847420698652,8176
2004-05-03,88.81513214111328,90.42995272549716,86.75623343200317,87.60401670282538,5674
2004-05-04,90.34919738769531,92.40808958261219,89.78400658434609,92.04475747764174,3513
2004-05-05,92.40807342529297,92.77141162678525,91.03547886867642,91.23733137171118,4638
2004-05-06,93.45771026611328,94.38623302560511,92.44844773624165,92.8521527481903,4003
2004-05-07,91.92363739013672,93.53845756795221,90.83363500212128,92.08512310394833,3897
2004-05-10,87.40213775634766,91.56030073842867,87.20028524420829,91.51992777198086,6206
2004-05-11,83.48621368408203,88.33067475480188,81.6291678096191,85.98918400527712,14683
2004-05-12,83.3650894165039,87.1599142673272,82.79990483363233,83.97064696674485,6590
2004-05-13,84.0513916015625,87.76547689245767,75.97729046481201,87.76547689245767,28763
2004-05-14,77.5113754272461,87.7251151921173,72.66691446304321,81.75027877092361,43639
2004-05-17,74.28173065185547,76.70396099919859,62.170578915139906,75.89655088341755,22459
2004-05-18,78.31877899169922,80.74100926979301,75.89654871360543,77.10766385265232,29383
2004-05-19,81.87139892578125,83.9706643013036,75.08915173097341,75.08915173097341,17539
2004-05-20,80.82174682617188,83.16323726266467,80.74100705113074,82.96138474503684,5250
2004-05-21,80.3373031616211,81.54841828466061,77.79396017122811,77.79396017122811,17217
2004-05-24,80.90250396728516,85.46437307690896,80.3373192606279,85.46437307690896,15497
2004-05-25,82.3558349609375,83.08250532495589,80.74101466758579,83.08250532495589,6000
2004-05-26,82.3154525756836,82.59805102274159,81.99249348198849,82.59805102274159,1107
2004-05-27,80.74100494384766,81.83100727857965,79.93359489440918,80.8621176832734,9029
2004-05-28,79.57027435302734,80.66027684552414,77.75360147884909,79.73175392226734,9750
2004-05-31,73.716552734375,76.70396797024853,72.90914254521448,76.70396797024853,6960
2004-06-01,73.47432708740234,75.08914746294965,62.856881886168644,62.856881886168644,10462
2004-06-02,74.48358154296875,74.88728659198213,72.66690882240854,72.66690882240854,5828
2004-06-03,74.32210540771484,75.89655270730361,74.28173243693546,75.89655270730361,2986
2004-06-04,74.32210540771484,75.08914257211953,74.20099265542714,75.08914257211953,17135
2004-06-07,74.32210540771484,76.7039628424877,74.28173243693546,76.7039628424877,3310
2004-06-08,75.16989135742188,75.37174391539564,74.28174133434752,75.0891515662426,4703
2004-06-09,75.77543640136719,76.25988122774848,74.72580697088274,75.85617617908903,2570
2004-06-10,76.82508850097656,77.51138599916722,75.65433991224991,75.69471288981174,2602
2004-06-11,74.32210540771484,76.58285009019998,73.7972875878351,75.12951554289893,3320
2004-06-14,73.39358520507812,73.47432498954001,72.26320974245968,72.98988012271802,2043
2004-06-15,77.83434295654297,80.74101838644482,73.07062163973256,80.74101838644482,15340
2004-06-16,78.27840423583984,79.12618727783666,77.9150721664412,79.12618727783666,8429
2004-06-17,77.87471008300781,84.77806964684247,76.90582032249281,84.77806964684247,8137
2004-06-18,76.2598876953125,77.51137591631495,75.33137093268887,77.51137591631495,6370
2004-06-21,74.03950500488281,76.21951600915769,73.71654588725718,76.13877622975129,1987
2004-06-22,71.33467864990234,74.28172664556803,69.43726621216142,73.87802160945081,5543
2004-06-23,68.26654052734375,72.46507145101424,67.62060984983222,71.05210348400281,6877
2004-06-24,69.35652923583984,69.43726901431155,67.01503869985883,67.41874375226762,7391
2004-06-25,70.24466705322266,71.85948698548064,69.88133503248429,70.16392728861959,2501
2004-06-28,74.96803283691406,75.93692873415837,72.26321000720212,75.89655576175417,6220
2004-06-29,74.52397155761719,76.70397685689787,72.74766523963702,74.28174600878529,6021
2004-06-30,74.36247253417969,75.21025564374277,73.91840065397324,75.08914289094082,838
2004-07-01,74.8065414428711,75.49283874490574,73.71653912081021,75.49283874490574,2912
2004-07-02,75.12950897216797,77.51136619862663,74.68543097263503,75.81580629504167,14253
2004-07-05,76.82508850097656,78.39953606506404,75.41212052703341,77.51138599916722,9809
2004-07-06,77.18841552734375,77.51138084621319,75.21026295935145,76.70397062906514,4163
2004-07-07,77.47100067138672,79.52989899778616,76.74433647152858,78.80322863787751,7686
2004-07-08,72.62653350830078,79.1261870515557,71.536531143172,78.39951675478653,8748
2004-07-09,75.2506103515625,76.01765355590554,72.26319578320404,72.26319578320404,5284
2004-07-12,76.17915344238281,77.1076764324805,75.5332289588744,75.89656109584469,4002
2004-07-13,76.05802154541016,78.23803229903504,75.21024471904181,77.99580682861574,2193
2004-07-14,76.82508850097656,77.47101302160539,75.89656545751791,76.66360275078073,3350
2004-07-15,81.50804138183594,82.35582439105792,76.7039540897108,76.7039540897108,13566
2004-07-16,82.07323455810547,83.97064698390487,81.38693723303547,83.08249714204663,9935
2004-07-19,85.30287170410156,88.6132516262381,83.76879140065789,84.57620143825459,47302
2004-07-20,85.22213745117188,86.7965846624237,83.24397903492842,86.06991434951895,17206
2004-07-21,87.32140350341797,89.21881600546071,85.90843582912335,86.75621273767,32620
2004-07-22,87.92695617675781,90.4299261139739,85.78731830008685,89.62251605938485,22664
2004-07-23,91.2777099609375,92.8521571176074,90.22807441645763,90.22807441645763,63005
2004-07-26,92.77143859863281,94.46699888507257,90.02624252722727,90.02624252722727,22117
2004-07-27,89.90512084960938,92.73105643367465,88.89585814101463,91.80253350975734,12056
2004-07-28,86.7158432006836,92.04474845836862,85.58546786479889,90.30881556683674,12560
2004-07-29,90.51067352294922,91.23734386539162,88.08844315484149,89.21881855863516,12637
2004-07-30,89.98585510253906,91.80252786633233,87.44251816126878,90.14734082201755,12735
2004-08-02,89.78401947021484,92.77144116225897,88.81512961120411,92.77144116225897,7802
2004-08-03,89.66287994384766,91.7621446411269,88.8150970083843,91.7621446411269,5760
2004-08-04,88.4517822265625,90.26845501949468,87.2002940607446,90.26845501949468,17434
2004-08-05,89.70326232910156,90.38955969319362,88.57288693880567,89.54178277050941,9536
2004-08-06,89.299560546875,92.65031387094996,89.01696822895192,90.42993597861782,12930
2004-08-09,89.17843627929688,90.79325635613375,88.08843395944193,90.02621928365613,7358
2004-08-10,89.78401947021484,90.75291548927706,89.09772197341128,89.09772197341128,3826
2004-08-11,87.84623718261719,89.62253725886241,87.40215908353024,89.0573525509802,5407
2004-08-12,86.8369369506836,87.56360093048286,85.58544914538724,85.86804137753681,10584
2004-08-13,88.734375,89.62252491580418,85.06065642456622,85.66621402534868,7815
2004-08-16,91.15662384033203,92.00440095686733,88.7343929472854,91.23736363808992,9177
2004-08-17,94.1440200805664,94.83031746018317,89.94548986169295,89.94548986169295,33894
2004-08-18,95.59736633300781,98.42330195677042,94.46699085149262,94.46699085149262,30122
2004-08-19,96.20291900634766,97.09106892458323,90.42993529774071,90.42993529774071,13686
2004-08-20,92.44845581054688,96.00106145798404,91.76215846230394,92.932900635186,9324
2004-08-23,88.61327362060547,92.85217737011051,87.64438379902482,89.62253641810668,17466
2004-08-24,90.95476531982422,91.15661788104885,89.78401676869063,91.1162449047834,3038
2004-08-25,89.82437133789062,91.8025235685028,89.6225188180302,91.72178379256864,7439
2004-08-26,90.63180541992188,92.04477343315006,89.501429777329,89.62254255333032,6674
2004-08-27,92.44845581054688,92.85216085775451,90.55104332068106,90.83363562171637,5081
2004-08-30,94.02290344238281,94.42660849135835,90.83363601949614,91.23734106847168,8136
2004-08-31,99.1095962524414,100.03811916013632,93.49809815471446,93.6595777212481,44850
2004-09-01,99.71514892578125,101.32996915129998,97.69662364388284,99.31144386940157,35513
2004-09-02,94.5477294921875,100.1188608864262,93.86143208102456,99.31145071798728,18707
2004-09-03,97.17181396484375,98.42330220830009,95.27440127319286,96.08181145347417,16717
2004-09-06,104.43848419189453,107.99108311975749,95.27437613556175,98.50401600456384,110301
2004-09-07,105.68997955322266,109.72703014456197,104.15590525655401,104.15590525655401,104785
2004-09-08,109.96924591064453,111.2611069135703,104.96330608448149,104.96330608448149,187480
2004-09-09,104.76148986816406,112.95669975447215,103.71185397964531,108.19298375594593,136598
2004-09-10,104.4788589477539,105.73034703006975,103.34848976894608,103.75219480710602,48274
2004-09-13,109.64630126953125,111.82630621916992,104.88257397354921,104.88257397354921,122640
2004-09-14,116.22671508789062,120.22339377622802,108.23335771121583,108.27373069192711,510012
2004-09-15,115.2174301147461,119.90041161840794,114.24854036366817,116.99373004507255,195854
2004-09-16,116.95337677001953,119.45634109152478,113.8448424557748,113.8448424557748,139052
2004-09-17,115.2577896118164,118.44705698293944,114.57148611165694,118.28557742999021,51591
2004-09-20,111.78594207763672,116.95337485840591,110.93815888578139,116.67077635442007,45466
2004-09-21,113.52185821533203,115.86334243759904,111.82629217844925,112.22999720436424,39082
2004-09-22,112.51258087158203,115.41924928430795,111.90702341225187,113.56220394500919,30481
2004-09-23,110.73628997802734,114.45038135570591,110.29222428034652,112.23000358690034,25803
2004-09-24,111.38221740722656,113.2796360119424,109.40406518705264,110.61518029982443,58610
2004-09-27,111.7051773071289,113.88518182123377,110.77664842438695,112.75480044051731,25729
2004-09-28,110.09037017822266,114.16778125733445,109.52517326181886,114.16778125733445,41859
2004-09-29,109.80777740478516,111.30149106958176,108.2737030896704,111.01889259674971,18997
2004-09-30,108.51592254638672,113.03742445252848,108.0314838336511,113.03742445252848,23518
2004-10-01,108.55628967285156,110.00963037299199,107.86999845341086,109.80777784019752,22967
2004-10-04,107.6277847290039,110.85742560717296,107.26445259423033,110.37297454740671,30452
2004-10-05,117.96263885498047,119.33523377409345,106.57814974918561,108.59667531261717,233862
2004-10-06,118.00299072265625,122.80709106195081,117.27632650197545,118.68929429115587,222089
2004-10-07,116.18633270263672,119.81967891068433,115.74226691106884,119.05264161967266,51643
2004-10-08,123.73561096191406,124.9063532671908,114.73299231915317,116.34781269059741,299684
2004-10-11,125.95597839355469,130.96191866056043,122.92819045140192,124.98708871608594,337128
2004-10-12,122.08039855957031,127.49004349540522,121.7574394637383,125.59263724721748,55143
2004-10-14,120.58670043945312,121.91892214411367,117.35706011775476,121.51521710390138,34747
2004-10-15,120.99041748046875,125.91561206751913,120.34448688804045,123.53375455803481,34849
2004-10-18,124.54301452636719,125.55227720486286,121.67670605541923,123.0896738053132,95639
2004-10-19,127.16712188720703,128.78194248260013,125.43119467520081,127.08637592939601,78383
2004-10-20,128.01486206054688,131.89043264858645,127.57078408231642,128.7818991210726,78824
2004-10-21,125.79447174072266,129.8315214607709,125.18891428271542,125.95595126550498,36472
2004-10-22,125.79447174072266,125.79447174072266,125.79447174072266,125.79447174072266,0
2004-10-25,122.48411560058594,125.14857152283422,121.91893096740624,123.65485783790838,16911
2004-10-26,125.10820770263672,125.71376535107166,122.40339093168849,123.53376028072628,41735
2004-10-27,124.98710632324219,126.35970125302454,124.17969609159347,125.14858590555146,13583
2004-10-28,124.13929748535156,127.77264277760575,123.53373993664253,127.57079026136941,21835
2004-10-29,122.64557647705078,125.1485524541739,121.91891239084038,125.1485524541739,15232
2004-11-01,128.9837646484375,129.99302728261932,121.51522115549199,122.16115170538846,46135
2004-11-02,129.06451416015625,131.60785114066243,127.7726530246002,130.80044101096513,27723
2004-11-03,135.96786499023438,139.19750560587036,129.1452516537236,131.20415001021178,173990
2004-11-04,133.50526428222656,138.26897891989373,132.65748121752978,137.25971630004048,38830
2004-11-05,133.50526428222656,136.21008071137305,131.60784562886235,136.21008071137305,29313
2004-11-08,136.61378479003906,140.32787613278762,133.7878494745,135.6448951458743,141808
2004-11-09,135.88711547851562,139.27823526441176,133.42451233300895,137.7441610793944,93441
2004-11-10,136.4119415283203,140.08566015194484,135.68527732588956,140.08566015194484,50126
2004-11-11,136.77528381347656,138.02677209537978,134.83750424931168,138.02677209537978,32439
2004-11-12,136.2504425048828,140.24711968767284,135.64488498263887,140.24711968767284,11244
2004-11-15,136.2504425048828,136.2504425048828,136.2504425048828,136.2504425048828,0
2004-11-16,137.09823608398438,140.08565096032868,135.64489545438167,138.63231033072597,34315
2004-11-17,143.84010314941406,149.12864172293357,138.22860546671333,138.22860546671333,213341
2004-11-18,141.78126525878906,145.33386594267944,140.52977672692842,145.25311997800281,41724
2004-11-19,138.1478729248047,142.10417748352168,137.25971688749252,141.9830708966611,26866
2004-11-22,138.83416748046875,142.70973851519867,134.83748985594443,136.8560151531891,29815
2004-11-23,138.26898193359375,143.71900019958943,137.66342434848312,141.21602391975858,41250
2004-11-24,137.17898559570312,140.36826568467907,136.45232135675516,140.36826568467907,25938
2004-11-25,138.4304656982422,141.70047922121347,137.34046940398574,139.2378758362548,31907
2004-11-26,138.4304656982422,138.4304656982422,138.4304656982422,138.4304656982422,0
2004-11-29,137.5826873779297,140.0856638209263,137.30010121185035,139.5608521409922,12888
2004-11-30,133.54563903808594,138.8745511618729,131.8097120766032,138.8745511618729,21668
2004-12-01,133.06118774414062,136.81563980367665,130.80043698652625,136.81563980367665,20173
2004-12-02,132.09231567382812,137.25973610503567,131.20415951216646,135.40269015253537,15666
2004-12-03,130.96194458007812,134.59529082976027,129.5893495719966,134.59529082976027,19913
2004-12-06,135.24119567871094,136.45231086389342,130.43710790817389,133.0611908094026,32660
2004-12-07,135.3219451904297,138.71306533441683,132.41526374124007,134.83749417553105,42715
2004-12-08,132.81895446777344,137.25970978432514,132.33450350520062,137.25970978432514,28162
2004-12-09,131.72898864746094,134.83752330437576,130.55824614865926,130.63899210861956,10460
2004-12-10,131.0830841064453,133.02086414931904,130.07382110076006,132.45567933015627,6624
2004-12-13,133.1015625,135.16044843893616,130.80043874223523,130.80043874223523,13910
2004-12-14,137.09823608398438,138.87453582234315,133.62637022440575,133.62637022440575,27918
2004-12-15,134.63565063476562,139.6012184287867,134.0300929857337,138.0671439792799,30824
2004-12-16,134.47413635253906,137.25969835513828,133.70709932575068,135.64487837448962,19150
2004-12-17,129.42784118652344,135.56415053988448,128.0148735148804,132.81896113444668,20325
2004-12-20,134.83750915527344,137.2597398586616,129.99304774849716,131.36564268306327,43409
2004-12-21,133.54563903808594,138.75344456273749,132.41526971248345,138.75344456273749,6908
2004-12-22,132.1730499267578,136.45232653660065,131.32526673573483,136.45232653660065,25533
2004-12-23,134.83750915527344,138.79381437609976,133.22268868634802,133.22268868634802,47889
2004-12-24,140.206787109375,141.25642291430339,135.64492405577838,137.25974458025192,77891
2004-12-27,141.66014099121094,145.97979121697549,140.28754588399266,141.2968088040214,107235
2004-12-28,144.1227569580078,146.94869336894914,141.74089873280684,142.10423095019257,59462
2004-12-29,142.95193481445312,146.90823866086808,141.3371149065126,143.7189718067052,22174
2004-12-30,139.1167755126953,153.4079331355093,138.59195150727606,153.4079331355093,24995
2004-12-31,141.09490966796875,144.32454994649166,139.76268798111803,144.32454994649166,25490
2005-01-03,147.06976318359375,148.32125145915975,142.22530197761074,143.31531067699768,48126
2005-01-04,149.1690216064453,153.32717885038437,145.3338234866585,146.54493868238063,62341
2005-01-05,143.35568237304688,148.56347565903056,138.8745533334416,147.7560654652315,42712
2005-01-06,144.84934997558594,148.76529342805463,140.48934087642607,141.29675088146303,39103
2005-01-07,147.9175567626953,148.80571297430296,143.3153207573257,143.35569373423564,25649
2005-01-10,149.08828735351562,157.0412826902936,146.1816180479672,146.1816180479672,72564
2005-01-11,145.6567840576172,151.63162647458836,145.333824930257,151.51050756175255,26848
2005-01-12,141.49859619140625,147.31194546820328,141.29674370040567,146.9486134484219,40181
2005-01-13,145.25306701660156,149.12863782600388,142.91158273597307,142.99232867120853,16711
2005-01-14,144.2438507080078,149.37091123800244,142.9520015704442,149.37091123800244,15388
2005-01-17,143.7997589111328,145.33383333496116,141.29678240899003,144.72827569606548,12958
2005-01-18,142.26568603515625,145.73755263394676,142.10420644639683,145.33384750199676,10443
2005-01-19,141.6197509765625,145.21273639578868,140.57012752206307,145.21273639578868,8682
2005-01-20,140.28749084472656,144.44564751582556,140.085638339914,144.44564751582556,5713
2005-01-24,140.32789611816406,142.0638231311843,140.08567059260025,140.16641654115554,5631
2005-01-25,140.08563232421875,141.2967473010852,138.2689598589191,140.5297102797562,4958
2005-01-27,144.1630859375,145.89901284630062,140.48936726062993,141.29677741730023,40632
2005-01-28,150.09754943847656,150.8645989752906,143.75938683711558,147.87717141530322,44023
2005-01-31,152.398681640625,153.97312913262687,148.56348302980132,153.97312913262687,50072
2005-02-01,152.84275817871094,153.7712750101623,150.01682238895174,153.20609031623093,36689
2005-02-02,151.8738555908203,156.6375705931913,150.98569948931325,154.2153401201007,24346
2005-02-03,154.94200134277344,156.15311655593771,149.37087629025828,150.1782864323678,29756
2005-02-04,155.46681213378906,156.63755427647467,153.40791398211437,155.6282916844871,15846
2005-02-07,158.81759643554688,159.05982197872288,155.02277065946595,158.73686280122348,42066
2005-02-08,160.190185546875,161.4820468497137,157.44499567847086,158.25240591271944,37406
2005-02-09,158.97903442382812,164.7116507251451,157.76791934496677,161.48201051484813,47618
2005-02-10,158.93869018554688,162.69314238957358,158.25238664196735,162.28943732160937,31645
2005-02-11,158.4138641357422,162.6123943237035,157.4853474195943,161.4012791356319,18518
2005-02-14,155.46681213378906,161.0783096812201,154.41717657410197,159.86719457083498,13207
2005-02-15,152.88311767578125,158.0909107080532,151.7931090392145,157.44498012046185,33967
2005-02-16,150.01681518554688,158.17165068093158,148.96717947858798,158.17165068093158,33934
2005-02-17,150.13790893554688,154.2153324943119,148.80568716926456,153.40792237654063,18928
2005-02-18,151.42977905273438,153.32718555021486,149.53236023515248,151.79311116330712,12523
2005-02-21,149.1690216064453,152.2775555368392,148.28086553487537,150.1782842695471,15359
2005-02-22,150.01681518554688,150.9857049457775,148.64422033187833,150.54162687897548,12849
2005-02-23,147.75604248046875,151.34901481993558,145.93936982702036,151.06642868812577,12171
2005-02-24,147.2716064453125,149.6131032725855,146.14123716325048,147.99828297243909,18967
2005-02-25,145.858642578125,150.1782919244218,144.60716666816933,148.20013946793225,38465
2005-02-28,148.24049377441406,155.83014350408604,143.35566038707944,149.16901042683884,18183
2005-03-01,145.2127227783203,150.98570051711047,144.40531261512723,147.75605986433806,14821
2005-03-02,146.42384338378906,147.35236017741423,145.85864639278054,145.85864639278054,15381
2005-03-03,148.80569458007812,150.9049535987702,142.18493374864707,142.30604034430385,21427
2005-03-04,154.53829956054688,155.5879352316474,150.1782896284078,150.1782896284078,37046
2005-03-07,157.6872100830078,158.25239474306989,153.52904027805496,153.52904027805496,29344
2005-03-08,154.8209228515625,161.48205773305085,154.2961110919714,161.48205773305085,9840
2005-03-09,155.0631103515625,157.2027421634442,151.79309702086945,156.55681162699494,31443
2005-03-10,153.20603942871094,161.07828651398066,151.06640796947178,161.07828651398066,9094
2005-03-11,152.398681640625,155.83017513451986,150.98571373137418,155.74942918309313,13052
2005-03-14,149.6130828857422,152.60049756991643,146.98900025557168,146.98900025557168,10665
2005-03-15,150.86456298828125,152.1564115924563,149.85530049122318,151.75270659363306,108102
2005-03-16,152.80235290527344,154.74013210918946,150.98568028156475,150.98568028156475,21673
2005-03-17,150.4608917236328,154.2153441264186,150.2186662060108,154.2153441264186,5217
2005-03-18,150.4608917236328,151.67200699164133,147.15050506303555,149.3708830543845,8403
2005-03-21,149.1690216064453,151.75273155996572,148.64420994967273,149.77457920430638,6305
2005-03-22,145.17233276367188,151.55086737605043,144.36492269526445,148.68455916918413,12029
2005-03-23,143.84010314941406,149.08826875426084,141.78121726820825,145.33381674960287,26857
2005-03-24,142.14454650878906,149.85531520755796,125.95597200218103,143.7189936947963,22206
2005-03-28,140.81231689453125,145.33381839485583,139.68194767950033,145.33381839485583,25579
2005-03-29,139.2378692626953,141.29676748144502,135.80637633814592,141.29676748144502,13873
2005-03-30,144.75144958496094,145.6566655233418,139.8962324235486,140.71915143780478,9460
2005-03-31,143.4759063720703,147.30247399792162,141.70662331234988,144.05194705512656,17792
2005-04-01,148.12538146972656,162.1150008307563,144.95713912114863,162.1150008307563,35124
2005-04-04,146.97329711914062,152.15767531678912,144.9982845401253,152.15767531678912,16590
2005-04-05,147.50820922851562,150.18269558830738,144.9983041333619,150.18269558830738,8434
2005-04-06,147.87850952148438,148.45455018444252,146.56184694282928,146.56184694282928,9206
2005-04-07,177.17445373535156,177.46246783589896,139.89622251779087,147.30249312167393,523625
2005-04-08,186.2677001953125,207.1286870179062,170.87910654166348,200.79221392585745,4011471
2005-04-11,172.85409545898438,190.0942417086589,169.8504343221819,188.7364307191519,1653115
2005-04-12,170.5499725341797,178.57343324447282,169.60362065258798,174.04737848482029,809897
2005-04-13,170.6322479248047,174.99370827912367,167.2994236929175,172.60724836612852,665061
2005-04-15,161.62127685546875,170.34422275346566,160.5514922652163,170.261925835717,256073
2005-04-18,162.44419860839844,189.27136188020444,156.60148149310115,160.05773863347724,388120
2005-04-19,157.67127990722656,169.10984858439696,156.84836093601297,164.41921295982877,198682
2005-04-20,158.08273315429688,162.40305758267215,155.65511223962213,160.22231486096817,132854
2005-04-21,164.50148010253906,165.77700688574473,156.354588163057,159.23480426079752,233413
2005-04-22,164.7071990966797,170.42649502081488,162.11500980023678,167.87544162054976,170287
2005-04-25,162.5264892578125,166.5587870065736,161.70357032486157,165.365557065144,76529
2005-04-26,160.22230529785156,164.41919665761674,159.3582379524004,164.41919665761674,36687
2005-04-27,159.6462860107422,162.93796201096367,158.49420443336365,160.30462372213597,41112
2005-04-28,161.7447052001953,165.40669163295902,158.41188129027168,159.72855649512275,45581
2005-04-29,159.0701904296875,161.70352781145158,158.00039358676185,158.4118529450607,28464
2005-05-02,158.0415802001953,161.6212699478268,157.25980974198242,161.6212699478268,26871
2005-05-03,159.48170471191406,163.76088100057973,158.0827449232586,158.82336700056226,44124
2005-05-04,162.32077026367188,163.59629720548364,158.49420199498383,160.0165945876163,35229
2005-05-05,174.95254516601562,184.33381463830284,162.11500662386456,162.19730352809736,666870
2005-05-06,170.8790740966797,176.43377568134522,168.86292566248315,176.10461320272918,140973
2005-05-09,167.75201416015625,172.6483788519854,167.1348250168985,170.75566296797922,40674
2005-05-10,165.61241149902344,172.31919481777672,164.666059884584,167.75200544046643,59919
2005-05-11,166.106201171875,167.46401246647187,163.39056602593413,165.28328219169578,33511
2005-05-12,167.4639892578125,170.34420528927365,164.99523265941724,168.2457596692886,40349
2005-05-13,166.8057098388672,168.28696682594676,165.8182093663974,165.8593578354065,30766
2005-05-16,169.72703552246094,171.49630626399636,165.48900790059884,168.12234606159794,35230
2005-05-17,168.16346740722656,171.9077380266196,167.05252196750337,170.75565669092094,42224
2005-05-18,170.6322479248047,176.51611334700627,167.05254549856537,167.05254549856537,95780
2005-05-19,170.96141052246094,175.1583021572633,169.6035992883025,174.37651911549378,56675
2005-05-20,171.53744506835938,173.22443135297988,170.63224179723707,171.1671340685027,26565
2005-05-23,169.60354614257812,175.03480193406003,168.904060237048,171.16708662268445,36043
2005-05-24,167.54632568359375,171.99008358608512,165.4890280330425,171.57862405597487,14822
2005-05-25,169.97390747070312,171.16713740762816,166.22962382856198,167.8754616882507,23175
2005-05-26,167.05252075195312,171.0025336062054,165.40668310907674,170.3441960377059,16494
2005-05-27,167.2993927001953,172.56606793922225,166.43532545840728,169.52127092426153,43019
2005-05-30,168.41033935546875,170.09732552660398,164.74835294679414,169.93274426626658,26581
2005-05-31,167.2993927001953,168.78064903515423,167.01136610068454,167.05251455157813,6621
2005-06-01,167.6285858154297,169.80932854371406,166.68223405572382,167.58743735701933,33453
2005-06-02,162.32077026367188,168.5749595905731,162.11504051682311,167.8754734285884,18941
2005-06-03,162.44419860839844,164.542644479724,160.67492785699963,164.542644479724,18128
2005-06-06,167.9989013671875,171.57860388092718,165.85931959624565,167.05254958190991,74633
2005-06-07,165.40667724609375,172.77179792555356,164.58375845382463,167.8754336229011,46629
2005-06-08,165.4889678955078,167.7108460393385,164.66604913433022,167.7108460393385,22600
2005-06-09,163.80203247070312,166.76453339108141,162.93796499347908,166.02391130017375,20934
2005-06-10,163.10252380371094,166.02388841606145,162.93794253472203,162.93794253472203,11647
2005-06-13,162.03271484375,166.229605957453,161.7447007833163,166.229605957453,14644
2005-06-14,161.16864013671875,164.54259943426567,160.51030263383973,164.54259943426567,23302
2005-06-15,163.4728240966797,166.18845880583362,159.64625647701624,160.71605349053084,40343
2005-06-16,156.60147094726562,164.09002548766276,155.28479566971978,161.29210621881037,34917
2005-06-17,154.3384552001953,159.64628004071506,153.51553623091328,158.08273902177797,68266
2005-06-20,164.83065795898438,168.57494146028233,154.0504153608291,159.23480693518428,168243
2005-06-21,166.18846130371094,171.94889332503018,162.6087717959383,166.06502849738078,190752
2005-06-22,166.97024536132812,172.8129747690764,165.40670442183026,166.22962334930205,168584
2005-06-23,172.9364013671875,176.0223472342447,166.35305018413212,169.52129296367588,227335
2005-06-24,173.34786987304688,179.3140321944053,171.9900586432984,172.64839630734932,160504
2005-06-27,168.41033935546875,177.29786553788648,167.0525282617536,173.63587912921187,75473
2005-06-28,160.05772399902344,170.17962885067072,159.31710202121212,168.1223316270329,42600
2005-06-29,166.43533325195312,167.62856304327576,160.59260454031147,165.48898162080806,45875
2005-06-30,166.8057098388672,171.784373226975,166.31196588100718,168.24581835693763,28386
2005-07-01,165.77700805664062,168.286913185177,164.66607508799865,167.87545373973649,20219
2005-07-04,168.122314453125,170.26189581309995,167.05251749476528,168.20459879961763,16529
2005-07-05,166.3942108154297,170.26192740712614,165.0363995572719,170.26192740712614,19402
2005-07-06,165.94161987304688,168.3692410934637,164.5838084758206,167.0525656029579,45083
2005-07-07,168.0400390625,173.84161989459182,166.14732305644046,167.05253888095686,82707
2005-07-08,170.8379669189453,172.812967236088,168.04003515345642,168.04003515345642,27461
2005-07-11,175.4463348388672,180.959889833364,170.42653628550352,171.90778049540722,100405
2005-07-12,174.29420471191406,178.90254246740076,171.99002955579851,173.01867805792648,35661
2005-07-13,175.3228759765625,177.3390247911451,172.93640360773844,176.680687152961,29104
2005-07-14,174.62338256835938,177.29786890911834,173.84161214933278,175.28172017897222,18465
2005-07-15,176.18695068359375,176.9275727094463,174.2942346037248,174.4588158809424,22229
2005-07-18,176.5572509765625,183.92237255639796,175.3228726372578,175.44630544848997,68914
2005-07-19,178.90257263183594,180.38382923600108,176.72184246233346,179.39632901880648,19595
2005-07-20,181.41246032714844,184.16924353314874,179.31401472104696,179.9723523209458,56779
2005-07-21,181.9884796142578,187.79005941111657,181.0421280584679,182.72911403581602,54959
2005-07-22,181.7004852294922,185.97966075317188,181.04214763583104,181.49475551626966,26862
2005-07-25,183.4697723388672,184.82759610302423,181.0421640145666,183.5109207965834,29766
2005-07-26,182.7703094482422,184.9921881703415,181.86509355265682,184.33385047871099,28896
2005-07-27,176.39263916015625,184.49838131705465,175.52857196094035,183.4285844302513,16480
2005-07-28,176.39263916015625,176.39263916015625,176.39263916015625,176.39263916015625,0
2005-07-29,177.99734497070312,181.8650609501492,168.69835970488953,168.69835970488953,15059
2005-08-01,174.70570373535156,184.0869751796975,173.22444704499503,184.0869751796975,8605
2005-08-02,180.42494201660156,181.04213109989666,171.99002454490181,174.45878087808222,23554
2005-08-03,177.17445373535156,181.04217031714114,176.1046565812191,179.39633240516713,25294
2005-08-04,177.21559143066406,179.1905917823753,175.2817269788562,176.10464588486022,11194
2005-08-05,174.5822296142578,178.32651290617792,173.63587795615223,176.92755336764327,11058
2005-08-08,173.59474182128906,177.54475510673956,171.99005245565962,174.4999576463857,24150
2005-08-09,175.07598876953125,182.68798828125,172.81296188766893,172.81296188766893,21825
2005-08-10,178.57339477539062,179.39631364532332,176.92755703552527,177.42131338018305,12607
2005-08-11,179.2317657470703,181.0421850865866,177.83280591911443,180.95988816157544,16170
2005-08-12,175.19944763183594,178.5734205074404,174.45882556487265,178.5734205074404,14496
2005-08-16,177.17445373535156,178.44998062848077,174.70569686739054,176.1046565812191,8818
2005-08-17,189.47705078125,195.27863074322997,174.6233641587109,174.6233641587109,198741
2005-08-18,189.84738159179688,198.323448499602,187.62550314485168,191.32863807534218,86837
2005-08-19,200.46299743652344,207.33436094786146,190.6702575144461,192.48067611685133,229074
2005-08-22,220.66566467285156,234.4495541653015,199.22864061207838,200.2984249750524,360702
2005-08-23,212.72451782226562,231.65165093604557,209.88545036654762,223.83392204122342,256318
2005-08-24,209.4739990234375,217.57974228744206,204.57763430144567,213.053688542337,114215
2005-08-25,211.2432861328125,215.60474614298013,209.02139511571357,209.02139511571357,50905
2005-08-26,214.0823516845703,218.07351346310296,210.66724319454474,213.05370303615948,46307
2005-08-29,208.11614990234375,216.3453375229464,207.00521710760867,214.04117503457272,32238
2005-08-30,213.25941467285156,219.71933265950898,207.54013118426207,209.7620095649755,42019
2005-08-31,210.13233947753906,215.60474496639242,208.36305636456905,214.9464199126548,15386
2005-09-01,213.6297149658203,217.16825558589306,211.4078242700153,211.4078242700153,23657
2005-09-02,212.14846801757812,218.07349374200214,210.66722414321717,216.34535914625428,16029
2005-09-05,218.32034301757812,223.83390890738323,211.81928965656869,211.81928965656869,50937
2005-09-06,219.8839569091797,226.30271477372793,217.3740390045021,218.07352514559238,37084
2005-09-08,219.18441772460938,229.59433506226168,217.70314888192152,229.59433506226168,20149
2005-09-09,214.5349578857422,218.8141209103589,213.58858110136924,216.50995813660302,11168
2005-09-12,215.8516387939453,219.71936805224777,213.95893518196414,217.08601726614896,21627
2005-09-13,213.79432678222656,217.66205577716107,209.8443259855428,209.8443259855428,10869
2005-09-14,210.4203338623047,217.8266155913716,207.41668527622716,216.2219138919729,17305
2005-09-15,210.74951171875,213.13597123888138,207.66356618922953,213.13597123888138,22371
2005-09-16,211.65475463867188,220.54226886079974,210.66724189688333,213.053701723798,17638
2005-09-19,216.01622009277344,219.71935529436385,211.4901659574963,212.31308489118302,22280
2005-09-20,216.2630615234375,224.40997814593217,212.31306112922013,212.72452055001318,59595
2005-09-21,210.58493041992188,219.71933475255778,206.55263304453933,216.0161998971776,33976
2005-09-22,193.8796844482422,211.40784576007914,189.35363081139798,211.40784576007914,34714
2005-09-23,193.96202087402344,198.323494424586,182.7703291376394,194.20889910457385,34533
2005-09-26,205.72972106933594,208.60993716430664,198.32345111083984,200.70991085254587,17562
2005-09-27,205.0713653564453,209.80314852353928,202.06771671655304,205.56512166614422,12393
2005-09-28,202.15003967285156,208.11620219694169,200.0927422507515,205.72974221000442,7611
2005-09-29,202.7261199951172,205.72976960870483,201.61517421653073,204.82455359972707,9142
2005-09-30,197.2536163330078,201.61508809706856,192.76871178260535,201.61508809706856,21828
2005-10-03,198.32342529296875,203.13750516198945,196.0603986558083,201.2036410129911,4467
2005-10-04,205.6062774658203,208.11616988570958,201.57396761049534,202.93179123231963,22296
2005-10-05,205.11253356933594,206.96410107397386,201.82085800553517,205.60628992660435,6215
2005-10-06,209.51515197753906,212.3130711482676,197.50053130071404,201.61512570281226,33338
2005-10-07,206.22344970703125,213.75315146351022,204.90677464644483,210.2557466753681,17721
2005-10-10,206.22344970703125,209.84428728852785,205.72969342012533,209.84428728852785,6181
2005-10-11,205.8531494140625,207.16982462304418,201.20366284144706,204.45418985248537,7408
2005-10-13,205.77090454101562,208.19851315139178,204.08391802982277,205.93548583452883,11137
2005-10-14,196.75991821289062,208.19848614436896,195.69012110870472,204.08389155653558,8989
2005-10-17,194.37344360351562,196.59532214428384,189.35364579759425,192.1515650627474,7701
2005-10-18,189.7239532470703,200.7922098439209,188.0369670054751,195.64896676390242,15378
2005-10-19,188.8187255859375,191.4932118196101,185.23903616106887,188.859874039343,11897
2005-10-20,189.1067657470703,194.20886041614528,186.80259031552956,188.4484281156664,18361
2005-10-21,193.3036346435547,195.44322869619003,188.85987783484467,190.09425612134692,9346
2005-10-24,191.698974609375,196.14274465233902,190.13543356412205,193.38596103614614,6680
2005-10-25,189.47705078125,196.47186047350027,185.97964593512486,193.46821192246696,29519
2005-10-26,189.2713623046875,191.12292997940727,189.230213845011,191.12292997940727,5497
2005-10-27,181.823974609375,190.91723327453343,178.07969015233928,190.91723327453343,9839
2005-10-28,182.3176727294922,191.74009099899507,178.57338947116708,182.68798369861332,48648
2005-10-31,187.29635620117188,189.2713566390547,182.6880051037832,182.6880051037832,6333
2005-11-02,189.64166259765625,191.69895989760207,186.80259483508024,186.80259483508024,9092
2005-11-04,189.64166259765625,189.64166259765625,189.64166259765625,189.64166259765625,0
2005-11-07,193.71507263183594,227.00214678566724,190.09423508155157,227.00214678566724,21704
2005-11-08,199.26979064941406,202.4380331833143,191.74008834029362,191.74008834029362,7007
2005-11-09,195.11407470703125,199.9692911568659,193.30364309560537,199.9692911568659,16128
2005-11-10,195.19635009765625,198.89948494900753,193.50936393180274,198.3234442612575,4009
2005-11-11,198.85836791992188,199.92816511294072,196.26617813703726,197.50055661588655,12435
2005-11-14,199.51669311523438,202.23232810984916,198.03543652210388,200.79221997478413,6246
2005-11-16,205.44168090820312,211.1198158130967,185.9796555993737,185.9796555993737,19874
2005-11-17,209.18600463867188,211.449044416751,201.61515244592928,207.58131512034964,14243
2005-11-18,209.6797332763672,213.13599006334255,207.41670635484522,207.45785481022202,9622
2005-11-21,204.98910522460938,208.19848394654142,203.46670022048366,208.19848394654142,6570
2005-11-22,207.21099853515625,209.84433671989973,204.82452599527392,204.82452599527392,6073
2005-11-23,205.31826782226562,210.2557812769093,203.26097054949744,206.55264618592653,5955
2005-11-24,207.7870330810547,209.0214114953976,205.3182762523689,206.10004673677008,8713
2005-11-25,205.52395629882812,208.60990158860034,205.359375061389,205.77083443335863,9765
2005-11-28,205.5651397705078,210.66723434085117,203.34326129466828,209.30942320471192,8855
2005-11-29,205.81201171875,207.37555252860886,200.05157970406643,207.37555252860886,8572
2005-11-30,205.72972106933594,212.31307214355468,205.72972106933594,205.81201798046195,8471
2005-12-01,206.84066772460938,207.58128970183836,204.1661813359831,206.63493800240738,5464
2005-12-02,208.5687713623047,209.72086523852198,205.72970395901916,205.72970395901916,9663
2005-12-05,212.31307983398438,213.95891766215482,208.19848526355833,208.19848526355833,10288
2005-12-06,208.7744903564453,213.95888114161005,207.3755309526374,213.13596236798847,4852
2005-12-07,208.93910217285156,210.2557774260063,207.37556129688292,209.0213990849534,2235
2005-12-08,211.65475463867188,212.8891330091614,206.59379578561703,206.59379578561703,5869
2005-12-09,210.79063415527344,214.45263266189022,209.92657950757112,212.23074197710224,6932
2005-12-12,210.50265502929688,224.65685745660565,208.19847962095687,224.65685745660565,8798
2005-12-13,210.05003356933594,215.6047357303272,209.02138502100422,215.6047357303272,13965
2005-12-14,206.22344970703125,213.13596238324985,201.61509955172284,209.55626069504208,14828
2005-12-15,210.2557830810547,213.71205257435938,205.8120259564432,207.45786378878023,27341
2005-12-16,210.00888061523438,212.31305582546432,209.8442993623775,212.31305582546432,5045
2005-12-19,210.29690551757812,211.57243219116398,209.84429765833866,210.66721647268508,5658
2005-12-20,208.28074645996094,223.83390624628856,208.19844955996692,223.83390624628856,1944
2005-12-21,210.09120178222656,212.14848651563784,208.1984857639325,208.1984857639325,9959
2005-12-22,210.4203338623047,212.31304960658042,209.84429321580623,209.84429321580623,6071
2005-12-23,214.00006103515625,218.89643879033736,210.70838526387297,212.72454671918123,24282
2005-12-26,210.13233947753906,216.34536693021997,209.02139397505218,214.7818260924749,21884
2005-12-27,209.84429931640625,212.27191988330554,209.84429931640625,210.05002902161843,2164
2005-12-28,210.6260986328125,213.9589228266539,209.84432815691054,210.00890943235098,10982
2005-12-29,211.3255615234375,218.56726284467007,209.84431756251053,212.31307423971654,17384
2005-12-30,212.60110473632812,215.60475372545378,211.49015918870847,213.91778001078504,9192
2006-01-02,219.80165100097656,223.83394873115543,213.17713855315372,213.95892158125153,20869
2006-01-03,223.13446044921875,228.77146008184764,219.71935194911268,219.71935194911268,30579
2006-01-04,224.8626251220703,227.70170582317272,223.17565115465896,223.17565115465896,19910
2006-01-05,223.17559814453125,225.4386249412592,221.36516666175297,224.65684200244817,6173
2006-01-06,218.81411743164062,226.2203870897416,215.85160454570217,226.2203870897416,8940
2006-01-09,217.29173278808594,246.05275935319605,215.60475903189754,246.05275935319605,16075
2006-01-10,215.4401397705078,220.87140907427897,213.95889592106556,220.87140907427897,11958
2006-01-12,215.72821044921875,220.54229161348061,212.76569703171182,212.76569703171182,9787
2006-01-13,223.21673583984375,228.35997860113048,215.6458724498337,219.5958979585959,52099
2006-01-16,219.3079071044922,226.26158249710545,218.0735286404894,222.80531275250001,4788
2006-01-17,214.9464569091797,221.3652151851349,214.78186306066993,220.5422961695768,7501
2006-01-18,213.753173828125,215.60474126263236,212.3130658235082,215.56360536503954,8860
2006-01-19,216.71568298339844,218.0734940557646,213.95889982829735,218.0734940557646,2707
2006-01-20,217.5797576904297,220.3365410984874,214.7818383817188,220.3365410984874,15364
2006-01-23,215.3578338623047,221.28283343495363,212.31302462652994,217.95002274493146,4909
2006-01-24,212.35421752929688,218.89643299697178,212.3130816286418,216.4688121345031,4919
2006-01-25,211.49012756347656,218.8140997209927,209.8442899948892,218.8140997209927,4824
2006-01-27,220.0896453857422,223.01099711061477,212.7245120040366,216.75680914311744,17495
2006-01-30,216.1396484375,237.00064799747634,214.0412152454193,237.00064799747634,5755
2006-01-31,210.99639892578125,219.26674886003153,210.3380738574541,212.84796643312947,6089
2006-02-01,209.88548278808594,223.0110376592653,205.97661773686266,223.0110376592653,9986
2006-02-02,203.96044921875,209.84431418193745,201.82085511027512,209.84431418193745,8124
2006-02-03,198.65264892578125,211.4078938976182,191.164093282816,211.4078938976182,12058
2006-02-06,202.23231506347656,207.29326116037294,200.79220702131548,207.29326116037294,6770
2006-02-07,203.34327697753906,205.72973690291423,201.2036826910501,205.72973690291423,14584
2006-02-08,199.96926879882812,204.90678160867571,199.14634999718686,203.26094400539318,4809
2006-02-10,202.64378356933594,204.08389167592006,200.38075654470376,202.4380538398239,10194
2006-02-13,203.54896545410156,207.29323586135592,201.61510129651893,205.72969520052953,158201
2006-02-14,202.15003967285156,207.9516209145231,201.61514736580435,204.9068232411644,59531
2006-02-15,202.026611328125,205.52401702321475,201.61515183458505,204.9068277829048,8447
2006-02-16,202.7261199951172,205.44174290855318,200.91568797716167,202.7261199951172,3212
2006-02-17,204.90679931640625,215.39901494405356,202.8083536795277,202.8083536795277,175230
2006-02-20,202.5203399658203,209.76201601347339,200.8745022174,208.03389391167934,5665
2006-02-21,202.60260009765625,230.41725723201225,201.61510007801073,230.41725723201225,19874
2006-02-22,198.4468994140625,205.52400739407463,196.6776286974328,202.6026426154622,7819
2006-02-23,198.15887451171875,201.57398293919283,197.50053687744474,199.9692935884128,4054
2006-02-24,202.191162109375,209.84431004592852,199.14636482790078,209.84431004592852,34403
2006-02-27,200.29843139648438,204.82448480776415,199.96926889836178,201.61510650246353,4598
2006-02-28,196.4718780517578,204.90679637649296,194.20885118414594,200.7922020717441,20428
2006-03-01,196.0604248046875,204.70107311717112,194.70261366399552,196.67761396986492,13776
2006-03-02,195.2786407470703,200.62761313869353,193.38592492791622,199.96927556376016,20380
2006-03-03,201.5328369140625,205.4828502106157,195.85470143303024,205.4828502106157,13638
2006-03-06,214.0412139892578,230.41729531194397,202.02659285386514,202.02659285386514,30373
2006-03-07,211.65475463867188,221.36518777445943,207.82817415610657,221.36518777445943,9063
2006-03-08,208.65109252929688,215.60475482036003,207.3755657050791,208.1984846166072,10964
2006-03-09,209.5562744140625,220.54224578461336,206.6349226216398,213.95889516417714,6281
2006-03-10,208.52764892578125,212.14848714449283,205.72972962557196,212.14848714449283,7765
2006-03-13,204.1250457763672,209.84432990356606,204.08389731797797,208.19849202196946,6468
2006-03-14,202.3146209716797,208.98025667207065,201.2036754099081,208.98025667207065,9165
2006-03-16,202.84950256347656,206.92294848088693,201.7385570602076,202.43804312622814,5945
2006-03-17,204.2895965576172,204.6187590621018,200.79219158130348,201.24479944252832,5263
2006-03-20,204.5364990234375,211.0375659919873,201.65628281827836,206.92295885644236,10721
2006-03-21,202.35574340820312,208.77451305156129,199.96928372797484,208.77451305156129,9360
2006-03-22,207.99276733398438,209.43287551532748,200.21618566608092,201.6151453880363,13633
2006-03-23,209.96775817871094,219.7193524388647,208.40421724772463,219.7193524388647,15478
2006-03-24,212.60110473632812,215.60475372545378,208.28078047274556,208.28078047274556,18713
2006-03-27,216.18077087402344,219.26671626080437,212.35417850362475,212.35417850362475,14697
2006-03-28,213.9589080810547,217.16828667957228,209.84431369488055,217.16828667957228,20876
2006-03-29,231.77511596679688,239.71627876781076,213.9177899183579,213.9177899183579,71608
2006-03-30,234.8610382080078,248.52149634083108,230.4584172733115,236.7537666588304,115080
2006-03-31,240.3334503173828,250.08504412727143,233.7089633385699,236.1777199935548,75270
2006-04-03,239.09909057617188,246.87568468928157,235.39595530583264,240.33346899961828,31612
2006-04-04,251.85435485839844,262.3877333336794,219.14332396499566,219.14332396499566,207255
2006-04-05,254.1585235595703,261.44136131353434,253.0475779507464,255.92779428514513,73939
2006-04-07,250.03834533691406,257.0717245421443,239.7171934758618,257.0717245421443,30087
2006-04-10,250.08001708984375,257.1133719889981,244.79458001090114,257.1133719889981,12420
2006-04-12,249.8302001953125,253.034757300605,246.3759478979575,249.62211240147974,12270
2006-04-13,248.78985595703125,251.37015066331574,241.42354017023658,241.42354017023658,44694
2006-04-17,249.74697875976562,253.4093445274308,248.95626032460368,253.4093445274308,16946
2006-04-18,250.08001708984375,259.65205929216353,249.70544875616878,249.70544875616878,27262
2006-04-19,250.12159729003906,255.49027401470764,247.66615048389008,254.69953001914126,13345
2006-04-20,250.74586486816406,254.6995341067492,246.37601992025415,253.86718268809972,13300
2006-04-21,251.61978149414062,265.10388237517424,246.37597859670822,252.20243755000874,41676
2006-04-24,250.08001708984375,256.3642607229999,246.37604277275318,246.37604277275318,16946
2006-04-25,249.74697875976562,255.5318300234397,247.16671024347053,253.86712754771696,22410
2006-04-26,249.70542907714844,251.37013193766273,246.3760233561198,246.3760233561198,18921
2006-04-27,249.70542907714844,256.19776007261436,249.7054290771484,256.19776007261436,10090
2006-04-28,249.8302001953125,250.5377037746122,237.22008496931718,237.22008496931718,19907
2006-05-02,249.62217712402344,249.70541734340765,238.09410527639974,238.09410527639974,47873
2006-05-03,255.69833374023438,260.27626596578233,242.21423229717283,243.87893492464482,21774
2006-05-04,249.99673461914062,258.02892011669735,246.62569638971073,253.86716334062157,16134
2006-05-05,246.0430450439453,252.2024394756221,234.97275770734345,234.97275770734345,7177
2006-05-08,245.50204467773438,249.7054089003512,244.54482028920484,247.9990987667379,81562
2006-05-09,242.7552490234375,246.37598222080288,229.3127807494297,245.54363092951638,3310
2006-05-10,245.91819763183594,247.20833196471634,238.052467817875,238.052467817875,6334
2006-05-11,245.54367065429688,247.83263707565047,241.59000138104972,241.59000138104972,2808
2006-05-12,244.12863159179688,246.33438290722682,241.21540197661386,245.54363899399573,4382
2006-05-15,245.0443115234375,247.99917501134038,237.22021138606303,241.42357690095807,9316
2006-05-16,242.25584411621094,245.5020346200037,237.2201287368962,237.2201287368962,15451
2006-05-17,245.54367065429688,247.2083735061904,241.38191352456303,241.38191352456303,2729
2006-05-18,245.62689208984375,247.166747190336,241.38189506193334,241.38189506193334,12231
2006-05-19,244.66966247558594,247.20832365221736,237.26171595752467,247.20832365221736,20159
2006-05-22,245.7517852783203,262.1491203160261,237.22018223309496,237.26178964838437,41152
2006-05-23,246.41761779785156,257.9456895804476,237.22014513812337,237.22014513812337,18857
2006-05-24,245.6685028076172,249.08114851922795,242.29748990549018,242.29748990549018,3556
2006-05-25,245.54367065429688,247.9991175213797,237.22015639482916,237.22015639482916,4236
2006-05-26,245.54367065429688,253.36776897792654,245.54367065429688,253.36776897792654,4472
2006-05-29,245.7517852783203,246.7922246740795,237.22018223309496,242.7969475549052,3698
2006-05-30,245.54367065429688,245.54367065429688,243.87896780240334,245.54367065429688,3055
2006-05-31,249.8718719482422,253.03479674704184,232.226014119818,237.2201219503517,8744
2006-06-01,247.3748779296875,253.86720952082683,245.54369445457021,252.2025065075755,8788
2006-06-02,234.01564025878906,243.87901150398207,229.7290347273005,243.87901150398207,5287
2006-06-05,227.0238800048828,242.04781497390402,225.56726482611637,234.72313166407682,4173
2006-06-06,218.36740112304688,225.48399563628536,216.4113701967677,217.24372162060143,3832
2006-06-07,207.75489807128906,222.23780620433598,202.677549853018,216.41134686564553,7868
2006-06-08,178.62261962890625,195.6025834992057,167.3026352482568,193.14714935286128,7038
2006-06-09,194.31243896484375,195.60258622261728,179.16364546561007,183.11731476159915,2225
2006-06-12,195.6026153564453,195.68585559218687,184.7820451452377,184.7820451452377,1726
2006-06-13,195.6442108154297,198.72390863955155,187.27907620481298,187.27907620481298,9721
2006-06-14,188.0281982421875,219.74079538348332,187.23746685954123,219.74079538348332,1119
2006-06-15,193.9378662109375,194.770217568066,188.52758238960234,188.52758238960234,4377
2006-06-16,191.44082641601562,207.92138705631191,191.44082641601562,197.30890646151104,14850
2006-06-19,194.14598083496094,199.68111304323304,191.4408385510869,193.1055414950094,732
2006-06-20,193.64654541015625,198.9319818061973,192.35641091881445,195.60257625295552,1082
2006-06-21,197.14242553710938,200.5966786155727,195.81065827515965,198.93197588847252,2332
2006-06-22,201.13772583007812,205.13301539015805,198.0996480722652,205.13301539015805,1677
2006-06-23,197.6417999267578,199.6810579300805,194.02107964347192,194.02107964347192,897
2006-06-26,194.39566040039062,199.76432406962712,191.440810566726,199.76432406962712,2116
2006-06-27,195.1864013671875,198.93198263009728,188.1114145372468,191.5240603237232,1012
2006-06-28,196.85108947753906,199.47299108587117,188.11140051553414,195.60256248296693,234
2006-06-29,192.35641479492188,200.55506851458347,192.27317457414378,192.27317457414378,1952
2006-06-30,193.18878173828125,201.34581600362839,192.43965779304952,197.26729887095482,1601
2006-07-03,200.4302215576172,204.75844633845782,195.6025808517788,195.6025808517788,1695
2006-07-04,203.96774291992188,206.42317736864754,197.35055086295733,197.35055086295733,926
2006-07-05,203.010498046875,203.88446954266178,199.056828961783,203.84284943321015,180
2006-07-06,205.25784301757812,207.25548112891275,197.3505053841457,197.3505053841457,3352
2006-07-07,209.71092224121094,213.08194778338756,204.17579078726354,208.0878396322144,4943
2006-07-10,206.5063934326172,212.99872438109912,202.26139608875607,208.9202074826246,1835
2006-07-11,204.30064392089844,211.16754281396635,202.26138557763733,202.26138557763733,783
2006-07-12,212.3328399658203,213.0819511199568,204.009326250197,212.24959974839447,1621
2006-07-13,208.920166015625,212.24957105173058,204.3838541940656,211.41721979270417,2237
2006-07-14,206.6728515625,210.58490053426655,200.43021617116798,206.42314360671188,2471
2006-07-17,198.18287658691406,203.92609625841172,196.64302139203988,203.09374484511207,1893
2006-07-18,198.97360229492188,202.26138774487868,193.85463362665308,196.6846359727062,2831
2006-07-19,201.8035888671875,202.67756035340474,200.18050622174061,200.18050622174061,2822
2006-07-20,201.47067260742188,204.3422825925177,197.4337629626967,197.4337629626967,832
2006-07-21,194.14598083496094,199.76435327069936,193.93789296697065,199.76435327069936,265
2006-07-24,188.1114044189453,193.02227228589612,184.86523924596747,187.69522874545208,707
2006-07-25,197.30885314941406,200.9295732242248,192.27312588375295,200.9295732242248,1647
2006-07-26,203.59315490722656,204.75844177200077,192.31479104184533,192.31479104184533,697
2006-07-27,195.01992797851562,202.2197622283442,193.56331308514316,202.2197622283442,1400
2006-07-28,193.52166748046875,196.43489688340054,188.31947211809057,194.77019436743953,2256
2006-07-31,189.48475646972656,199.68105925464835,180.6202207614716,180.6202207614716,2428
2006-08-01,195.6026153564453,196.39334679328283,190.48365837526012,193.10556069232047,1822
2006-08-02,191.94020080566406,197.2672436553282,189.77608250386004,190.31710572897506,1190
2006-08-03,193.43844604492188,203.92607799342454,188.1114025571998,203.50990232405022,1899
2006-08-04,190.6084747314453,193.771412660137,189.48479523681974,192.2731775675278,1018
2006-08-07,193.0222930908203,193.0222930908203,188.1946649184913,188.31951255372653,184
2006-08-08,189.90098571777344,193.48009963389626,189.15187446353468,193.0223037782278,891
2006-08-09,193.06390380859375,194.77022671093985,188.94376693753566,188.94376693753566,573
2006-08-10,196.0603485107422,197.2672553387137,191.48241642482267,194.7702014736667,967
2006-08-11,195.68580627441406,198.68226349577478,194.97830255095013,195.60256605965117,458
2006-08-14,204.55035400390625,206.13181656395156,196.64301580233104,196.64301580233104,2418
2006-08-16,202.13653564453125,207.25549149887235,200.1805048412803,200.1805048412803,790
2006-08-17,202.01170349121094,208.50404763433127,196.97597445132448,208.50404763433127,1056
2006-08-18,203.9261016845703,204.75845312001755,196.76787425945417,201.42904737822863,2155
2006-08-21,198.26609802246094,205.96534835916964,194.43728925920496,194.43728925920496,3125
2006-08-22,199.68109130859375,203.09373705244968,198.09962876427468,198.26609650041235,350
2006-08-23,195.81068420410156,199.76435370450318,195.76906409027802,198.09965075696567,1085
2006-08-24,195.97711181640625,196.43490757334314,192.43961877747952,194.77020496678938,1342
2006-08-25,193.9378662109375,198.5157986751442,193.105514853809,198.5157986751442,2670
2006-08-28,190.27549743652344,197.9331262598079,189.77608161516216,197.9331262598079,2465
2006-08-29,191.39918518066406,194.68697038350464,190.19227829616224,191.44080528716552,2916
2006-08-30,193.60491943359375,194.7702061852018,191.44080095126674,194.7702061852018,1092
2006-08-31,191.19110107421875,193.52168737630467,189.77610633031168,192.27316036097366,1238
2006-09-01,191.9818572998047,192.68936111418734,190.73333012195897,192.27318538823877,625
2006-09-04,194.77023315429688,194.77023315429688,191.6489153152857,192.27317888308795,1012
2006-09-05,192.39801025390625,197.100803020917,191.02463560109595,197.100803020917,2201
2006-09-06,198.26609802246094,208.9201983258251,190.02582436398296,192.68934626465546,7032
2006-09-07,222.82049560546875,228.89665109210063,201.42905296104854,203.093755878082,93085
2006-09-08,231.01914978027344,242.21428766988635,220.65638879603284,224.56842562411668,129292
2006-09-11,214.66339111328125,232.9335119618707,210.00223154220024,232.9335119618707,9880
2006-09-12,212.2912139892578,220.5314999603631,204.7584317446943,204.7584317446943,3396
2006-09-13,214.28887939453125,219.57429049561495,213.91431110171237,214.8299027275537,1745
2006-09-14,219.78237915039062,221.40547455674096,210.7097538822827,216.41136610809266,4325
2006-09-15,214.9547119140625,219.7407316372217,212.37441793956867,219.7407316372217,1355
2006-09-18,223.40310668945312,228.77178328410093,210.58490043867312,221.40546844540336,8401
2006-09-19,219.11647033691406,224.7348413711939,216.41132872781634,220.57308504950512,1918
2006-09-20,222.69561767578125,226.39959174539112,213.2484491501327,213.2484491501327,3277
2006-09-21,218.65869140625,223.07014302950435,216.41133278981766,219.36616967314055,1580
2006-09-22,213.747802734375,216.70266507711756,211.5004694751191,211.5004694751191,2019
2006-09-25,211.16751098632812,221.36382656717052,208.96178523945818,221.36382656717052,3960
2006-09-26,210.66812133789062,221.82162379555947,208.17106741148658,213.08193505314532,2082
2006-09-27,214.3304901123047,223.07018000037925,210.62652884273183,210.62652884273183,1584
2006-09-28,212.8738555908203,218.49222714600324,210.91782485800573,213.91429476770602,1120
2006-09-29,220.69793701171875,222.23779196138315,212.45766441252078,216.41133299610345,4232
2006-10-03,222.48753356933594,223.90254120215744,215.2044583443587,217.6599052950341,2992
2006-10-04,222.2378387451172,224.56841266130476,219.1997610110814,220.57313583316875,2000
2006-10-05,225.4007568359375,226.39958871138055,217.24372299143502,217.24372299143502,3853
2006-10-06,223.11175537109375,225.60880926624353,222.36264428281797,222.52912470303292,1212
2006-10-09,223.02853393554688,224.73484388599513,220.57308751773596,220.65632772537015,989
2006-10-10,225.6088104248047,228.43882517491727,223.90250041489497,224.73485171755257,2520
2006-10-11,219.78237915039062,227.2319344134973,216.4946063291733,225.60883900714697,1784
2006-10-12,220.57310485839844,222.1545673223968,215.57899682386866,218.15929105531177,2937
2006-10-13,219.3246307373047,221.40550958680473,218.07610342760464,221.40550958680473,2105
2006-10-16,224.77645874023438,228.06425654068406,217.24368962452021,223.90250003446718,8042
2006-10-17,218.61708068847656,223.0285581587707,216.91077055270526,221.40546283832654,1125
2006-10-18,219.24136352539062,223.48636093629418,218.07607659332987,218.07607659332987,1565
2006-10-19,216.41136169433594,224.73487560565653,216.41136169433594,224.73487560565653,1129
2006-10-20,211.4589080810547,217.16050842347232,210.66817667014146,216.41139712906534,3527
2006-10-23,209.1282958984375,215.20445115106617,209.0450556755214,209.75255946828358,1999
2006-10-26,205.71563720703125,209.96063429889395,204.0925545662628,209.75254645518842,3492
2006-10-27,206.8393096923828,209.6692991914055,202.67755295812964,202.67755295812964,1825
2006-10-30,205.96531677246094,224.69323282546057,204.38385445853334,224.69323282546057,1844
2006-10-31,202.96888732910156,210.58489730963495,200.59668083645067,210.58489730963495,2738
2006-11-01,203.9261016845703,214.70506293415187,203.0937502491231,214.70506293415187,1527
2006-11-02,204.1758270263672,209.75257957819184,203.59318351211854,205.59082204687851,4418
2006-11-03,202.88565063476562,208.046226695392,195.64419610609036,195.64419610609036,1073
2006-11-06,200.18051147460938,203.92609277039207,197.2672815778895,197.2672815778895,2105
2006-11-07,194.89508056640625,201.429044315591,193.60494602161896,201.429044315591,3417
2006-11-08,197.7250518798828,200.38857347313993,195.2696181095469,199.76431000437626,14731
2006-11-09,199.7643280029297,202.67755778630573,198.3493332197104,202.2613821029663,2823
2006-11-10,199.9307861328125,201.34578084806506,198.09961575421076,200.59666973430586,4098
2006-11-13,199.9307861328125,201.6787289991484,199.76431840760748,199.76431840760748,1569
2006-11-14,199.7643280029297,202.2613821029663,197.26727390289307,202.17814188602884,1382
2006-11-15,199.9307861328125,208.08783167459114,198.93196708090912,199.76431840760748,16815
2006-11-16,199.8475799560547,200.59669114978817,199.76433973422888,199.76433973422888,12185
2006-11-17,199.8059539794922,202.05330019539258,198.26609882564276,198.93198247867696,5969
2006-11-20,199.59786987304688,201.3874203172381,198.9319862075311,199.76433761425716,2575
2006-11-21,200.3053436279297,201.429023010115,199.7643203406099,199.7643203406099,6890
2006-11-22,199.7227020263672,202.26137616028325,197.2672681069429,199.76432213361306,15634
2006-11-23,199.7643280029297,202.21976199449756,199.38977242805896,199.7643280029297,3538
2006-11-24,199.7643280029297,202.46946994463602,198.9319766362508,202.46946994463602,18295
2006-11-27,199.7643280029297,205.5907875696818,197.26727390289307,197.26727390289307,875
2006-11-28,197.26727294921875,198.93197567452862,195.60257022390888,195.60257022390888,2862
2006-11-29,199.38978576660156,201.4290442112499,196.0187599659064,196.43493567708668,3128
2006-11-30,200.0556640625,211.41725559178894,195.60257899240315,197.30890190247177,11315
2006-12-01,199.8059539794922,215.57901030116037,199.76433386980113,208.920199172167,7432
2006-12-04,199.88917541503906,203.88446451098264,199.7643277904396,203.88446451098264,116
2006-12-05,200.18051147460938,201.38741846311558,197.47536942765518,199.847575995254,1712
2006-12-06,199.7227020263672,202.17813594579147,195.60256542249613,195.60256542249613,6730
2006-12-07,197.6417999267578,206.38148797014534,197.3920920139552,206.38148797014534,2934
2006-12-08,197.35052490234375,200.59669032948042,196.43493326870282,197.35052490234375,6402
2006-12-11,195.6442108154297,199.76434795180052,195.6025907028047,199.76434795180052,7564
2006-12-12,195.81068420410156,199.3481779676188,195.60259633565937,199.3481779676188,4348
2006-12-13,196.0603485107422,198.93195791541172,195.6025527620157,195.6025527620157,2393
2006-12-14,197.93313598632812,197.93313598632812,194.7701985971796,194.7701985971796,761
2006-12-15,196.51820373535156,201.38745262545905,196.06040784807394,199.72274954494162,1185
2006-12-18,200.7631378173828,201.42902142006315,195.64418222933236,195.64418222933236,1643
2006-12-19,199.8059539794922,208.0046075616607,199.76433386980113,199.76433386980113,1334
2006-12-20,200.0556640625,203.0105013718457,196.5181706126374,196.64301824236276,876
2006-12-21,200.18051147460938,200.59668717414078,197.2672815778895,199.76433577507797,1451
2006-12-22,198.18287658691406,201.34580179691298,196.43493353871497,199.76433919191354,966
2006-12-26,200.84640502929688,207.4635964377273,196.85111557682046,207.4635964377273,1609
2006-12-27,203.88449096679688,205.42434627359424,199.8475939392797,199.97244158007925,1959
2006-12-28,203.3434295654297,208.0878295387792,200.26373222839038,208.0878295387792,231
2006-12-29,204.80007934570312,213.08197383550262,197.30891620304874,201.0128776612261,1995
2007-01-02,217.0355987548828,218.8251489471851,200.59666078591277,201.42901207548087,12877
2007-01-03,217.20211791992188,226.23311070169407,217.1604851072093,223.23666584579087,4402
2007-01-04,216.49461364746094,217.24372485981098,210.0854974278384,210.0854974278384,551
2007-01-05,211.6669921875,215.57904175645882,209.75258116844643,209.75258116844643,408
2007-01-08,216.869140625,218.90841165456467,211.41724927855296,211.41724927855296,6352
2007-01-09,216.41136169433594,220.57311864999622,212.29122484836708,219.699159849847,6704
2007-01-10,220.11532592773438,222.11296409889718,210.58489275515385,210.58489275515385,5594
2007-01-11,222.19619750976562,226.3163213488552,217.74311281788974,217.74311281788974,4685
2007-01-12,218.9916534423828,225.35913642737412,216.4945992991432,225.35913642737412,825
2007-01-15,220.9060516357422,222.2378189268092,211.41725096408067,211.41725096408067,1450
2007-01-16,221.82167053222656,222.2378462743133,218.49226459553273,218.53387200920082,1112
2007-01-17,219.6575164794922,224.73486480157504,216.49459150578676,218.9500127507733,892
2007-01-18,220.4898681640625,222.23781108432104,216.7026796712919,219.44942897359283,2677
2007-01-19,222.61236572265625,225.56720268212356,218.90839227084317,220.57309487366328,3372
2007-01-22,223.7776641845703,226.39956584106318,222.23780911604362,223.07016046104755,2548
2007-01-23,220.4898681640625,229.5208854176087,218.2841421605363,223.07016243669676,2854
2007-01-24,219.19972229003906,223.90250210528987,218.2008905587707,223.90250210528987,82
2007-01-25,220.57310485839844,223.81927000057337,213.08194280660376,213.08194280660376,4609
2007-01-29,220.57310485839844,223.9025102147516,217.86796300636146,223.9025102147516,812
2007-01-31,221.28060913085938,221.40545675176577,218.07605138707757,220.40662498182047,5563
2007-02-01,218.49224853515625,222.07134949347804,218.07607282366072,218.49224853515625,912
2007-02-02,220.36502075195312,227.23191941561174,217.24370317756285,227.23191941561174,3735
2007-02-05,222.9036865234375,223.56958285964276,218.4922344269749,220.57311285008896,4362
2007-02-06,221.65518188476562,223.070189516117,219.32460797573444,220.57313515586196,3765
2007-02-07,222.77883911132812,224.73486991119515,220.57311306098785,223.07016717111222,4334
2007-02-08,219.15809631347656,224.65162020395672,218.95000847975646,220.78119157703213,515
2007-02-09,220.5315399169922,221.40549883078344,218.07609283332806,218.70035645785094,10393
2007-02-12,213.95591735839844,218.0760669518061,212.2496071477502,217.2853229607161,11821
2007-02-13,210.16873168945312,226.39958423576732,200.80477829734878,200.80477829734878,68714
2007-02-14,221.07252502441406,223.9025145518633,202.17813910057657,202.17813910057657,5713
2007-02-15,217.70150756835938,220.53152276719982,216.57785345268147,216.82754872253213,409
2007-02-19,224.44349670410156,226.39952711050873,219.74071748961143,219.74071748961143,6396
2007-02-20,217.951171875,224.73482923268077,216.41131703887777,220.57307313577925,1338
2007-02-21,216.66107177734375,220.48989351882884,215.1628493313215,219.7407822958177,1154
2007-02-22,212.4993133544922,219.74076793964096,212.2496053962441,219.74076793964096,226
2007-02-23,200.63829040527344,216.0784100991037,199.76431896964658,209.7525349181289,4092
2007-02-26,197.51698303222656,209.12828212658263,195.9355078056908,200.5966805671897,17072
2007-02-27,190.85816955566406,204.00932359534252,183.94965072146522,204.00932359534252,2924
2007-02-28,186.77964782714844,193.85463467970217,173.9614414333797,189.7761179273233,4036
2007-03-01,176.95790100097656,195.60256604593684,174.79378242402868,178.12318780353397,2294
2007-03-02,169.67481994628906,182.70111289228038,166.47026231642857,178.1231806785786,6846
2007-03-05,167.17776489257812,170.63201773225455,166.47026120219957,169.79966642624356,7395
2007-03-06,166.96969604492188,168.96733432614346,164.8055773230365,168.2598305553455,14788
2007-03-07,169.34188842773438,178.91392945074,166.47027866096755,170.71527584709196,2615
2007-03-08,173.75332641601562,174.75214539300316,170.00774572680808,173.9614142320827,556
2007-03-09,172.2135009765625,182.95084174405827,170.21586268062933,182.95084174405827,585
2007-03-12,167.7187957763672,174.75216209137045,166.92806453988877,174.75216209137045,3016
2007-03-13,172.29673767089844,173.96144045032742,168.96733211204048,168.96733211204048,1751
2007-03-14,173.5452423095703,173.96141795060046,172.2134751780048,172.46318310275743,382
2007-03-15,175.16836547851562,177.70704001892105,171.88057969043183,173.1291069036795,1008
2007-03-16,170.50717163085938,174.62730809206926,169.00893672659947,169.00893672659947,575
2007-03-19,169.5499725341797,173.50364156512222,169.38350479932745,173.46202145624065,312
2007-03-20,169.21702575683594,170.9649559069931,167.30261518227724,169.38349348056425,3113
2007-03-21,172.29673767089844,172.6296731465145,172.29673767089844,172.6296731465145,245
2007-03-22,172.17190551757812,174.79380755056644,167.30264436982787,167.30264436982787,496
2007-03-23,176.0423126220703,177.29083966194315,170.63202878262135,171.46438014253656,2630
2007-03-26,177.2908477783203,181.45260476842174,172.46320712966778,172.46320712966778,1718
2007-03-28,179.37171936035156,182.95083277403396,175.79260594666917,182.95083277403396,845
2007-03-29,177.70703125,182.28496413934425,177.33247564464318,181.45261270491804,480
2007-03-30,183.11734008789062,185.8641027293443,181.5358772310386,183.11734008789062,912
2007-04-02,182.28494262695312,182.28494262695312,178.3312737800215,179.12200500927312,2532
2007-04-03,184.19937133789062,186.4467176262868,181.57745675086613,183.0340717323215,1439
2007-04-04,183.4086456298828,192.27318342164986,183.15893765673266,192.27318342164986,788
2007-04-05,191.27444458007812,194.53072492035943,186.07286731512642,186.53805206454754,1826
2007-04-09,189.11769104003906,191.14757159381324,185.22707158869514,191.14757159381324,11443
2007-04-10,189.28684997558594,190.3017902759243,187.7644330722453,187.7644330722453,1780
2007-04-11,192.58538818359375,192.83912645743385,189.4559838880052,189.4559838880052,1274
2007-04-12,188.6525421142578,198.7596807455018,187.76446436383574,194.53075136793794,961
2007-04-13,188.8639373779297,190.34406225878232,186.28428857588213,190.3017703953393,270
2007-04-16,196.68743896484375,200.45118221001724,189.62512421838568,198.75961105212681,3049
2007-04-17,199.56314086914062,200.45121846880653,197.91386127299887,198.75964700493475,3422
2007-04-18,199.0556640625,202.9885622946936,198.75963391355415,198.8019257784986,2902
2007-04-19,203.6228790283203,204.68011100666052,198.75961192795546,198.80190378822184,2599
2007-04-20,204.2572479248047,209.7548550118077,201.4661525148854,201.4661525148854,1298
2007-04-23,206.71002197265625,209.62799299119652,196.22228435066296,196.22228435066296,1184
2007-04-24,204.8493194580078,209.75487970977306,194.23470502059354,194.23470502059354,705
2007-04-25,204.97613525390625,207.2174618215474,204.68010514618152,207.2174618215474,733
2007-04-26,207.21749877929688,208.9090701979034,205.14532637263707,205.14532637263707,2540
2007-04-27,207.68267822265625,208.06327920103726,207.21749351322816,207.21749351322816,2134
2007-04-30,208.9090576171875,209.75484327555668,207.21748630044914,207.21748630044914,10702
2007-05-03,208.1478729248047,211.44643210335053,207.21750346128354,211.44643210335053,1296
2007-05-04,210.00860595703125,213.13801067549855,207.21751037895692,208.06329613560573,708
2007-05-07,211.8270263671875,218.63560384564138,211.4464253826319,218.63560384564138,2443
2007-05-08,219.7774200439453,226.88201478549323,211.44642570875416,211.53100944130392,82617
2007-05-09,219.10076904296875,220.75006143569865,214.82956170370676,220.75006143569865,41589
2007-05-10,216.0559539794922,228.10841308202177,215.67535299651382,228.10841308202177,721
2007-05-11,217.78981018066406,223.0336916629442,214.87185219821149,215.67534600415274,36588
2007-05-14,219.90426635742188,220.32715917734,219.90426635742188,219.94654531488194,3197
2007-05-15,219.90426635742188,221.59583763709435,219.90426635742188,221.59583763709435,2280
2007-05-16,218.50872802734375,222.86451896631704,212.4613528812535,219.9042691887758,571
2007-05-17,223.16055297851562,224.1332013314616,219.9042730044529,219.9042730044529,1618
2007-05-18,228.31983947753906,236.3124981359387,219.90426219589537,219.90426219589537,7059
2007-05-21,222.82223510742188,227.47405608410017,220.75004998418808,224.55608532874305,486
2007-05-22,214.82957458496094,216.18283690996725,212.29221740482362,216.0559613075608,1545
2007-05-23,205.61048889160156,211.44640449335236,204.76470327362816,211.44640449335236,424
2007-05-24,200.74722290039062,206.2871084097951,200.23974636402383,202.9885496404043,676
2007-05-25,202.18505859375,207.13289681426596,198.7173323285696,199.60540982630258,2860
2007-05-28,202.35421752929688,203.83434242240563,199.60541415638062,201.29698546279064,4538
2007-05-29,196.2222900390625,205.52593310125943,196.2222900390625,205.52593310125943,3455
2007-05-30,192.79685974121094,210.9812534237308,191.35902654279613,210.9812534237308,6466
2007-05-31,192.627685546875,202.90397623266398,191.14756063048847,202.90397623266398,4142
2007-06-01,193.17742919921875,199.4362504902311,193.17742919921875,199.4362504902311,381
2007-06-04,192.71226501464844,210.09314975251056,191.99334205174821,209.75484065565445,1770
2007-06-05,196.81431579589844,197.82925598250267,191.14755459049888,191.14755459049888,499
2007-06-06,188.77935791015625,197.78698298882514,186.07284636238188,192.8391316846503,1557
2007-06-07,193.81179809570312,197.06807837271185,193.81179809570312,196.89892380502732,364
2007-06-08,193.81179809570312,193.81179809570312,193.81179809570312,193.81179809570312,0
2007-06-11,189.6251220703125,192.83910981502905,188.61018196820822,192.41621703034696,409
2007-06-12,188.1873016357422,190.2594738366658,185.31163567188875,188.61019444840676,4685
2007-06-13,188.1873016357422,188.1873016357422,188.1873016357422,188.1873016357422,0
2007-06-14,188.6102294921875,197.06808731694926,177.6150143199972,177.69959806051153,895
2007-06-15,189.6674346923828,189.6674346923828,189.6674346923828,189.6674346923828,140
2007-06-18,191.1475372314453,191.5704300129308,191.1475372314453,191.5704300129308,97
2007-06-19,191.35897827148438,191.99331742597548,184.63498581501125,186.19968131935812,970
2007-06-20,190.21717834472656,191.95104142470038,189.4559764587206,191.95104142470038,509
2007-06-21,186.74948120117188,192.4162426904838,185.22706439215804,189.8788856440159,1120
2007-06-22,187.80673217773438,196.18000611029478,186.9186545410891,196.18000611029478,150
2007-06-25,186.11512756347656,190.3017637856275,185.35391276493544,190.3017637856275,438
2007-06-26,186.1573944091797,191.14752371559615,184.3812396902653,184.42353154655615,360
2007-06-27,186.7071990966797,187.76443125464502,184.46587208405955,184.46587208405955,1109
2007-06-28,186.11512756347656,192.66996609387039,185.22705008467742,187.76440693515246,1790
2007-06-29,185.31163024902344,190.09031373002654,185.31163024902344,186.07283212727847,1090
2007-07-02,187.0454864501953,189.03308783805136,186.07283814036376,186.28428454734143,1243
2007-07-03,186.41116333007812,190.30178271677624,186.072854211959,186.96093177910373,910
2007-07-04,185.1847686767578,189.28683431219474,184.42356674090965,186.49573903797636,1023
2007-07-05,184.04298400878906,186.07286464262387,179.30657865561938,186.07286464262387,2123
2007-07-06,182.30908203125,186.07282523324426,176.0502610754609,186.07282523324426,2705
2007-07-09,184.5081329345703,188.52561474048355,181.8439133202832,182.68969896363336,757
2007-07-10,183.5354766845703,184.71957137188252,181.92848919383744,182.9857212023891,916
2007-07-11,179.560302734375,185.22706421837017,177.61499308610837,177.86873137165017,1726
2007-07-12,181.29415893554688,183.11259291772953,178.03787902624512,178.03787902624512,1726
2007-07-13,186.07289123535156,188.61024884310638,185.22710536609998,186.07289123535156,2394
2007-07-16,181.8439483642578,190.30180642771165,181.8439483642578,190.30180642771165,3378
2007-07-17,186.62261962890625,188.61022129359404,185.52310848401473,186.07286405646047,2912
2007-07-18,186.07289123535156,187.76446297385476,185.22710536609998,187.34157003922897,826
2007-07-19,190.38633728027344,191.9933247036331,188.01813509927211,189.20222973694098,1219
2007-07-20,189.6251220703125,192.83910981502905,188.271872902728,192.83910981502905,3044
2007-07-23,191.35897827148438,191.99331742597548,186.07281865072514,190.30174634733254,2280
2007-07-24,182.64739990234375,190.7669469207862,180.15233493392228,186.9186198140696,8418
2007-07-25,178.46078491210938,183.53549917501297,177.31896904068978,183.53549917501297,3874
2007-07-26,173.00547790527344,180.15236491831755,171.7367992790881,180.15236491831755,4659
2007-07-27,175.07762145996094,177.614978292714,167.46555096170175,177.53039456935653,1421
2007-07-30,172.41342163085938,177.61499856955874,170.00292720229194,171.6944986172401,1232
2007-07-31,169.4954376220703,177.5304012271162,167.67700365266793,177.5304012271162,3430
2007-08-01,181.8439483642578,202.8194389427568,170.0029470754224,170.0029470754224,7489
2007-08-02,180.27919006347656,185.39619537093225,174.86616754830948,175.07761394195919,3924
2007-08-03,175.16221618652344,181.7170550828923,175.16221618652344,181.7170550828923,6353
2007-08-06,173.4706268310547,175.07761426347813,171.69447195886985,172.54025753502194,514
2007-08-07,174.69703674316406,180.152351859175,173.13232805536046,180.11005999356794,400
2007-08-08,174.69703674316406,180.06776812796087,174.27414389842423,180.06776812796087,630
2007-08-09,171.18702697753906,179.30657516619942,170.08751585058107,179.30657516619942,1772
2007-08-10,174.27415466308594,175.0776485365892,169.15714834453064,169.15714834453064,1556
2007-08-13,179.13739013671875,185.64993658381076,177.61497349703993,177.61497349703993,2500
2007-08-14,180.32150268554688,180.32150268554688,176.7692054443532,178.4607767883183,1257
2007-08-16,176.26173400878906,179.89861508529424,174.2318534992197,177.61499628561234,347
2007-08-17,171.90589904785156,173.3860236398995,169.3262507491499,173.3860236398995,311
2007-08-20,174.9508056640625,180.5752763216501,169.15716751442633,180.5752763216501,2147
2007-08-21,173.80897521972656,174.23186810347286,172.5402965684877,173.3860823359803,767
2007-08-22,173.00547790527344,173.25921621164377,165.0973759731183,171.77909114776088,827
2007-08-23,170.04519653320312,173.3860470538394,169.4108573366647,169.4108573366647,370
2007-08-24,173.3860626220703,173.3860626220703,173.3860626220703,173.3860626220703,10
2007-08-27,173.3860626220703,174.65474112906108,170.08750366616042,170.8487056080888,392
2007-08-28,171.4830780029297,173.38609613119894,168.14222653665718,168.14222653665718,667
2007-08-29,175.33139038085938,178.24934866759418,170.59498496929967,171.694509036876,662
2007-08-30,181.8439483642578,185.64998449281202,173.38609030080394,181.8439483642578,3215
2007-08-31,187.93353271484375,188.10268723118742,180.7443560721084,186.07280722373883,2762
2007-09-03,184.46588134765625,186.91865491504402,182.0553867441775,182.0553867441775,925
2007-09-04,184.3812713623047,184.3812713623047,184.3812713623047,184.3812713623047,250
2007-09-05,182.0130615234375,190.3017631204848,179.72944294712454,181.84390698179658,1703
2007-09-06,181.46331787109375,186.07284718616341,173.63980043258462,186.07284718616341,720
2007-09-07,175.28909301757812,180.9981467105511,173.38607511992046,178.88368237982039,7964
2007-09-10,180.1100616455078,180.15235351150278,178.46078211702857,179.22198408227575,456
2007-09-11,179.77174377441406,180.15234473850327,175.50052363023207,176.1771547362045,1005
2007-09-12,172.0751190185547,180.15237601736825,169.6223453524161,180.1100841460899,2132
2007-09-13,186.96092224121094,188.61020169281784,174.23184550995728,174.23184550995728,3568
2007-09-14,191.4012908935547,194.5306951474017,190.3017669920234,190.42862967441894,13603
2007-09-17,193.43116760253906,194.53069148336047,191.99333463792536,191.99333463792536,3313
2007-09-18,186.45346069335938,194.53071695683053,183.5355025201401,194.53071695683053,3694
2007-09-19,183.8738250732422,192.83915958461841,181.84394434514454,188.99083166966918,7384
2007-09-20,192.66995239257812,193.68489247946007,184.38125135599256,186.91860802602918,7959
2007-09-21,186.07289123535156,194.53074992786756,184.6773497133537,188.69483259229878,2012
2007-09-24,182.43594360351562,186.91860967458175,182.43594360351562,186.91860967458175,3482
2007-09-25,180.8712921142578,182.6897263578681,178.62995207989323,182.6897263578681,6276
2007-09-26,179.77174377441406,185.90368978077157,176.769202114306,180.9981303945526,4705
2007-09-27,190.17489624023438,191.57043731002858,178.71449884430737,180.57522457258764,7179
2007-09-28,190.3017578125,191.9087452717622,186.15741358240444,191.9087452717622,3419
2007-10-01,186.96092224121094,190.3017730084485,184.3812734037412,187.7644160350025,735
2007-10-03,181.50563049316406,189.45601152898894,179.22199860109387,187.3415471146029,3183
2007-10-04,181.88619995117188,183.53547932712607,180.23692057521765,180.23692057521765,1832
2007-10-05,191.06298828125,193.6003454318943,181.08272714658173,183.53550056327157,3809
2007-10-08,187.42608642578125,190.301752185429,182.68968209801184,187.76439548962327,6236
2007-10-09,194.69984436035156,196.56057011662648,183.70463145748752,183.70463145748752,10139
2007-10-10,194.57298278808594,201.0855294249211,191.99333408814758,191.99333408814758,2647
2007-10-11,195.0381622314453,198.71732180483332,187.34150819958072,189.03307937971238,5736
2007-10-12,194.69984436035156,198.75961785946495,190.51320818231693,190.51320818231693,906
2007-10-15,199.98602294921875,209.75485020734723,195.46107727080627,209.75485020734723,7998
2007-10-16,201.67759704589844,202.9885674585346,190.38636572441678,196.6874665914757,4155
2007-10-17,193.388916015625,194.53073199612996,188.6102314571173,190.30180303969235,583
2007-10-18,195.2919158935547,205.31448175097682,186.072856787703,186.91864250037438,3721
2007-10-19,194.57298278808594,195.2073219976283,186.15741852262377,188.77934617866688,5506
2007-10-22,195.88394165039062,198.75960740375402,189.79427526923416,192.8391084598124,2104
2007-10-23,197.87156677246094,197.91385863962824,194.65757845273552,197.91385863962824,1175
2007-10-24,197.95611572265625,200.3665968596398,192.83911043053777,196.22225271879282,5247
2007-10-25,212.0807647705078,218.4241575353286,194.53071145450366,194.53071145450366,12466
2007-10-26,210.8120880126953,218.21271296800558,203.91893964515833,209.75485587622242,6974
2007-10-29,208.27468872070312,214.82952663983184,205.52588572235882,214.82952663983184,2117
2007-10-30,197.78695678710938,213.1379594161244,196.39140288086767,197.66008121072556,52247
2007-10-31,194.48843383789062,202.6925531670184,191.35902909242952,199.6054402908878,6240
2007-11-01,194.0655059814453,207.0483202804971,192.8391194258785,206.79458201590919,4134
2007-11-02,193.388916015625,193.68494620484242,189.96349388544414,189.96349388544414,474
2007-11-05,192.96600341796875,202.1427834787472,191.18986118101097,202.1427834787472,4318
2007-11-06,190.8092498779297,201.25469502565858,190.51321973494348,191.3590053941441,5923
2007-11-07,183.7046356201172,192.8814148361747,183.53548107583455,192.8814148361747,2018
2007-11-08,190.3017578125,195.79936414930555,186.0728298611111,186.0728298611111,6525
2007-11-12,186.07289123535156,191.52820751089075,186.07289123535156,187.17241544651228,894
2007-11-13,186.96092224121094,192.62768356744064,186.96092224121094,187.97586244945634,446
2007-11-14,188.77935791015625,191.48586945793062,187.0032157564598,189.4559890235161,2042
2007-11-15,190.89381408691406,196.22226613640626,190.30176672711815,190.30176672711815,1009
2007-11-16,200.5357666015625,204.68011079000368,194.36152927345856,194.36152927345856,11695
2007-11-19,216.5211181640625,219.69281423091888,204.7647032385139,211.36182073304371,18865
2007-11-20,218.21267700195312,224.1331759903782,211.446392443753,216.5211058624031,8852
2007-11-21,202.98855590820312,221.51125647256072,195.3764850616455,219.90426890055338,3307
2007-11-22,196.6028594970703,202.81938879904249,193.2620089691091,193.38887164642935,2438
2007-11-23,194.5307159423828,201.29700171429178,192.24709707549673,199.60543027131456,1558
2007-11-26,198.7596435546875,202.86170944563568,197.27951854949302,202.86170944563568,520
2007-11-27,200.91636657714844,209.71253142354877,196.43370043390715,196.43370043390715,1151
2007-11-28,202.98855590820312,207.21748415629068,194.6575620972047,194.6575620972047,1288
2007-11-29,211.44642639160156,213.0957059363229,210.60064068603515,210.60064068603515,15458
2007-11-30,211.44642639160156,220.75006915283203,203.9189387743268,219.9042834472656,3840
2007-12-03,208.3170166015625,215.675349473039,207.21749263095904,211.446421051999,2135
2007-12-04,211.31954956054688,219.81968500828927,207.25977586429784,219.81968500828927,2907
2007-12-05,212.6728057861328,215.67534751900098,211.70015742037202,212.29220481282056,4809
2007-12-06,206.41400146484375,213.13799515957828,204.72243007468836,212.2922094645006,10643
2007-12-07,206.5408477783203,215.16785860286484,202.14276509381375,211.44640700189723,6314
2007-12-10,205.9910888671875,211.3618197725939,200.45119051445266,211.3618197725939,1053
2007-12-11,208.99365234375,219.39680616463332,202.98856869104048,205.52592579967848,5036
2007-12-12,211.48870849609375,213.7723272145824,208.06327396552825,211.4464166316344,1655
2007-12-13,206.5831298828125,215.5061704179419,204.2149276551214,210.17771863205286,3189
2007-12-14,213.26483154296875,213.73001619900884,204.8915593569027,211.40410582447228,6250
2007-12-17,210.8120880126953,214.82957013129231,208.31702275175243,214.82957013129231,1644
2007-12-18,218.21267700195312,235.46669746309792,202.9885367460029,202.9885367460029,18952
2007-12-19,223.4988555908203,232.5064675034541,220.96149866831337,228.27753929927584,10976
2007-12-20,217.4091796875,224.13318557941372,215.92906778273405,224.13318557941372,2642
2007-12-24,213.5608673095703,224.13318747341043,213.1379745030167,213.1379745030167,4151
2007-12-26,216.77484130859375,219.90425838709533,216.09822314578022,219.69281198480004,1305
2007-12-27,223.62571716308594,227.51633625385637,213.68773593266656,216.5211229776477,4758
2007-12-28,223.54112243652344,226.24764666508557,219.90425470251307,223.28739708255173,5180
2007-12-31,232.21043395996094,233.43683344571096,225.82476278987255,225.82476278987255,5456
2008-01-01,237.4120330810547,249.5067570829154,226.67054541769943,226.67054541769943,12988
2008-01-02,238.34237670898438,242.7404722449221,230.47658079003926,240.96431728574228,4651
2008-01-03,242.7827606201172,248.4918137602544,224.97898300392492,224.97898300392492,6363
2008-01-04,259.3178405761719,279.1092161989212,241.04886853543198,241.04886853543198,100332
2008-01-07,256.73822021484375,262.19354790712043,247.13857386795294,262.19354790712043,21418
2008-01-08,241.4295196533203,262.19354665238916,239.1036091588233,257.9646184805764,9275
2008-01-09,241.51409912109375,247.81521298395558,239.56880231298777,245.27785585442703,3040
2008-01-10,231.53382873535156,249.37991165584933,228.82730424843353,248.8301561288808,3801
2008-01-11,236.3124542236328,253.3127472658423,231.32232513258052,253.3127472658423,3626
2008-01-14,242.35983276367188,244.854910396212,232.59102023819796,234.28259129447574,2026
2008-01-15,238.0041046142578,249.50679596330733,235.1284382298286,245.2778672181665,4000
2008-01-16,224.85211181640625,238.51154439145242,221.0460765335639,238.51154439145242,10130
2008-01-17,229.29246520996094,235.12838027760753,226.6705248719382,228.36209595307207,3289
2008-01-18,226.7128143310547,239.27273535280705,219.90425073849013,227.51632095636094,3603
2008-01-21,205.56822204589844,230.89950180572274,202.98857301601998,211.8270312182927,4365
2008-01-22,180.23692321777344,228.36212048328042,169.15712628391142,169.15712628391142,3037
2008-01-23,200.620361328125,202.9885638204972,181.84392175586208,188.61020721654532,1124
2008-01-24,184.5081329345703,211.27725629000153,174.23184253013181,186.07284153703398,3026
2008-01-25,186.07289123535156,191.9088085709203,184.38131949684836,186.3266295772607,150882
2008-01-28,186.66490173339844,193.6849256367364,179.30656871173852,187.76442572644316,13801
2008-01-29,189.2445526123047,200.4512132697931,185.31165422307504,188.65250519643843,5201
2008-01-30,185.9036865234375,202.14276825391624,183.5354841468612,202.14276825391624,1558
2008-01-31,184.33897399902344,189.28682505710896,181.84390899166604,181.88620085395976,2116
2008-02-01,183.2394561767578,189.75201601576225,182.013069563607,186.07284327064494,1170
2008-02-04,189.4560089111328,201.2970094680786,188.18733028003146,200.02833083697726,1911
2008-02-05,188.6525421142578,194.53075136793794,186.0728926128102,194.53075136793794,1576
2008-02-06,187.25694274902344,192.83913335037946,186.07284796966437,188.61020498743252,1760
2008-02-07,183.83152770996094,187.76442606665847,181.8439261456377,186.07285466065252,2346
2008-02-08,179.26425170898438,186.74945927968366,175.07761565489147,180.99811473500858,2020
2008-02-11,173.1746063232422,180.40607598160938,168.05760072254586,180.40607598160938,3117
2008-02-12,165.90086364746094,178.1224776135973,153.93300088386627,178.1224776135973,1182
2008-02-13,172.54026794433594,172.54026794433594,166.6620604165809,166.6620604165809,941
2008-02-14,179.4757537841797,180.91358713999728,169.15716905307562,169.15716905307562,937
2008-02-15,180.95582580566406,180.95582580566406,180.7443794065208,180.7443794065208,285
2008-02-18,182.94342041015625,193.60031079272065,180.9981110282526,193.60031079272065,1462
2008-02-19,188.52560424804688,206.37168549177318,186.58030770113922,191.14754475877353,1080
2008-02-20,184.97329711914062,188.61017756360744,184.04294075796477,184.04294075796477,404
2008-02-21,188.0181427001953,189.455975648538,184.38126201509502,184.80415481788194,1410
2008-02-22,188.27188110351562,190.30176139614213,186.07283336511676,189.45597578993704,863
2008-02-25,192.96600341796875,197.02577738277546,189.45599790476723,189.45599790476723,2506
2008-02-26,196.64515686035156,200.40890029224477,194.5306928080897,194.5306928080897,1278
2008-02-27,196.81431579589844,202.1427679076515,195.37648278940372,199.60541098830856,2219
2008-02-28,198.16758728027344,199.52083662402163,194.65756896708584,195.37649195689897,1331
2008-02-29,197.9138641357422,200.87411424033664,189.0331138219589,200.87411424033664,6851
2008-03-03,197.61782836914062,199.60542997394415,186.62261400616913,199.60542997394415,235301
2008-03-04,190.17489624023438,197.40635275455855,181.92848668715368,197.40635275455855,1280
2008-03-05,191.0207061767578,196.6451759392043,186.0728546521503,190.3017831669719,731
2008-03-07,186.07289123535156,189.37145096316553,170.8487455888228,186.07289123535156,10494
2008-03-10,186.368896484375,191.90878286127054,186.07286630752827,186.07286630752827,4255
2008-03-11,188.1027374267578,196.22228543459352,186.07285687763178,196.22228543459352,613
2008-03-12,188.6102294921875,202.90400405376815,187.76444370971132,198.7596588819016,2006
2008-03-13,186.11512756347656,186.91862131832744,186.07283570150244,186.07283570150244,14168
2008-03-14,201.55072021484375,206.7100048657615,186.07284045076113,190.3017686428239,5523
2008-03-17,175.37367248535156,197.70241011223138,174.23185661227663,193.6849279816085,8353
2008-03-18,178.0379180908203,183.07034122294274,170.129815379151,178.12250183650343,2654
2008-03-19,181.54788208007812,183.32403708259054,177.61498402465517,179.39113902716758,641
2008-03-24,166.1123046875,178.46078094857774,160.6992814228899,178.46078094857774,1127
2008-03-25,170.63726806640625,179.30657164846656,157.44300574510183,157.44300574510183,6079
2008-03-26,184.00070190429688,186.0728745166443,169.1571586514948,169.1571586514948,3661
2008-03-27,176.72691345214844,185.8191094194027,171.73678315331682,185.8191094194027,6141
2008-03-28,178.8413543701172,181.4210029134221,176.98062871624043,181.378711054221,235
2008-03-31,181.59017944335938,190.30177436195055,176.7692037406563,176.7692037406563,155814
2008-04-01,180.36378479003906,182.68969526212632,176.0079939773051,176.0079939773051,4160
2008-04-02,180.99813842773438,183.1971863933282,178.46078134697174,181.84392412132192,1396
2008-04-03,181.8439483642578,185.22709158963934,180.99816255791242,185.22709158963934,226
2008-04-04,177.69960021972656,181.84394544195075,177.61501647818446,178.4608022709377,1317
2008-04-07,181.8439483642578,202.22739145944848,178.54538888177768,202.22739145944848,5788
2008-04-08,185.10018920898438,190.21718191613044,177.7418439463379,177.7418439463379,1394
2008-04-09,183.7046356201172,192.83912297368792,180.15233856752425,190.3017660924552,1332
2008-04-10,182.68971252441406,190.17492118594453,182.68971252441406,190.17492118594453,2529
2008-04-11,183.11260986328125,187.34153849753716,179.0105439257866,183.11260986328125,3182
2008-04-15,181.59017944335938,189.1176795948533,180.23693012462897,189.1176795948533,1470
2008-04-16,182.18223571777344,187.5952719738574,179.4334321761758,187.5952719738574,8143
2008-04-17,186.44305419921875,189.36967113576813,184.72151173434813,189.36967113576813,3770
2008-04-21,189.7139892578125,193.41530847451307,186.78737209167403,186.78737209167403,1420
2008-04-22,191.0481719970703,196.94446018017226,184.20504334094267,184.20504334094267,1233
2008-04-23,196.47103881835938,228.96515367221727,195.39507475035083,196.25584600475767,39540
2008-04-24,191.3925018310547,204.5622920775079,189.4987944831604,202.28125340980915,14891
2008-04-25,187.8633270263672,191.95199050116784,186.78736295405122,190.23044798546232,8503
2008-04-28,194.44822692871094,197.11662315085962,186.83040898011475,187.69118026024952,3969
2008-04-29,191.47853088378906,194.53427095260872,189.97218144057194,189.97218144057194,4154
2008-04-30,186.18478393554688,190.23040531307782,184.20500785972243,188.5088631835477,5707
2008-05-02,184.59239196777344,193.75961366246568,182.48350503177167,192.81276003357004,9244
2008-05-05,186.91647338867188,192.81276175868388,184.03289755546635,189.3696767272788,88541
2008-05-06,183.86074829101562,188.07852225490035,182.6556606339577,185.06582281374634,8521
2008-05-07,176.63021850585938,185.06577750261062,176.45806692109386,184.97969514306584,14029
2008-05-08,177.70620727539062,180.24547962654268,174.09097095050245,175.59732051373302,3581
2008-05-09,173.31629943847656,178.17965183135018,172.58463860959282,178.17965183135018,3431
2008-05-12,173.0150146484375,175.5973282999067,168.88331017922147,172.1972846190042,1795
2008-05-13,174.30618286132812,179.04042486496914,173.48845277847377,178.00750196376748,5556
2008-05-14,174.52139282226562,175.76950866441243,170.73400410106257,172.24035397745698,2229
2008-05-15,176.3289794921875,177.4479715061328,174.73654757337962,174.77958875876035,1759
2008-05-16,180.761962890625,182.48350539434523,174.73656412760417,174.73656412760417,1259
2008-05-20,179.0834503173828,191.09120589903824,176.45809553740017,191.09120589903824,2521
2008-05-21,180.6759033203125,180.76198571009638,178.0505611781764,178.0505611781764,1495
2008-05-22,178.1796417236328,180.7619553718014,176.4580992915204,180.7619553718014,2887
2008-05-23,176.84542846679688,180.84802215700768,176.45808407982815,178.39481914899702,1484
2008-05-26,173.96182250976562,177.10363137273376,172.15419817519685,175.5972821387008,3007
2008-05-27,174.3922576904297,176.45810340337263,170.604856370932,170.86309036863156,725
2008-05-28,174.2631378173828,175.59733588849906,169.01244104641114,171.37956199588848,2800
2008-05-29,172.8428497314453,178.09354587145734,172.15423018384485,178.09354587145734,1098
2008-05-30,170.82003784179688,173.574502987669,170.43269343812085,172.19727698189587,653
2008-06-02,165.0529022216797,173.01503700942695,164.40732372537585,171.29349435261673,679
2008-06-03,168.40988159179688,169.5288867890643,161.99713871904967,161.99713871904967,379
2008-06-04,165.82757568359375,173.87579210661588,161.82499463388012,167.37696655695373,2946
2008-06-05,164.40731811523438,166.38709472987497,162.08323823471179,163.5895880080189,783
2008-06-06,165.31112670898438,166.98962807566295,164.1921214197562,166.94658688486044,341
2008-06-09,159.32876586914062,162.21234171659202,151.92612776131728,159.2426834891994,2322
2008-06-10,159.41482543945312,165.2250311060171,155.9717406000078,159.24267382434613,318
2008-06-11,162.4275665283203,166.98965774301078,159.67310057385825,163.54657201635075,2634
2008-06-12,157.86546325683594,167.37698947716825,156.66038859827302,167.37698947716825,3055
2008-06-13,160.7490234375,161.82498744979918,158.38190261044176,161.82498744979918,4503
2008-06-16,160.10342407226562,162.9439713197675,159.2426529751029,159.2426529751029,1203
2008-06-17,168.28077697753906,169.52889264539203,160.9642214567765,161.65284107383127,1197
2008-06-18,164.2351531982422,173.87578834076587,163.5895747761849,173.87578834076587,2389
2008-06-19,161.05029296875,165.00983251460605,160.10343941738992,160.10343941738992,694
2008-06-20,157.90847778320312,161.65283784633027,156.01478372485636,159.67306141219782,2815
2008-06-23,152.2274169921875,159.67308384214655,150.63498475674203,154.16415251048846,353
2008-06-24,150.72105407714844,160.96422689879546,150.72105407714844,160.96422689879546,2987
2008-06-25,150.1184844970703,154.85272585962423,146.5032482652579,146.5032482652579,142
2008-06-26,148.5260772705078,156.6603627072903,148.0956916586746,153.21727781262456,670
2008-06-27,149.2577362060547,153.9919782938795,142.02726263474418,148.13874403821268,1165
2008-06-30,146.33108520507812,154.03498382871587,146.33108520507812,146.33108520507812,495
2008-07-01,137.98165893554688,146.24505654817037,135.22719306467238,142.11336430902327,940
2008-07-02,138.1968231201172,140.8652060431904,129.15872523672172,135.14108263743722,2497
2008-07-03,129.20176696777344,137.7233968970476,124.94093886880971,137.7233968970476,872
2008-07-04,137.50819396972656,137.72338676154146,124.81181925264696,124.81181925264696,812
2008-07-07,139.48797607421875,150.8071121400359,139.44493488720312,150.8071121400359,60
2008-07-08,139.53103637695312,139.53103637695312,131.7840944885571,133.41955474459837,340
2008-07-09,138.32591247558594,146.24500393050414,136.0018331436667,138.0246504726346,1979
2008-07-10,137.85250854492188,153.04512877984962,137.72339811292173,153.04512877984962,2631
2008-07-11,138.58416748046875,139.4449387070555,135.1410825741217,135.1410825741217,49
2008-07-14,135.27023315429688,136.0018941677925,134.71073694468055,136.0018941677925,81
2008-07-15,126.14599609375,140.69302113405243,125.24218389240404,140.69302113405243,103501
2008-07-16,125.7586898803711,129.97646391938846,125.3283042382539,127.3941500666854,3674
2008-07-17,128.59918212890625,129.76122823247857,125.71560715988949,126.61941933663206,1406
2008-07-18,130.794189453125,134.4955084731721,127.60933843934568,127.6954208184993,435
2008-07-21,130.49295043945312,136.26011623438364,125.45743245922752,125.45743245922752,91
2008-07-22,131.6118927001953,140.99430534009522,129.97643290413788,130.83720398297322,579
2008-07-23,140.52088928222656,142.02723878448626,137.72338306374425,141.16646764033786,3231
2008-07-24,132.90310668945312,145.38429272038695,130.44991593638483,140.39182881547742,2543
2008-07-25,130.83721923828125,135.31322674325202,129.24478730303235,129.24478730303235,1392
2008-07-28,136.90567016601562,138.41201985600944,131.8271119020118,131.8271119020118,362
2008-07-29,134.4954833984375,137.63729263689518,131.8270877540827,131.8270877540827,637
2008-07-30,135.35629272460938,136.00187122727047,133.4195572166261,133.4195572166261,386
2008-07-31,132.9891357421875,136.8626057152609,130.83720797936894,131.74102026661768,371
2008-08-01,136.3031463623047,145.12605255973364,128.34101150121026,132.98917146368544,367
2008-08-04,136.73348999023438,136.8626003972568,133.41951611053338,133.72079123935137,1869
2008-08-05,149.17164611816406,150.63495447765328,138.7132685409773,144.43740469172354,7709
2008-08-06,143.66270446777344,150.63495626880263,143.31840125003222,150.63495626880263,4640
2008-08-07,144.05007934570312,147.1918892723468,143.8779145817823,144.60957542546353,1372
2008-08-08,155.97174072265625,158.38190273902848,146.41718816627804,146.97668419939734,7161
2008-08-11,152.78688049316406,155.79957954514194,151.7969989155301,155.79957954514194,825
2008-08-12,152.2274169921875,156.6603841470117,143.74881402500526,143.74881402500526,1077
2008-08-13,157.82241821289062,163.03007390888075,146.3311164606335,146.3311164606335,2075
2008-08-14,154.8096923828125,158.89835523442852,150.63494716480085,150.85013994646485,389
2008-08-18,155.19703674316406,158.81227284779354,147.27794500580308,150.89318111043255,468
2008-08-19,154.9387969970703,163.03004003096527,152.52863530580652,162.68573684692382,884
2008-08-20,151.02235412597656,155.79963848540623,148.13877753736983,155.79963848540623,532
2008-08-21,147.1057891845703,150.63495627093397,146.76148596682424,147.45010553664224,509
2008-08-22,154.07803344726562,159.0705086662767,147.27794672203817,149.7741777643811,53945
2008-08-25,149.81723022460938,154.07804504450561,149.77418903767582,154.07804504450561,1314
2008-08-26,155.62742614746094,158.2527807750883,140.34873827417235,140.34873827417235,1442
2008-08-27,158.76925659179688,160.1034546742813,154.9388271041432,154.9388271041432,1974
2008-08-28,161.78192138671875,163.5465047224309,156.66033610253908,158.38187825751203,4608
2008-08-29,159.0705108642578,160.96420476402835,155.0248890933104,160.96420476402835,800
2008-09-01,158.2958221435547,158.38190451930666,155.15401244350556,155.15401244350556,153
2008-09-02,157.43502807617188,157.52111043943145,155.54133429338242,155.54133429338242,41
2008-09-04,154.9387969970703,159.07050087719043,153.21725480821397,159.07050087719043,1675
2008-09-05,153.21726989746094,161.781940503628,151.4957275390625,151.4957275390625,245
2008-09-08,156.05783081054688,158.98444781729327,148.91342678310477,148.91342678310477,2232
2008-09-09,159.11354064941406,161.82496431911628,157.04768216049024,157.04768216049024,1313
2008-09-10,152.9159698486328,157.52110016173543,149.04250017252454,154.93878704432993,944
2008-09-11,146.89060974121094,157.13379557926282,146.33111367793788,156.66036876108643,851
2008-09-12,152.39950561523438,154.938777395688,146.331067540372,146.331067540372,119
2008-09-15,150.63494873046875,154.89576322483697,141.1664662388393,145.47032191685267,2523
2008-09-16,140.8221893310547,142.5867599810407,140.30572129953393,142.543731923687,1992
2008-09-17,148.82733154296875,151.32357584178536,141.16647330629644,141.16647330629644,167
2008-09-18,145.255126953125,145.81462292914037,131.69798177083334,131.69798177083334,1088
2008-09-19,149.81723022460938,150.16153345142527,142.1993998387902,142.1993998387902,249
2008-09-22,143.146240234375,146.158939161773,142.8880062708759,142.8880062708759,19
2008-09-23,136.94869995117188,146.33110055666288,136.94869995117188,146.33110055666288,730
2008-09-24,142.02723693847656,145.38423910329232,141.51076900497023,141.51076900497023,1781
2008-09-25,144.78173828125,144.78173828125,136.5183412110866,136.5183412110866,259
2008-09-26,145.4703369140625,145.4703369140625,136.47528024653755,136.86262467062684,654
2008-09-29,137.72340393066406,140.305717754364,130.0625448407518,137.72340393066406,14229
2008-09-30,133.4626007080078,137.72341627205893,133.4626007080078,137.72341627205893,136
2008-10-01,131.95620727539062,134.32332771102955,131.3536701550019,134.32332771102955,314
2008-10-03,139.1006317138672,140.95128454732293,126.102981289666,126.18906366373074,552
2008-10-06,120.50799560546875,129.11570957728796,119.64722420828683,129.11570957728796,3351
2008-10-07,120.50799560546875,128.9435579247174,117.10795121346601,128.9435579247174,335
2008-10-08,111.25466918945312,120.50795888992988,98.12790938180004,120.50795888992988,2843
2008-10-10,100.40896606445312,103.29254839367727,89.00374717931793,98.12792097399341,6790
2008-10-13,109.83441162109375,111.85722277158061,95.54560999790311,95.54560999790311,680
2008-10-14,112.97622680664062,119.47505238504992,107.59640648251488,111.90026274181548,1071
2008-10-15,117.06489562988281,118.78643821267521,93.95318776932767,93.95318776932767,1795
2008-10-16,111.90026092529297,115.08511187860904,105.01409102219802,106.39132368938434,745
2008-10-17,107.63943481445312,111.90024937534143,106.30523690657436,111.90024937534143,456
2008-10-20,105.70269012451172,109.74831153053726,95.11520332646563,99.41905868060435,3983
2008-10-21,97.99879455566406,108.45716538872352,94.68482692666339,99.07475849801251,2406
2008-10-22,93.43672180175781,102.17354473434817,93.30760480084254,102.17354473434817,468
2008-10-23,87.79866027832031,97.26714324951172,86.33535190054681,92.96328735351562,3866
2008-10-24,76.65168762207031,94.38357525755632,75.74787512159482,90.38098736099381,1857
2008-10-27,79.06184387207031,87.71259820404538,70.6693235611432,70.6693235611432,3681
2008-10-29,81.8593521118164,89.30502542449639,79.6213479688281,80.91250496291721,404
2008-10-31,83.70999908447266,91.069595461181,83.49480628476965,83.49480628476965,1117
2008-11-03,93.9101333618164,94.59875292488869,90.81135846231683,90.81135846231683,1314
2008-11-04,94.68486022949219,95.9329762147422,90.38100294633345,90.38100294633345,2208
2008-11-05,92.96329498291016,94.94307148441159,90.38098123338487,90.85440804766323,557
2008-11-06,92.23163604736328,92.96329025911815,88.65943422860343,91.24174784691226,2223
2008-11-07,90.3809814453125,91.19871150771422,86.93789643787203,87.79866768973214,301
2008-11-10,92.01644134521484,94.59875491018535,89.52020358564408,89.52020358564408,1847
2008-11-11,89.0898208618164,93.73798674195251,88.01385684174616,92.96329133406928,330
2008-11-12,88.74551391601562,89.77844334879998,86.0771243738587,86.0771243738587,215
2008-11-14,87.32524108886719,90.38098166734274,86.07712539746927,87.79866790541867,3028
2008-11-17,84.09735870361328,86.89486560559952,82.63405002790157,83.49482138235886,474
2008-11-18,82.76315307617188,85.04419809393377,80.05172245381955,80.05172245381955,371
2008-11-19,78.37322998046875,84.31254673376522,76.17826052491908,79.1909600937012,479
2008-11-20,76.17823791503906,85.21633393885726,73.59592476537672,73.59592476537672,567
2008-11-21,77.46939849853516,79.14789950580517,76.60862740410698,79.14789950580517,765
2008-11-24,72.08958435058594,76.17824734360426,70.84146880063493,75.74786176539179,837
2008-11-25,74.28456115722656,78.33018338659176,73.2516317217207,77.46941214058525,51
2008-11-26,73.5098648071289,78.33018241131566,73.25163080967681,77.46941117602648,0
2008-11-27,73.5098648071289,73.5098648071289,73.5098648071289,73.5098648071289,0
2008-11-28,72.73516845703125,74.71494489988676,66.45153589245791,66.795845695628,400
2008-12-01,74.88709259033203,77.38333032344235,74.02632141113281,75.74786376953125,489
2008-12-02,74.67190551757812,76.30737219681367,71.53008915931362,76.26433100769033,193
2008-12-03,74.88709259033203,78.15802569815423,73.1655502319336,73.1655502319336,3044
2008-12-04,78.37322998046875,80.74035107022611,71.44401834540433,71.44401834540433,438
2008-12-05,78.71751403808594,80.4820974103106,77.46939857676956,78.37321085369679,2302
2008-12-08,77.2111587524414,81.77324783761519,76.86685559422298,81.77324783761519,591
2008-12-10,78.33018493652344,81.08465035138191,78.33018493652344,81.08465035138191,71
2008-12-11,79.14791107177734,80.05172347986695,77.89979542933288,80.05172347986695,54
2008-12-12,77.34027862548828,80.82640405427439,75.74785347384552,80.82640405427439,1230
2008-12-15,79.96564483642578,81.81630420771022,77.64155868394195,79.53525924157653,1366
2008-12-16,83.49480438232422,88.4011974768946,79.83652687072754,80.00867847970221,6840
2008-12-17,77.72764587402344,82.63403933252685,77.46941187424392,81.34288246795612,3292
2008-12-18,79.57829284667969,79.57829284667969,75.14532652995295,77.68459888033989,604
2008-12-19,78.24410247802734,81.73022185694415,76.60863590372863,81.60111143218514,5421
2008-12-22,77.68460083007812,79.92260463751202,75.79090681621015,79.92260463751202,1273
2008-12-23,77.46939849853516,79.6643674161919,77.46939849853516,78.33016959296332,1675
2008-12-24,77.2111587524414,78.88966620098427,76.65166283675558,78.33016371813665,126
2008-12-26,76.4795150756836,81.77325894165484,75.74786091437501,81.77325894165484,663
2008-12-29,77.42635345458984,80.48209331424133,72.73515385083842,75.74785253105067,127
2008-12-30,79.19095611572266,79.96565156507005,77.46941359146781,77.46941359146781,14
2008-12-31,77.512451171875,77.512451171875,75.74786753982069,75.74786753982069,105
2009-01-02,80.91249084472656,81.77326202392578,76.2643251636182,80.91249084472656,2665
2009-01-05,80.91249084472656,81.68718621943844,79.62133407592773,80.91249084472656,1475
2009-01-06,81.77326965332031,82.20365528307462,77.98587479804961,77.98587479804961,3276
2009-01-07,78.28714752197266,84.35558784591693,77.89980306179064,84.35558784591693,1322
2009-01-09,77.42635345458984,78.3301656855183,76.17823805679527,77.46939463402909,1273
2009-01-12,75.74787902832031,80.86946594939218,74.0263363231312,74.0263363231312,361
2009-01-13,74.1984634399414,79.19093826155654,74.02631185319416,75.74785398931495,456
2009-01-14,78.93273162841797,83.06443681172168,73.16556610358904,83.06443681172168,669
2009-01-15,77.59851837158203,78.3301725157139,73.25162155565818,76.60863026262128,395
2009-01-16,75.14532470703125,78.33017536420526,74.97316653516391,75.0592423375162,104
2009-01-19,74.71495056152344,77.46941606128127,73.25163542895652,75.79091467348567,401
2009-01-20,76.909912109375,77.2542219328147,73.63898520460694,73.63898520460694,62
2009-01-21,74.1984634399414,79.57828261531888,73.16554078513376,79.57828261531888,1064
2009-01-22,74.15544891357422,77.38334129315089,70.79843952538171,70.79843952538171,656
2009-01-23,73.29468536376953,74.88711112600453,73.16556834149868,74.15545675602246,801
2009-01-27,74.45671081542969,76.56559768564881,70.58324031058075,70.58324031058075,4008
2009-01-28,73.595947265625,77.21118415356206,73.38075443736294,74.54279439654528,327
2009-01-29,68.90473937988281,74.1124013653282,68.90473937988281,74.1124013653282,4271
2009-01-30,67.01103973388672,73.1655554145427,65.84899987308843,73.12251422566878,5608
2009-02-02,66.6236801147461,68.86168351556974,65.59075092171541,66.27937038373587,873
2009-02-03,68.00092315673828,72.30477905273438,67.57053756713867,72.30477905273438,556
2009-02-04,66.23633575439453,70.45411560022693,65.67683977423478,68.00091919583501,1098
2009-02-05,65.67684936523438,66.70977224408382,64.64391991922142,65.5046911739838,950
2009-02-06,69.33513641357422,70.58325227200613,66.2793954261521,69.72248090283533,999
2009-02-09,68.99082946777344,70.41110360035374,67.18321082956426,67.18321082956426,1174
2009-02-10,70.7553939819336,75.74786984883589,69.98070511221036,75.74786984883589,3721
2009-02-11,71.27185821533203,71.44400982901864,68.43131061936123,68.86169622074087,8156
2009-02-12,69.8515853881836,71.44401082198803,69.76550958014396,69.93766119622323,644
2009-02-13,72.13261413574219,73.59592224354446,69.72245265177898,72.30476571295597,653
2009-02-16,69.46421813964844,71.44399409690939,68.9477568451513,69.50725931717389,410
2009-02-17,68.43130493164062,72.90731218709675,68.43130493164062,72.90731218709675,325
2009-02-18,68.73255920410156,71.2718374528106,68.43129068433234,68.43129068433234,407
2009-02-19,68.43130493164062,70.15284719407184,66.79583846889847,68.86169049724843,470
2009-02-20,67.14015197753906,68.77561853145016,66.27938079833984,68.77561853145016,494
2009-02-24,65.50468444824219,68.86169331056479,63.78314211547807,65.59076025144783,1627
2009-02-25,64.72998809814453,67.95787992286243,64.557836494358,66.70976437750328,1110
2009-02-26,65.50468444824219,67.74268816740297,65.33253284183091,65.33253284183091,1160
2009-02-27,63.69707489013672,68.00093130163245,63.697074890136726,68.00093130163245,998
2009-03-02,63.395790100097656,68.64649227069319,62.83628759574424,64.55782972165504,1328
2009-03-03,61.15779113769531,67.01103085501421,60.25397882840424,67.01103085501421,6852
2009-03-04,60.469181060791016,64.12745891856129,59.39321698497623,64.12745891856129,1809
2009-03-05,61.15779113769531,62.79325102359341,58.360284977805115,61.93247989747335,4235
2009-03-06,60.29702377319336,61.760332152020666,60.253982587337234,60.253982587337234,344
2009-03-09,58.96282958984375,60.34006225223225,58.79067796973145,60.34006225223225,3130
2009-03-12,60.253997802734375,62.3198504694039,60.253997802734375,60.34007362901965,348
2009-03-13,61.5020866394043,61.93247214861542,59.78054460255982,61.88943753799133,1087
2009-03-16,62.06160354614258,65.20341980739006,61.11475651913788,61.11475651913788,1374
2009-03-17,60.85652542114258,62.362875125301194,59.393216906825344,59.393216906825344,987
2009-03-18,63.43882751464844,66.96799428235666,58.53243486598248,58.53243486598248,957
2009-03-19,61.975547790527344,61.975547790527344,60.25400479634603,60.25400479634603,50
2009-03-20,63.56795883178711,64.98823278218146,60.25399065897618,61.760340425450586,9547
2009-03-23,64.60088348388672,64.60088348388672,63.35276125920923,63.35276125920923,40
2009-03-24,63.22364807128906,64.55784618599851,61.97553233855858,64.12746054475853,3128
2009-03-25,61.975547790527344,62.40593353907268,61.28692796598868,61.28692796598868,894
2009-03-26,64.21355438232422,66.27940735352969,61.1147782090988,64.94520886435215,6071
2009-03-27,66.27938079833984,68.00092315673828,63.86921886971686,67.05407617305173,1458
2009-03-30,68.86170196533203,70.58324451446533,65.71988549973102,66.27938814163208,1899
2009-03-31,68.00092315673828,68.00092315673828,68.00092315673828,68.00092315673828,313
2009-04-01,68.99082946777344,73.16556947122824,68.00094103796506,70.58325525459665,970
2009-04-02,75.5757064819336,76.60862919249553,68.94776495981348,68.94776495981348,6322
2009-04-06,76.43647003173828,80.05170572807705,74.02630852273792,80.05170572807705,2764
2009-04-08,79.06184387207031,82.63404613835925,74.58583566644144,77.42637706214916,6156
2009-04-09,80.86945343017578,83.02138147852706,77.8137195418149,81.68719002884721,104775
2009-04-13,88.4872817993164,89.47716342348788,82.63403502485713,86.0771198175595,7556
2009-04-15,89.60628509521484,94.46964393226769,87.49739817643962,87.49739817643962,6386
2009-04-16,86.59356689453125,89.52018979749721,85.38848610305561,86.07710557451654,108070
2009-04-17,90.1504135131836,92.21425502363849,86.11055225222216,89.36000427290682,5765
2009-04-20,91.07255554199219,92.21425856629473,87.03269412582873,90.4577964983653,952
2009-04-21,88.87699127197266,90.4578100500841,87.82311655347972,87.82311655347972,474
2009-04-22,86.85707092285156,90.45781766457063,85.18843022779953,90.45781766457063,2715
2009-04-23,87.6035385131836,93.9707129915854,83.65149918176178,83.65149918176178,121321
2009-04-24,88.39395141601562,91.24820216362427,85.45187890855472,85.45187890855472,469
2009-04-27,86.15447998046875,92.03863308170787,86.15447998046875,90.80910805306296,1446
2009-04-28,85.10057830810547,88.65740954815709,84.39799088518726,85.1884000608777,3305
2009-04-29,86.06664276123047,86.28620052337646,82.94891985860886,82.94891985860886,2534
2009-04-30,86.28620910644531,86.28620910644531,86.28620910644531,86.28620910644531,0
2009-05-04,85.62752532958984,87.82310290214342,84.57365077491252,86.15446260692849,1601
2009-05-05,89.7113037109375,94.32201675496131,84.39800314196158,84.39800314196158,34613
2009-05-06,87.07659912109375,90.3699651491202,84.31017031747746,87.42789283749063,3508
2009-05-07,91.73123168945312,92.21426145340519,86.37402355461526,90.45779933048318,6813
2009-05-08,87.9109115600586,95.28805244419966,85.84707028959002,95.28805244419966,10367
2009-05-11,85.49578857421875,88.39395362434317,84.74929354626882,88.39395362434317,1841
2009-05-12,87.42790222167969,88.35004078828385,84.8371166479913,84.8371166479913,1800
2009-05-13,86.9887924194336,88.04266705061404,85.36405953750412,85.40797377229143,669
2009-05-14,85.71534729003906,87.82310310462424,82.5537169183468,82.5537169183468,2539
2009-05-15,88.48176574707031,89.4039108990241,86.63748214353296,86.63748214353296,1601
2009-05-18,88.48176574707031,88.48176574707031,88.48176574707031,88.48176574707031,0
2009-05-19,90.63343811035156,96.69323345676732,88.70133255659393,96.69323345676732,7531
2009-05-20,97.00062561035156,99.2401176715847,89.93086903538651,89.93086903538651,7621
2009-05-21,100.46963500976562,101.69915983880463,97.52756228695993,98.36187911718037,7746
2009-05-22,107.53939056396484,113.20397821803057,98.4497004375093,98.4497004375093,49531
2009-05-25,114.60916900634766,118.56120931691136,109.77889751565867,109.77889751565867,20953
2009-05-26,110.0423355102539,118.86855882043038,109.7788635575677,114.60913355410068,4908
2009-05-27,109.6910629272461,114.17004008272487,99.15228999653303,99.15228999653303,2917
2009-05-28,104.24600982666016,111.53532930383027,102.31390444012777,109.82278165214794,8939
2009-05-29,106.48551940917969,110.6571170767558,103.49953237020881,107.93460204430673,67655
2009-06-01,115.35565948486328,116.71690695911529,109.77888668116299,109.77888668116299,7240
2009-06-02,115.97040557861328,119.87853082650867,110.65710537831569,110.65710537831569,5660
2009-06-03,115.48738861083984,118.56119743318159,114.17004197269338,118.56119743318159,6441
2009-06-04,128.22174072265625,138.5848703927182,113.29181200837436,115.48738976047464,72189
2009-06-05,125.71876525878906,134.2815177110146,124.70880494523357,134.2815177110146,117748
2009-06-08,121.23980712890625,125.587048432976,114.4774302780485,123.25974135727759,75232
2009-06-09,120.97635650634766,122.07414558535262,117.06823006523908,120.75679869054666,3331
2009-06-10,120.27374267578125,123.83058119887623,119.52725430474428,122.95235012654378,1829
2009-06-11,117.28778076171875,119.43944454581424,109.77890123696162,109.77890123696162,3209
2009-06-12,112.80879211425781,118.2099218984615,112.32576898666542,114.69699718707477,3737
2009-06-15,109.77889251708984,115.61912423870154,108.11025201075572,115.61912423870154,503
2009-06-16,113.11616516113281,114.12612553727308,107.14419116987641,107.14419116987641,494
2009-06-17,110.74494171142578,115.83867813290543,110.21800438511708,115.04827549362818,2317
2009-06-18,108.285888671875,110.48146624672754,107.14418565280329,108.02241668274429,2124
2009-06-19,105.12425231933594,110.61319629382865,103.63126223842235,106.79289262765593,2414
2009-06-22,105.82682800292969,107.14417440960517,104.50948159625422,105.38771253403787,482
2009-06-23,107.58331298828125,108.02242855149872,103.63127291932398,103.63127291932398,886
2009-06-24,105.78292846679688,108.81282964315878,105.38772717005766,105.38772717005766,714
2009-06-25,107.978515625,108.81283922545809,106.26596758782429,106.26596758782429,822
2009-06-26,107.4954833984375,110.92058588252823,107.14418963333591,107.14418963333591,1535
2009-06-29,108.46154022216797,110.65711795945883,105.82684693741895,107.31983711862813,597
2009-06-30,106.13423919677734,109.12022661732591,105.826859616803,108.02243761715161,442
2009-07-01,109.64714050292969,112.1061900165615,104.9925201597728,109.55931874180803,2683
2009-07-02,107.05636596679688,109.77888087235709,106.30987091693908,107.58330325490995,304
2009-07-03,105.34381103515625,107.18810158763439,104.24602223028646,107.18810158763439,839
2009-07-06,100.07442474365234,107.53938861466864,97.52756007736721,107.53938861466864,1716
2009-07-07,99.63532257080078,102.62130985933908,96.60542774442006,100.29399594178547,1343
2009-07-08,97.70320892333984,103.5434470215284,95.3758951909343,103.5434470215284,1070
2009-07-09,96.6054458618164,99.89881333437833,95.33201311924176,98.36190851384943,166
2009-07-10,94.89286804199219,98.80099355120238,94.84895380915428,95.72718486294275,970
2009-07-13,92.82902526855469,95.28807504668222,89.5795728549455,95.28807504668222,1038
2009-07-14,96.12238311767578,98.80099042718336,93.18031052058497,98.80099042718336,152
2009-07-15,95.99066925048828,96.60542838734987,94.19029267766612,96.60542838734987,1253
2009-07-16,97.92276763916016,104.07038533847962,96.60542098930598,104.07038533847962,1777
2009-07-17,98.75707244873047,101.74305916397748,95.11241918933078,95.11241918933078,584
2009-07-20,102.577392578125,104.28994049986903,100.11834287987428,100.11834287987428,1151
2009-07-21,103.1921615600586,103.67519137942469,100.99658365452542,101.87481481673869,1070
2009-07-22,109.51541137695312,121.10805878143766,103.63126590808335,103.63126590808335,16555
2009-07-23,111.2718734741211,114.17003867446765,110.65711440756094,110.65711440756094,1971
2009-07-24,113.16007232666016,113.64308866723466,109.77887753818723,109.77887753818723,1213
2009-07-27,117.0682144165039,122.0741292674671,115.9265112468033,118.56120468423065,3544
2009-07-28,118.29771423339844,119.65897497751114,113.55527214504514,115.04826218021253,2696
2009-07-29,113.46745300292969,118.56119595368084,109.95452867837618,118.56119595368084,958
2009-07-30,119.8346176147461,125.58703336145035,114.17003032859124,114.17003032859124,15326
2009-07-31,123.12796783447266,127.34347877760337,121.19586256075354,125.76266049883687,25599
2009-08-03,121.54717254638672,122.68887559704595,117.68296126803189,120.53721219430878,17221
2009-08-04,122.33757781982422,124.70879877842059,118.64901039525861,121.72281881585349,2946
2009-08-05,125.06009674072266,127.38741707448061,120.80068416887916,120.80068416887916,10048
2009-08-06,123.69883728027344,129.80253983153338,123.04016405386248,124.70879753380711,13029
2009-08-07,121.28372192382812,125.58704901220062,120.80069213209408,122.0741245643069,2118
2009-08-10,117.24385070800781,122.51323725668232,116.14606184370062,119.92245821706595,2567
2009-08-11,115.5752182006836,122.07412298490655,114.82871640486714,116.1460630557834,5611
2009-08-12,117.68297576904297,118.34164914088463,107.67113917697536,107.67113917697536,1078
2009-08-13,122.46929931640625,123.78664569858503,111.5353270244704,122.51321354262694,15503
2009-08-14,123.12796783447266,124.70878611323916,119.92243045312549,120.31763167263215,3730
2009-08-17,120.88851928710938,124.70883036637723,119.43944316779792,122.11805100722466,2132
2009-08-18,125.93830871582031,137.53096759404676,119.43940526047308,119.43940526047308,79969
2009-08-19,126.50920867919922,128.22175686123802,123.91842928578208,127.34352564985969,7530
2009-08-20,124.75273132324219,126.90439485341089,124.00622952263073,126.90439485341089,5136
2009-08-21,122.1180191040039,126.46525972697029,120.58111490593309,122.95233584566556,6463
2009-08-24,141.48304748535156,146.5767775737277,122.99627859333192,123.12800790912831,174906
2009-08-25,139.419189453125,145.65463572754635,133.49112942913385,142.2734405757874,67356
2009-08-26,142.6686248779297,145.74243341257588,133.93022900958388,133.93022900958388,25548
2009-08-27,147.01588439941406,156.06166763228097,136.56493941239623,140.6487087676464,98492
2009-08-28,151.23138427734375,155.4468960016035,144.20553587049162,144.20553587049162,87175
2009-08-31,150.4409942626953,153.03177339905866,144.908135499826,148.42105999679146,9234
2009-09-01,145.786376953125,153.69045763130646,143.6347132264356,143.6347132264356,6189
2009-09-02,141.2196044921875,148.86021459664465,140.60484522415018,146.66463621026347,4182
2009-09-03,147.98191833496094,153.60259117848497,138.3213776721445,148.77232084707674,13846
2009-09-04,142.9760284423828,150.0896924453895,130.8564363548703,130.8564363548703,4314
2009-09-07,145.9619903564453,149.25535662532153,143.67859778380281,147.4549803848542,4109
2009-09-08,143.5029754638672,148.55280496043358,143.23951681942484,145.9620255510398,3455
2009-09-09,142.18560791015625,143.5907830124715,141.30737682139497,141.65867729734524,10912
2009-09-10,142.5808563232422,147.23547147331732,142.27347000922012,144.90816389827975,9880
2009-09-11,143.54685974121094,146.2254670734557,141.4830248529918,146.2254670734557,4770
2009-09-14,143.63470458984375,148.42106158812877,143.37123256959777,148.42106158812877,1466
2009-09-15,144.16165161132812,147.27937517024213,144.02992228660796,144.90815352006288,1081
2009-09-16,144.9959716796875,147.54283671506656,143.94208355398453,144.0738262700695,1156
2009-09-17,149.21145629882812,173.88975520015777,146.26939019826108,149.21145629882812,76168
2009-09-18,160.8041229248047,166.3369682427485,147.05979789973532,148.4210588115879,231141
2009-09-22,157.68641662597656,167.25913146623293,156.0616835252176,161.59454283504473,36426
2009-09-23,159.750244140625,177.1392239517154,153.7343686787003,159.8380726177456,280053
2009-09-24,160.8041229248047,165.45873712552014,156.32513886664287,158.08160110109952,82374
2009-09-25,161.1992950439453,167.65428454571762,158.30113020198544,158.30113020198544,74219
2009-09-29,158.60853576660156,165.6782851222575,157.29118916854256,164.09747992518075,35093
2009-09-30,166.02960205078125,169.49861242280912,158.08160744096187,158.95983859341166,105562
2009-10-01,161.98973083496094,166.68827278677827,160.716298364137,161.59452950273885,15525
2009-10-05,155.00778198242188,161.59451492785055,153.69043539333612,161.41887139612095,14346
2009-10-06,152.109619140625,157.55464911225934,148.68452331673606,156.32513097054093,25740
2009-10-07,155.1834259033203,158.87199368186208,152.81220471716793,152.81220471716793,11436
2009-10-08,157.81808471679688,164.36090202055124,154.1295177415905,154.1295177415905,48383
2009-10-09,152.5926055908203,159.75018144241074,151.2313451341789,158.08154823797213,19259
2009-10-12,154.48085021972656,158.74027655536858,153.69044756398065,153.69044756398065,7767
2009-10-13,154.12960815429688,154.12960815429688,154.12960815429688,154.12960815429688,0
2009-10-14,155.57862854003906,158.08159244742026,154.56866817081092,155.44689923996327,11672
2009-10-15,156.85206604003906,158.08158411172235,154.4808315577697,155.44689104319366,13449
2009-10-16,163.39486694335938,170.81591560975326,157.6424516809805,157.6424516809805,179645
2009-10-20,161.59451293945312,166.60042723623337,158.0815887451172,166.60042723623337,9745
2009-10-21,156.89598083496094,162.42883945146627,155.44690487859333,161.59452258565636,11137
2009-10-22,158.9598388671875,166.42480367586757,156.4568747180972,157.20337655926278,28411
2009-10-23,157.73028564453125,164.14136092658276,157.3350709922686,164.14136092658276,11971
2009-10-26,155.40298461914062,160.10152618769536,154.65649625266676,157.20336098656546,6017
2009-10-27,145.4789581298828,154.48082577717733,143.19556559637977,151.05573027655208,9173
2009-10-28,147.14761352539062,151.01182474354238,142.8003725547844,144.0298906512666,5957
2009-10-29,144.86424255371094,147.54285055646247,142.2734630365888,142.2734630365888,6739
2009-10-30,140.2974090576172,149.95795052637328,138.9800624936959,148.50887466635677,15187
2009-11-03,132.56898498535156,143.590788229939,130.41732141985284,143.590788229939,7869
2009-11-04,136.1697540283203,137.7944737530724,128.66087437927828,133.31550254891653,29825
2009-11-05,136.69662475585938,137.88224174902885,132.74458597961333,133.93020297278278,1987
2009-11-06,140.42916870117188,145.69855609559852,138.93617828623334,139.55093746876744,2916
2009-11-09,142.7564697265625,145.78636437837403,140.956093269452,144.02990215694783,4444
2009-11-10,142.7564697265625,147.98194215515676,142.36126840689025,143.37122882391301,2333
2009-11-11,147.41107177734375,151.49484037498166,140.60478184745327,140.60478184745327,5101
2009-11-12,146.62066650390625,150.17750482463816,145.47896349468166,147.98192726872242,3578
2009-11-13,146.04981994628906,152.37308055126528,145.34723245668243,149.29927200988527,3631
2009-11-16,151.80223083496094,152.37307561385174,147.19151817229394,147.54280520534348,4225
2009-11-17,154.5686798095703,157.15945897850244,149.29929299788043,152.3731019713662,5848
2009-11-18,161.90188598632812,167.74211662366176,151.67048706281713,154.56865196735325,118713
2009-11-19,157.0277099609375,165.06351847994284,155.7542776547484,161.5945086111029,11054
2009-11-20,157.20335388183594,161.550594786688,155.44689182729027,160.71627799092724,3452
2009-11-23,158.3450469970703,160.54062442797607,155.44688210812652,157.37898756717533,4982
2009-11-24,158.16941833496094,162.472745143325,156.80815751982783,157.2033588143523,15477
2009-11-25,158.3889617919922,161.4188559773241,156.93987264196997,160.71626851677468,8674
2009-11-26,154.78822326660156,160.67236864821894,154.12954997610538,158.08158971908244,4258
2009-11-27,149.21145629882812,153.69044020215964,146.9280635134132,153.69044020215964,10548
2009-11-30,153.38304138183594,157.2033516566948,150.17750353795984,150.17750353795984,4055
2009-12-01,156.10557556152344,157.379007956279,154.04172714879545,157.379007956279,2409
2009-12-02,160.1454620361328,161.94582524581128,157.2033822044117,157.2033822044117,9371
2009-12-03,161.15542602539062,165.7222256086315,159.83807921864357,159.83807921864357,17993
2009-12-04,161.98973083496094,166.86391633434988,159.04766456109098,160.716298364137,21921
2009-12-07,162.9996795654297,167.52256387192418,161.68233306053907,162.03362010154657,13500
2009-12-08,163.26316833496094,165.37093117297934,160.89194686784134,165.01963066627087,2061
2009-12-09,179.3347930908203,190.5761541738505,161.5506128050117,161.5506128050117,448699
2009-12-10,178.28089904785156,186.1410640843449,174.89970422285413,183.02334124843355,88653
2009-12-11,185.70191955566406,198.39235327328143,177.4026403009413,179.15910208609913,283724
2009-12-14,183.46246337890625,191.27872786635467,181.88165818887046,182.05730172101417,41546
2009-12-15,179.5982666015625,187.94146236055929,177.4905172437976,185.9215280756008,24274
2009-12-16,178.01747131347656,182.67209960865384,176.65621019874376,180.82780862730678,11210
2009-12-17,179.20306396484375,186.14108450089083,177.00748614954486,180.8277835077188,13222
2009-12-18,175.6901092529297,180.38863692937764,174.85579250671378,175.73402348183393,6868
2009-12-21,173.58238220214844,178.10528068502634,172.39677818487002,173.88976846630058,7653
2009-12-22,179.1591339111328,189.6100780289853,173.97757608478423,173.97757608478423,47673
2009-12-23,186.44845581054688,188.73184851498618,176.7000857317034,176.7000857317034,38901
2009-12-24,191.23483276367188,193.21085284963405,183.85769646971065,188.46841000362238,28380
2009-12-29,193.0352020263672,196.72377003436284,192.33261445323868,194.96730780191317,28650
2009-12-30,190.7078857421875,195.80162900900172,186.31673006402758,195.80162900900172,11367
2009-12-31,190.883544921875,194.7916708409856,189.69792751461117,190.75180220954357,7273
2010-01-04,191.23483276367188,195.84554629758358,190.18095806464083,191.05918921395735,5714
2010-01-05,196.28463745117188,200.2366771313968,191.45436673089694,191.45436673089694,20473
2010-01-06,195.4064178466797,198.65587020488036,193.2108401180653,198.65587020488036,5596
2010-01-07,195.66989135742188,201.11492148606632,194.9673037987193,196.0211784364016,10666
2010-01-08,194.4403533935547,199.3584527422057,191.45437311806538,198.04110613818233,6670
2010-01-11,192.3765106201172,201.90530929571239,188.81967225333617,188.81967225333617,9188
2010-01-12,187.28277587890625,194.52818221419804,186.58018834200215,194.52818221419804,5785
2010-01-13,190.6639862060547,193.2547653936857,187.23887671328944,188.81969544835465,4402
2010-01-14,194.04518127441406,195.66991435734573,190.57617070893943,190.57617070893943,10033
2010-01-15,196.1090087890625,203.74961673653388,192.24478387947542,197.55808475469314,49841
2010-01-18,199.05104064941406,207.7016209190228,191.45434824671023,201.72964774310566,136260
2010-01-19,198.4363250732422,206.99907876032145,196.19683296724193,201.99316390033158,42137
2010-01-20,198.08502197265625,205.2425998853981,196.19681711785063,200.2366854298016,14848
2010-01-21,191.3226318359375,199.79755576409585,189.69789909909758,193.69385289452788,10986
2010-01-22,184.47244262695312,188.8196838303403,180.1691022573508,188.8196838303403,7163
2010-01-25,188.07318115234375,197.55807953333996,186.18498968330547,191.80566325684399,13488
2010-01-27,179.6421661376953,193.16691911152796,178.63219237749337,188.20491897910856,15090
2010-01-28,176.96353149414062,185.8775700279662,173.93363748121286,177.84176241966986,12912
2010-01-29,182.4086151123047,197.5581031090299,171.60636881709956,175.64623764319074,279121
2010-02-01,184.16506958007812,189.43445648308892,181.1351747909957,184.42854160537743,21166
2010-02-02,180.34475708007812,190.0931139974585,179.29086906674598,187.7658070029593,11638
2010-02-03,187.28277587890625,194.96729774967028,182.67206275644784,183.5502938273923,154942
2010-02-04,182.4086151123047,190.57616784286196,180.91562477248647,187.8975600386544,14921
2010-02-05,173.8897705078125,182.23296656753078,171.25507701526988,174.76800167199337,20585
2010-02-08,176.48052978515625,181.61818687435118,174.94362542181074,179.15913721284983,7122
2010-02-09,176.48052978515625,179.15913721284983,174.76798188900545,177.4026750833121,4532
2010-02-10,182.6720428466797,187.8536002402073,176.9196272788115,179.0712904879631,30060
2010-02-11,181.74990844726562,186.66800756119142,181.00342011439213,185.30674678852068,5488
2010-02-15,184.16506958007812,191.54221928473956,181.17908902866958,183.11119487962475,141566
2010-02-16,181.26687622070312,187.80970800611465,180.30083014419523,184.86762874418832,46986
2010-02-17,183.2867889404297,187.59012845639293,182.18900029871565,183.55026089458912,25565
2010-02-18,187.721923828125,191.41049228284444,179.15916940789475,185.30678796600878,140915
2010-02-19,181.5742950439453,186.18500870286047,179.59827490441023,186.18500870286047,20257
2010-02-22,183.85768127441406,187.94145042092683,182.8037932617399,185.9654304982769,16354
2010-02-23,178.10525512695312,185.43847616900703,177.05138057368848,184.428515847283,15673
2010-02-24,178.98350524902344,183.41857509292493,177.40268655011138,177.40268655011138,17787
2010-02-25,176.70005798339844,181.66207070947402,174.7679526443626,181.66207070947402,7438
2010-02-26,182.584228515625,185.74586563134912,173.01151550532282,176.52443967801972,15865
2010-03-02,191.93740844726562,192.3326097597741,186.93149388709136,186.93149388709136,29778
2010-03-03,190.1809539794922,194.96731096030592,187.9414619166913,193.21084869940228,15437
2010-03-04,190.224853515625,191.36654317638798,186.3606287998173,189.87355305014654,5325
2010-03-05,193.91342163085938,196.72375835579362,189.6979098430867,189.6979098430867,9140
2010-03-08,204.6717529296875,213.84926490350887,194.22079518759202,195.6698844891907,225347
2010-03-09,199.13890075683594,206.91125130653998,197.68982481063355,205.5060761944856,26249
2010-03-10,198.34849548339844,201.99314911805754,197.73372300461878,200.93927449845975,9615
2010-03-11,196.3724822998047,200.2366938381381,195.31859424321985,200.2366938381381,8739
2010-03-12,213.7614288330078,216.83523745945223,195.84552105631448,199.35844520082236,589105
2010-03-15,205.98910522460938,215.1666174521121,204.01308526841652,212.97103972300891,141398
2010-03-16,205.02305603027344,209.5898552575747,202.91530666405555,206.73560406541844,38044
2010-03-17,200.36842346191406,207.9651306446442,198.04111636821685,205.50608084329374,21049
2010-03-18,202.56402587890625,208.00907017280838,198.48025605922462,198.48025605922462,38890
2010-03-19,201.86141967773438,206.20866085606443,201.20274636584367,206.20866085606443,11583
2010-03-22,199.709716796875,201.99312267435985,197.47023854868692,200.23666073806106,11380
2010-03-23,201.46620178222656,204.6278389895728,200.71971341434107,202.87137685232324,10033
2010-03-25,204.14479064941406,208.14074432826965,200.23666542972776,200.23666542972776,19330
2010-03-26,202.300537109375,208.5798840477794,200.7636327006019,207.92121072973376,12707
2010-03-29,202.87136840820312,204.62783047234342,200.67579082802777,202.43225289216807,7509
2010-03-30,204.10089111328125,207.26252826060437,202.56398677236575,203.74960405279754,7405
2010-03-31,204.75958251953125,208.0529492557498,202.87139095106338,202.87139095106338,8144
2010-04-01,215.34226989746094,217.80131973591838,204.10090877932933,206.38431507234202,46154
2010-04-05,218.59170532226562,225.0467089690907,216.48395614002285,217.8013027291102,26170
2010-04-06,217.4939422607422,222.14857010701863,215.64966485800596,221.27033894359832,9814
2010-04-07,217.80130004882812,220.87510871887207,216.39612501079682,219.9968776702881,9323
2010-04-08,220.34814453125,228.1204939590641,217.80128008411126,219.55774202027345,42009
2010-04-09,225.35409545898438,227.3740161773108,220.43599616044634,223.0706893416469,10811
2010-04-12,226.407958984375,230.44782726415562,223.59763564301676,230.0965401966715,13709
2010-04-13,220.87509155273438,228.25222642720115,219.55774508224093,228.25222642720115,12469
2010-04-15,221.44593811035156,224.82713277210357,220.4359778351484,223.9049875551947,10109
2010-04-16,221.57968139648438,223.71925040234666,219.30638082585074,223.71925040234666,8619
2010-04-19,219.44007873535156,220.91104419513348,216.63189297138564,220.91104419513348,4651
2010-04-20,222.29287719726562,225.3685127664429,216.89936385253696,221.9808504802709,6635
2010-04-21,221.4459686279297,225.3239530836453,221.08937829770144,224.43246365502554,4125
2010-04-22,225.36849975585938,227.10690118564048,222.87232697315062,222.87232697315062,4763
2010-04-23,224.9227752685547,226.43830450724545,222.87234695595023,226.43830450724545,3881
2010-04-26,224.4770050048828,226.34912434423404,221.98083228270087,224.92274964802078,2821
2010-04-27,225.72509765625,227.68637147919927,223.1397840173234,227.19606322574776,8469
2010-04-28,225.14561462402344,229.11273909791106,221.31220809749578,226.34911695940247,6844
2010-04-29,235.2640380859375,237.93850618211587,225.9925541270718,225.9925541270718,28022
2010-04-30,236.82412719726562,249.57244051595455,235.35317529290384,239.67690384082948,22220
2010-05-03,229.64767456054688,238.919158866381,228.31044046241416,232.67873307509493,8748
2010-05-04,223.05062866210938,233.92679581707606,220.64361018074712,233.92679581707606,4787
2010-05-05,222.783203125,227.3298046594078,210.5252234619927,210.5252234619927,7854
2010-05-06,222.47119140625,227.24065172555922,215.96331580483402,227.24065172555922,5165
2010-05-07,215.38385009765625,221.0893769652164,211.37214769304546,221.0893769652164,8210
2010-05-10,220.10870361328125,226.2599879698283,218.41487937769355,226.2599879698283,2270
2010-05-11,222.15916442871094,225.63598138621603,218.41491152320862,225.63598138621603,1555
2010-05-12,222.29287719726562,225.41308995502044,215.74042496476127,225.41308995502044,3301
2010-05-13,222.8723602294922,226.3046000182461,220.91108618008252,224.65533911132815,2531
2010-05-14,218.32574462890625,227.24063846598773,216.0970211696359,227.24063846598773,1742
2010-05-17,216.18617248535156,225.23478416052944,213.95744905766753,225.23478416052944,2634
2010-05-18,218.41490173339844,225.99256158945514,212.48650269899707,225.99256158945514,1388
2010-05-19,212.57565307617188,222.87235877205043,211.0155465647675,211.0155465647675,5252
2010-05-20,214.00201416015625,223.76381950146316,207.71701172844988,207.71701172844988,3641
2010-05-21,210.8818359375,213.06598240894832,208.6085350782172,209.5000245443634,4824
2010-05-24,208.78680419921875,215.65126951141306,205.1317060059182,205.1317060059182,3910
2010-05-25,206.95925903320312,211.0155385289954,203.43787861931375,206.82554106425175,2776
2010-05-26,209.18795776367188,222.78316952107474,197.9106236159631,197.9106236159631,1499
2010-05-27,209.81202697753906,213.86829269586644,197.9106385428638,197.9106385428638,2278
2010-05-28,209.5446014404297,213.06598210609198,207.36045497208596,212.17449264121294,738
2010-05-31,205.08712768554688,213.95744399732644,201.4765930974824,205.04255049743784,5851
2010-06-01,203.3487548828125,210.39151630081474,202.59098338711928,205.04257944570926,6660
2010-06-02,212.17446899414062,215.74042645622703,201.47659660788145,201.47659660788145,17200
2010-06-03,211.95156860351562,217.52337640066378,210.83720704408597,217.52337640066378,1392
2010-06-04,209.5891571044922,212.17447084584833,200.58510899292384,200.58510899292384,2098
2010-06-07,210.8818359375,212.88768723632901,197.15288999701826,197.15288999701826,2564
2010-06-08,206.91470336914062,212.08533121131106,197.9106546316176,197.9106546316176,1339
2010-06-09,209.32171630859375,211.2829902911082,200.76341252646856,200.76341252646856,6274
2010-06-10,209.50001525878906,210.3915046854222,206.55809743028985,206.8255469788896,778
2010-06-11,210.79266357421875,212.17447484952072,207.80618227913234,207.80618227913234,4038
2010-06-14,210.4361114501953,219.84132894351097,209.90121227782578,213.06600290773497,4885
2010-06-15,211.81787109375,214.84892938661596,209.76744290596528,210.48063709341835,3531
2010-06-16,214.00201416015625,221.89168648672594,209.49999036989578,209.49999036989578,8384
2010-06-17,217.2113800048828,218.4148960980711,210.39149175161134,210.39149175161134,2463
2010-06-18,219.97500610351562,227.3297935416271,214.00202993499238,214.00202993499238,13601
2010-06-21,223.63011169433594,226.9731967987776,218.41489349018772,218.41489349018772,10404
2010-06-22,226.6611785888672,227.32979563485205,221.98085926697317,223.76383805626614,4301
2010-06-23,226.03713989257812,227.06234726046048,218.45947999921694,218.45947999921694,1156
2010-06-24,221.9808807373047,227.1515224469764,221.3568408213038,227.1515224469764,2167
2010-06-25,218.9052276611328,226.34915608351594,217.5234163530345,219.03894563160569,1940
2010-06-28,224.8336181640625,232.72329098886848,217.52340799310073,217.52340799310073,17347
2010-06-29,221.08935546875,230.8065837961171,218.72691416806512,229.11275949785787,5002
2010-06-30,223.0060577392578,227.24063219501343,214.09116414819337,214.09116414819337,2041
2010-07-01,226.260009765625,227.3297943123676,220.64362389141561,220.64362389141561,2585
2010-07-02,226.6611785888672,229.55851912146824,223.76383805626614,224.3433007215669,4943
2010-07-05,224.9673309326172,225.85882023513906,220.19785772290618,223.80839211872927,2018
2010-07-06,227.37437438964844,229.0682124129604,225.27936885659503,226.34915341692175,4690
2010-07-07,223.05062866210938,227.5080753324275,222.87233351590618,225.94796899781616,955
2010-07-08,223.76380920410156,225.5467877634968,221.98083064470634,225.5467877634968,1906
2010-07-09,227.01773071289062,229.11273587907345,225.68049684589215,226.08167788842877,2840
2010-07-12,228.13211059570312,238.91913676395123,226.43828633598363,227.32977565226702,11865
2010-07-13,230.2716827392578,231.69807110651138,227.32977883674974,231.69807110651138,934
2010-07-14,231.29693603515625,236.24469132962062,227.5526696674931,236.24469132962062,3822
2010-07-15,231.0740509033203,236.24467826208993,229.11276344663062,236.24467826208993,2690
2010-07-16,238.56260681152344,245.07046958380326,230.89579131131725,235.35323902002995,35080
2010-07-19,240.47927856445312,246.67514110962833,238.11683696880246,241.4599223983361,8363
2010-07-20,233.57022094726562,246.05107244826453,230.00426337555163,246.05107244826453,7585
2010-07-21,240.1226806640625,241.59363276551113,232.67873856752178,240.6129889625127,9536
2010-07-22,240.0780487060547,244.98123967425636,240.03348512514475,244.98123967425636,1236
2010-07-23,240.21182250976562,241.59362015589392,238.91915203608698,240.70213078262495,4680
2010-07-26,240.47927856445312,246.0065240237216,240.34556058849154,242.4851298221733,3883
2010-07-27,240.88038635253906,242.1284657583163,238.25048239964835,242.03931139945567,1208
2010-07-28,237.84938049316406,248.05694584056144,236.512146283781,241.59364716187656,11056
2010-07-29,237.58192443847656,240.6575737423517,232.23298805337015,240.6575737423517,4234
2010-07-30,239.67691040039062,245.38243663757478,238.0276497083832,240.70211768263468,7935
2010-08-02,238.87457275390625,240.702114966585,230.00424319029233,240.702114966585,4428
2010-08-03,240.34556579589844,242.4851350759368,237.26991625164987,240.70215614155492,4077
2010-08-04,235.2640380859375,244.49095845897213,234.46170309830327,244.49095845897213,8032
2010-08-05,236.7349853515625,241.59361317798616,233.12446437654384,241.59361317798616,2383
2010-08-06,237.225341796875,240.7021451184778,234.06053800962127,240.7021451184778,1587
2010-08-09,239.543212890625,242.39596264968404,232.2329889212224,241.59362763013922,2253
2010-08-10,244.3572235107422,246.05104774603586,236.24466540833154,237.6710537350347,7854
2010-08-11,248.056884765625,260.3148620002246,242.12848667156447,245.15954469199235,22097
2010-08-12,254.25279235839844,255.85746242496603,245.6053341396451,248.63639271321605,12072
2010-08-13,252.1577911376953,258.5319351316172,249.61704081673386,257.6404457001289,5564
2010-08-16,249.3495635986328,253.9852915514306,240.8804154012647,249.66156308313444,3774
2010-08-17,249.17129516601562,250.50852930823038,232.678740745367,249.6170398800872,3830
2010-08-18,249.0375518798828,253.80702527688086,247.4328547486737,253.80702527688086,283
2010-08-19,254.386474609375,262.00869716442725,247.5219961867418,254.07444791632912,15116
2010-08-20,249.17129516601562,259.2451148215941,246.94257159565768,256.7489553052325,3313
2010-08-23,251.13253784179688,258.4427335205077,248.27976129989926,258.4427335205077,4792
2010-08-24,249.48330688476562,255.76829609229304,248.36894516668656,255.76829609229304,2061
2010-08-25,249.48330688476562,255.76829609229304,247.83404610078927,255.76829609229304,2375
2010-08-26,249.52786254882812,255.85744234777982,232.9015916841724,255.85744234777982,6171
2010-08-27,241.32615661621094,258.3535799326626,239.0082790696808,258.3535799326626,7359
2010-08-30,241.63816833496094,244.71381735907025,240.70211543515106,244.268072700857,3976
2010-08-31,242.3068389892578,257.6404695103781,238.91918971896658,238.91918971896658,2870
2010-09-01,247.74490356445312,253.80704792423484,243.10917491931195,253.80704792423484,691
2010-09-02,247.96775817871094,254.02990210479715,246.94255086363705,249.61701892353204,4788
2010-09-03,283.7610778808594,293.03258982210747,240.88045758003088,254.07449041011677,689149
2010-09-06,276.94122314453125,291.3387739294814,272.97411097243645,285.2766558745872,143931
2010-09-07,270.5224609375,279.88309934770973,267.75883844183784,278.3229929460081,31475
2010-09-08,270.1212463378906,282.3346601075527,267.446778552367,270.1212463378906,40986
2010-09-09,270.745361328125,279.03620246789427,269.22981835560404,273.33067533469074,35669
2010-09-13,263.3459777832031,276.3617291793199,261.4738444991557,276.3617291793199,8961
2010-09-14,256.0357971191406,266.4216444274245,254.38653609108937,266.4216444274245,8578
2010-09-15,257.5067138671875,262.72193220192224,253.18298491595965,253.18298491595965,10580
2010-09-16,260.18115234375,264.7723167039636,249.61699891282765,254.9659346038168,11388
2010-09-17,258.1753234863281,261.7858445033465,255.18882869617548,257.64042443037454,9213
2010-09-20,254.11912536621094,262.0088145674763,249.75083132446989,252.6481728182714,6515
2010-09-21,255.144287109375,262.9448196634829,254.1636432899246,258.48737248970696,6807
2010-09-22,248.85923767089844,259.3788279466349,248.19062068241882,252.29147698631286,3061
2010-09-23,249.83987426757812,253.18295911504794,243.42114047799842,250.5084912370721,11414
2010-09-24,253.62875366210938,254.9659878641943,245.15960371557145,253.94078041714909,10576
2010-09-27,250.9988250732422,256.74894247997196,249.61702741108388,256.74894247997196,6863
2010-09-28,247.87860107421875,254.0744628938941,246.05105880250795,254.0744628938941,2960
2010-09-29,249.3495635986328,253.9852915514306,245.24870745132003,253.9852915514306,5658
2010-09-30,248.99298095703125,251.6674491830191,247.8340556082089,251.6674491830191,2330
2010-10-01,252.73719787597656,266.109536387933,247.8340070882592,248.81465068702116,3678
2010-10-04,255.72369384765625,267.4467719084236,252.29145483361296,259.4233687511709,16117
2010-10-05,254.52020263671875,260.181165299455,252.38063369500213,258.5319046047231,3850
2010-10-06,258.57647705078125,262.9002058723698,256.97180709102076,260.04745625434043,6465
2010-10-07,259.28973388671875,262.76653759432935,255.85749377293473,255.85749377293473,3320
2010-10-08,259.15594482421875,264.7723164111078,256.83806725280175,259.2896627751268,6742
2010-10-11,259.8691101074219,263.79165727159847,258.7101849928102,262.0978331786691,5635
2010-10-12,258.53192138671875,263.88085769127156,254.96596385035022,263.88085769127156,7008
2010-10-13,256.25860595703125,262.54359453632924,250.77592508723788,250.77592508723788,11852
2010-10-14,259.9137268066406,262.98937615598874,255.01053504780015,262.0087323630011,4036
2010-10-15,264.4603271484375,269.22980091716306,256.97182157076907,262.3207580128319,9885
2010-10-18,265.57464599609375,267.4022153088282,262.09784331174836,267.4022153088282,6018
2010-10-19,266.5553283691406,276.3171480998808,264.3711684749814,276.3171480998808,4246
2010-10-20,268.11541748046875,270.12126848406325,264.81689605878626,270.12126848406325,3501
2010-10-21,267.35772705078125,272.1272018779046,264.5495402367509,272.1272018779046,1859
2010-10-22,265.7529296875,273.24143334949815,258.5318618967519,273.24143334949815,4713
2010-10-25,270.2104187011719,271.6368070563332,263.03391334174245,271.6368070563332,5496
2010-10-26,264.5494689941406,271.72594749806376,260.7606391938875,271.01276688868995,9474
2010-10-27,263.6134033203125,271.6813707996018,260.3148819474446,260.3148819474446,5138
2010-10-28,263.16766357421875,269.14062581775295,262.9893548241032,269.14062581775295,8153
2010-10-29,263.3013916015625,267.4022481561645,258.5319180176046,267.4022481561645,11368
2010-11-01,266.733642578125,267.446823224284,262.0978867597983,267.446823224284,3114
2010-11-02,267.981689453125,271.9042369382281,262.98934392385996,269.22976903391765,6527
2010-11-03,275.9605407714844,277.25321132085367,269.7647055881339,273.68725361897776,10965
2010-11-04,279.9721984863281,281.26486882931243,272.7957206395233,278.1446563383375,15495
2010-11-08,280.2843017578125,293.3000542890642,279.2590942433111,293.3000542890642,2965
2010-11-09,291.38330078125,298.47062482153075,281.7106358496244,281.7106358496244,15084
2010-11-10,293.79034423828125,299.98620694317293,291.16046662291467,294.23608897370946,12487
2010-11-11,293.9686584472656,298.6044146638248,292.40855184443706,298.6044146638248,6377
2010-11-12,292.63140869140625,295.97449409153654,278.59045001085894,278.59045001085894,27685
2010-11-15,293.5229187011719,307.56387836569263,292.85430157428993,299.54047284310934,17069
2010-11-16,288.8425598144531,297.66829925645317,287.50532574123804,297.66829925645317,4228
2010-11-18,293.3445739746094,307.02894160259586,285.41032381568374,291.5170316008351,59187
2010-11-19,288.39678955078125,300.43189514254493,287.95104489923443,300.43189514254493,24129
2010-11-22,282.3793029785156,298.29239621189527,279.9277068200597,288.39685718563476,5325
2010-11-23,283.0924072265625,289.64485881201404,278.14465265315056,279.1252962928259,31046
2010-11-24,279.16986083984375,288.8425249083961,276.3616750666753,282.15635535033135,2231
2010-11-25,276.5400390625,284.2514173858112,276.4062938797387,276.4062938797387,6463
2010-11-26,276.4953918457031,280.55168435074074,269.27432331235457,280.55168435074074,40708
2010-11-29,276.3171081542969,279.83847442210356,268.7840129939205,279.83847442210356,27116
2010-11-30,276.8520202636719,279.92766955362674,273.6872437992465,276.3617119796952,1614
2010-12-01,277.52056884765625,281.62142448726314,276.36164380446087,281.62142448726314,1646
2010-12-02,285.3211669921875,294.14693367491793,276.3617095489272,280.8191564771357,3067
2010-12-03,289.0209045410156,292.40855373230346,285.27663778761314,287.0596167737857,3926
2010-12-06,286.346435546875,291.3833457325356,282.20098764659747,287.05961625762154,1365
2010-12-07,286.25726318359375,289.28832182310924,285.27661936331265,287.05959823433335,968
2010-12-08,284.3851013183594,289.5557286417094,283.49361197253376,288.39680337457446,9813
2010-12-09,279.08074951171875,287.9510800425267,277.7435153938742,277.7435153938742,9541
2010-12-10,280.59625244140625,283.4935926175288,274.57869976792097,274.57869976792097,5496
2010-12-13,281.576904296875,284.29593581275833,273.68721845397,273.68721845397,2104
2010-12-14,280.5517272949219,287.0595890842691,276.36171619914103,276.85202449060364,742
2010-12-15,283.3599548339844,285.142933908345,276.36175652589856,278.1447356002592,1782
2010-12-16,280.59625244140625,285.09826244802065,276.36167833784253,278.3229656471938,790
2010-12-20,282.1564025878906,287.05959441801195,267.44682709752664,267.44682709752664,1268
2010-12-21,284.3851013183594,286.9704149800344,276.4508515817309,280.81914393505707,803
2010-12-22,287.0150451660156,287.86194383713587,281.71067194784894,281.71067194784894,2002
2010-12-23,282.6912841796875,288.8425553808379,282.6912841796875,285.4549066631308,1983
2010-12-24,283.1816101074219,287.90652037853175,282.78045619025943,287.90652037853175,510
2010-12-27,281.71063232421875,287.8173397636053,280.8191429814206,280.8191429814206,575
2010-12-28,282.6912841796875,285.67777900524567,281.2648957489332,281.2648957489332,1604
2010-12-29,301.6353759765625,315.94376674062306,279.4818639362507,279.4818639362507,86354
2010-12-30,296.01898193359375,306.58313453599254,293.29995071969284,303.99782126266035,4288
2010-12-31,296.42022705078125,300.7885196924153,295.9744823484492,300.7885196924153,1087
2011-01-03,304.26531982421875,305.78086267911976,293.3891655219726,298.55979313381613,4757
2011-01-04,302.7052307128906,309.3022743826598,298.2923742758464,303.99790129290994,4853
2011-01-05,296.5985412597656,303.10640315085953,294.19150894054013,303.10640315085953,860
2011-01-06,292.3193054199219,298.5597298664848,290.2243003430717,294.1914381951091,342
2011-01-07,293.83489990234375,295.5287242532244,292.4085114783035,292.4085114783035,998
2011-01-10,290.8483581542969,297.7573996123683,290.6254858491978,293.29995351038673,2674
2011-01-11,290.6700134277344,294.1468427215415,287.9509825247196,290.9374764843826,1771
2011-01-12,283.582763671875,294.90466193334606,281.7106306220914,283.0478646282089,5622
2011-01-13,283.7610778808594,292.3639727420808,271.01278977079124,281.7106630512172,541
2011-01-14,282.512939453125,295.08294338916926,281.71060456488664,287.95102934955185,2084
2011-01-17,279.74932861328125,281.7997703060905,278.1892223541432,281.7106159357781,696
2011-01-18,277.47613525390625,281.710710811998,275.47028367375754,281.710710811998,827
2011-01-19,276.5845947265625,279.88311648889953,275.47023294281325,275.47023294281325,428
2011-01-20,276.3616943359375,277.25318367250503,269.2297796433972,275.47020499936997,1423
2011-01-21,272.7957458496094,276.3617033116958,272.7957458496094,275.47021394617417,38
2011-01-24,270.2996520996094,279.21454791811755,267.4468745552456,276.36177037375376,2596
2011-01-25,268.427490234375,272.0826025758007,266.77822924062315,271.01280430793463,1977
2011-01-27,267.223876953125,271.68132277386104,265.2180263337938,267.5359036017946,431
2011-01-28,267.4468078613281,276.2279834939943,263.8808504231771,276.1833927023597,1240
2011-01-31,265.66387939453125,266.0204697645788,255.4117498205812,259.42345269734426,1992
2011-02-01,259.3788757324219,262.9893972529461,255.94663578468038,255.94663578468038,1420
2011-02-02,257.150146484375,262.90023719705613,253.49503424486105,259.64630609833125,3186
2011-02-03,263.1230773925781,266.55531684670643,258.5319126606852,261.96415211481343,857
2011-02-04,260.8052062988281,280.8191536903061,258.53191927044054,265.4855255269999,1379
2011-02-07,262.9893798828125,264.7723587294756,256.7489539194915,256.7489539194915,1705
2011-02-08,259.95831298828125,262.45447241150686,254.96596693573278,258.9776692126936,2215
2011-02-09,255.90200805664062,258.53191253207774,254.1636201408584,255.8574444714011,2664
2011-02-10,248.2352294921875,256.7489422144286,245.15958023947175,249.61702715291668,7859
2011-02-11,254.0744171142578,254.0744171142578,247.87855641096502,247.87855641096502,58
2011-02-14,252.73719787597656,256.7934630088331,250.1518845382168,254.0744317271722,1184
2011-02-15,245.07044982910156,249.57248797566098,244.26811474742846,247.16545552454212,9505
2011-02-16,254.2974090576172,264.7724118847057,247.83410944090298,247.83410944090298,3136
2011-02-17,258.4873352050781,260.3148774002793,252.78178188074432,257.5958458989128,43146
2011-02-18,249.6615753173828,258.5319050096342,249.57244814949703,252.55891563214595,2003
2011-02-21,250.15187072753906,256.5705765352513,245.2486802105228,251.39995014519775,5972
2011-02-22,244.22352600097656,249.6170258557788,241.23703114326844,249.57246226931468,2164
2011-02-23,245.02586364746094,253.94075752434802,242.7525493851965,253.94075752434802,792
2011-02-24,245.11505126953125,251.40004142265738,239.45408744875834,245.1596148625205,1578
2011-02-25,252.826416015625,255.41173000552564,241.01418068378132,249.61704852197968,2945
2011-02-28,254.208251953125,259.1560355169715,251.40006517694363,251.40006517694363,2613
2011-03-01,249.61708068847656,253.22760258027952,247.9678195355643,249.92910748055772,4579
2011-03-03,249.75070190429688,267.22389622280286,248.81464909687907,267.22389622280286,345
2011-03-04,249.83987426757812,255.81286341082853,248.5026403285902,254.07444840770657,21622
2011-03-07,249.6615753173828,257.5512613080338,244.26807576772336,244.26807576772336,516
2011-03-08,249.26043701171875,251.35544250369162,243.37660164072364,248.45810200796873,1610
2011-03-09,247.07626342773438,257.0163640586381,247.07626342773438,257.0163640586381,30
2011-03-10,248.056884765625,249.61699095911948,247.83401245226864,249.61699095911948,7379
2011-03-11,246.40762329101562,251.31081416665702,245.15954378207093,251.26625058658834,7938
2011-03-14,245.15957641601562,251.31084761941636,242.70798065185545,246.05106578480112,17829
2011-03-15,245.11505126953125,246.8980302867132,240.74673091255485,243.37663584533854,9118
2011-03-16,249.61708068847656,267.3577177676156,246.36314918500804,248.68102751833587,23081
2011-03-17,258.4427795410156,262.0978916342779,245.29331048793534,245.29331048793534,44268
2011-03-18,254.16360473632812,259.42338616231774,254.07445036515657,258.5318968627909,2121
2011-03-21,258.0415344238281,267.1792978244129,253.98524263942753,253.98524263942753,23512
2011-03-22,257.5958557128906,261.9195572476428,256.97180229236164,261.9195572476428,444
2011-03-23,256.6151428222656,259.4233280454576,255.18875482134786,258.531838945645,1580
2011-03-24,257.9079284667969,260.58239724677514,255.85751328458818,255.85751328458818,800
2011-03-25,268.20458984375,270.12128660118583,257.64043507505846,257.64043507505846,6011
2011-03-28,277.386962890625,279.0362239687211,267.49142362814973,269.2298391008108,2907
2011-03-29,281.576904296875,286.88124937322186,274.6678621372064,280.64082419674696,4262
2011-03-30,288.1293640136719,291.51701260493013,282.1563745855058,283.49360858828067,3591
2011-03-31,290.7591857910156,298.64887034431484,288.9762074606018,296.77673765616225,5000
2011-04-01,296.50933837890625,316.4786927025829,290.1797590836359,296.8659286477749,5322
2011-04-04,304.3544921875,304.88939129766305,299.5404546082304,302.2149229529467,2746
2011-04-05,300.2981872558594,307.5638198784352,295.1721235912188,307.5638198784352,6342
2011-04-06,303.06182861328125,303.99788158910803,300.43192403381056,301.3234134226349,6403
2011-04-07,303.06182861328125,303.10639220028366,297.84661024743934,303.10639220028366,13496
2011-04-08,304.6404724121094,306.71530019554024,299.13763357906697,305.76810219224,3482
2011-04-11,304.8660583496094,306.7153605408587,297.6943205249511,301.3027365313141,4609
2011-04-13,303.1971740722656,306.7153743306404,293.18381369840625,306.7153743306404,2507
2011-04-15,305.9936218261719,306.7152938585355,302.7460426204886,303.55793053940357,6052
2011-04-18,307.39190673828125,313.9321600731383,304.9111209905768,311.2258483483699,13434
2011-04-19,307.39190673828125,310.5041762337755,306.7153288070891,310.5041762337755,4550
2011-04-20,311.76708984375,315.2852892825287,307.6174067105645,307.6174067105645,7545
2011-04-21,319.3448486328125,326.922517501144,311.2259118031647,311.2259118031647,14214
2011-04-25,319.3898620605469,325.6144007466222,317.58565433241495,320.2468717434196,4476
2011-04-26,318.3975524902344,325.2084252809182,317.540542854045,319.3447504838975,4724
2011-04-27,334.2745361328125,337.2965892246626,318.4426262100173,322.90805081902204,13033
2011-04-28,341.8973693847656,344.78411280319074,329.358131000406,335.58264224573304,5645
2011-04-29,345.7764892578125,354.07585795957857,342.7995567506748,343.7016608473871,7593
2011-05-02,343.6113586425781,358.76672017948596,341.8522726137576,358.76672017948596,2277
2011-05-03,335.0865478515625,343.70163019482777,330.62112195906656,340.99531814604956,1990
2011-05-04,331.7035827636719,340.9050251302565,317.13458417237166,331.9742028953271,1264
2011-05-05,331.162353515625,335.58265720397304,330.1700337006832,333.77844936954307,1073
2011-05-06,327.86968994140625,337.8379275252676,311.2709553233523,311.2709553233523,2063
2011-05-09,332.2899475097656,341.9875635720445,327.46368656811507,327.46368656811507,1320
2011-05-10,333.1921081542969,340.0931980463132,330.5308904201724,333.77847023112963,974
2011-05-11,329.0424499511719,336.1239722004726,325.65955978717767,325.65955978717767,912
2011-05-12,321.14898681640625,331.07212966747494,318.44267512975114,331.07212966747494,2564
2011-05-13,324.5769958496094,331.07215541471595,322.0511157576392,326.56163558617754,360
2011-05-16,322.09619140625,326.5616167915148,322.05109722257123,322.05109722257123,1002
2011-05-17,316.1874084472656,326.2909828675765,311.67688906855994,326.2909828675765,1188
2011-05-18,317.4053039550781,328.7718200777057,307.7979016779873,307.7979016779873,4550
2011-05-19,316.8188781738281,322.90807906603277,315.7814367385442,319.7958098202296,840
2011-05-20,325.2084655761719,328.3658293196298,312.62410478666425,316.6384782725002,1315
2011-05-23,317.2699279785156,327.3734743550842,316.6835384650786,323.85527492458243,643
2011-05-24,314.83428955078125,318.44270547686466,314.83428955078125,315.7363935323021,315
2011-05-25,310.95526123046875,313.3909255235617,307.88808559245405,312.2182013302239,129
2011-05-26,314.6538391113281,315.6912806526716,308.5195434122188,308.5195434122188,436
2011-05-27,313.43603515625,316.6835874218208,312.4888094704349,313.0300773580395,486
2011-05-30,315.91680908203125,317.0895331856429,310.3237536724357,310.5041854714655,1041
2011-05-31,315.2852783203125,322.90806644764837,313.03001881873655,316.63843402125804,1695
2011-06-01,315.6011047363281,318.4427269638521,312.12799866711856,314.87940498439735,428
2011-06-02,311.4513244628906,320.2468361602496,310.36878893428377,320.2468361602496,2600
2011-06-03,317.7660827636719,333.7784261818555,316.18740101821714,333.7784261818555,5307
2011-06-06,319.7055969238281,322.5021243472497,313.03003398180607,313.03003398180607,379
2011-06-07,339.5519104003906,348.9337856739456,321.01368583355855,322.0510998368315,15234
2011-06-08,338.3340759277344,343.65651126450024,322.05111061855524,322.05111061855524,1283
2011-06-09,337.3868408203125,341.89736008261616,332.1546494880502,332.8763215580089,34568
2011-06-10,336.1689758300781,340.45396888346977,334.8609418370567,335.62770804364504,2137
2011-06-13,335.4473876953125,336.4848018195813,333.05681753155477,335.62779198255964,2728
2011-06-14,328.7718505859375,338.2890378384462,324.8025705179405,332.87641323303103,3957
2011-06-15,327.6441650390625,333.3274089014193,324.8476372932886,333.3274089014193,390
2011-06-16,320.0213317871094,338.0183141004659,317.54054626937983,332.42525937575704,737
2011-06-17,329.358154296875,332.9214483450703,317.7210189663913,323.8553147519095,52140
2011-06-20,321.1038818359375,331.0721185345733,315.8265687184141,326.5615992084892,588
2011-06-21,325.2986755371094,332.7861269800576,321.1489920440184,324.75740768496246,3351
2011-06-22,325.0279846191406,326.561572074594,320.24684554276485,324.93779626413277,1679
2011-06-23,320.2468566894531,324.7573757977553,318.44264904613226,322.9531681544344,2767
2011-06-24,317.720947265625,326.9675105722677,316.7737218235171,325.208397272654,961
2011-06-27,331.97418212890625,340.99521968675697,317.5405220363451,319.7957814258078,4534
2011-06-28,327.6892395019531,331.9742329985375,325.3437638715017,326.5616096344309,1604
2011-06-29,327.2381896972656,329.2679234720936,325.34376600142093,329.2679234720936,663
2011-06-30,327.73431396484375,331.70359288371094,324.7573823057178,324.7573823057178,1419
2011-07-01,336.7554016113281,340.995301290175,325.7046279584058,333.68825361366555,1734
2011-07-04,342.1228332519531,346.4078258899143,338.28889247061943,342.79941103689436,4772
2011-07-05,346.7687072753906,349.0239668538336,342.79945592333576,345.86660344401344,1131
2011-07-06,352.3617248535156,359.0372869951601,339.19100479944774,340.9952122717852,3264
2011-07-07,370.584228515625,373.4709716758534,354.5267919531652,356.3309995458022,15752
2011-07-08,364.4049072265625,375.2752489794611,363.00662956451157,372.11788510583585,3839
2011-07-11,360.435546875,367.7877145548282,355.428882010966,355.428882010966,852
2011-07-12,354.07574462890625,362.6457308046377,350.1064933798353,359.9394193807225,2236
2011-07-13,358.2705993652344,360.84160128036285,353.80520106740755,354.07582125635605,1433
2011-07-14,358.1352233886719,363.05170031369994,356.3310157141698,360.8415349004251,416
2011-07-15,360.7513122558594,363.051693515791,358.2254325708616,358.2254325708616,922
2011-07-18,363.5027160644531,368.96043272477925,362.6457064923258,368.96043272477925,2316
2011-07-19,382.53717041015625,388.62637209533403,359.1275893384896,359.1275893384896,9051
2011-07-20,377.7109375,393.31732493136644,374.5084519372439,393.31732493136644,3594
2011-07-21,377.62066650390625,382.8528576748585,376.44791501384873,382.8528576748585,1235
2011-07-22,381.7253112792969,386.10052129058164,378.8836891169259,381.4095693656934,12887
2011-07-25,387.3183288574219,389.70889877212505,381.5899633810391,381.5899633810391,1464
2011-07-26,378.20703125,390.61095892963624,372.61397648426345,380.01123891249256,2356
2011-07-27,372.1178894042969,382.49208510890156,370.85494934626377,377.5305132501776,3042
2011-07-28,376.4930419921875,378.3423438465889,370.7646771194946,370.7646771194946,585
2011-07-29,362.1044921875,381.1388895752514,356.64677472156876,380.68783763492564,2445
2011-08-01,356.3310241699219,374.32800716215957,353.6247125939478,374.32800716215957,2409
2011-08-02,351.2792663574219,353.714957990982,348.3023343875393,353.714957990982,1004
2011-08-03,346.2726135253906,350.46739146940484,337.3868839370847,347.3100275822931,4530
2011-08-04,364.2696228027344,368.05847101638653,346.407972721305,346.407972721305,3489
2011-08-05,342.5289306640625,357.23321617648594,338.2890304701572,352.81291168434893,3887
2011-08-08,336.214111328125,338.2889391428581,325.70457959473407,333.7784199542867,2624
2011-08-09,328.9522399902344,338.24392832674005,326.5616697371153,332.87639815744626,2674
2011-08-10,341.9876403808594,345.50584056203866,333.77848827142117,333.77848827142117,2141
2011-08-11,338.92041015625,350.91837973678366,338.33402065966345,350.91837973678366,3466
2011-08-12,345.5959777832031,360.3002589876341,340.1833548814459,340.1833548814459,1239
2011-08-16,334.1844177246094,393.99389831752546,329.2679402081209,393.99389831752546,1119
2011-08-17,328.9522399902344,334.6806062775408,324.9829876320326,331.2526218613736,1606
2011-08-18,327.0126953125,342.7995150862069,317.811223632385,319.3448114224138,661
2011-08-19,318.9388732910156,324.7574553785604,311.36120483818866,319.5703571329306,1440
2011-08-22,329.0875244140625,332.87637218262427,313.93218839987327,313.97728258734446,350
2011-08-23,329.6287536621094,331.9742292661909,315.82657525082425,331.9742292661909,280
2011-08-24,327.1029052734375,337.7477211154131,327.0126893703641,328.81689731171787,95
2011-08-25,323.4042663574219,329.2679420375425,323.26895627080927,329.2679420375425,101
2011-08-26,316.9542236328125,335.5826644177379,316.8640077331463,335.5826644177379,344
2011-08-29,322.09619140625,332.74103410697285,321.0136832277195,322.05109722257123,149
2011-08-30,337.6124267578125,337.70264266508974,322.90814236260366,336.4397025532976,1161
2011-09-02,329.2679443359375,333.7784641213613,324.7574245505137,333.7784641213613,600
2011-09-05,326.65185546875,347.31003102915366,324.75743161167617,324.75743161167617,824
2011-09-06,328.1403503417969,334.5903888356363,320.2469398524753,331.9742925794674,534
2011-09-07,328.9522399902344,333.5529762024817,326.65188564912626,326.65188564912626,1761
2011-09-08,328.9070739746094,346.7687194510205,324.93782248318746,346.7687194510205,1336
2011-09-09,346.49810791015625,373.8318446275023,329.2679181919165,329.3130123741791,25315
2011-09-12,342.8446044921875,351.2792821596568,332.8763665861055,350.0163421013792,2087
2011-09-13,341.9424743652344,350.91841923690356,333.86866092908497,333.86866092908497,403
2011-09-14,339.7774353027344,348.2121124443742,334.6805536706291,334.6805536706291,1598
2011-09-15,338.7851257324219,345.00966498061274,338.28897957439045,338.334073759656,585
2011-09-16,335.35711669921875,345.86662137356575,334.77075468443167,344.1526295111014,933
2011-09-19,337.70257568359375,342.7092409490934,331.9742108330512,331.9742108330512,392
2011-09-20,347.4453125,351.64009014011424,340.76974912830974,340.76974912830974,4110
2011-09-21,348.70819091796875,356.33097855993026,342.934732467559,342.934732467559,1885
2011-09-22,340.9952697753906,350.8281966517975,340.9952697753906,349.1142047700428,379
2011-09-23,337.1613464355469,340.9952881675899,335.5826645458821,340.9952881675899,556
2011-09-26,352.9030456542969,355.4289254832847,342.7994712782949,342.7994712782949,17463
2011-09-27,353.0834655761719,356.33104516469086,350.01631778202545,356.2408292675046,3009
2011-09-28,353.0834655761719,358.9471410029326,347.3100060465974,356.33104516469086,1970
2011-09-29,354.6170349121094,355.42892288477515,344.8742966500446,351.820507424016,62814
2011-09-30,349.3397216796875,356.3310266326057,344.60367638900095,344.60367638900095,2772
2011-10-03,353.6247253417969,356.7820889609201,340.9952708653041,341.8973747564822,32651
2011-10-04,352.1362609863281,356.33103859287195,347.30999964115364,348.21210353632546,36849
2011-10-05,355.203369140625,356.73695660352706,351.8655740884372,354.4816971169199,36557
2011-10-07,360.79644775390625,362.64574964431137,352.7226072411088,352.7226072411088,36614
2011-10-10,354.39154052734375,361.9241139789473,353.17369469480445,357.27825663518513,1222
2011-10-11,356.3310241699219,361.06706942787656,354.0757645232768,359.037335745896,26641
2011-10-12,359.8041687011719,363.5478946161515,351.8656373627528,356.33106296124026,28337
2011-10-13,355.33868408203125,362.6457304249567,353.62469235468416,362.6457304249567,3086
2011-10-14,354.2562561035156,356.3310843166386,352.0460902647297,352.0460902647297,370
2011-10-17,356.6468200683594,359.66887395879394,354.52687017327673,354.57196436103266,651
2011-10-18,357.9999084472656,359.9394261649567,348.2571706195231,356.3310108650574,1237
2011-10-19,357.233154296875,361.60836383909214,353.85026457815457,361.60836383909214,1505
2011-10-20,360.8415832519531,361.743687210083,347.3100238800049,352.8128635306028,44050
2011-10-21,357.1429138183594,366.2541683397119,350.0162988074094,366.2541683397119,160790
2011-10-24,352.6324157714844,357.188057071929,349.3397419792988,356.3310473384713,639
2011-10-25,343.52117919921875,353.8051864343969,342.7995070385174,351.8205466974257,2606
2011-10-28,356.5565185546875,357.6390541012079,350.467318048061,350.51241222498993,3143
2011-10-31,360.3905334472656,360.5258435357959,351.86563997949304,351.86563997949304,26790
2011-11-01,351.8656005859375,359.93944116800685,350.91840254224223,359.93944116800685,1181
2011-11-02,356.5115051269531,358.99229108043517,352.7226573859873,352.7226573859873,5540
2011-11-03,358.1352233886719,358.1803175685247,353.6697983822694,358.09012920881906,14598
2011-11-04,357.9096984863281,363.5478474857977,350.91839372698587,363.5478474857977,14793
2011-11-08,360.6611633300781,371.6668429938493,358.13528317611207,369.862635018151,15283
2011-11-09,353.5796813964844,360.52586582746613,352.76776575504493,359.35314161432234,1237
2011-11-11,348.0767822265625,359.8041324853865,344.1075307218886,353.57962131555416,2052
2011-11-14,359.3079528808594,361.7436442908375,352.72260577984406,360.8415404397382,96146
2011-11-15,346.317626953125,358.0449757990971,344.6938512018453,355.6995005238983,663
2011-11-16,348.0317077636719,378.8836751834812,344.15267162499543,366.25421934403187,544
2011-11-17,338.739990234375,351.8204958492843,329.49342592038744,349.1592785225172,2227
2011-11-18,336.62005615234375,340.0931615843428,324.93782746474307,340.0931615843428,3682
2011-11-21,329.4935302734375,346.4079825462012,326.5616918794918,332.87642072799025,2637
2011-11-22,326.7420349121094,331.9742263811057,322.9531876207496,327.50880118271925,1119
2011-11-23,329.2679443359375,331.072152250107,320.42733656851806,322.9532166363442,8284
2011-11-24,325.524169921875,330.8916711488362,318.66817536346446,323.90036652302774,1304
2011-11-25,321.0588073730469,330.17006325859313,320.4273510924824,324.75743927074734,395
2011-11-28,324.08087158203125,333.7784898687587,322.95324154869087,322.95324154869087,590
2011-11-29,328.5462341308594,329.2679062009337,324.7573869379072,324.7573869379072,224
2011-11-30,329.0875244140625,329.1777403190338,317.6308202634638,329.1777403190338,747
2011-12-01,328.9070739746094,336.9357928497634,324.7573906985671,335.582637055186,1061
2011-12-02,329.76397705078125,335.5825565842084,320.69784641313464,335.5825565842084,1335
2011-12-05,328.5462341308594,340.8599462129167,326.5615946431178,340.8599462129167,69
2011-12-07,330.2602233886719,338.1085103275793,328.0049637746138,328.0049637746138,227
2011-12-08,321.554931640625,331.0721163436715,321.37449985676557,331.0721163436715,612
2011-12-09,329.0875244140625,340.9502139020464,322.05112430676655,340.9502139020464,146
2011-12-12,315.8265380859375,328.90704286288417,315.8265380859375,322.4118846512879,1181
2011-12-13,315.6461486816406,324.7123093825253,311.45137105825876,315.8265804734097,304
2011-12-14,308.6097717285156,320.201813177109,306.7604420834711,310.32376375487706,486
2011-12-15,296.1606750488281,306.7153008245045,293.27395932378835,306.7153008245045,1106
2011-12-16,288.8537292480469,300.40065013304024,281.90751701674196,300.40065013304024,2050
2011-12-19,284.1176452636719,287.7711551874261,281.4564276441283,285.0648433831556,922
2011-12-20,285.2452697753906,296.7470947255269,281.4564223092174,291.28934950568146,461
2011-12-21,280.68963623046875,288.6732616283843,280.55432614508595,288.6732616283843,272
2011-12-22,280.9151611328125,284.1627408196136,271.98433764163013,271.98433764163013,1797
2011-12-23,284.1176452636719,293.0935628964859,271.8941204297006,279.6522197746147,1162
2011-12-26,291.3795471191406,293.27397073335055,284.2078104117833,288.62814135494824,1102
2011-12-27,283.4861755371094,297.6943132131936,280.55433760394914,288.6732734188544,613
2011-12-28,283.17041015625,288.6732494804769,281.05046047437247,283.26062605271795,121
2011-12-29,279.4717712402344,288.58302594168066,279.02071929986596,288.4477158655753,41
2011-12-30,280.55426025390625,301.21243018138904,276.088835774834,301.21243018138904,127
2012-01-02,281.95257568359375,306.5349080702686,278.75011770578107,306.5349080702686,103
2012-01-03,292.2365417480469,306.71529696018746,281.45639015170144,306.71529696018746,659
2012-01-04,292.958251953125,304.86603486900424,288.76347417481315,304.86603486900424,608
2012-01-05,294.7174072265625,302.56569602555203,288.89882503125085,288.94391922220973,952
2012-01-06,293.138671875,297.6491913528118,288.67324657995584,297.6491913528118,1090
2012-01-09,298.8219299316406,320.15668259283,294.08588424970515,312.12796303803066,1568
2012-01-10,302.3852233886719,307.61741473878794,302.20479160555414,305.768112846943,1005
2012-01-11,302.565673828125,313.70666365069764,302.2048377368331,313.70666365069764,746
2012-01-12,301.75372314453125,307.66249206255685,297.69425601702636,307.66249206255685,83
2012-01-13,308.4293212890625,314.8342645553632,299.0474461321,301.16739582637206,1105
2012-01-16,297.5589904785156,299.4985084458795,294.5369367698183,299.4985084458795,458
2012-01-17,309.78253173828125,310.3237996855996,297.6943427216508,300.4457491196414,462
2012-01-18,296.070556640625,322.90815180348676,293.2740286134467,314.8343096416388,3283
2012-01-19,295.12335205078125,306.71539529056344,291.96598768749607,304.8660928897951,2100
2012-01-20,298.416015625,303.9188559631882,295.34886729011805,296.34118727405877,395
2012-01-23,307.66253662109375,310.27866006172906,303.5579747208319,310.27866006172906,182
2012-01-24,301.843994140625,306.89578188319337,298.01005226466225,306.715350077019,267
2012-01-25,302.3852233886719,314.8342455830997,299.9044377859397,314.8342455830997,440
2012-01-27,320.9685363769531,328.726634933956,306.715306667362,306.715306667362,757
2012-01-30,314.92449951171875,332.8763628991926,309.01570202625004,332.8763628991926,317
2012-01-31,315.2852783203125,323.4944284120534,310.00796558062024,318.44264162251875,241
2012-02-01,306.8506164550781,321.96085581373796,300.40057948858043,310.6845577848873,1796
2012-02-02,316.864013671875,319.2997053583746,310.7748119856539,315.69128954431767,966
2012-02-03,323.5846862792969,324.84762625802585,316.6835692851201,319.07416669096,943
2012-02-06,324.98291015625,329.26790341993404,321.73533080829503,324.75738419500345,1234
2012-02-07,323.7651062011719,329.0424198807272,318.6231301398326,322.05111418072545,220
2012-02-08,328.410888671875,329.2228041438149,320.24686001312745,320.24686001312745,496
2012-02-09,322.09619140625,330.17003244666967,316.6835679235177,330.17003244666967,684
2012-02-10,325.6595458984375,329.2679619194728,299.22790955636555,324.7574418931787,882
2012-02-13,329.4032287597656,331.07212645635457,323.85529536193815,323.85529536193815,1808
2012-02-14,327.1029052734375,333.64315906084477,325.20848142901036,329.2679492970563,1789
2012-02-15,336.9808654785156,342.70923014852735,324.75736992795873,333.77840798151317,9663
2012-02-16,338.92041015625,343.65645512699064,338.28892648147524,341.8973416972776,3862
2012-02-17,340.7246398925781,348.6631428709017,339.1910523142536,342.7994677644053,2896
2012-02-21,346.2726135253906,349.1142355177855,343.7016117113082,349.1142355177855,1653
2012-02-22,335.4022216796875,350.01631598810883,333.77844565876353,345.50579645217954,955
2012-02-23,334.8609619140625,340.9952571146979,331.97421856669,340.9050412232129,3611
2012-02-24,343.656494140625,345.9568480898376,324.98293226692044,341.8973805112085,15183
2012-02-27,338.3340759277344,342.7995014987423,334.9060919247581,342.7995014987423,1361
2012-02-28,349.92608642578125,358.5862891025653,339.281271748709,341.8973674713767,3045
2012-02-29,345.05474853515625,349.1142161649816,335.89839927611104,347.58062849281464,26571
2012-03-01,334.0039978027344,339.46171585677706,332.42531584147906,339.4166216698955,1409
2012-03-02,336.62005615234375,359.93944687573685,329.4934410309846,359.93944687573685,530
2012-03-05,333.9588317871094,350.91837191116696,332.8762962345003,350.91837191116696,438
2012-03-06,333.55291748046875,341.89737856686315,329.4934499249255,332.87633955454487,727
2012-03-07,333.55291748046875,338.28896296193585,331.34275191044026,338.28896296193585,821
2012-03-09,343.8368835449219,348.21209280770773,340.1833738940532,348.21209280770773,2355
2012-03-12,349.1142272949219,350.9184351879189,342.84459385474617,350.69290920129424,2908
2012-03-13,355.4740295410156,359.0373509455764,341.0854889043028,348.21210418339825,1670
2012-03-14,354.4366149902344,359.8041441797776,348.2571978008511,351.82051919962703,83932
2012-03-15,355.609375,358.04503905724414,347.76105991215087,347.76105991215087,8356
2012-03-16,346.9942321777344,354.1659686273775,344.6487567172834,347.3099740237608,643
2012-03-19,337.97320556640625,347.7610379511932,335.58263584395297,347.7610379511932,1279
2012-03-20,337.4320068359375,338.06349067910486,331.97428837868074,335.7631363776236,751
2012-03-21,348.34747314453125,350.9184751911409,330.21517624690057,333.7784982537844,2227
2012-03-22,345.9117431640625,365.3520707304242,342.7092578779163,365.3520707304242,690
2012-03-23,339.1910400390625,347.9414582010161,338.0634102516986,338.0634102516986,1434
2012-03-26,340.31866455078125,356.33100728312417,339.19103478089795,356.33100728312417,828
2012-03-27,339.1910400390625,340.09314386895363,339.1910400390625,340.09314386895363,389
2012-03-28,336.6651306152344,342.79942510510654,333.77838760234056,342.7543309296014,1375
2012-03-29,344.1526184082031,347.1746718084872,337.3868395404141,340.0931510875297,343
2012-03-30,343.2054748535156,343.701621037227,342.7995170450033,343.0701372306588,164
2012-04-02,350.69287109375,351.8205009043408,347.3099816619775,351.8205009043408,809
2012-04-03,369.1860046386719,378.34235331002185,350.9184014769538,350.9184014769538,11147
2012-04-04,388.67144775390625,389.708861671332,368.05836935625797,369.8625770491808,11583
2012-04-09,390.4756774902344,400.3536986486131,384.29626028712397,394.5802392113376,6473
2012-04-10,390.2501220703125,396.74525312340995,387.9046466080728,387.9046466080728,1288
2012-04-11,397.3767395019531,401.12046491293603,385.1983377238002,387.99486511960316,2264
2012-04-12,396.24908447265625,401.30087113528424,388.80672830441625,397.8277660841011,1838
2012-04-13,390.385498046875,401.21074582633776,387.9047120974148,401.21074582633776,3579
2012-04-16,391.42291259765625,394.2194404501044,387.90471257104093,387.9498067581656,2280
2012-04-17,404.9971923828125,408.4135449036517,392.1972693923408,398.9844341880139,3945
2012-04-18,409.96234130859375,437.29316406249995,405.6805012895415,405.6805012895415,2484
2012-04-19,407.82135009765625,418.98143410706547,402.67405160480604,409.9622697333998,2695
2012-04-20,408.8235168457031,422.07895345758845,400.85202765929665,405.4071643372432,1848
2012-04-23,397.48114013671875,424.49311776431256,397.2533833459454,414.51735920750264,1163
2012-04-24,397.5723571777344,409.05130813348717,391.83289560103316,400.85206142257096,1216
2012-04-25,397.39013671875,403.58511150809306,389.6919445769454,389.6919445769454,667
2012-04-26,386.36669921875,396.25135138660545,374.4777757883656,393.10829595271866,690
2012-04-27,365.73193359375,382.6314794833244,364.41093284126134,374.8877471604476,3776
2012-04-30,376.89202880859375,379.8984079665261,357.39602112191,369.0116199266419,751
2012-05-02,384.9546203613281,390.8307582674075,373.56677775446894,384.40802615807894,507
2012-05-03,376.02655029296875,380.80944402776726,370.1959806338747,378.0763618935967,507
2012-05-04,365.8685607910156,373.52118437381483,355.3006387946043,373.52118437381483,4051
2012-05-07,364.866455078125,374.4322422899111,359.8558046338561,374.4322422899111,724
2012-05-08,365.64080810546875,374.43221588637044,364.4109157044968,373.52118859710924,460
2012-05-09,357.44158935546875,371.69916194306006,356.21169686209925,371.69916194306006,1587
2012-05-10,353.3419494628906,368.9660623449287,351.65654337072215,368.9660623449287,761
2012-05-11,350.1077575683594,354.38959672166715,338.9932419104236,338.9932419104236,1735
2012-05-14,343.32061767578125,349.37894320345566,341.7263200210067,349.0600781120318,1011
2012-05-15,339.904296875,346.19037978965855,337.08010663729914,346.19037978965855,1271
2012-05-16,335.8501892089844,343.4117320441592,335.25802705861616,337.125621794934,1966
2012-05-17,347.78466796875,349.3789657263016,339.9042874704644,345.27934292116896,780
2012-05-18,350.6088562011719,350.7455047334559,338.4466363856594,342.09074552574725,586
2012-05-21,345.27935791015625,345.27935791015625,341.72635688527066,341.7718971308105,236
2012-05-22,339.9498291015625,380.26278684990746,332.57050246173515,380.26278684990746,1214
2012-05-23,336.4879455566406,344.36832629904615,335.2580531165317,337.0801077530346,530
2012-05-24,339.49432373046875,350.5177598140037,337.1712151957203,337.58116080649205,433
2012-05-25,341.63525390625,346.14485037875176,340.7242265625,346.14485037875176,335
2012-05-28,337.03460693359375,353.4331005803778,332.7527669159932,332.7527669159932,2044
2012-05-29,337.2622985839844,344.3227597612902,332.5704860113824,332.6160540552238,83
2012-05-30,341.1341857910156,343.4117540556042,335.2580485474383,335.759102444709,180
2012-05-31,335.94134521484375,353.3875139211244,335.3947232282616,353.3875139211244,623
2012-06-01,335.759033203125,337.08003364510313,332.7526548347943,335.3946279164093,439
2012-06-04,340.9064025878906,342.5462404905778,333.11710304426447,342.5462404905778,603
2012-06-05,342.500732421875,345.0060575544128,342.1362992516279,344.96048950695814,14
2012-06-06,337.3533935546875,348.0124239429899,332.7527168721913,348.0124239429899,276
2012-06-07,341.31640625,345.27938095867637,339.8132166163226,344.7783270149004,1334
2012-06-08,346.0992431640625,346.1903514485969,342.6373507705145,346.0992431640625,700
2012-06-11,342.2729797363281,354.3896321303868,338.35554552751415,347.28363006207906,1247
2012-06-12,344.36834716796875,347.92134836399384,339.81321030066755,347.92134836399384,758
2012-06-13,339.4031982421875,344.3227677409717,337.17119811259073,337.17119811259073,277
2012-06-14,337.0801696777344,342.3185777200235,333.89157347808015,337.2168182401062,928
2012-06-15,337.1711730957031,341.77184934588945,334.3469832084059,334.80249680950726,316
2012-06-18,334.939208984375,346.1904026303306,334.57480359470765,346.1904026303306,142
2012-06-19,334.21038818359375,338.4011195449803,333.43600937730247,334.3470367253279,590
2012-06-20,338.9932861328125,341.6352599156908,337.08012311681495,341.6352599156908,209
2012-06-21,340.72418212890625,341.63520935384986,334.34699155430104,334.4380998372643,180
2012-06-22,339.3121032714844,346.0992394603194,338.9021298966393,346.0992394603194,37
2012-06-25,335.0758056640625,339.8131584034942,332.7982375782482,338.9476714099468,136
2012-06-26,336.2146301269531,338.9021719122503,334.3470351929996,337.99114456840016,156
2012-06-27,335.3946838378906,342.54625346674806,335.2580353078811,338.90214438731454,382
2012-06-28,333.6637878417969,337.08014061833404,332.8894089853118,332.8894089853118,365
2012-06-29,340.9064025878906,343.4572677259251,335.25802260779955,335.303562848629,960
2012-07-02,336.2146301269531,341.6352539438007,335.303602783103,337.99114456840016,1033
2012-07-03,337.4900817871094,340.72421765190376,335.7135673923169,337.0801083722042,228
2012-07-04,335.8501892089844,341.08859588177523,335.25802705861616,341.08859588177523,2019
2012-07-05,336.670166015625,347.05590066274607,332.79829954875885,347.05590066274607,1770
2012-07-06,344.2772216796875,347.0103036635998,338.9021660051294,345.96262779690295,5239
2012-07-09,344.8238525390625,350.65442202813045,341.6352568088466,346.19039356629787,376
2012-07-10,345.6893005371094,350.4721935913587,337.58113578422007,337.58113578422007,214
2012-07-11,342.81951904296875,345.689276921347,342.5462220080486,343.5027894326125,1271
2012-07-12,344.4138488769531,347.5569040846333,342.5462540912768,342.7740109091567,3104
2012-07-13,348.51348876953125,351.61100388718376,345.27935291723486,347.0102992579336,474
2012-07-16,349.42449951171875,351.6565274519767,347.10139108601845,351.6565274519767,8024
2012-07-17,346.3725891113281,386.1844652710038,346.1903725311625,386.1844652710038,428
2012-07-18,340.72418212890625,349.6978058550696,335.25801877924465,338.0366406943848,3735
2012-07-19,342.40966796875,348.0124811492959,340.2687479300053,341.9085861966794,335
2012-07-20,337.8089294433594,348.2857439430612,337.08011868605854,348.2857439430612,1007
2012-07-23,340.5875549316406,341.5441224567894,334.34701248955434,337.5356079765119,465
2012-07-24,334.2559814453125,337.03463197891176,332.75279164312417,335.3036575012406,2836
2012-07-25,333.4360046386719,339.3121420708663,332.7527341373631,333.75486976641884,522
2012-07-26,333.0260009765625,337.08008337046977,332.7527039217948,332.98046073488297,699
2012-07-27,340.1775817871094,345.27934013050964,333.52709374458425,345.27934013050964,328
2012-07-30,328.06097412109375,340.0409789371086,326.238919310982,340.0409789371086,1656
2012-07-31,321.68377685546875,336.9890258811049,319.9528303755521,336.9890258811049,1524
2012-08-01,325.6922607421875,334.2103715836064,324.32571978802446,324.32571978802446,358
2012-08-02,332.5249328613281,332.5249328613281,332.5249328613281,332.5249328613281,51
2012-08-03,327.19549560546875,337.0801487718151,324.32576476423293,336.9435002179183,439
2012-08-06,337.03460693359375,341.63528430800125,327.9698729356812,337.08014718389455,976
2012-08-07,331.7050476074219,337.0801031512563,329.33637105183556,337.0801031512563,452
2012-08-08,327.7420959472656,336.16909910921754,326.1477980517612,333.3904767551351,845
2012-08-09,327.46881103515625,332.52500199941284,319.0873478090256,324.14353877328216,171
2012-08-10,326.3299560546875,334.3469843402742,322.4580904322184,322.5036306715452,92
2012-08-13,331.9328308105469,331.9783710585176,328.516478142267,328.516478142267,188
2012-08-14,328.8808288574219,334.346992217933,328.0609099138141,334.346992217933,589
2012-08-16,325.5101013183594,327.96988658871544,324.0524796198465,325.1912639482795,778
2012-08-17,323.0047912597656,327.9699022903807,319.9528713553348,327.9699022903807,1123
2012-08-21,324.8267822265625,332.47943401301785,323.4147009910617,332.47943401301785,1427
2012-08-22,326.6944274902344,332.4794569750043,320.68164115805104,332.4794569750043,326
2012-08-23,327.0588073730469,327.9698346916348,322.50367078010754,326.147780054459,205
2012-08-24,324.3257141113281,329.74633758890263,320.6816049640098,320.7271452074127,411
2012-08-27,319.26953125,327.7876143390019,318.9506661316902,324.32572168910195,894
2012-08-28,318.99615478515625,326.8309939282961,311.5712889853025,319.77053343228414,2297
2012-08-29,316.8553161621094,318.85958754763436,311.57136840368844,318.85958754763436,119
2012-08-30,319.7250671386719,324.872366227013,314.3044431574801,319.7706073863058,475
2012-08-31,320.681640625,325.23677756569606,320.681640625,320.681640625,51
2012-09-03,319.7250671386719,326.14779898660254,318.8595800148349,319.7706073863058,1775
2012-09-04,318.85955810546875,328.8808585030692,318.85955810546875,327.19545242118517,122
2012-09-05,315.4432678222656,320.90943275203773,314.8966457688179,319.77064839166854,352
2012-09-06,314.304443359375,327.96985394021743,314.304443359375,319.67949929403653,251
2012-09-07,314.62335205078125,327.3777370250519,311.5714043714674,327.3777370250519,664
2012-09-10,315.4887390136719,323.3691473042478,315.3976585266624,323.3691473042478,18
2012-09-11,305.74078369140625,317.03751725138835,304.28313437345895,315.26100280102315,3653
2012-09-12,298.7257995605469,309.7492337332883,296.17493463897443,307.10726053544346,8505
2012-09-13,291.34649658203125,309.43039263000463,285.19706278905113,300.6389854345835,11968
2012-09-14,285.88043212890625,301.5045767472552,280.86978063791145,297.90600682823543,13324
2012-09-17,298.9991760253906,300.27460870643927,288.79565897230714,291.52874091841727,3147
2012-09-18,303.09881591796875,305.14862749234,295.1728667094604,296.2205426203359,2851
2012-09-20,299.4547119140625,304.23760567482884,298.36146793351907,301.59560402224037,1759
2012-09-21,305.2397155761719,306.46960811184283,298.8625238529074,300.63903838247086,2722
2012-09-24,301.0945129394531,308.8382447397114,300.7301075916749,305.28524394476796,2394
2012-09-25,309.24822998046875,310.52366264773053,301.5500381278669,304.2831200444337,1341
2012-09-26,304.19207763671875,310.66037846733025,303.3721584446363,308.8383234616568,958
2012-09-27,307.8816833496094,317.9485237692147,306.10516901563363,309.74927817058165,2045
2012-09-28,309.02044677734375,312.25458231495617,305.19412129981123,309.7492574386144,969
2012-10-01,304.9208984375,315.12438918944883,302.46111320316027,315.12438918944883,4505
2012-10-03,312.8467712402344,314.8965826782122,305.19414743225326,306.10517473802116,3394
2012-10-04,314.304443359375,318.7229316743172,313.30230768964344,314.2589031117118,1291
2012-10-05,314.6687927246094,323.4146594997184,313.4389004308318,316.4453069047708,1014
2012-10-08,313.1656799316406,318.8596013849432,308.38278591086646,318.8140611342571,1580
2012-10-09,311.6168212890625,316.0808765050889,310.7057941514803,316.0808765050889,164
2012-10-10,326.739990234375,331.5684524133815,310.4326043973053,315.1243902165741,9153
2012-10-11,335.4858093261719,345.09713639502553,327.3321037219492,329.7918885976218,49098
2012-10-12,332.06939697265625,340.1775330666642,330.8395047567335,335.7135055814097,4423
2012-10-15,331.7050476074219,338.71994118078305,329.79188470474264,338.71994118078305,1621
2012-10-16,323.8246765136719,337.0345728371903,322.50367576038093,331.70505738068056,2177
2012-10-17,325.10009765625,331.15842364247237,320.86382627053644,331.15842364247237,2934
2012-10-18,328.3797912597656,331.61392695389964,320.8638162669918,327.9698178664941,1445
2012-10-19,323.77911376953125,327.9243048824301,321.27378856368574,321.31935661247365,1693
2012-10-22,325.6466979980469,331.6139152979931,320.3171830845744,320.3171830845744,828
2012-10-23,319.95281982421875,331.5228506101548,318.95068416815224,331.5228506101548,660
2012-10-25,319.9983825683594,344.18614954618056,311.57137889929936,344.18614954618056,4102
2012-10-29,314.8966064453125,321.59266320856693,314.3044442123388,321.59266320856693,3939
2012-10-30,302.2333068847656,318.85955511580397,299.72798180885576,318.85955511580397,2162
2012-10-31,308.97491455078125,314.3044300114449,308.06388721741473,313.39340267807836,3112
2012-11-01,317.1741943359375,320.3627903423641,310.6603537689933,310.70589401957335,1509
2012-11-02,314.304443359375,321.5926623358243,312.93790230129076,321.5926623358243,757
2012-11-05,311.480224609375,318.76844292279634,307.9272237420514,309.74927832040675,7016
2012-11-06,311.7535705566406,315.2154633686518,302.00556678239326,310.66032661476953,7237
2012-11-07,313.8944091796875,317.03746412601214,312.9378417450723,316.80970732707107,3873
2012-11-08,315.98980712890625,317.0374829056253,311.5713194072525,314.3044011564389,1710
2012-11-09,316.58197021484375,317.03748384105216,310.2958877336368,315.9898080612419,2571
2012-11-12,316.5364685058594,316.5820087530858,315.30657600491,316.5820087530858,3545
2012-11-15,316.2630615234375,319.31500795883335,315.3064941611879,318.03957554171996,1635
2012-11-16,315.30657958984375,320.68163553406424,314.30444391833,314.30444391833,2333
2012-11-19,313.8489074707031,319.7705849701503,313.57561039935973,319.7705849701503,2658
2012-11-20,314.304443359375,318.8595802196558,311.66246954088194,314.48665995472584,5422
2012-11-21,314.8055114746094,317.8119186192385,313.71229526030356,314.7599712248947,1046
2012-11-22,313.71221923828125,317.94849012213325,312.48232696817104,314.30438135282515,1429
2012-11-23,316.0353698730469,318.08518133088893,312.48236890659007,314.75993719308127,1909
2012-11-26,315.8531799316406,318.8595589378299,315.2154496928261,315.2609899374498,6942
2012-11-27,317.99407958984375,321.59264867757156,313.3934026772935,314.30443001065777,1622
2012-11-29,318.17633056640625,321.5926834357664,317.12865458027267,318.8596011402783,8505
2012-11-30,318.1307678222656,320.9093901719419,315.4432259674517,317.08306410785923,1394
2012-12-03,325.5101013183594,326.967750819224,317.4930707671315,320.681666886744,1615
2012-12-04,320.6361083984375,325.5100828050433,319.90726978828184,319.90726978828184,2623
2012-12-05,321.63818359375,327.96983457665493,319.7705887122386,320.2261023713728,3366
2012-12-06,318.6318359375,322.50370242137245,313.8489420456576,321.6382152628609,924
2012-12-07,320.2716369628906,321.4559891371418,318.85955576543955,318.99620430029825,2129
2012-12-10,324.052490234375,326.9677615292439,319.0873792788311,319.0873792788311,2467
2012-12-11,323.1413879394531,328.8808486932162,320.68160315792824,324.3257122847229,7305
2012-12-12,315.6709899902344,324.5079667761245,315.2154762961648,323.5969393879853,5682
2012-12-13,312.07244873046875,318.8596145029728,311.5713947429049,318.8596145029728,8705
2012-12-14,306.4695739746094,312.4368193895332,306.10516862005477,312.4368193895332,4221
2012-12-17,308.0183410644531,318.4951551972417,306.1962864326638,309.7492874041835,6920
2012-12-18,301.6867370605469,309.7493356217601,298.17927578788897,309.7493356217601,4041
2012-12-19,300.4112854003906,307.4717477562755,299.72801484982114,302.64331365319094,14251
2012-12-20,300.5934753417969,306.74290975152803,300.1379616818168,303.3720975467364,3827
2012-12-21,304.100830078125,317.03742581567786,300.6389382734876,307.8360466898697,22850
2012-12-24,303.8731384277344,312.3001407761836,301.0034080533263,312.3001407761836,1914
2012-12-26,296.7672119140625,304.2831888850249,291.4832634675393,304.2831888850249,11348
2012-12-27,289.7522888183594,301.55010620942784,282.4185284740865,282.4185284740865,24023
2012-12-28,298.9991760253906,300.1835004144328,289.70668628767714,296.03833725043796,1575
2012-12-31,305.19415283203125,308.8382621195779,298.999178164141,298.999178164141,1392
2013-01-01,312.8467712402344,314.30442048993245,307.01620204378906,308.8382566553249,2907
2013-01-02,315.4432678222656,317.4475394174564,311.57140099701036,311.57140099701036,1431
2013-01-03,312.1635437011719,317.81192489484584,310.705894250964,314.3044637246943,958
2013-01-04,310.4781188964844,312.9379039348156,303.37211647829287,309.8404164141257,1232
2013-01-07,317.4019775390625,318.40411335616193,309.79489230327295,312.4824345669915,1656
2013-01-08,324.0068359375,325.1000797585578,318.4040239098557,318.4040239098557,4623
2013-01-09,319.9983825683594,325.4645471104524,317.6752737589101,319.4062203034361,1138
2013-01-10,317.99407958984375,321.54710843184245,314.39553830446374,315.443214177363,1754
2013-01-11,317.72076416015625,322.5036573840726,314.3955201459027,322.5036573840726,2651
2013-01-14,318.58624267578125,320.68159424450886,313.3933761934973,316.12645796262666,2027
2013-01-15,317.8574523925781,318.9506963869593,314.304451114364,316.58201960069994,2933
2013-01-16,318.99615478515625,320.6815605930599,312.16345107933824,317.4929655303448,1337
2013-01-17,315.6253662109375,317.40185246624895,310.0680950535604,311.5712842856984,2378
2013-01-18,314.3955383300781,315.2154573697032,313.3934027028263,315.2154573697032,951
2013-01-21,311.9812927246094,315.21542833952475,311.4802110559573,312.02683296614805,729
2013-01-22,310.6602783203125,314.25884691739446,309.8858996320658,314.25884691739446,11244
2013-01-23,308.2916564941406,315.8987405952605,305.28527729362565,315.8987405952605,6389
2013-01-24,305.0574645996094,309.2026272538789,300.9578421845694,309.2026272538789,6809
2013-01-25,304.14654541015625,307.01627655936505,300.63908387118835,302.5066791803557,2595
2013-01-28,305.9685363769531,307.01621225295503,301.550048236582,301.550048236582,1380
2013-01-29,307.9272766113281,310.66035894811506,302.18781482501606,305.1941942745412,20185
2013-01-30,304.3286437988281,310.6602943500683,304.2831035569584,304.87526571299236,1902
2013-01-31,304.9664001464844,308.7927260713525,304.28312964578276,305.19415698005156,2976
2013-02-01,303.1899108886719,304.82977690787436,300.3657481599096,304.2831549014735,971
2013-02-04,303.2809753417969,305.19413818641976,301.185623722948,301.5500290737461,170
2013-02-05,305.10308837890625,309.7037936969067,303.4632500848248,309.7037936969067,245
2013-02-06,303.8276062011719,305.1941471585984,299.8190916198567,300.6390106338432,6608
2013-02-07,302.6888427734375,306.97068252051747,300.6390311970937,300.6390311970937,3361
2013-02-08,300.82122802734375,308.06387843983595,298.8169568301054,301.550038752332,12218
2013-02-11,298.49810791015625,301.5500551160604,296.99491833182987,300.68456800611716,498
2013-02-12,300.3201904296875,300.6845958456955,297.90597327098914,300.6845958456955,760
2013-02-13,300.7756652832031,309.7492899798537,300.6390167451521,309.7492899798537,1771
2013-02-14,296.7672119140625,305.19421639665677,295.8106441477904,296.99496879197045,1592
2013-02-15,295.1728210449219,300.59344415727105,294.03403701311277,296.0838482703692,5633
2013-02-18,296.44830322265625,307.7906051990044,289.7067061863371,296.0838978319483,3851
2013-02-19,300.5934753417969,301.7777997368062,295.21839191215395,295.21839191215395,477
2013-02-20,301.322265625,305.19413147203323,296.994886148904,300.6389951814059,1399
2013-02-21,294.5807189941406,305.1486425253253,293.0775293260176,300.6390457186061,1437
2013-02-22,292.71307373046875,302.4610774063724,291.52874930734686,302.4610774063724,2458
2013-02-25,295.40057373046875,299.9557097941614,293.80627610817635,293.80627610817635,952
2013-02-26,302.0967102050781,308.61055096007505,296.0839234303303,296.0839234303303,10357
2013-02-27,301.8233337402344,307.83611948809806,299.7279820685963,303.82760492363786,1915
2013-02-28,296.44830322265625,309.7037682531576,292.6675451646566,309.7037682531576,3194
2013-03-01,297.26824951171875,298.817007316924,293.3508425489315,296.08392493292774,2610
2013-03-04,293.85186767578125,305.1030612788475,293.35081374219226,300.5934924694996,4905
2013-03-05,294.8995361328125,297.8603747373494,292.4397514019513,296.5393740851562,2542
2013-03-06,296.17498779296875,298.36144780419414,293.8063111964965,293.8063111964965,1059
2013-03-07,297.99700927734375,300.6389826553614,295.1728193343548,295.1728193343548,387
2013-03-08,295.5372619628906,302.4610752705166,294.71734292172323,295.4461536689058,724
2013-03-11,308.8837890625,310.569195095877,298.81694871012485,298.81694871012485,18239
2013-03-12,304.6475830078125,310.1593159297684,302.46112262162063,308.8838552190003,247
2013-03-13,297.9059143066406,302.0055369805852,297.9059143066406,302.0055369805852,679
2013-03-14,294.0340881347656,300.18352297569413,293.35081759688467,297.4959810724227,1270
2013-03-15,294.9450988769531,303.37210170200893,293.57855787829544,296.266099629928,472
2013-03-18,300.7756652832031,305.1486131172684,296.4482854967199,298.2247998984257,2337
2013-03-19,298.3614501953125,302.0055595106751,296.5393955376312,298.40699044081543,905
2013-03-20,292.8041687011719,300.63900904275545,291.52873604145987,299.7279817426259,799
2013-03-21,287.2468566894531,297.8603455028183,284.2404781377792,297.8603455028183,2408
2013-03-22,290.1622314453125,294.261854809532,283.32952583828,287.88466290963504,1802
2013-03-25,292.1208801269531,300.5478821310344,285.6070408950782,289.70666349165833,1049
2013-03-26,287.5657653808594,291.8931451114829,286.15368416864743,286.70030611614294,1023
2013-03-28,284.240478515625,287.06466831775526,283.1472347850123,287.06466831775526,593
2013-04-01,296.9493713378906,297.9059389199053,282.509582499499,282.509582499499,2131
2013-04-02,312.48236083984375,314.98768589030897,297.90592418259155,297.90592418259155,2787
2013-04-03,306.7429504394531,314.25892682608134,297.9515133938192,307.9272749915571,472
2013-04-04,306.1963195800781,309.70378068644374,305.23972411342373,306.1052112781562,664
2013-04-05,302.59771728515625,307.01620532583433,300.6390141172858,307.01620532583433,616
2013-04-08,300.6390686035156,303.37215104536574,300.6390686035156,303.37215104536574,5606
2013-04-09,301.00347900390625,304.2831835487344,299.36364063266853,304.1920752386984,1234
2013-04-10,304.2375793457031,304.73863324205325,302.46106498164926,304.73863324205325,522
2013-04-11,301.96002197265625,305.8774284008569,296.0838845280074,305.8774284008569,1198
2013-04-12,296.1294250488281,303.326563259761,295.8105877224572,303.326563259761,200
2013-04-15,303.9642639160156,304.28312904284746,287.2013665591547,303.14434487726794,3412
2013-04-16,308.4431457519531,310.2901106965756,302.2096390638523,304.7492158627082,6459
2013-04-17,299.9471130371094,311.1674482689303,296.4840535661647,302.02494871967616,1399
2013-04-18,303.31787109375,303.64106745762905,300.13184485233654,300.13184485233654,1347
2013-04-22,296.2993469238281,313.6608055470684,295.51438121224356,300.1317934186849,1536
2013-04-23,323.7267761230469,332.4536969407204,295.5605601322358,296.43787977214237,5381
2013-04-25,319.2016906738281,332.4536689475316,310.0130575665519,327.83625687881585,2165
2013-04-26,335.08563232421875,340.7650440892158,324.1423590116931,324.1423590116931,11836
2013-04-29,334.2545166015625,336.147644535444,331.94581025173113,334.3006794555789,1661
2013-04-30,329.91412353515625,334.30066541560967,313.9840503903516,334.30066541560967,672
2013-05-02,332.2690124511719,339.84158068506963,314.03023196603567,314.03023196603567,1038
2013-05-03,329.6831970214844,332.91538522757736,329.6831970214844,332.4536440552784,1628
2013-05-06,331.7610168457031,341.5037438544855,329.6831816671288,330.2834395266727,2741
2013-05-07,341.0882263183594,343.5354490149065,332.4536603370063,332.4536603370063,1797
2013-05-08,342.8428649902344,344.45895930331966,335.4550052732731,341.6885119094592,1018
2013-05-09,344.4128112792969,345.3824566359099,339.88772446190427,339.88772446190427,1110
2013-05-10,341.6885681152344,342.61205073176205,341.6885681152344,341.6885681152344,2067
2013-05-13,342.0117492675781,345.3824547536844,341.68852475631877,341.68852475631877,2408
2013-05-14,342.98138427734375,345.3824443397246,341.6885144537382,342.0117389552517,1104
2013-05-15,342.1964111328125,344.87453278814013,332.45368254239645,332.4998453919926,2560
2013-05-16,343.1661071777344,345.3824595705743,341.6885295216912,345.3824595705743,1983
2013-05-17,341.6885681152344,344.45901596481735,341.6885681152344,344.45901596481735,3215
2013-05-20,339.3336181640625,346.07502839143757,335.2241102230603,345.382416593456,640
2013-05-21,337.1634521484375,338.9180631878523,337.07109826584764,337.62519337893866,43752
2013-05-22,341.8270568847656,344.68985839810534,337.07112743552165,344.3666338722935,1514
2013-05-23,341.0882263183594,355.49455723611885,334.34678796316916,355.49455723611885,1538
2013-05-24,339.8876647949219,343.3507235783878,337.2557626654434,339.84150195078684,510
2013-05-27,342.9351806640625,346.2597228027712,337.7636738018985,342.6119562009688,4489
2013-05-28,342.61199951171875,346.3059294255917,340.9497423234554,346.3059294255917,951
2013-05-29,339.10272216796875,342.61194374194366,337.7174986757507,338.04069494464625,799
2013-05-30,341.6885681152344,346.0751105437408,336.4708969683437,346.0751105437408,1347
2013-05-31,341.7347412109375,345.2439921683462,341.68857835170934,345.2439921683462,6443
2013-06-03,341.6885681152344,345.1977907850583,338.9181202656514,344.1819824528402,1725
2013-06-04,341.7347412109375,346.2598287134502,338.5025519562592,338.5025519562592,572
2013-06-05,339.9801025390625,345.38248121053033,339.84158579004054,339.84158579004054,74
2013-06-06,340.580322265625,348.15288976153425,332.45368783594785,332.45368783594785,257
2013-06-07,336.65545654296875,343.53541085593713,333.56181342664513,343.53541085593713,1046
2013-06-10,335.270263671875,343.4892793234895,332.9153948977264,333.5618438307001,534
2013-06-11,336.9326171875,338.3178410255883,332.45372114119095,333.4695575922793,6414
2013-06-12,336.4708557128906,338.4563374584901,333.0077963255254,338.4563374584901,494
2013-06-13,337.0711364746094,337.99461904029323,333.37720621187395,337.99461904029323,6706
2013-06-14,334.8547668457031,341.6885318461359,334.67005906902256,341.6885318461359,655
2013-06-17,339.056640625,340.34951066538827,333.8851322809938,333.93132332178277,532
2013-06-18,334.4853820800781,340.765051981831,334.30067430195885,337.0711218790469,988
2013-06-19,337.9022521972656,342.4273109592052,336.65554514488167,342.3811481056707,763
2013-06-20,332.4537048339844,339.1489530563354,332.40754198129287,339.1489530563354,17537
2013-06-21,331.06842041015625,336.74783119074533,329.2676185659098,329.2676185659098,786
2013-06-24,332.4998779296875,333.23868087265913,332.4537150755739,332.4537150755739,2957
2013-06-25,332.4537048339844,335.87060140664687,328.482741299225,328.482741299225,877
2013-06-26,335.4550476074219,341.6885550302714,332.4537292186425,341.6885550302714,451
2013-06-27,332.638427734375,350.83101716662975,330.699108731508,350.7848543118393,1670
2013-06-28,331.2993469238281,340.2571384481281,330.606735048726,340.2571384481281,533
2013-07-01,332.1304626464844,337.9022280483156,323.4958959688553,337.9022280483156,610
2013-07-02,329.9602966308594,332.4537107343471,329.68326314489417,329.775617034366,433
2013-07-03,334.2083435058594,338.8719474923377,326.6358031813785,334.7624386960536,318
2013-07-04,337.1172180175781,341.6884668881131,330.606678772823,339.74914833144845,728
2013-07-05,333.515625,346.3058604144628,324.3269930798021,324.3269930798021,6453
2013-07-08,335.0394287109375,339.33364474070333,334.30065400820814,339.33364474070333,5093
2013-07-09,340.5341796875,341.68853283898306,337.57902434672343,340.3033090572034,583
2013-07-10,334.94708251953125,341.1805888082388,334.2544707096749,340.53413984606084,1708
2013-07-11,336.14764404296875,338.9642545126563,335.50119499298285,338.87192880475874,496
2013-07-12,337.0711364746094,339.841584171661,336.1476539089255,336.1476539089255,475
2013-07-15,338.0869140625,339.8415249952798,334.300630566009,334.39298444298606,1606
2013-07-16,337.99456787109375,340.67266126964853,337.07108544521645,337.07108544521645,1084
2013-07-17,337.0711364746094,339.05661835433943,337.0711364746094,337.16349036766803,502
2013-07-18,350.2307434082031,354.5249314614907,339.79540227376657,339.79540227376657,5846
2013-07-19,346.7676696777344,354.6172707223702,344.4589634881356,353.6937882465307,3863
2013-07-22,345.7518005371094,350.87714470155413,338.96419934673145,342.5196121781147,2482
2013-07-23,348.4761047363281,350.9233275684078,343.53546804065184,346.4444320932162,1545
2013-07-24,346.305908203125,349.07635546874997,341.68849609374996,349.07635546874997,987
2013-07-25,350.3230895996094,354.6172775585552,346.30593511577655,346.30593511577655,1895
2013-07-26,346.305908203125,352.724122308135,344.458943359375,344.6898139648437,1317
2013-07-29,346.44439697265625,352.7702566885072,346.25971741265266,346.30588025704236,5504
2013-07-30,342.1502380371094,346.2597460962289,339.84153197747975,343.76633227885014,754
2013-07-31,339.93389892578125,343.9510532604736,339.84154504335595,339.88770789334455,3075
2013-08-01,340.0723876953125,341.6423190201089,338.50245637051603,339.01038859086583,1519
2013-08-02,340.0262451171875,342.8890181304828,335.2241251641708,337.5328312603428,1103
2013-08-05,335.77825927734375,339.3336727150366,334.30068156762655,339.3336727150366,1343
2013-08-06,322.9880676269531,335.17805028714247,319.0632662333447,334.3007304673539,3367
2013-08-07,322.7571105957031,324.92729995150563,319.7557926860149,320.6331122710565,738
2013-08-08,329.5447082519531,331.2993192189929,319.66343505383645,331.1146114614321,578
2013-08-12,330.56060791015625,341.6423991090558,327.8363229674458,341.6423991090558,306
2013-08-13,326.4049072265625,327.83629385633554,323.5421057845665,323.5421057845665,552
2013-08-14,329.12921142578125,332.4537546083556,327.9748581111689,327.9748581111689,1254
2013-08-16,327.328369140625,336.8402272033398,321.3718960020898,328.7597556802987,1726
2013-08-19,326.9128112792969,332.45370638572564,320.5869503963007,323.2188812083443,3665
2013-08-20,330.9299011230469,334.3006060168383,317.3085366513663,320.8177582592283,1227
2013-08-21,332.36138916015625,335.8706400241355,323.3112707609864,323.3112707609864,954
2013-08-22,331.2070007324219,335.6397337455327,325.0658476003262,335.17799248473676,499
2013-08-23,331.8533935546875,334.30061618585734,328.852075867936,334.2544533405777,1441
2013-08-26,332.59222412109375,336.7478954633376,328.8521311860543,328.8521311860543,576
2013-08-27,329.03680419921875,335.224148235779,328.7597707215904,335.1779853836574,2440
2013-08-28,328.805908203125,332.3613211980838,319.98666226223844,320.0328251107981,1164
2013-08-29,326.1278381347656,335.17798351360597,315.04604817227073,335.17798351360597,1543
2013-08-30,324.83502197265625,326.8666950746068,323.2189273359764,326.8666950746068,186
2013-09-02,327.28216552734375,331.5301903155082,323.26501134524864,323.3112023759307,3385
2013-09-03,326.589599609375,327.74395280195904,323.2650567782429,327.74395280195904,451
2013-09-04,324.2347106933594,328.7597692971961,323.26503716096266,323.680615558054,505
2013-09-05,332.4537048339844,337.07111740112305,325.2043614670867,335.03944459860213,908
2013-09-06,324.6040954589844,325.1119995558552,324.6040954589844,325.1119995558552,254
2013-09-10,327.97479248046875,336.97874653267303,325.06582834624624,336.97874653267303,1006
2013-09-11,331.5301818847656,335.2241114879385,323.21884027762667,332.45366428555883,1307
2013-09-12,328.9444580078125,338.7795404053656,328.9444580078125,338.4563159132972,8343
2013-09-13,328.15948486328125,332.4536724965388,326.5895534701799,326.5895534701799,5868
2013-09-16,324.1423645019531,330.6067421415932,318.69382327074646,329.68325962164465,1739
2013-09-17,325.9892883300781,331.53018274928627,324.18848637085694,331.53018274928627,3414
2013-09-18,329.5908508300781,330.0987830409087,326.0816291118179,330.0987830409087,212
2013-09-19,329.8678894042969,331.53014627419856,327.8823799099035,331.53014627419856,889
2013-09-20,331.2993469238281,331.5763804008892,325.666098036508,327.8362875483177,698
2013-09-23,328.8521423339844,336.00913211046736,325.06585823509675,325.06585823509675,679
2013-09-24,325.9892883300781,333.37714755568896,325.9892883300781,326.0816422068875,1328
2013-09-25,322.341552734375,325.98931985273225,321.8798114881247,325.98931985273225,775
2013-09-26,325.0657958984375,325.0657958984375,319.5249016501687,321.3718663995916,2473
2013-09-27,319.8019714355469,325.0658328426257,318.64761833596367,325.0658328426257,2929
2013-09-30,315.64630126953125,322.2030325322698,311.8600456369523,321.51042067034206,1042
2013-10-01,316.80072021484375,321.32580786586607,309.45904986202765,312.13714398159175,845
2013-10-03,321.3719482421875,327.7901636539134,317.6780178026221,324.32710386682083,1433
2013-10-04,327.743896484375,331.43782606590065,317.81646073402476,317.81646073402476,1605
2013-10-07,335.0394287109375,341.64235091479316,323.21886437257695,323.21886437257695,527
2013-10-08,336.3323669433594,338.91810689464296,335.31653046876517,337.07114173445416,978
2013-10-09,334.5315246582031,337.0711014499493,332.45368910131987,336.14761898022346,197
2013-10-10,339.056640625,340.7650891202235,332.63845328139456,340.21099390792756,836
2013-10-11,335.177978515625,340.7188734142498,334.30065888369654,334.30065888369654,416
2013-10-14,326.6357727050781,340.30330248156133,323.2188761697326,340.30330248156133,1101
2013-10-15,329.91412353515625,337.532854169628,312.5988266386295,337.532854169628,316
2013-10-17,332.4537048339844,340.76504745483396,327.8362922668457,340.76504745483396,543
2013-10-18,326.3125915527344,340.76508901399166,323.2189191189623,332.453745379504,1361
2013-10-21,328.759765625,336.47085003387394,327.0513173862455,336.47085003387394,807
2013-10-22,329.3600158691406,333.423333083134,327.3283713533681,328.75975790271804,802
2013-10-23,341.7347412109375,344.32050952415244,323.2189254678332,323.26508832706133,5805
2013-10-24,338.27166748046875,345.38249482334214,331.11467728025247,331.11467728025247,31038
2013-10-25,334.30059814453125,337.9945274057968,332.40747067111016,337.9945274057968,5223
2013-10-28,333.4233093261719,336.79404263292906,327.8362520778241,328.9444422310657,10127
2013-10-29,343.53546142578125,345.3824262721564,328.7597426547799,341.6884965794061,5721
2013-10-30,350.92340087890625,353.601494880702,344.32050568307017,346.25982485073376,19394
2013-10-31,351.70831298828125,355.448405810811,349.53812349390324,355.448405810811,5979
2013-11-01,354.571044921875,356.3718185205879,334.9008547692222,356.3718185205879,1645
2013-11-05,344.4589538574219,353.8322950886343,335.0394215942398,346.30591875746165,316
2013-11-06,352.8164367675781,353.6937563133966,340.7650028189121,344.4589323887648,3368
2013-11-07,362.32830810546875,365.69901306923913,349.3995551181724,352.86261395405535,6474
2013-11-08,358.4035339355469,367.08426307362885,354.57108751730533,366.5301679834434,1794
2013-11-11,358.5420837402344,367.4998753410449,357.20302283062006,367.4998753410449,2052
2013-11-12,366.6686706542969,368.46947258275486,351.93914348432844,364.31380183934033,8794
2013-11-13,362.3745422363281,368.4695326229727,357.89564629101244,357.89564629101244,30139
2013-11-14,367.4998474121094,371.2399400123896,362.4668568528928,362.4668568528928,44239
2013-11-18,370.0855712890625,374.01037148364395,367.49983184561086,367.49983184561086,9058
2013-11-19,369.39300537109375,370.31648788452145,358.49592298562635,370.31648788452145,61287
2013-11-20,373.7333679199219,376.780848806406,362.5130333323017,362.5130333323017,3996
2013-11-21,365.8375244140625,374.0103487832218,363.85204301380094,374.0103487832218,1784
2013-11-22,374.05657958984375,375.8573817582254,369.3930041849881,369.3930041849881,19219
2013-11-25,379.1818542480469,383.19900806149695,374.9338298497139,378.48924249339836,1727
2013-11-26,379.2742614746094,380.4747774119103,373.27162542320787,373.27162542320787,1140
2013-11-27,381.95233154296875,384.1686836970393,369.392965093307,378.58162637298165,6253
2013-11-28,384.39959716796875,386.8930112333896,375.85738389756943,378.627831444726,4847
2013-11-29,403.0539245605469,411.6884628789232,382.3217323887114,386.8006278853102,8121
2013-12-02,399.4985656738281,407.25581363029585,396.17402278321293,404.48536591852513,1640
2013-12-03,396.6819152832031,404.4391911944807,392.57243487414246,404.4391911944807,780
2013-12-04,392.2030029296875,396.6818702107487,387.8626241954734,394.7887424846783,1712
2013-12-05,399.3138122558594,400.7913898364465,379.9206804895797,392.0183064183676,4794
2013-12-06,403.469482421875,404.43915591743064,389.52489159499555,399.31381133864625,1324
2013-12-09,404.3929443359375,406.3322630460558,388.37051878160935,388.37051878160935,3447
2013-12-10,407.44049072265625,412.7505151035167,397.1898293248531,402.6383704443766,3960
2013-12-11,401.1607971191406,407.532820808189,398.20566999357817,407.440495103054,293
2013-12-12,400.7913818359375,402.63834672919063,399.8678993893109,399.9140622386631,1315
2013-12-13,395.9892272949219,408.45623923677505,392.4800055768598,393.08026347831185,802
2013-12-16,399.17529296875,406.1475742623736,397.09745743565645,406.1475742623736,1233
2013-12-17,395.5275573730469,403.56186667829513,389.2940502790458,402.5922212922084,5023
2013-12-18,402.9154052734375,406.33230181165163,392.4800642498908,397.0974767704777,2477
2013-12-19,398.6673889160156,401.7148697584453,393.4035276255119,397.1436203123527,969
2013-12-20,406.42462158203125,408.179232556077,394.0037716713166,395.6198659178621,1576
2013-12-23,409.1489562988281,415.8442051756944,405.4550258840053,410.0262760453295,2466
2013-12-24,414.505126953125,417.36792834784495,403.56185366017496,406.33230116813957,1909
2013-12-26,428.819091796875,430.98928124401806,415.56711267831025,415.56711267831025,2594
2013-12-27,426.8797302246094,428.81904885941475,420.1844829685176,428.81904885941475,1150
2013-12-30,423.87847900390625,426.8797972103609,402.86925155872353,419.3072292318645,2495
2013-12-31,422.77032470703125,427.52628266211747,417.9220410375357,421.1080672933281,1793
2014-01-01,429.0037536621094,429.4193320306018,421.1079901203321,429.373169181857,996
2014-01-02,423.9246826171875,430.34289805646137,423.87851975947586,427.57245021489615,1297
2014-01-03,422.9549560546875,428.95759189389156,417.50641531405324,425.58688663605875,1093
2014-01-06,421.1080017089844,424.7095776660584,420.18451924909624,420.36922701405314,490
2014-01-07,420.2306823730469,428.4496988173674,411.91934022863586,411.91934022863586,444
2014-01-08,425.3560485839844,428.58823736018115,420.18454090557964,420.18454090557964,729
2014-01-09,418.15283203125,429.3269750440229,416.4905749342032,420.1845046453713,1927
2014-01-10,423.2320556640625,427.895659608297,414.87454957771473,427.895659608297,1688
2014-01-13,406.609375,424.80199338081127,401.99196202846946,424.7558305240768,1697
2014-01-14,401.1146240234375,415.5671193142085,394.927280085113,406.60932791378934,2050
2014-01-15,406.7016906738281,417.4140933975108,406.33230330731135,417.36793054511475,368
2014-01-16,412.9352111816406,415.56714205112115,410.94972936166425,415.56714205112115,852
2014-01-17,407.0710754394531,412.75051537035245,404.48533570790744,404.9932398108166,1713
2014-01-20,409.2875061035156,419.99988188795544,401.71493739007786,410.9497635369762,775
2014-01-21,415.5671691894531,418.6146504905282,415.5210063325241,415.5210063325241,1987
2014-01-22,415.5671691894531,415.8903937353132,415.5671691894531,415.5671691894531,508
2014-01-23,421.1080017089844,427.0182838157787,420.8771310940123,421.9853213188573,1520
2014-01-24,412.1964416503906,420.18456006793934,406.60935531584096,420.18456006793934,1208
2014-01-27,401.7148742675781,410.94969896338455,400.7913917979975,406.6093200833762,726
2014-01-28,412.4272766113281,420.1845237204467,397.55920321242263,398.02094444728027,1320
2014-01-29,409.1027526855469,415.56713026748554,409.1027526855469,415.56713026748554,1206
2014-01-30,406.3323059082031,408.2254337877501,399.4061870574951,399.45234991018657,1947
2014-01-31,401.7148742675781,409.10273402422325,401.7148742675781,409.10273402422325,29
2014-02-03,406.3323059082031,406.3323059082031,401.71489334106445,401.71489334106445,452
2014-02-04,410.6726989746094,412.79669755481945,403.56187210616577,406.00909521356886,5147
2014-02-05,407.67132568359375,415.56708910358304,406.33226490128123,414.64360668335286,1113
2014-02-06,413.72015380859375,415.1053775378636,406.37845677048404,410.0262238638742,1036
2014-02-07,405.4088134765625,413.7201558940775,401.71488351322256,413.7201558940775,1479
2014-02-10,409.518310546875,414.1818857240776,406.33228476832585,414.13572287378776,2595
2014-02-11,411.0882263183594,415.5671220480336,407.48665023043293,415.5671220480336,1177
2014-02-12,408.9180603027344,413.5816640718646,407.25580299207354,411.87321572441,381
2014-02-13,411.2267150878906,413.62777504402584,406.7940106938312,407.30191475770044,206
2014-02-14,407.3943176269531,410.94973104892273,406.42467223116626,406.42467223116626,928
2014-02-17,413.95098876953125,415.5670829811245,406.37842176222995,415.5670829811245,365
2014-02-18,415.1054382324219,415.56717954302525,407.53286946554556,415.29014602964446,91901
2014-02-19,414.0433349609375,419.67658317326953,375.8573325193497,375.8573325193497,1903
2014-02-20,442.57904052734375,464.88113990647213,415.56717420407864,415.6133370615647,32258
2014-02-21,449.0433349609375,462.664700905768,440.54728526813204,451.95229900080164,13790
2014-02-24,449.50506591796875,456.5697007627787,442.34807719508376,456.52353791496466,4812
2014-02-25,418.2452392578125,455.92334402704785,411.9655692208319,455.92334402704785,30549
2014-02-26,410.580322265625,423.6014310610685,409.10274463946666,410.0262271330095,21736
2014-02-28,408.0869140625,423.83230771075176,406.4246568234676,423.83230771075176,3320
2014-03-03,425.6330261230469,428.8190516281155,410.9958246666648,410.9958246666648,4877
2014-03-04,412.9352111816406,423.6937771115851,410.94972936166425,419.2610722026867,8671
2014-03-05,412.6119689941406,417.46025211052915,408.1792642749937,412.88903065311814,2835
2014-03-06,406.8272705078125,415.5737675598448,404.0043419596264,412.1955009337146,2832
2014-03-07,417.7950744628906,419.27596652801697,407.2900308003069,407.33632544820676,20139
2014-03-10,411.0848083496094,419.1834059461173,396.229677770853,408.1693188639999,5967
2014-03-11,408.9560546875,413.5838248474906,402.1532269031804,410.9459902071624,7506
2014-03-12,404.69854736328125,410.94603780285166,404.46715882848235,410.94603780285166,2556
2014-03-13,408.1230773925781,410.9460060003945,404.37456647152476,409.04863146014657,3019
2014-03-14,400.949951171875,408.5857706639278,400.0706636896765,402.6159368536941,2740
2014-03-18,412.98223876953125,415.4349514144335,402.6622882565808,402.6622882565808,2950
2014-03-19,411.9178161621094,423.8111912817875,405.4852325009277,423.8111912817875,987
2014-03-20,415.15728759765625,416.5456187722051,408.67840878309494,414.6019777243727,1927
2014-03-21,425.8473815917969,439.59186351293283,416.7769358588335,416.7769358588335,11689
2014-03-24,429.3182373046875,433.15928083388883,425.75484868288214,425.75484868288214,5522
2014-03-25,431.6783752441406,435.0103752569441,428.5314973275853,431.3081592973105,1216
2014-03-26,427.0506591796875,434.82530802678696,422.97822675936584,429.50337191329385,93121
2014-03-27,434.64019775390625,439.5456230360376,421.1733690622026,421.1733690622026,93884
2014-03-28,439.6844482421875,443.34039810520557,430.3826411668488,439.6381818371037,93081
2014-03-31,443.5254821777344,448.8936840078087,435.10293524103196,448.8936840078087,7501
2014-04-01,441.25787353515625,447.9681400965194,440.5637080288083,447.9681400965194,2808
2014-04-02,446.1170349121094,446.9500278758824,439.63815681172605,444.26592688342845,2447
2014-04-03,444.3584899902344,447.04259099510887,441.4892668833684,447.04259099510887,1071
2014-04-04,449.1251220703125,458.14927444575926,442.36858851311746,442.36858851311746,2229
2014-04-07,466.2478332519531,472.0325458233173,451.6240911698112,454.4470196063702,7717
2014-04-09,488.0445861816406,504.1955138956555,454.7246440058837,454.7246440058837,17369
2014-04-10,494.1532287597656,497.9479769916105,476.6602381982889,485.9157768040809,16485
2014-04-11,501.1874694824219,512.7568939857096,483.6019442374246,497.94803062150135,29192
2014-04-15,494.47723388671875,508.0828892432631,492.44100374979814,504.24181747381436,1935
2014-04-16,484.80523681640625,499.799224860489,478.6966022202031,484.9440925309592,1751
2014-04-17,490.5028076171875,492.23072949996384,480.0884154895283,485.69256041742165,3064
2014-04-21,486.4397277832031,503.95267922275036,481.4427217757745,492.1839986586968,1777
2014-04-22,491.15655517578125,494.56576597876904,481.02241639105955,485.73922674235894,12883
2014-04-23,485.55242919921875,487.5606039152202,481.02243489720007,481.1158145084193,4765
2014-04-24,485.55242919921875,485.55242919921875,485.55242919921875,485.55242919921875,0
2014-04-25,481.4427185058594,491.2032814435353,478.2203240612078,480.1350620039325,2469
2014-04-28,491.5768737792969,496.0134882664896,476.1187862834761,476.39898211258475,3870
2014-04-29,498.2085266113281,502.41163547360037,476.35233772418746,498.25521641924644,5204
2014-04-30,478.313720703125,502.4115881853152,476.35229288867095,485.92603995162955,8462
2014-05-02,478.0801696777344,489.3351754994223,475.41819569062113,487.5138173755687,1517
2014-05-05,484.75848388671875,487.51386624688786,474.5309090966965,481.44270989763226,4958
2014-05-06,478.50054931640625,487.5605947586014,471.7288743892035,479.2010674123238,8227
2014-05-07,484.89862060546875,488.40121088141603,479.10765994757475,482.3767442051256,3063
2014-05-08,485.45904541015625,492.13734079584185,481.9564548949315,481.9564548949315,1520
2014-05-09,489.6154479980469,492.18401429075965,481.022414817128,492.18401429075965,3257
2014-05-12,496.3404541015625,504.3730389556809,489.4286526162533,494.9861076878899,3250
2014-05-13,487.0935974121094,497.8815650135343,481.9564645534966,482.00315435964006,2186
2014-05-14,502.5982666015625,511.8451265450198,490.40926540940364,490.40926540940364,21535
2014-05-15,490.3626708984375,518.3833949497767,485.6925502232143,509.04315359933037,1697
2014-05-16,509.08990478515625,518.3834574510316,485.6926087829485,488.02766940209733,6542
2014-05-19,517.7294921875,518.3833203896517,492.23064836999356,509.6034719797318,3100
2014-05-20,502.78509521484375,526.4158904217619,500.6368514702693,504.41963717393514,3715
2014-05-21,507.5953369140625,516.0482424245147,503.4856086507106,508.10903869490676,1895
2014-05-22,515.4412231445312,526.7896397836203,509.0898700949018,512.7792770234175,5436
2014-05-23,538.8851928710938,541.73395485271,508.38928450580477,513.7132330499836,4868
2014-05-26,514.0401611328125,534.2618065076222,505.3070582528385,523.0535168606092,3365
2014-05-27,513.5264282226562,536.1298223796985,506.24105179407064,536.1298223796985,6805
2014-05-28,538.6517333984375,545.8437306842249,513.7599672429131,534.2151187296588,3279
2014-05-29,554.296630859375,564.9912185400675,540.7999707911634,540.7999707911634,5320
2014-05-30,558.3128051757812,573.0236821001117,541.8272599778954,541.8272599778954,7975
2014-06-02,579.1417236328125,588.2017702410468,551.0743063790673,555.7444276195678,11427
2014-06-03,567.18603515625,588.4350797010087,560.4143616200082,588.4350797010087,1181
2014-06-04,562.2824096679688,588.3417002947698,558.1259917496608,588.2949534913159,1176
2014-06-05,586.286865234375,591.2371809401126,559.4803655341665,561.4885398999212,53634
2014-06-06,575.5455932617188,606.1815686906493,561.8154292256172,573.4907290848362,14178
2014-06-09,602.5389404296875,607.115681446996,588.4351989409345,602.4455608204805,20464
2014-06-10,608.0496826171875,615.5218753375216,585.7264840618668,588.4351767263105,28593
2014-06-11,603.0992431640625,616.3156471338386,593.2919922216663,607.1155345292897,6317
2014-06-12,604.9207153320312,615.3350495694091,595.3002217472418,615.3350495694091,725
2014-06-13,585.2127075195312,624.441714294234,577.2268139706265,607.0688912401853,7354
2014-06-16,587.8280029296875,600.5774537957012,584.6523554194198,586.6137830872822,724
2014-06-17,585.5396728515625,589.7894706821872,581.9436462192637,581.9436462192637,952
2014-06-18,598.2890014648438,602.4454192473565,560.4610332795446,583.811630924791,12347
2014-06-19,616.6427001953125,618.3239321135978,580.3091411998168,601.5114989141344,11603
2014-06-20,616.5492553710938,618.3239238773867,607.1156352270414,608.0963490822858,4083
2014-06-23,610.1045532226562,635.0896978854113,594.0393273088682,604.8272942569198,2176
2014-06-24,626.730224609375,629.3454809110007,612.7665517205143,612.7665517205143,1748
2014-06-25,618.1837768554688,644.476575907781,611.972551307136,630.512905361452,3413
2014-06-26,627.2905883789062,634.6227120683773,621.3595579049709,634.6227120683773,1572
2014-06-27,655.8250122070312,661.1022139062444,621.1726856045873,628.2245558094179,63674
2014-06-30,664.7916259765625,681.8375651041666,656.6189154359304,671.5633004245149,6996
2014-07-01,664.1846313476562,677.1675914209853,660.7287871774026,675.4863591473967,3292
2014-07-02,663.6242065429688,672.497436609342,662.5033660802903,672.497436609342,2022
2014-07-03,664.41796875,671.469895759928,658.4869389823452,664.0910831438971,5390
2014-07-04,678.895263671875,686.4142018369837,661.7559475375587,667.8271030195546,3972
2014-07-07,681.3238525390625,691.1777948340219,669.4617357395747,691.1777948340219,1468
2014-07-08,646.1111450195312,681.8375653982765,640.8338862648392,681.4172431686304,4820
2014-07-09,632.56787109375,650.4077099927372,621.2194545897403,621.6397768692057,1338
2014-07-10,623.6012573242188,634.2024088065413,602.4455871579074,619.3047119550052,3682
2014-07-11,607.2089233398438,629.0184159242132,603.8931498487045,628.971726130199,1535
2014-07-14,624.5818481445312,649.0999776712254,613.6537561538305,625.7493781219929,2329
2014-07-15,637.8917846679688,644.4766433175956,613.653847332841,613.653847332841,1832
2014-07-16,652.3224487304688,657.5062710399983,630.5596417777433,653.8168644745166,4499
2014-07-17,653.81689453125,658.4870152064732,646.3447014508929,653.7702047261596,2861
2014-07-18,644.5232543945312,653.8168046624651,640.4135829702051,646.3913024078525,1125
2014-07-21,654.7974853515625,658.4868913929415,650.080675758138,653.770081799517,1261
2014-07-22,659.5612182617188,662.2231644551453,625.7962202890653,625.842910097872,709
2014-07-23,667.8739013671875,679.9695245027924,645.4106338343812,660.3083291863438,7130
2014-07-24,692.0184326171875,695.8479083699964,674.2252290851109,679.9694997226273,7935
2014-07-25,669.741943359375,699.163701360871,665.3987656688989,689.3097588921895,2500
2014-07-28,671.9837036132812,677.1675263790726,656.6189945441214,677.1675263790726,386
2014-07-30,689.9168701171875,699.7708121970966,666.9398448556555,668.7145133096856,6031
2014-07-31,706.2155151367188,722.9345673397567,672.5439617417402,672.5439617417402,8899
2014-08-01,711.7263793945312,718.2178584297782,695.8479693555456,714.4817619500169,10276
2014-08-04,731.3875122070312,734.8901023526574,713.5943656689109,714.201504097474,45261
2014-08-05,749.9747314453125,751.8894696246819,724.849458042107,728.4921751703216,5681
2014-08-06,771.2703857421875,774.3059640088082,751.4223739988978,751.8426962374756,35200
2014-08-07,734.983642578125,792.9865207635095,720.1326354636818,771.5039648417654,24027
2014-08-08,696.3148803710938,726.156958074372,687.4416525192823,719.2918475840432,6157
2014-08-11,712.4735107421875,714.4816851876285,681.9776607075297,712.5202005415066,2262
2014-08-12,687.0680541992188,709.8582633522706,681.8375424304704,708.8775495216681,2730
2014-08-13,682.0711059570312,714.5284437619019,679.0355276011801,700.3779556997648,7443
2014-08-14,699.023681640625,700.5180974451846,677.1674941970117,700.47140764035,4369
2014-08-18,696.501708984375,711.7262887998239,682.9116711707629,695.9412603787647,15908
2014-08-19,680.6701049804688,696.7820217021334,673.6182339909095,696.7820217021334,631
2014-08-20,686.7879638671875,695.8480097583206,672.4974054040146,672.8242910616502,1522
2014-08-21,687.67529296875,694.4936579863365,687.4417869269948,687.4417869269948,647
2014-08-22,691.8316040039062,694.9138718726487,678.1481292880393,687.4416797019751,1978
2014-08-25,695.474365234375,702.8531788858027,689.3098285949799,689.3098285949799,543
2014-08-26,689.169677734375,700.5180936549078,681.8376111574437,695.8479730305419,1652
2014-08-27,689.4498291015625,703.320062511111,682.3045227946436,682.3045227946436,1022
2014-08-28,674.9257202148438,692.8123026345463,667.8271606116625,692.8123026345463,2929
2014-09-01,681.23046875,687.4417519479617,659.4210283631263,659.4210283631263,2057
2014-09-02,685.9005126953125,700.4713215360649,666.5662611891034,700.4713215360649,1157
2014-09-03,667.9674072265625,698.5099519445166,661.3358014220443,677.214212294162,9384
2014-09-04,673.8517456054688,678.0548543502426,668.7613025018027,670.6293508328133,913
2014-09-05,672.0770874023438,675.3461720327573,666.8932646043505,671.5633855049412,763
2014-09-08,671.7968139648438,682.8649764176682,661.2890431520465,661.2890431520465,6127
2014-09-09,660.0748901367188,677.1675209889854,654.7509409838328,677.1208311823036,2302
2014-09-10,669.2283325195312,676.2335139485564,663.1571752810429,667.8272962337262,548
2014-09-11,673.6649169921875,677.1675075484727,665.7257117312744,672.5440766125142,3273
2014-09-12,680.0629272460938,685.5736922624252,673.4780687152619,674.3654030156281,4063
2014-09-15,671.6566772460938,678.8953636949645,665.1185088406621,677.307568403146,3271
2014-09-16,656.94580078125,679.9695166980426,654.7508670402856,679.9695166980426,2689
2014-09-17,653.81689453125,661.6627200689486,649.6137859235491,655.6849428013393,3136
2014-09-18,659.7946166992188,671.5632970146518,656.8057283150171,668.5277188292587,1171
2014-09-19,660.21484375,672.49728219338,655.7782297355297,669.6485203857488,1691
2014-09-22,660.3082885742188,669.5084023154199,649.1466901972249,649.1466901972249,10724
2014-09-23,654.7041625976562,677.1674293702787,652.2289760869816,667.5469931546788,9394
2014-09-24,654.2838745117188,667.31352195826,650.0807661101445,667.31352195826,5578
2014-09-25,653.8635864257812,661.7094119885514,651.9955381497225,658.0666950469133,4591
2014-09-26,658.6270141601562,664.0910314893442,653.8167679923221,662.2696733768489,747
2014-09-29,671.469970703125,674.6923083490226,665.9125157209878,665.9125157209878,758
2014-09-30,676.2333374023438,686.5076008159153,647.9791130150221,678.1480750913953,3518
2014-10-01,666.1459350585938,686.5076470665257,661.288998806939,661.288998806939,742
2014-10-07,665.165283203125,685.5736869106998,663.1571085920939,663.1571085920939,1730
2014-10-08,679.7825927734375,685.5735524381986,653.7700495884671,665.0250263433207,4550
2014-10-09,677.02734375,677.1674701678402,664.6048346644444,664.6048346644444,640
2014-10-10,655.2645263671875,665.8189861746899,653.8168005675909,665.8189861746899,1561
2014-10-13,659.3743896484375,677.1675391017945,655.2179705929777,677.1675391017945,602
2014-10-14,656.6656494140625,667.827249104961,653.816887235626,667.7805593003915,1168
2014-10-15,656.6656494140625,656.6656494140625,656.6656494140625,656.6656494140625,0
2014-10-16,653.8635864257812,663.9977825283852,653.8168966205416,655.2646226328252,3843
2014-10-17,645.2706298828125,676.2335565531803,642.6086835753978,676.2335565531803,4866
2014-10-20,636.163818359375,659.7946746860581,627.664221496599,658.4870180879498,2483
2014-10-21,626.5900268554688,648.2127069586359,622.1067227046782,648.2127069586359,17801
2014-10-22,631.77392578125,644.009618721586,626.7301728240525,627.6641969266219,906
2014-10-27,629.2986450195312,644.6166608147918,626.7300791214924,644.4765344170339,1808
2014-10-28,635.369873046875,638.8724633062293,625.7961263379732,633.3616984948566,1937
2014-10-29,640.6004028320312,650.5010924452455,635.1363846789249,650.454402642151,350
2014-10-30,637.7048950195312,653.816809247414,636.1637325944131,644.3364427100058,1319
2014-10-31,651.388427734375,653.8168675820714,639.9466325516887,644.4766266166132,7568
2014-11-03,654.1437377929688,672.497333660783,644.4299216228517,654.7508762447346,50017
2014-11-05,667.5003051757812,677.1674312181256,663.1570705722332,672.4973110028282,1683
2014-11-07,656.0117797851562,670.1155773831568,651.2015900514608,651.2015900514608,1297
2014-11-10,640.3201904296875,658.3001537952384,631.4002719538934,651.9488015145231,1380
2014-11-11,638.1719360351562,644.2897821981207,630.4662375758953,642.6085502995792,1762
2014-11-12,638.545654296875,644.4766850443204,635.1364432320839,644.4766850443204,2529
2014-11-13,663.8108520507812,670.6292156832267,640.8338280048442,640.8338280048442,3941
2014-11-14,656.759033203125,667.4068731623435,642.0014076145195,643.7760761118744,2156
2014-11-17,652.7894287109375,660.7753229045123,645.4573057430782,660.7753229045123,846
2014-11-18,647.8858642578125,665.0251843373403,645.4106774959299,652.7894909681651,1619
2014-11-19,656.1519165039062,662.2230730267182,653.8168563028247,662.2230730267182,1138
2014-11-20,653.5834350585938,658.7672579757239,639.8065780852257,644.009686992355,2825
2014-11-21,644.8502197265625,655.6848757823223,637.9384190303791,649.1933973056088,1870
2014-11-24,652.1356201171875,655.6849001980802,631.400274264818,653.8168520493678,41618
2014-11-25,657.6930541992188,658.4869518342791,636.8642723856193,636.8642723856193,2702
2014-11-26,651.6218872070312,663.1570611719835,642.6085325159502,644.52327037542,583
2014-11-27,652.182373046875,675.2994711247986,645.4573876589078,660.3550844885651,1729
2014-11-28,659.32763671875,660.4017302315767,653.8168717110059,653.9569981296953,392
2014-12-01,642.1414794921875,670.6292105823863,639.8531093636101,651.8553515852798,1664
2014-12-02,645.0369873046875,657.3194263879401,640.6003730590851,657.3194263879401,564
2014-12-03,658.8606567382812,663.1104552096049,644.4766620571598,653.8635933419826,2981
2014-12-04,661.2890625,663.1571106991526,656.6189420021186,656.6189420021186,854
2014-12-05,668.9480590820312,677.0740799989385,660.4017159264674,663.1570983706545,2399
2014-12-08,664.4647827148438,677.167487961558,663.1571261416636,673.4313914762529,1226
2014-12-09,662.45654296875,681.7441619825817,659.0006426577002,664.0910850204882,493
2014-12-10,672.4506225585938,677.4009385951325,667.7805023338772,670.5825744687071,909
2014-12-11,654.9844360351562,672.497388870321,653.8169058461453,672.4506990644225,842
2014-12-12,654.0036010742188,665.9590965960218,653.8167848768798,654.7508088552753,2855
2014-12-15,644.8969116210938,652.8361159832708,643.5892551581197,643.6359449585894,1265
2014-12-16,644.4766235351562,654.7508885480356,636.2105331235714,648.0259036833987,5957
2014-12-17,637.191162109375,646.2044591918913,633.2682500437276,644.476537655121,9019
2014-12-18,653.9569702148438,679.9695175542212,641.6745309886676,641.6745309886676,254
2014-12-19,652.0421752929688,671.4699214015503,637.9384347511337,661.2423465144942,2053
2014-12-22,660.6353149414062,664.0912159337227,647.9792982475669,654.6108473614418,508
2014-12-23,655.0778198242188,659.4210549583594,649.1467892295464,656.8991783323522,524
2014-12-24,659.0006713867188,661.1022255448562,651.0147769874576,651.1081565911638,261
2014-12-26,654.4240112304688,661.9428938655426,649.2868786587863,655.684920967468,346
2014-12-29,656.618896484375,663.0636851280121,635.1363436833215,653.9569507884352,1647
2014-12-30,659.9347534179688,663.0637685332171,651.9488583173197,651.9955481232736,328
2014-12-31,658.066650390625,666.8464994956255,647.6523161632982,655.7315902040084,1053
2015-01-01,660.2616577148438,671.5633264979257,649.6137601937514,653.8168686349762,1556
2015-01-02,664.41796875,665.0251071708224,656.151878915032,656.3386951220775,1024
2015-01-05,668.6679077148438,672.4973839031908,661.289094171471,664.9785009431573,1144
2015-01-06,650.9681396484375,668.7612882196589,644.9436725079253,668.7612882196589,1744
2015-01-07,654.0036010742188,659.3275491527332,643.1688887198508,648.8664691930433,768
2015-01-08,658.9539794921875,666.4261720307239,650.0807508526754,655.6382054548728,467
2015-01-09,663.5307006835938,666.4261524036802,648.2126836274058,665.0251163439668,909
2015-01-12,652.9295043945312,667.827199476829,646.5781522207482,665.9124615653046,520
2015-01-13,655.2178955078125,665.0251483985211,643.3557782288182,663.4839858552302,1388
2015-01-14,653.4898681640625,665.0250409445431,644.5698939885763,655.3111692285513,612
2015-01-15,653.81689453125,655.1245511236361,648.7264515935949,655.1245511236361,2617
2015-01-16,650.314208984375,653.8167989789048,648.2126549876571,649.1933687844653,1205
2015-01-19,653.7701416015625,653.8168314021448,640.0399767404567,650.314241233919,1928
2015-01-20,665.025146484375,669.3683812696528,645.7842731955932,645.7842731955932,4333
2015-01-21,655.7783203125,668.7145887464472,654.750916570563,665.0251820231681,1386
2015-01-22,646.99853515625,657.5529965688321,644.4766585688837,657.5063067633513,884
2015-01-23,663.0169677734375,667.827214569815,642.6085645091367,646.858362654738,1735
2015-01-27,664.8851318359375,671.516738138895,659.4211128402334,671.516738138895,482
2015-01-28,664.4647827148438,667.3135448832273,651.9488366857482,661.5225839293427,293
2015-01-29,647.465576171875,655.6849775947624,639.8999460715636,655.2646553100263,1902
2015-01-30,671.3765258789062,679.0355350625665,642.6552841964111,649.1934530347028,3801
2015-02-02,669.6485595703125,691.131112897433,647.4654881999164,680.810158461499,2116
2015-02-03,658.3468627929688,688.3757603525103,653.8168687201589,688.3757603525103,473
2015-02-04,657.8797607421875,662.2229950078292,653.3497672891066,658.4868991262617,1037
2015-02-05,664.604736328125,673.8515963214167,657.6462464350215,673.8049065251472,445
2015-02-06,656.2453002929688,664.2312518382321,648.2127159533534,664.2312518382321,641
2015-02-09,645.2238159179688,654.4239872090814,636.5374034718119,651.9488006211661,1562
2015-02-10,653.8635864257812,661.1957101142971,638.7791308015928,639.8065345501014,1536
2015-02-11,664.7449340820312,666.8931780157151,652.3224255010465,652.3691153023278,2143
2015-02-12,663.3905639648438,666.893154059695,644.7100834589698,652.3224020684344,434
2015-02-13,661.3823852539062,668.6210714033816,654.3305153099487,654.7508375202883,358
2015-02-16,659.32763671875,671.0029379993038,653.8168717110059,665.912495239321,1199
2015-02-18,654.3304443359375,668.7144354760754,636.0702881411795,636.0702881411795,1758
2015-02-19,671.3765258789062,677.1674868230547,657.1793478569543,663.1571250267156,6865
2015-02-20,687.2081909179688,700.5180335555236,670.6292641238214,680.7634022059365,2452
2015-02-23,699.1636352539062,705.188101295775,691.1777416673822,691.1777416673822,4423
2015-02-24,717.0970458984375,723.8687210306598,693.9799480332648,701.6389575155093,8946
2015-02-25,676.7938232421875,722.374243796418,672.4973352922536,708.877584485072,2965
2015-02-26,647.1386108398438,676.8406244768775,644.0096527343064,668.0140848397707,7299
2015-02-27,655.0310668945312,663.1103978787488,645.9243322397646,658.9072895765488,589
2015-03-02,663.2036743164062,665.0250323656962,652.3223298316924,663.1569845219724,455
2015-03-03,657.5062255859375,671.6566553981331,649.8939069581945,649.8939069581945,1186
2015-03-04,654.7508544921875,658.5336404666942,648.2593759882147,649.6137222529478,2504
2015-03-05,654.377197265625,663.0169193404719,644.4298757844307,655.1244620787393,769
2015-03-09,650.080810546875,663.0637690780749,649.4269822380537,663.0170222637726,637
2015-03-10,647.325439453125,665.9592330415746,644.4766771370078,651.9955603019439,1433
2015-03-11,667.7338256835938,670.6292774766193,644.4766037031579,670.6292774766193,3779
2015-03-12,664.8851318359375,676.2335491449419,658.4870886010829,672.4507623780455,4150
2015-03-13,655.0310668945312,674.4587560897058,645.6441364212789,671.8435001033313,6009
2015-03-16,658.53369140625,672.2638573094026,654.7509051391334,672.2638573094026,860
2015-03-17,650.1741333007812,667.3601990179311,646.3446574113482,655.8250245394177,1719
2015-03-18,662.8302001953125,665.9591580081579,652.882821104772,652.882821104772,1153
2015-03-19,656.05859375,674.2253180820087,653.9570393869162,653.9570393869162,1771
2015-03-20,654.7041625976562,666.8464751242957,651.948780276489,656.7590268884405,3794
2015-03-23,642.5151977539062,666.8465140269981,640.4136435401559,654.2371887444964,1499
2015-03-24,641.1141967773438,652.88287821655,638.8725160230618,639.853229974944,1345
2015-03-25,637.5648193359375,649.100051021759,628.2245784607652,637.0044276867496,907
2015-03-26,628.6448974609375,649.193427280382,627.6641835757615,649.193427280382,1255
2015-03-27,629.5789184570312,643.7294060439143,616.5492711655567,616.5492711655567,990
2015-03-30,647.1853637695312,681.8376373290967,627.1972239266964,681.8376373290967,1886
2015-03-31,665.8657836914062,667.4535790070651,642.0948596587988,644.2897934245425,1286
2015-04-01,668.3410034179688,673.43144669828,648.2127933545163,663.1104907129578,1153
2015-04-06,671.3765258789062,726.6707651701194,670.6293179847631,726.6707651701194,4274
2015-04-07,698.9769287109375,711.6330011673446,672.5907472714001,686.1340970368263,4527
2015-04-08,697.0621948242188,709.7649571608828,683.2386491414063,683.2386491414063,1581
2015-04-09,712.84716796875,722.934616329831,690.2437745061306,698.8368071871641,1528
2015-04-10,716.4899291992188,738.486244353072,712.847269084287,712.847269084287,4726
2015-04-13,742.4090576171875,750.9087114130725,716.3965083758344,716.3965083758344,8859
2015-04-15,735.6842041015625,789.2971604463343,728.538895972354,769.6359618989997,7693
2015-04-16,731.5277709960938,748.853908650198,720.2260438760231,748.853908650198,1302
2015-04-17,706.869384765625,736.0109463264021,704.2541288453137,715.5091071685681,1812
2015-04-20,720.0391235351562,731.7144235210792,711.3059649407055,731.6676767144949,1797
2015-04-21,721.3935546875,737.8791043150794,714.5284997481465,717.4706987269049,1736
2015-04-22,744.0435791015625,759.314907420462,719.1985607164972,722.047322834557,6638
2015-04-23,740.40087890625,747.2192430978572,732.3215480369329,747.1725532968244,308
2015-04-24,737.5987548828125,753.757358477004,730.4067587720162,747.1725007618575,1947
2015-04-27,695.15185546875,734.0694774982536,670.4931155928502,734.0694774982536,2279
2015-04-28,696.0459594726562,701.1753747094837,650.3519247305412,695.4812774507955,3995
2015-04-29,678.6343383789062,709.6460714241274,672.9402401435691,691.7166960952709,1974
2015-04-30,693.8812866210938,704.9400931559162,687.0577676953523,704.9400931559162,1297
2015-05-04,711.8106079101562,757.6458397676613,706.8223921310729,757.6458397676613,6633
2015-05-05,707.1989135742188,722.8223954990269,705.9753401260273,719.9518232558545,2038
2015-05-06,672.3754272460938,719.9988581539258,665.4107094311445,706.8694557221665,3131
2015-05-07,678.2105712890625,691.8105593075131,657.3635829096571,672.9870623808697,2564
2015-05-08,667.716552734375,687.0106384282662,654.1165637685098,668.2341874469669,4523
2015-05-11,679.0107421875,691.6695579288552,668.2342765208515,675.340136563916,625
2015-05-12,677.5047607421875,684.1871373142218,668.2812577761046,673.3636254537216,844
2015-05-13,666.7283325195312,673.3636041788976,654.1165656852505,673.3636041788976,3816
2015-05-14,668.4225463867188,682.4460204667137,658.8225491811261,663.5754717969792,1152
2015-05-15,667.9519653320312,671.9519594194387,663.9519712446238,663.9519712446238,15499
2015-05-18,679.9048461914062,694.5871532828954,665.410728144996,665.410728144996,21833
2015-05-19,686.5400390625,692.7988176511865,669.222398006109,672.9400503325619,2244
2015-05-20,686.2576904296875,694.5870651846908,685.1753163339498,687.1047133594004,1092
2015-05-21,698.728271484375,706.0223769880457,673.3165490844899,687.0576797005989,1161
2015-05-22,699.4813232421875,709.3636614733621,692.7048512518571,692.7048512518571,1250
2015-05-25,689.975341796875,703.998871711274,666.3518732240401,691.763597202923,509
2015-05-26,693.0341796875,710.6341634584421,679.7165880693225,710.6341634584421,721
2015-05-27,688.0459594726562,707.7635868451265,680.9871471038551,703.7165459092996,1325
2015-05-28,684.3754272460938,712.5165254033419,681.4107030051136,712.5165254033419,1003
2015-05-29,680.940185546875,687.0578237031358,663.5284461790558,686.9166244600835,402
2015-06-01,659.8106689453125,699.2459212366681,657.8812718401692,687.0576944825802,2735
2015-06-02,658.7754516601562,677.6459988903016,656.940148924209,677.6459988903016,790
2015-06-03,641.552001953125,673.928389516262,638.1166900098261,672.893119929256,2056
2015-06-04,630.1636352539062,657.8812472156783,628.7048256653406,644.7047987735904,1008
2015-06-05,641.3637084960938,654.1166181230658,621.5519864433332,640.940168261594,1396
2015-06-08,620.1401977539062,648.8460337391363,611.763717718017,631.669590895515,3045
2015-06-09,622.3048706054688,628.7048485932145,611.7636999784272,625.8813238240832,946
2015-06-10,627.0577392578125,639.9518460981059,606.0695517442127,624.045968270738,1817
2015-06-11,634.5400390625,653.1752879502282,611.7635982242771,627.8576637535085,6701
2015-06-12,644.1871948242188,651.6695470356709,611.8578013865598,649.4107042170124,516
2015-06-15,640.7047729492188,649.4106402276327,621.2224422534391,621.2694895065339,2860
2015-06-16,641.975341796875,654.1165203320185,602.4459981221344,640.0459448445587,4261
2015-06-17,645.6459350585938,657.8812078804038,633.4106622367837,633.4106622367837,1076
2015-06-18,647.575439453125,659.7636670451222,635.7166575740135,654.1636643736897,888
2015-06-19,645.5048217773438,658.8224704070476,639.9989712525605,658.7754231481134,2140
2015-06-22,651.4813232421875,659.7166041983285,635.2460550715094,654.1166016592003,1618
2015-06-23,656.6106567382812,659.7635695062369,630.5401019179143,650.3518210111408,2680
2015-06-24,645.26953125,653.2224711713119,638.163671772761,644.6578019912904,2926
2015-06-25,653.5048828125,655.0578446462492,639.9990436198988,654.1637168463562,1729
2015-06-26,655.6694946289062,658.540066486737,628.7048116886109,638.0695131121453,1439
2015-06-29,639.9049072265625,655.9989767926372,622.7755106908006,634.3049044723068,5668
2015-06-30,651.4813232421875,661.6460013905292,630.6813220175346,632.5166246909982,1762
2015-07-01,652.4695434570312,657.8812994972446,645.8342714532001,647.481327639352,1391
2015-07-02,656.9402465820312,658.8225968587706,644.7049697832255,651.3402430197774,773
2015-07-03,644.9871215820312,657.0341483293397,644.7047806123198,646.4930358284165,1390
2015-07-06,644.9871215820312,655.5282915277091,642.8224308879044,647.5753524531026,2127
2015-07-07,645.8342895507812,653.2695375040468,641.7872485832111,641.7872485832111,3396
2015-07-08,652.5165405273438,658.4930355528353,645.0812933543177,652.3282940601677,1538
2015-07-09,648.4225463867188,672.4225095769257,644.7048935408513,653.2695633092546,1425
2015-07-10,646.4459228515625,656.5635524907366,644.704772356676,655.104742961946,751
2015-07-13,651.4342651367188,657.787196054254,644.7048412609811,652.281288125534,1421
2015-07-14,648.4696044921875,655.0578297918178,646.5872544065788,652.2343046634048,285
2015-07-15,651.4342651367188,660.5636162031465,644.7048412609811,652.281288125534,1647
2015-07-16,657.834228515625,664.3754057651253,645.6460016886728,652.2812734532271,1700
2015-07-17,658.9165649414062,662.6342175134627,645.9754092723725,655.1048178514793,2008
2015-07-20,655.8106079101562,661.6929505784175,654.5870921241084,659.8106009245738,1248
2015-07-21,644.7048950195312,661.646045545592,639.9990198734033,661.646045545592,1038
2015-07-22,652.2342529296875,657.5519144776537,644.7048531844674,649.3636807657746,362
2015-07-23,646.1165771484375,662.5871381099781,644.7048147803055,657.4577233501468,1062
2015-07-24,644.6107177734375,655.0577362792992,643.0577561965965,648.4695119201683,1197
2015-07-27,648.7518920898438,656.9401257768745,642.8225012974287,656.8930785175619,870
2015-07-28,649.222412109375,655.0577077767975,632.7518519282055,632.7518519282055,1893
2015-07-29,685.457763671875,689.4107102915098,645.8343178398526,647.5284214069061,7182
2015-07-30,701.3635864257812,707.8106118755708,677.6459661225402,687.05771565202,9737
2015-07-31,724.469482421875,741.55183226689,700.1871780336155,705.8812755003654,17633
2015-08-03,717.5046997070312,761.4105340750477,701.2223845711399,724.7047110479441,48919
2015-08-04,706.257568359375,733.1751437262385,703.9987259399568,721.1281181937559,14521
2015-08-05,716.845947265625,725.6459103601815,704.9871080380177,706.8224107399433,7796
2015-08-06,711.1047973632812,717.1753879232383,695.9989493034576,701.1754120771818,5062
2015-08-07,725.4575805664062,734.1164008863243,697.6929218149363,697.6929218149363,4994
2015-08-10,712.9871215820312,734.1165121712991,710.5871367811933,734.1165121712991,3442
2015-08-11,702.2577514648438,719.0106550292551,696.4695022185009,713.5518515008195,2573
2015-08-12,699.763671875,722.82246133154,687.0578082969065,689.8813335364828,1906
2015-08-13,678.6343383789062,703.1048925659451,663.5284885331696,698.3049222225505,3287
2015-08-14,691.716552734375,701.2223969128469,674.8224506061204,680.4224531426408,1718
2015-08-17,698.39892578125,702.9636591845159,677.6460276727258,679.9519180058431,1218
2015-08-18,708.0928344726562,710.5399234080006,698.3516983163594,707.0575651754244,791
2015-08-19,701.3635864257812,703.9988648050835,697.787133093531,701.1282926875442,1963
2015-08-20,689.5517578125,701.2222911637732,685.9752475253373,691.81054292335,1031
2015-08-21,684.5166625976562,687.0578469451748,677.6460956171587,686.1166718123732,996
2015-08-24,630.9636840820312,682.3518113074178,603.5284124150093,682.3518113074178,3151
2015-08-25,641.9284057617188,649.4107585997557,585.4108577522436,640.0460557367919,2454
2015-08-26,627.7166137695312,654.1165583402098,594.0696109484342,609.8813378481381,1519
2015-08-27,651.9989624023438,657.8813059823,624.9401819345453,638.1636788133345,1158
2015-08-28,630.1165161132812,672.8929214145518,624.9871020659782,655.1046950691523,1349
2015-08-31,624.0931396484375,645.646070821402,614.5872948197893,630.540223073207,1295
2015-09-01,607.3401489257812,619.6224698301543,605.2695526655415,608.1872293101202,1558
2015-09-02,610.3519287109375,639.0107161894774,590.7755020854904,592.9401928880349,2405
2015-09-03,616.9871826171875,621.1754223324713,601.4107498037108,601.4107498037108,1491
2015-09-04,625.3636474609375,644.5635801456064,603.7636729265248,610.7754371252225,2641
2015-09-07,611.3402099609375,626.9637494329039,602.3520001969513,626.9637494329039,3464
2015-09-08,604.14013671875,626.2577448709699,597.7401020210295,611.7636297422528,2964
2015-09-09,607.9989013671875,613.645949986697,602.351852747678,606.2106463264431,2334
2015-09-10,617.7872924804688,628.5637002659812,602.4460940370108,603.481421003035,725
2015-09-11,640.61083984375,663.4813827510941,602.3990972085895,605.2226224427003,2159
2015-09-14,643.8106689453125,686.1164915380137,633.4106979493597,646.5871463465232,2616
2015-09-15,615.528564453125,647.5755676730829,609.5521250697542,638.0697213834443,2576
2015-09-16,616.7049560546875,625.6931663594347,611.7637870057946,625.6461190955415,628
2015-09-18,626.11669921875,631.9049487283291,616.4696549992954,631.8578440202264,1486
2015-09-21,629.0341796875,634.3518404974647,610.7283750532794,629.693013562724,464
2015-09-22,625.88134765625,634.6813105438886,619.293122944079,619.293122944079,1021
2015-09-23,635.24609375,635.2931410122331,621.1755156564058,625.8813907750149,945
2015-09-24,626.8694458007812,644.704719230487,623.0576994607042,630.6341448911783,223
2015-09-28,635.763671875,639.9989591043671,621.1754603071798,621.1754603071798,878
2015-09-29,624.9400634765625,639.9988601868411,617.4577123721926,617.4577123721926,587
2015-09-30,624.61083984375,644.0931172649026,618.3520028341134,618.775543092131,888
2015-10-01,623.0108642578125,633.4578848114925,616.7520269118818,630.634359532685,1309
2015-10-05,633.834228515625,644.6106922801057,618.398937649628,644.6106922801057,1539
2015-10-06,621.5990600585938,638.0696230837565,618.3990419786561,635.3401925188235,7319
2015-10-07,623.6224975585938,632.46956504758,621.1754656717303,632.4225177891326,854
2015-10-08,635.951904296875,638.7283817970497,627.6224717963511,627.6224717963511,1212
2015-10-09,635.24609375,635.9519750177914,628.7519631084135,635.62252929263,403
2015-10-12,629.4578247070312,636.2342961550315,619.2460989966493,632.2813496899678,834
2015-10-13,624.4225463867188,635.2931058195679,619.3401785622576,635.2931058195679,878
2015-10-14,627.5284423828125,635.1990417467998,625.8813861035926,629.8813799245554,173
2015-10-15,631.5283813476562,637.5519239092038,628.3283635909418,632.4695562826006,354
2015-10-16,630.587158203125,635.2930325180737,627.1989516742639,630.0695235174317,2134
2015-10-19,636.187255859375,639.010780873224,630.5872530929549,631.010793333985,414
2015-10-20,643.8577270507812,648.8459999838593,626.3989441192793,626.4459913753965,832
2015-10-21,672.5165405273438,695.9988667217839,641.88130778128,642.304847992375,11545
2015-10-23,669.1753540039062,672.9400536044908,663.5283046030294,671.9518314482888,597
2015-10-26,650.9166870117188,677.5990360075078,645.6931766087664,668.2343321177487,1098
2015-10-27,652.5165405273438,658.869471042431,639.9989259643454,658.869471042431,277
2015-10-28,644.7518920898438,651.6224577793827,640.375463011497,642.9165894367743,168
2015-10-29,657.5048217773438,660.7048397053887,649.410739881365,653.5519327947452,593
2015-10-30,662.3048706054688,670.0695644916578,654.1166364728983,664.4225143926112,611
2015-11-02,669.1753540039062,691.7635516074137,654.116555601568,676.2341657550023,1203
2015-11-03,675.4813232421875,681.36366711631,662.6342612431982,669.5048273992204,2101
2015-11-04,683.0578002929688,688.8460498940952,672.9401683905927,672.9872156546736,2532
2015-11-05,682.0695190429688,695.5283097590977,663.9989479499911,664.0459952100075,2193
2015-11-06,693.7401733398438,701.1754799304376,674.3049411482323,687.0108055496563,1319
2015-11-09,718.6341552734375,723.7635704803588,677.6459957683463,685.1283484605743,2654
2015-11-10,710.39892578125,733.1753737857557,695.1048310135753,705.9753914979538,2832
2015-11-13,702.775390625,733.1753319231027,698.3518565942776,733.1753319231027,2012
2015-11-16,688.3753662109375,704.3282353054448,678.5871239691243,701.1753222704543,1294
2015-11-17,694.1165771484375,709.598917714125,671.9048696575933,671.9048696575933,836
2015-11-18,680.798828125,710.5870361273122,677.6459152472381,710.539988872149,420
2015-11-19,679.9518432617188,700.2341516214805,677.8341996580248,693.5988798188578,1243
2015-11-20,700.704833984375,705.8812968277787,668.3283888586341,680.5166174061471,3213
2015-11-23,705.8811645507812,710.634086236472,693.6458910319011,693.6458910319011,3025
2015-11-24,702.2105712890625,713.3164810866458,694.6341248181573,710.5400036372499,1516
2015-11-26,712.4223022460938,714.2104999642456,701.175251488304,702.0693790697565,5928
2015-11-27,707.6695556640625,714.3048283956668,699.9048613634097,710.5401281286837,646
2015-11-30,719.9988403320312,724.7047151054431,709.6459158305249,715.2459182998372,1686
2015-12-01,705.6929321289062,718.1634996174854,704.0458760455091,718.1634996174854,411
2015-12-02,706.963623046875,719.9518265362248,705.4577085825329,719.9518265362248,1379
2015-12-03,705.8811645507812,719.9987878417969,705.8811645507812,719.010565700377,1353
2015-12-04,712.234130859375,729.3164788787027,706.9164695076947,729.3164788787027,1023
2015-12-07,719.481201171875,734.0223656212577,712.4694363136539,712.5164835721466,1129
2015-12-08,707.0576782226562,723.7164862567543,705.9753040567908,719.9517864725404,465
2015-12-09,705.8811645507812,711.5282138671876,705.4576243630996,706.022363761594,8718
2015-12-10,709.081298828125,710.493061389547,705.8812807109956,705.8812807109956,848
2015-12-11,705.9282836914062,710.3047703351849,705.8812364312632,706.8694586733146,1083
2015-12-14,709.504638671875,719.9987612417314,693.6458654054327,706.869360577196,526
2015-12-15,708.0458374023438,715.198800822505,705.8811467080567,706.3517341391954,552
2015-12-16,707.8576049804688,715.3870040280249,690.5400216379431,708.7517326063172,2200
2015-12-17,699.763671875,714.6812739128543,691.7636836962004,692.1872239710905,738
2015-12-18,710.4459838867188,712.4695332801508,704.8460381344527,704.8460381344527,325
2015-12-21,723.2929077148438,738.2576115420192,710.9635395527797,713.4105713049468,2557
2015-12-22,706.7283325195312,724.704752093557,705.8812520391789,715.293002066368,1344
2015-12-23,724.6106567382812,747.2929512998292,705.8812512277983,727.9518165051402,6176
2015-12-24,729.3634643554688,732.2340361702702,719.9987630723094,725.6458121944452,11419
2015-12-28,752.610595703125,765.7870454225687,724.7047345693986,732.8459211239596,6505
2015-12-29,785.4575805664062,789.3634797734526,748.2341210041462,759.8576092141672,16648
2015-12-30,782.3045654296875,798.1162917970939,769.8810456250269,798.1162917970939,14685
2015-12-31,752.328125,807.5280552511921,743.9987502052066,790.6339544944565,31484
2016-01-01,752.610595703125,762.3517337678089,743.4811869085581,748.234109068405,1639
2016-01-04,726.9164428710938,759.4811303040599,715.2929553249669,744.5164257608047,6145
2016-01-05,759.1988525390625,763.2929408964211,719.0577149751736,720.0459372568017,5287
2016-01-06,761.0340576171875,766.116425432111,741.6458762168347,752.8929285951159,2894
2016-01-07,740.6575927734375,762.351662545821,727.5752387962918,762.3046152901707,2787
2016-01-08,751.7634887695312,768.7987323290025,734.1164585167253,762.3517069212147,961
2016-01-11,753.8810424804688,757.6457418186983,738.8222451275504,751.9516455585767,751
2016-01-12,734.8223266601562,783.9987167568494,734.1164454625961,761.7399066825478,1785
2016-01-13,711.4813842773438,757.6460150732894,707.2460959943254,736.3283744041873,2555
2016-01-14,713.2222900390625,729.4105089525077,705.8811376959752,707.1988054642426,2126
2016-01-15,706.2106323242188,718.0224244305475,705.8812440548983,710.6812135365665,670
2016-01-18,703.3400268554688,741.9752469656582,696.5635557437685,741.9752469656582,7914
2016-01-19,683.1989135742188,727.4811831192338,674.7283390937575,689.9282799446183,2570
2016-01-20,677.9283447265625,683.2460064836122,668.6107466423535,672.0460009443232,361
2016-01-21,681.5518798828125,690.728335872349,668.234231032914,673.5518926098832,3531
2016-01-22,697.787109375,705.7870962031296,682.7283106396972,693.0812347702179,318
2016-01-25,678.8224487304688,704.3753722047785,675.7636300706781,699.1989098574405,833
2016-01-27,680.7518920898438,685.5048145329699,672.0930702691819,672.3754687358108,212
2016-01-28,687.198974609375,693.6460006195886,679.9048680899696,679.9519153527547,202
2016-01-29,689.0341796875,692.7047850863788,664.469535694271,664.469535694271,2378
2016-02-01,678.728271484375,684.6106143439263,665.4106242724489,675.1988657686442,687
2016-02-02,670.775390625,697.7871228677117,669.1753817394839,697.7871228677117,583
2016-02-03,668.6577758789062,701.1753599416083,658.8695331112126,701.1753599416083,755
2016-02-04,668.7518920898438,687.0577575294088,661.6460322509238,661.6460322509238,713
2016-02-05,680.9871215820312,686.1165365334072,668.2342125359659,668.2342125359659,1979
2016-02-08,684.6577758789062,691.6695412268255,672.9401354578551,682.3518856041188,389
2016-02-09,682.4929809570312,692.704705333571,679.5282571342912,683.3400038744174,1009
2016-02-10,685.975341796875,690.2577337905858,680.4694912974759,682.3988884629634,938
2016-02-11,670.2578125,688.9401136420319,659.8107353262745,682.3989357735543,3683
2016-02-12,670.86962890625,673.8814008459124,658.8225985923724,661.0814419083122,4287
2016-02-15,676.89306640625,702.1165447278975,665.8342602392892,665.8342602392892,635
2016-02-16,671.8577270507812,686.1165507752496,663.5283515727722,677.6459760743205,1054
2016-02-17,673.316650390625,677.6460326211314,660.7048818056031,665.5048515587631,1658
2016-02-18,659.1989135742188,677.6459183742828,654.1165462085091,677.6459183742828,3319
2016-02-19,655.9049072265625,672.8931051804107,650.4460460481324,659.1990198609006,1829
2016-02-22,674.0695190429688,675.7636224850376,655.9048537715292,655.9048537715292,709
2016-02-23,661.1282958984375,674.8223787053909,657.8812311228288,674.8223787053909,826
2016-02-24,662.1166381835938,669.175450957406,655.0578254097815,656.9872227456704,778
2016-02-25,658.0226440429688,658.8226199607259,654.2108386430914,658.8226199607259,10137
2016-02-26,654.16357421875,665.410625272059,649.4106526700434,660.7047509773485,3765
2016-02-29,658.0226440429688,658.8226199607259,652.2343937611187,655.9520471769946,1101
2016-03-01,660.89306640625,671.4342374153869,658.5401290133516,658.7754227526415,2206
2016-03-02,673.6929931640625,686.116513540161,670.210634487047,677.6459392989244,1555
2016-03-03,691.2459106445312,691.7635453459749,670.1635700941798,687.010623632209,1997
2016-03-04,681.834228515625,695.5283130412189,664.8460315466695,664.8460315466695,762
2016-03-08,661.1753540039062,692.7047125222421,655.9988921576123,682.3517888296542,7670
2016-03-09,659.9519653320312,665.7872622086445,650.3519682053148,656.9401936429954,676
2016-03-10,660.6107177734375,668.23421186042,658.8224623975972,668.23421186042,511
2016-03-11,668.2341918945312,668.2341918945312,660.7988870631536,666.3518420582086,80
2016-03-14,668.8929443359375,672.9399845020345,660.1400301523438,672.9399845020345,110
2016-03-15,666.8224487304688,687.0577100539763,666.3989085161411,669.4577270882992,2537
2016-03-16,666.775390625,677.5047503597833,663.5283256276575,664.8459935075167,30108
2016-03-17,670.587158203125,680.65774175211,661.8342425744785,661.8342425744785,487
2016-03-18,668.14013671875,687.0577307097016,664.8460243112378,687.0577307097016,732
2016-03-21,673.64599609375,701.1753644287023,670.5871773898664,701.1753644287023,955
2016-03-22,675.8577270507812,683.6695253046522,667.2930577500881,682.3518573608095,1235
2016-03-23,695.1988525390625,696.4694156572915,672.9400435067074,682.351792366941,5247
2016-03-28,682.3518676757812,691.6695230536727,679.9048356799524,687.0577426252694,872
2016-03-29,682.3518676757812,691.7636175747575,677.6459927262931,691.6695230536727,555
2016-03-30,682.8695678710938,698.3519094275448,682.3519330659973,691.7636838669076,437
2016-03-31,697.3164672851562,705.8811354169808,687.057638472528,695.5282120975317,2946
2016-04-01,700.3753662109375,702.9635973389236,690.1635834754816,702.1165169009513,508
2016-04-04,696.4695434570312,705.8812940442884,692.7048432221284,704.9401189855628,357
2016-04-05,685.9282836914062,701.5518221373974,685.1753552295564,701.5518221373974,318
2016-04-06,687.716552734375,694.9636113939714,682.3518439892317,687.0577187753643,1248
2016-04-07,696.9871215820312,705.8812366528091,687.1518315290497,690.8224369375491,1435
2016-04-08,719.5752563476562,724.7046710276475,696.4694241044924,701.175298591685,1665
2016-04-11,725.2223510742188,729.1752973795557,716.2341417306768,716.7047292088179,622
2016-04-12,734.5869750976562,738.8222619495966,718.4929080381846,727.5281636777556,1136
2016-04-13,733.3165893554688,742.9636339622454,726.96365754125,735.0577402821991,278
2016-04-18,726.869384765625,739.7634927568268,720.9399942133961,733.3164674836053,1140
2016-04-20,709.1753540039062,726.8694323029742,707.7635915208195,726.8694323029742,14317
2016-04-21,712.0459594726562,718.1165499222892,703.9989244323359,710.5871496609808,2248
2016-04-22,721.7398681640625,723.9516633979255,710.5869698274524,715.2928437998196,815
2016-04-25,715.4811401367188,733.1752160176416,711.5281942353491,716.6105614577892,816
2016-04-26,734.5082397460938,737.3551709079003,693.7496636953706,693.7496636953706,1570
2016-04-27,713.5358276367188,736.7857640770355,709.882231443522,711.7327481729635,7531
2016-04-28,721.4122924804688,735.4571398245396,714.1051583457627,724.0694163691919,1504
2016-04-29,723.5475463867188,735.4571965006991,714.5797018903567,735.4571965006991,1674
2016-05-02,723.5000610351562,724.5439125279137,712.2546492512056,724.5439125279137,519
2016-05-03,729.6683959960938,733.5591783012366,719.7041380760899,719.7041380760899,2060
2016-05-04,727.8652954101562,747.6514409631588,713.0612786718908,730.0953679969425,3022
2016-05-05,744.8045654296875,746.3704006273591,725.9673953972406,739.2530732215039,10068
2016-05-06,760.6998901367188,764.8279745685302,740.2968859749677,744.8520216129604,10466
2016-05-09,781.4826049804688,785.46832019662,759.1816441826047,760.6999843025848,11063
2016-05-10,804.4478759765625,806.5356371203438,766.0143045386824,766.0617418081166,10082
2016-05-11,793.6294555664062,808.5284060890943,770.5693259910148,770.9489399603794,4485
2016-05-12,787.4611206054688,803.7835369542574,783.0009170216485,792.3958126998878,3628
2016-05-13,787.5084228515625,787.6507925487167,773.4161396713303,787.5559180312478,879
2016-05-16,782.9060668945312,787.0815890863538,776.3106648074091,782.9535041628778,3473
2016-05-17,782.7161865234375,786.7019013472652,781.0080395763563,781.0080395763563,2149
2016-05-18,788.030517578125,797.1406735358655,744.9469389591125,776.3580542360112,7163
2016-05-19,802.407470703125,811.3753147130928,759.2290182827206,780.0590744960963,4442
2016-05-20,801.7432250976562,805.6815029625006,782.9060541155042,794.8157043242204,2320
2016-05-23,779.25244140625,801.3635926363343,768.6713253031392,781.3876395320921,941
2016-05-24,755.3383178710938,778.1137677748385,736.7858275545278,766.7734800927394,6184
2016-05-25,765.3499145507812,768.6238966311911,744.94691000913,744.94691000913,348
2016-05-26,765.539794921875,773.3214182866166,721.2225552704087,765.3499879284008,4653
2016-05-27,782.9060668945312,789.833587781042,759.181640625,782.9060668945312,6859
2016-05-30,778.3035278320312,787.6509283311918,743.808178326637,776.0259598106411,1234
2016-05-31,793.6294555664062,798.0896590621225,774.6024782514357,786.7019350326987,2000
2016-06-01,789.216796875,801.0790101514176,782.9060762435605,801.0790101514176,681
2016-06-02,793.8192749023438,801.3636537734142,769.6203609633004,771.6131895310727,1423
2016-06-03,799.6080322265625,801.8856002951941,781.0081053762659,781.2453496367083,3505
2016-06-06,797.140625,808.1962294555846,785.7529017857142,799.6079418613797,1991
2016-06-07,793.9140625,804.7324224800235,790.0707175853181,792.4905971300471,417
2016-06-08,793.1074829101562,802.834496610221,783.4279064732177,789.6911890716867,760
2016-06-09,793.9615478515625,805.6813894173439,787.6508282878627,800.9365049095857,1484
2016-06-10,792.5381469726562,799.750348842784,782.9060074699457,797.5677133758472,648
2016-06-13,804.4004516601562,807.8167460079271,774.744917665739,792.3958683308301,1728
2016-06-14,802.1228637695312,814.22232134192,792.348411589363,814.22232134192,576
2016-06-15,801.0789184570312,805.6814335130755,790.5926767842006,793.3447331177045,1003
2016-06-16,804.7326049804688,806.6305592374981,791.2571181713665,804.1632418717469,2484
2016-06-17,811.5652465820312,823.7121421633808,801.8856683502959,802.7872082006819,1502
2016-06-20,809.0503540039062,814.2222903930427,806.6304741656018,814.2222903930427,1176
2016-06-21,806.156005859375,830.3074834225212,803.7835632288295,824.3763768461573,1093
2016-06-22,795.859619140625,813.0835176938323,779.2050257230554,797.5203289634967,3334
2016-06-23,801.8855590820312,804.7324900610207,781.0555025015665,790.0233466695752,2432
2016-06-24,789.3115844726562,792.3957595848127,760.1305430268683,787.0815117907105,976
2016-06-27,800.8417358398438,806.6304725331679,782.9060468704278,784.471882132553,1961
2016-06-28,810.7109985351562,820.86506350607,785.7529162809549,801.7431547542801,2028
2016-06-29,817.875732421875,820.8650328776146,797.7574681262623,806.6303791282918,761
2016-06-30,844.9691162109375,848.2905356018281,809.8569683643804,812.3242853149445,5914
2016-07-01,848.148193359375,851.8966640918404,834.7676408339213,837.9466906140734,784
2016-07-04,828.7889404296875,854.1740721366186,818.824683124163,853.5572719131338,2304
2016-07-05,832.3952026367188,854.0318667543771,826.7013406099161,854.0318667543771,368
2016-07-07,830.9242553710938,853.1303408028674,829.4059153077933,834.4354819285569,1755
2016-07-08,835.669189453125,842.6916429796746,816.1202848677029,830.3549409991163,721
2016-07-11,834.8150634765625,850.2833767142938,827.7926106344227,843.0711748123327,701
2016-07-12,837.9940795898438,863.3792128653156,831.0191222133769,863.3792128653156,863
2016-07-13,818.065673828125,843.6406175181841,802.1228705930765,839.8921464973245,4130
2016-07-14,815.02880859375,827.0808271213875,809.4298794907061,827.0808271213875,261
2016-07-15,816.025390625,818.2554635300223,802.170290905721,807.6269089576753,1027
2016-07-18,837.7568969726562,845.5385200771997,811.375347548828,824.0916627138838,1560
2016-07-19,821.529296875,852.5608524455707,818.0655080934604,830.9241332375714,1065
2016-07-20,812.2294311523438,832.6324364936863,800.6519002581807,832.6324364936863,1877
2016-07-21,814.6966552734375,826.558866328671,804.9696422081461,807.6267659003279,1594
2016-07-22,808.1488647460938,827.5080205042582,806.6305245741049,815.1713183637131,632
2016-07-25,805.4917602539062,822.573348252358,800.1300743291941,819.963661197039,697
2016-07-26,809.429931640625,817.9707245130184,797.1406680900451,812.4666695794455,887
2016-07-27,812.4666137695312,828.4094144519985,792.3957287297317,799.9875440948069,658
2016-07-28,821.1023559570312,826.5589737516027,807.769240582314,810.5212391522175,1107
2016-07-29,827.4605102539062,844.589533592575,806.5830161651011,812.3243154553305,1744
2016-08-01,834.5303955078125,843.6405515234844,816.1202185716496,816.1202185716496,1454
2016-08-02,841.7899780273438,843.3558131373967,832.490015654945,841.7425407648176,1625
2016-08-03,818.4451904296875,843.0236589319088,816.5946737741891,842.7389774282068,587
2016-08-04,832.9171142578125,844.3522753832221,818.7773339630339,836.0487267351714,823
2016-08-05,843.0711669921875,853.1302997496624,832.4426132976553,850.2359315627344,1216
2016-08-08,1011.656982421875,1011.656982421875,851.184936138891,851.184936138891,165731
2016-08-09,942.80859375,1028.6910071716154,901.6229712169975,1023.9461224521892,121427
2016-08-10,937.3519897460938,971.0881090001445,915.9525709392202,952.6779907777004,19733
2016-08-11,928.2893676757812,972.4167428546536,916.0001032175485,934.7424000717796,7009
2016-08-12,915.1458740234375,947.0315334409611,902.8566691872517,936.6402245329245,2787
2016-08-16,908.0760498046875,934.7422784374132,901.5280858025814,934.7422784374132,2706
2016-08-17,898.6812133789062,929.0959144544756,882.6434790108357,911.0179143017423,4615
2016-08-18,896.356201171875,904.7546822564509,889.2863110370162,904.7546822564509,2730
2016-08-19,901.0062255859375,934.7423464023586,884.5889350454992,906.2730363596472,4222
2016-08-22,921.6939086914062,932.7969511447764,906.2730324842141,906.2730324842141,1903
2016-08-23,930.8040771484375,953.7218951097575,917.708205993809,928.0995158381521,1132
2016-08-24,948.6923217773438,960.8392158353167,931.4209287331985,948.0280262908459,3602
2016-08-25,981.3370361328125,986.0345415179917,944.469304970036,948.9295081978938,6544
2016-08-26,956.9484252929688,989.7830061641632,953.6744430747727,982.191190201255,1261
2016-08-29,995.6666259765625,1009.6640367815774,933.1290761833429,950.8749577372826,4978
2016-08-30,974.2672729492188,1036.2828975411985,967.9565526483722,1025.8441504047944,17201
2016-08-31,976.2600708007812,1019.2012792612773,967.9565222034477,1019.2012792612773,2138
2016-09-01,955.76220703125,985.9871012595125,947.079044328194,968.0039755570649,2806
2016-09-02,948.4075317382812,976.8293433979852,941.2902050279808,976.8293433979852,3006
2016-09-06,944.1846923828125,972.1320770505961,939.7244888294225,972.1320770505961,1360
2016-09-07,995.3819580078125,1006.6748070171614,946.1300305414352,946.1300305414352,8093
2016-09-08,947.9805908203125,996.4258553460398,944.469364317282,996.188611094767,6175
2016-09-09,981.4794921875,986.9361101039401,949.4040801933143,951.9663297556609,4654
2016-09-12,983.5670776367188,1027.9317484319913,945.2284450068526,948.0279384914937,1933
2016-09-14,981.4320678710938,1005.9157233227016,954.8607670627803,993.6265162471825,2255
2016-09-15,976.4497680664062,994.5278249618764,967.9564708598415,977.3513656571574,1081
2016-09-16,969.8070678710938,989.6881478335926,965.0621828166053,965.0621828166053,1149
2016-09-19,965.0147094726562,995.4768472152449,952.1085878543738,952.1085878543738,1636
2016-09-20,948.2652587890625,988.834025177086,945.1810835665813,960.4121526964894,3118
2016-09-21,947.790771484375,979.391751678894,942.4290283070935,966.0111413288922,4756
2016-09-22,940.7208251953125,956.5213143501556,933.0341351810921,949.0243733863956,2443
2016-09-23,930.187255859375,957.5177815483166,909.7842506033901,942.7137636937529,5167
2016-09-26,926.01171875,945.7979233913509,922.405617836477,922.4530551009394,104829
2016-09-27,938.4908447265625,948.8821547817685,920.5551557040997,926.0117736226684,64812
2016-09-28,953.3897094726562,963.2590349326587,933.8407496836342,936.5453687252309,1653
2016-09-29,950.5428466796875,971.7524597170416,916.711793053381,966.058597648387,4739
2016-09-30,946.4620971679688,952.7728167821684,932.8443016901111,942.5238777475869,825
2016-10-03,967.2448120117188,971.5152085327418,935.0270311189196,935.0270311189196,2379
2016-10-04,966.5804443359375,971.7523802093286,949.3565477400739,958.6090728446061,762
2016-10-05,983.7095947265625,1004.8243342578788,952.9627728133132,952.9627728133132,2909
2016-10-06,1000.364013671875,1014.3614228261002,972.6064395863775,981.1472316126844,5734
2016-10-07,1006.247802734375,1016.3544315950925,980.3881778408492,980.3881778408492,1762
2016-10-10,1035.5712890625,1040.8855378013297,997.6596992040418,997.6596992040418,4327
2016-10-13,1032.5345458984375,1042.4038147390183,1001.1708074422667,1014.8361003994376,3757
2016-10-14,1022.9024047851562,1042.593678946533,1002.4045232843495,1015.4054627794274,3126
2016-10-17,1022.8073120117188,1042.925575224326,1017.3031998548475,1022.997061048065,1852
2016-10-18,1010.4232788085938,1040.7905433513267,998.5610660965887,1016.7339991397647,4172
2016-10-19,1055.025146484375,1061.9052295174415,1008.1456609941316,1015.4053579836125,4400
2016-10-20,1030.5413818359375,1058.109206144444,1024.8950158170398,1057.1602292779467,1158
2016-10-21,1038.6553955078125,1048.524780131914,1001.6927852388004,1029.6401134088412,847
2016-10-24,1051.8460693359375,1056.2113401159227,1022.9971470305163,1035.144098267087,2653
2016-10-25,1074.28955078125,1080.8848951568048,1037.611563435682,1037.611563435682,3307
2016-10-26,1059.248046875,1075.1909062971968,1042.0715868977702,1075.1909062971968,1303
2016-10-27,1088.6663818359375,1097.017425878354,1036.2828971100023,1036.2828971100023,6819
2016-10-28,1105.2261962890625,1114.6684720426613,1091.3236586861099,1091.3236586861099,3945
2016-11-01,1182.3779296875,1195.7111038088055,1112.201121955492,1129.2827091527606,6590
2016-11-02,1185.272216796875,1195.7109633018915,1139.721322956803,1158.700862056833,4561
2016-11-03,1185.651611328125,1195.7107420211948,1172.9827944917552,1172.9827944917552,4340
2016-11-04,1137.7286376953125,1205.2008845184728,1131.1806727134012,1204.631521442204,3092
2016-11-07,1117.040771484375,1167.2416765125245,1112.6755005779958,1167.2416765125245,3212
2016-11-08,1120.6468505859375,1172.9354548971965,1091.3234410451262,1129.2825172553912,29701
2016-11-09,1102.47412109375,1118.8439757000483,958.7515309516501,1054.3135343534807,6116
2016-11-10,1103.1383056640625,1138.772439589658,1095.4991100536356,1110.3031285999166,27562
2016-11-11,1090.706787109375,1137.8235224457608,1022.0483183270095,1137.8235224457608,6235
2016-11-15,1049.236572265625,1096.0685698071816,972.7015446340789,1096.0685698071816,7428
2016-11-16,1057.2078857421875,1098.915379050739,1024.8951721716735,1098.915379050739,2574
2016-11-17,1042.878173828125,1061.7154589765387,1020.1977173757252,1038.3231539690692,1668
2016-11-18,1057.967041015625,1086.5312270520108,1020.7196918034239,1044.871227230885,1401
2016-11-21,1004.1600952148438,1078.5124244018336,983.2825999778527,1032.8666511657066,2286
2016-11-22,1028.169189453125,1051.134504706694,982.6182887951204,990.5897195786574,3429
2016-11-23,1031.58544921875,1040.9328490929022,1025.7965970975577,1040.0787466617496,29142
2016-11-24,1031.9649658203125,1039.1297883231425,1010.8977232979247,1024.08852642767,2808
2016-11-25,1018.964111328125,1062.8543000582072,1008.4304892012905,1062.8543000582072,1039
2016-11-28,1015.35791015625,1049.4737033269232,1002.1197271429761,1014.4564283293954,931
2016-11-29,1016.0222778320312,1052.0359096949405,1006.2003887641398,1032.4395109053871,6985
2016-11-30,1007.0068969726562,1028.1216337602405,995.9037973365103,1015.4528148560721,1518
2016-12-01,1037.46923828125,1053.3646050694604,994.6228980688217,1014.4565430804081,1305
2016-12-02,1006.6748046875,1061.9052173778957,1001.265566514743,1061.9052173778957,687
2016-12-05,1005.9155883789062,1048.6195520365013,991.6809338263745,1031.5379665734633,95553
2016-12-06,1004.77685546875,1043.7797855071337,983.1401343603471,1021.0992129070787,83668
2016-12-07,1000.6487426757812,1024.8476559668998,996.4258413990002,1020.0078964770596,87199
2016-12-08,1012.558349609375,1018.2522109942449,1001.170626839635,1013.5073265068532,14169
2016-12-09,1014.4088134765625,1034.3848236087044,1005.9155165369052,1005.9630117187877,1184
2016-12-12,1001.692626953125,1021.0991584891337,998.4185870978057,1021.0991584891337,863
2016-12-13,1010.6605224609375,1020.15029262489,1010.6605224609375,1019.6283089291042,334
2016-12-14,997.9441528320312,1015.4053521495275,994.5278589277616,1014.4563751849018,380
2016-12-15,1001.3131103515625,1004.1600413675787,996.3783604186493,996.3783604186493,184
2016-12-16,1001.7874145507812,1015.4052089036799,1001.1705564424134,1004.0174869346666,204
2016-12-19,1009.4268188476562,1011.6095123499081,997.3748569228455,1010.6605353214372,745
2016-12-20,999.1778564453125,1031.490452172456,987.9325027266864,987.9325027266864,870
2016-12-21,991.5861206054688,1011.6095127456521,977.5412142418371,1011.6095127456521,809
2016-12-22,995.7615966796875,1006.0579737983722,970.8034556378612,978.3952715177272,1303
2016-12-23,963.35400390625,1005.9155982683728,950.02083100753,977.5411634129854,905
2016-12-26,960.412109375,984.4687097778041,940.4361561884873,984.4687097778041,416
2016-12-27,980.8152465820312,989.7830330954563,953.7219062904445,956.6637118877322,1003
2016-12-28,988.2646484375,1000.6013491562426,954.7657147644555,954.7657147644555,352
2016-12-29,1010.8029174804688,1015.4054329567947,965.3943313568798,965.3943313568798,604
2016-12-30,1041.2650146484375,1043.8747014019423,983.5671666341807,983.5671666341807,1130
2017-01-02,1034.1951904296875,1042.6884883208802,1024.8951694075547,1034.3849394946617,392
2017-01-03,1023.898681640625,1039.1298087355713,1013.5074298900365,1039.1298087355713,2532
2017-01-04,1042.16650390625,1064.7522030346622,1007.3390940474991,1007.3390940474991,1588
2017-01-05,1056.1639404296875,1059.9124692076994,1043.4002456981166,1043.9222294019926,587
2017-01-06,1094.1229248046875,1100.7183840920745,1048.619526528735,1066.7449630496726,2547
2017-01-09,1104.2772216796875,1109.306730786749,1082.9252370051684,1104.9414593105669,317
2017-01-10,1076.4246826171875,1110.0183765294976,1068.1211336729455,1106.5547030720084,891
2017-01-11,1100.1015625,1105.4633055977556,1058.583819684063,1058.583819684063,958
2017-01-12,1096.447998046875,1105.7005233671669,1074.3367886370015,1074.3367886370015,463
2017-01-13,1095.0244140625,1096.5427538592214,1089.3779322808882,1093.2688300524817,289
2017-01-16,1090.137451171875,1096.0685580879353,1085.72468445794,1095.7838186191916,612
2017-01-17,1093.0789794921875,1098.9152103841107,1082.92497336685,1091.3233954591772,371
2017-01-18,1101.9993896484375,1105.5580529088738,1092.2723767365783,1105.1784389927134,750
2017-01-19,1099.484619140625,1101.9045565855254,1093.2213947350037,1093.2213947350037,763
2017-01-20,1098.108642578125,1114.5733686183673,1091.3234345773712,1091.3234345773712,638
2017-01-23,1130.6585693359375,1138.7723688004066,1106.507151684395,1106.507151684395,1418
2017-01-24,1140.1959228515625,1155.854044139162,1131.1806408980963,1146.2693991254407,1003
2017-01-25,1157.467041015625,1161.5476878899078,1126.1982995125395,1139.7212198985126,2861
2017-01-27,1161.2156982421875,1180.574851694153,1140.9075678155366,1160.598840040259,2306
2017-01-30,1150.966552734375,1176.7312974559231,1129.2824548165713,1175.7823206031362,598
2017-01-31,1135.3084716796875,1162.4966825668773,1129.6621055582675,1134.4069899769077,14496
2017-02-01,1148.689208984375,1154.6678106588479,1129.2826748995512,1154.6678106588479,724
2017-02-02,1148.119873046875,1155.0948312705484,1127.621991716149,1145.4153115938498,1306
2017-02-03,1175.3553466796875,1180.4797290954646,1129.6620872983872,1129.6620872983872,1365
2017-02-06,1168.8077392578125,1206.766825559584,1146.5067760555216,1163.4459951492995,1175
2017-02-07,1176.114501953125,1183.3741984318542,1154.0982841330163,1157.7518220423915,514
2017-02-08,1169.4244384765625,1181.4289052127206,1153.9560665763117,1158.700951718484,854
2017-02-09,1158.416259765625,1181.28669976207,1153.7663648091989,1173.8846323000441,576
2017-02-10,1159.270263671875,1171.9865784608048,1148.5468932283557,1171.9390832747076,671
2017-02-13,1142.71044921875,1162.306843518583,1135.0711395595606,1155.8537548721933,1800
2017-02-14,1139.1993408203125,1154.9049557833844,1127.7642380023794,1127.7642380023794,2733
2017-02-15,1142.2362060546875,1163.113700362417,1111.3469579126192,1134.0275317153096,1939
2017-02-16,1160.93115234375,1162.4969877813937,1136.922100386977,1138.7725594593244,678
2017-02-17,1145.462646484375,1161.3105148342147,1134.0274281731454,1160.9309008948962,620
2017-02-20,1152.8173828125,1161.5479254579295,1134.0275906227334,1134.5969536923176,1098
2017-02-21,1161.5478515625,1181.4763686236213,1148.2621735217524,1157.1825805174954,1178
2017-02-22,1152.05810546875,1172.7932302447578,1138.772427151977,1164.4423019507965,2349
2017-02-23,1149.1162109375,1165.2961984159708,1141.0499068694205,1154.430458684558,849
2017-02-27,1136.0677490234375,1181.476271719955,1115.2851311958852,1149.1161817432362,10372
2017-02-28,1153.2442626953125,1163.3508905933438,1096.448014213982,1129.7570826897918,8340
2017-03-01,1150.8717041015625,1157.7517864390074,1130.6110710072605,1136.87429520814,1942
2017-03-02,1141.23974609375,1148.2621992409634,1134.027543878472,1148.2147040529862,301
2017-03-03,1138.8670654296875,1154.9047969534602,1134.0273067866763,1138.819686093538,2373
2017-03-06,1127.3372802734375,1138.7725004690863,1112.2486373157653,1135.2138364051202,872
2017-03-07,1115.3326416015625,1127.384602377759,1099.8167759912687,1127.384602377759,292
2017-03-08,1144.228759765625,1151.013966954177,1102.7110253764513,1129.2348802094634,1606
2017-03-09,1139.104736328125,1146.649174424115,1112.5808704493581,1142.995519602804,301
2017-03-10,1145.794921875,1154.905078454489,1132.6041176133383,1133.0786061418735,1011
2017-03-14,1154.2408447265625,1171.8917948789453,1122.6398622832558,1145.7949257218959,2260
2017-03-15,1171.939208984375,1180.0530094269777,1139.816357710378,1153.0546575987337,5631
2017-03-16,1170.9427490234375,1176.731485582516,1155.9014866704642,1162.5443257019786,1254
2017-03-17,1174.5015869140625,1181.3816712166974,1156.8031399878626,1159.128087656806,3950
2017-03-20,1167.6685791015625,1180.5272624204774,1157.7518168432337,1161.0257408081998,4865
2017-03-21,1181.1441650390625,1188.119122341294,1161.9747614514126,1166.3401480249174,3838
2017-03-22,1167.2891845703125,1174.8335052502985,1148.8315127411572,1166.767200892764,967
2017-03-23,1167.24169921875,1181.4763540872714,1140.7652179949168,1152.4376813238714,62026
2017-03-24,1151.5833740234375,1178.7240879766653,1138.772186920581,1148.261955144919,97044
2017-03-27,1146.5540771484375,1173.8371685655868,1143.5173967883443,1173.8371685655868,10187
2017-03-28,1143.42236328125,1164.8692194277903,1138.7723530047645,1158.7483643671553,1668
2017-03-29,1156.1861572265625,1162.4968777312024,1137.3964812794086,1140.195917219624,1095
2017-03-30,1168.9024658203125,1180.33768545778,1140.6703989575933,1167.2417560048584,1198
2017-03-31,1175.497802734375,1181.2866553008123,1148.26220826357,1176.7315192122537,1408
2017-04-03,1181.4288330078125,1186.2212130452817,1153.1018936086743,1172.9355354591744,1958
2017-04-05,1213.6466064453125,1243.159765495957,1181.7135099113284,1200.266055038509,5231
2017-04-06,1220.431884765625,1243.5394509333817,1190.9661033616248,1205.2482531689827,1055
2017-04-07,1209.898193359375,1222.994122442766,1167.2417230685564,1222.994122442766,663
2017-04-10,1174.881103515625,1243.1124619233478,1171.037700059534,1243.1124619233478,2768
2017-04-11,1166.387451171875,1176.731322253614,1148.7365045064514,1176.731322253614,1878
2017-04-12,1167.1468505859375,1186.2212653646166,1160.6937605655858,1176.7314952416996,5063
2017-04-13,1165.2962646484375,1180.5273918853336,1160.6937493516737,1172.7458267964905,1173
2017-04-17,1146.8387451171875,1171.037659474232,1143.65969522298,1167.621365321622,5874
2017-04-18,1153.529052734375,1171.0376322608258,1143.6596686458024,1167.1942290272536,798
2017-04-19,1158.1314697265625,1162.0222519751655,1151.3937566850436,1151.3937566850436,303
2017-04-20,1180.00537109375,1186.173721420099,1154.9049764871434,1170.088608059694,572
2017-04-21,1157.9892578125,1190.8713361197529,1157.7520135474288,1184.3233712354026,755
2017-04-24,1201.4998779296875,1213.7417056349705,1157.5623078954407,1162.4969424572625,2421
2017-04-25,1208.2373046875,1219.3404035729307,1190.9659719882561,1196.0904702552316,8655
2017-04-26,1205.0582275390625,1227.0270647436496,1161.1680483090597,1212.7924120204052,48867
2017-04-27,1168.3804931640625,1198.5580095756588,1167.2417670451784,1198.5580095756588,2102
2017-04-28,1169.519287109375,1173.7421884556136,1162.4968340861035,1169.187168325163,25510
2017-05-02,1161.784912109375,1186.1261915535204,1149.4957082016458,1185.604207947689,2259
2017-05-03,1144.5137939453125,1176.1621547433845,1136.3999939979526,1176.1621547433845,8325
2017-05-04,1159.541259765625,1171.6585285791973,1146.8991787365742,1146.8991787365742,24297
2017-05-05,1167.603271484375,1178.3371115695224,1159.254729195927,1159.5410115193786,1489
2017-05-08,1165.4566650390625,1173.5666786721629,1164.0254861626331,1173.5666786721629,435
2017-05-09,1188.2601318359375,1202.190249528612,1156.3925257370458,1156.3925257370458,1746
2017-05-10,1192.69677734375,1197.4196208940853,1166.3153576213604,1179.1959670891454,2091
2017-05-11,1230.14599609375,1234.630309982649,1192.6013104158649,1194.2710191040176,3283
2017-05-12,1216.02490234375,1254.6667293699736,1202.1901741491763,1254.6667293699736,35171
2017-05-15,1181.0087890625,1206.9607846424547,1166.7923897281216,1206.9607846424547,2187
2017-05-16,1199.08935546875,1211.6360467749419,1168.7960695836234,1202.142490450421,663
2017-05-17,1191.647216796875,1207.8672444020958,1184.7298520828838,1202.1902813281235,887
2017-05-18,1186.9244384765625,1211.6361522500274,1179.291483888289,1186.1610964298775,1458
2017-05-19,1185.4454345703125,1206.3884223251855,1153.8164741016956,1182.1537696929206,44695
2017-05-22,1170.4658203125,1201.6178379273595,1164.0255152078662,1201.6178379273595,652
2017-05-23,1172.135498046875,1187.87846566411,1159.254888178228,1159.875088984349,1177
2017-05-24,1172.7078857421875,1181.1995699184024,1151.1925676581652,1177.0491746912094,701
2017-05-25,1169.5594482421875,1188.2601626480682,1162.2126599783376,1174.568574411779,1522
2017-05-26,1197.9443359375,1221.0817251428116,1173.5665452591065,1173.5665452591065,3663
2017-05-29,1185.63623046875,1211.7313669271534,1173.9482704334291,1211.7313669271534,510
2017-05-30,1199.6617431640625,1210.7772550484644,1168.9391517593522,1183.012409846007,1136
2017-05-31,1174.47314453125,1198.37388037337,1170.0365828154563,1184.062090400758,3572
2017-06-01,1179.4822998046875,1188.1171265534044,1164.0256128449334,1182.1538805859611,1069
2017-06-02,1169.034423828125,1211.4449711102318,1162.1648129162265,1188.832395094751,2318
2017-06-05,1182.2490234375,1187.878349754357,1173.7573396513553,1182.6306943939965,559
2017-06-06,1183.3465576171875,1202.1904153176024,1178.3374308866976,1192.1721618566223,706
2017-06-07,1190.359130859375,1201.236113400935,1183.0600954387469,1190.4545194886732,713
2017-06-08,1209.107666015625,1211.7314940539306,1188.2601828961053,1190.359198738894,1379
2017-06-09,1195.0343017578125,1216.54973637332,1178.86202785481,1206.9607917953156,766
2017-06-12,1204.5277099609375,1230.8614924556186,1192.6489727799,1217.4560714137222,2464
2017-06-13,1222.799072265625,1256.9565842256898,1216.7404389921312,1226.0431006507654,47003
2017-06-14,1239.7347412109375,1244.1236661732344,1224.182668358709,1240.3549419758508,11788
2017-06-15,1210.0615234375,1249.8959950349893,1203.1441601061995,1249.8959950349893,60872
2017-06-16,1196.7994384765625,1278.4243855742138,1188.021588107196,1206.006712383225,159634
2017-06-19,1213.54443359375,1225.90023268038,1194.5574350934626,1213.6398222355308,40621
2017-06-20,1207.5333251953125,1221.2726659815323,1197.0857657734036,1197.0857657734036,25406
2017-06-21,1175.283935546875,1214.3550654916417,1168.9390203373996,1198.0396524312869,56077
2017-06-22,1172.23095703125,1190.1684465868043,1164.0255542867635,1187.3537247499817,1501
2017-06-23,1159.159423828125,1187.8783880690414,1146.9944041912734,1187.8783880690414,2888
2017-06-27,1145.563232421875,1173.5666074437827,1144.943031652471,1159.254819548127,2456
2017-06-28,1151.8126220703125,1166.8877516309917,1144.9430105945953,1158.3484315981573,963
2017-06-29,1165.695068359375,1168.8437081337074,1150.7630804083406,1162.0693690113333,2704
2017-06-30,1193.9847412109375,1202.2855313226867,1150.4769307690337,1154.4841846568524,10774
2017-07-03,1237.2540283203125,1269.9326097507892,1187.8783614874023,1211.5881994649328,158514
2017-07-04,1240.3551025390625,1271.8410397573618,1207.0086792548116,1236.5386253004808,28658
2017-07-05,1302.8497314453125,1415.9128535077582,1250.7548478648957,1250.7548478648957,159069
2017-07-06,1306.90478515625,1343.3998448622012,1289.1104386331479,1316.3982246879852,22229
2017-07-07,1294.358154296875,1319.5469258499775,1271.125373798722,1319.4991732995113,8111
2017-07-10,1303.3267822265625,1311.8184661074688,1278.5196838825723,1278.5196838825723,2722
2017-07-11,1313.4405517578125,1349.124635422897,1286.3912939949935,1297.602195314809,11079
2017-07-12,1310.912109375,1335.1945143994394,1303.5654376682191,1307.1433848896324,15746
2017-07-13,1292.21142578125,1320.0717786866205,1275.32356108426,1310.9121404072644,8154
2017-07-14,1271.936279296875,1292.2113122501828,1269.026285625354,1292.2113122501828,3828
2017-07-17,1285.9619140625,1309.2900820908783,1260.8685323250834,1286.1526913160897,4152
2017-07-18,1269.0263671875,1299.9397380074518,1262.87222808436,1278.5198072279425,3721
2017-07-19,1318.1156005859375,1334.574155859269,1265.2573765880963,1265.2573765880963,8043
2017-07-20,1310.625732421875,1327.1319230634647,1295.4074628090298,1327.1319230634647,4312
2017-07-21,1374.5042724609375,1421.6377902781833,1299.9875766805535,1324.269866846105,92867
2017-07-24,1322.504638671875,1406.7534130943577,1316.7799233037235,1374.504136599251,17180
2017-07-25,1340.0126953125,1373.9316802566898,1278.6151466449555,1319.5468845798623,20169
2017-07-26,1336.864013671875,1372.9773986752825,1329.8512615104385,1347.6454897282772,4976
2017-07-27,1327.609130859375,1354.849280947977,1317.6863842309533,1340.4897402205002,3172
2017-07-28,1360.04931640625,1372.0235602690557,1316.6846405920007,1335.7670266875368,5575
2017-07-31,1355.3740234375,1378.7021903824184,1350.0786154955863,1373.9315945679464,9950
2017-08-01,1340.728271484375,1373.931666683751,1332.9045405258335,1373.931666683751,4248
2017-08-02,1337.29345703125,1357.2823242965985,1330.6623751314735,1357.2823242965985,1506
2017-08-03,1325.6533203125,1351.414540277594,1317.2093881734243,1351.414540277594,2040
2017-08-04,1319.3560791015625,1341.6823752524579,1316.6367462001838,1335.766882787963,2511
2017-08-07,1301.5618896484375,1328.6589015466018,1297.3637413594863,1328.229477972143,6371
2017-08-08,1295.121337890625,1334.8126706356154,1288.1562216132554,1298.6992846489406,10310
2017-08-09,1248.1787109375,1299.5103713113667,1240.3549799594543,1299.5103713113667,14092
2017-08-10,1250.2779541015625,1268.978669088945,1219.459854121546,1263.6356243024986,15144
2017-08-11,1254.332763671875,1268.8830807074082,1193.7461976550646,1212.68543948608,7581
2017-08-14,1279.139892578125,1283.2425351402553,1238.3035453858188,1254.332794080091,90219
2017-08-16,1290.3031005859375,1326.2257124213484,1264.541881711566,1288.0609437185758,6688
2017-08-17,1279.807861328125,1297.649961584107,1259.6282154451965,1289.9692548619041,3327
2017-08-18,1286.677734375,1297.6023546702088,1242.263430721038,1278.4722145447472,4827
2017-08-21,1280.8095703125,1296.3140065007092,1250.1346163446726,1296.3140065007092,5717
2017-08-22,1290.4461669921875,1306.1891331699112,1258.4831750555973,1306.1891331699112,3941
2017-08-23,1293.4039306640625,1315.3010356176408,1277.3747984017732,1287.9654979530337,2250
2017-08-24,1283.5289306640625,1311.9139785638997,1278.5198045640914,1311.9139785638997,1161
2017-08-28,1277.994873046875,1307.0478715955485,1264.2078976565087,1278.5196851771484,3141
2017-08-29,1271.69775390625,1278.5197294881161,1259.4373454659053,1266.5454869263272,1300
2017-08-30,1295.2647705078125,1306.1893904802155,1251.947728712932,1264.208139069602,2245
2017-08-31,1370.4013671875,1381.469125916103,1271.4591425008925,1289.7305473233855,13600
2017-09-01,1350.3648681640625,1393.0139472205697,1345.4511312891889,1371.594019072047,7956
2017-09-04,1328.945068359375,1359.62002771724,1311.9140618324245,1353.4182521522139,2507
2017-09-05,1343.06591796875,1373.8362622327809,1330.9962867697081,1332.904525173679,4634
2017-09-06,1333.8109130859375,1359.619884498838,1322.7431534604345,1345.2603436922436,2710
2017-09-07,1337.9613037109375,1349.9831814651136,1307.2385978173536,1335.7190305778574,5427
2017-09-08,1318.497314453125,1350.5079429709376,1314.346919325643,1340.4896916089206,1244
2017-09-11,1343.590576171875,1345.3080372753961,1325.12839342234,1334.8127263462973,2480
2017-09-12,1320.1669921875,1345.3080086293073,1312.0569793695217,1344.8309490517793,3901
2017-09-13,1328.3248291015625,1334.812886862158,1308.4792177490842,1319.0699185753633,1776
2017-09-14,1301.609375,1339.583366008902,1288.1563174814435,1339.583366008902,2306
2017-09-15,1313.4405517578125,1321.4551768463311,1302.420544172031,1311.150642236859,1768
2017-09-18,1314.680908203125,1347.216350600035,1309.1469700901444,1314.3946258467308,4689
2017-09-19,1316.20751953125,1338.1045099664054,1297.6021939561435,1333.0953838500307,1351
2017-09-20,1339.9173583984375,1347.4549238402408,1312.4864296957242,1326.2257703224886,4070
2017-09-21,1306.5709228515625,1338.629306323472,1287.9655974963896,1327.7523235911362,5548
2017-09-22,1270.45751953125,1303.3746332833039,1268.024468883462,1303.3746332833039,4331
2017-09-25,1273.844482421875,1286.1526430266636,1228.9054927435775,1270.4574292452344,2398
2017-09-26,1268.6922607421875,1372.0234172675014,1197.4196026917346,1288.0609271982803,4234
2017-09-27,1247.55859375,1276.8977588490295,1234.6302321347716,1273.0335295408183,1739
2017-09-28,1277.3748779296875,1287.965578140313,1240.3072524880486,1243.312751371105,5270
2017-09-29,1263.349365234375,1322.8386813972395,1259.4374993258523,1282.2886103962178,103141
2017-10-03,1284.578369140625,1295.6461286314436,1261.107059977248,1290.8755326035364,3642
2017-10-04,1269.7894287109375,1287.8223036732631,1262.8720649757042,1262.8720649757042,1747
2017-10-05,1264.8756103515625,1277.5176880874358,1253.3307928451784,1274.7508359473504,432
2017-10-06,1300.51220703125,1321.4550766399675,1257.529090983016,1265.2097970415903,7235
2017-10-09,1278.9014892578125,1305.7122173765865,1268.9786255833833,1296.3618019686437,1045
2017-10-10,1272.890380859375,1301.1322854291313,1266.68860615958,1289.1581595443802,3987
2017-10-11,1276.85009765625,1288.0609989433494,1265.1621367399123,1272.890479439645,3611
2017-10-12,1274.0828857421875,1287.106634432705,1265.1618956692118,1287.106634432705,2074
2017-10-13,1271.7454833984375,1285.198540596277,1265.2574263606575,1278.5197063095852,1155
2017-10-16,1274.4171142578125,1292.8316635066872,1269.1694580590768,1288.061066962382,809
2017-10-17,1265.400634765625,1287.5361544183468,1264.2079857224905,1287.4885183384013,1122
2017-10-18,1283.6241455078125,1292.831418386556,1264.2555970919852,1268.0720736038274,2506
2017-10-19,1283.719482421875,1297.5065731473696,1278.4718274294535,1297.029513602604,895
2017-10-23,1256.813720703125,1295.6940844295643,1249.896355377562,1295.6940844295643,10803
2017-10-24,1241.976806640625,1259.4372330503063,1237.4924933835205,1257.9106657587145,3566
2017-10-25,1262.872314453125,1275.5621480552134,1238.0652120192906,1259.1989783481977,3943
2017-10-26,1237.15869140625,1267.7858946163196,1226.043179365547,1267.7858946163196,5852
2017-10-27,1283.147216796875,1291.8774310019296,1237.588023790714,1253.712661991533,8221
2017-10-30,1309.719482421875,1315.635091809639,1270.1712850544209,1297.6022142152206,9678
2017-10-31,1283.8150634765625,1313.0587221255007,1272.8903293731876,1309.7193051145307,3680
2017-11-01,1278.0904541015625,1289.9691918618457,1264.2557253426892,1283.4811345456937,1437
2017-11-02,1282.9564208984375,1288.9673020484581,1259.437359043584,1266.6886417562723,3034
2017-11-03,1265.5438232421875,1288.061014724179,1260.5823331555414,1288.061014724179,2164
2017-11-06,1264.8756103515625,1282.336036001029,1262.3949240520308,1282.336036001029,1556
2017-11-07,1283.2425537109375,1286.534334787205,1261.5363422110324,1270.8390042824203,1823
2017-11-08,1260.5345458984375,1297.6020518049709,1252.7584514852404,1297.6020518049709,3960
2017-11-09,1264.9234619140625,1283.099478292191,1235.6320506246634,1246.1273612647199,1551
2017-11-10,1194.7005615234375,1252.3770293595487,1189.8345761562875,1248.4651633377084,9547
2017-11-13,1186.4951171875,1217.1223238129544,1167.3172258379668,1217.1223238129544,9136
2017-11-14,1211.25439453125,1222.1313773349495,1194.6050601151103,1206.9608578826555,5162
2017-11-15,1193.5552978515625,1216.0248503041926,1187.0196050022278,1196.5607964522412,1731
2017-11-16,1173.900634765625,1207.8672578950077,1165.1227839631867,1193.5554686717028,2027
2017-11-17,1149.33203125,1193.5554354242042,1141.1266289511348,1193.5554354242042,17419
2017-11-20,1127.7210693359375,1173.566540535773,1122.187248213558,1164.025349149303,10054
2017-11-21,1134.6385498046875,1143.9889649130982,1121.0901032301003,1140.124735416239,6259
2017-11-22,1133.54150390625,1155.4384956967917,1124.954430032368,1154.2458465476416,2792
2017-11-23,1142.176025390625,1164.8841080311788,1130.726595448085,1152.0034993458214,2486
2017-11-24,1140.7449951171875,1162.3080676881737,1136.5468469646037,1136.5468469646037,3238
2017-11-27,1139.8385009765625,1153.2915581123239,1129.7724970459321,1141.1265385748413,2769
2017-11-28,1121.0899658203125,1135.4017526180185,1117.2734893409242,1135.4017526180185,18296
2017-11-29,1109.8790283203125,1135.2109366763978,1105.8240221992196,1135.2109366763978,263735
2017-11-30,1129.533935546875,1148.4731774326522,1109.8791042966254,1117.2735277295064,93555
2017-12-01,1139.1229248046875,1187.3059439237875,1129.6771215250374,1143.9889093821957,139419
2017-12-04,1148.0438232421875,1178.337105093789,1131.96693947471,1144.3704879493814,15752
2017-12-05,1150.333740234375,1158.2052229737758,1134.4476335936602,1149.7135395124983,10273
2017-12-06,1141.6513671875,1172.612488418343,1136.8807712215994,1146.087928260085,6278
2017-12-07,1170.990478515625,1178.337149377335,1138.7412046816594,1138.7412046816594,61106
2017-12-08,1157.5850830078125,1191.694843335469,1149.7135998552765,1164.0253874053421,7389
2017-12-11,1177.1446533203125,1186.828987237301,1164.979632586911,1177.3831831386144,4778
2017-12-12,1168.939208984375,1187.8784525850779,1159.254875414353,1187.8784525850779,904
2017-12-13,1150.90625,1173.5188277644816,1143.6072150480438,1173.5188277644816,4576
2017-12-14,1144.7523193359375,1160.161252001938,1137.9779795053612,1159.3026378551976,1929
2017-12-15,1149.3797607421875,1154.4842753599764,1143.0825970796052,1143.1302331596169,979
2017-12-18,1159.6842041015625,1169.7502088487597,1132.5395578331793,1143.0348696580866,2225
2017-12-19,1200.8543701171875,1211.7313520039036,1160.2089165643677,1160.2566691109582,9090
2017-12-20,1209.1552734375,1239.4008046064034,1197.4195610323607,1211.7313486144208,11265
2017-12-21,1234.1531982421875,1260.0098055415071,1209.1553215258684,1209.1553215258684,11292
2017-12-22,1239.06689453125,1268.0243883066296,1229.0008906095884,1245.1255280211826,3341
2017-12-26,1226.56787109375,1277.565491045392,1204.5753789729706,1239.40072656308,10743
2017-12-27,1278.94921875,1289.0152243436507,1221.2727514136734,1226.8543262414396,21279
2017-12-28,1323.55419921875,1353.8952384656661,1255.6209540668194,1296.6003299540178,29841
2017-12-29,1334.812744140625,1354.8492470905558,1298.556214993131,1330.9962673882571,12206
2018-01-01,1306.952392578125,1335.7667428722364,1302.3725743004304,1335.7667428722364,4524
2018-01-02,1272.6517333984375,1310.0055193152239,1262.394953112466,1310.0055193152239,4434
2018-01-03,1287.011474609375,1301.2755107534997,1276.1344919077853,1285.0554835666344,5861
2018-01-04,1314.25146484375,1359.6198800610064,1284.2922146974086,1284.2922146974086,11941
2018-01-05,1320.2623291015625,1334.8126456463133,1305.998294879966,1334.8126456463133,7064
2018-01-08,1328.8494873046875,1343.3998047926764,1325.2715403814116,1335.7668513563542,3965
2018-01-09,1324.8897705078125,1335.7667516364904,1304.8056331596201,1316.6843694702548,3200
2018-01-10,1292.163818359375,1332.2368290766487,1288.6335070572588,1328.5157405018308,3175
2018-01-11,1296.9342041015625,1311.9138281331245,1289.0627211327637,1306.1413607014897,985
2018-01-12,1281.19140625,1301.4186882478148,1268.9786329689102,1288.0610184270893,2256
2018-01-15,1291.3050537109375,1302.3728140381397,1268.9786393192132,1268.9786393192132,5875
2018-01-16,1283.6241455078125,1311.913800945767,1264.2078445477391,1294.739656642477,7222
2018-01-17,1262.3951416015625,1286.9160759212643,1254.6667990609692,1277.0886011734656,2763
2018-01-18,1283.2425537109375,1292.831498126219,1244.1714195989591,1262.2996841483305,6034
2018-01-19,1328.945068359375,1366.298862941114,1247.0339482290756,1277.5657663953575,7644
2018-01-22,1344.735595703125,1359.619831618497,1302.3726808135077,1328.9448766848982,9142
2018-01-23,1337.2459716796875,1373.9318127303598,1318.2112214756999,1357.7117843856263,7347
2018-01-24,1309.6717529296875,1339.5833667785737,1309.5286117546955,1339.5356142303663,1130
2018-01-25,1313.0589599609375,1324.508391786679,1294.0720786922975,1294.7876681814064,1100
2018-01-29,1369.2088623046875,1382.5187791182834,1286.9160778333612,1330.996340144931,21217
2018-01-30,1370.5924072265625,1383.4730180845916,1307.1434722592348,1380.8969425008434,34568
2018-01-31,1353.3704833984375,1370.1153238114268,1316.7800312967054,1370.1153238114268,15898
2018-02-01,1308.4791259765625,1372.691279815464,1300.5598898362334,1364.3904891615646,15215
2018-02-02,1296.600341796875,1308.0975256451416,1245.2210421469726,1306.1892870956958,20430
2018-02-05,1249.60986328125,1270.7436267474293,1229.8596425297944,1270.7436267474293,14702
2018-02-06,1258.57861328125,1276.6114894531008,1198.3737150621037,1224.6597456069305,18314
2018-02-07,1242.4542236328125,1283.7198872690005,1235.584610609562,1283.7198872690005,8812
2018-02-08,1267.928955078125,1271.7930677335823,1236.5384119138564,1236.5384119138564,3770
2018-02-09,1260.20068359375,1268.978533629501,1258.5309749968692,1258.5309749968692,4114
2018-02-12,1262.3475341796875,1273.272153124448,1250.8981030538025,1264.303408781911,1591
2018-02-14,1295.02587890625,1307.0477560670622,1274.7508483774309,1276.6113340028178,2692
2018-02-15,1292.0682373046875,1331.8550797742093,1273.9399716172277,1302.325019206803,3379
2018-02-16,1277.088623046875,1332.1412574824087,1257.624566947452,1277.3749054112807,7867
2018-02-19,1278.28125,1302.6112905859302,1227.4744005411458,1278.519779809666,13945
2018-02-20,1304.9012451171875,1311.9139984696249,1263.0631383508291,1292.8793655887753,19790
2018-02-21,1262.2996826171875,1297.983763454486,1257.529086688929,1292.783744010908,4308
2018-02-22,1280.7618408203125,1297.602067415624,1242.2631557170166,1259.6758305187336,6478
2018-02-23,1275.800537109375,1292.8315418763289,1270.5051288555346,1280.7142743816505,2713
2018-02-26,1265.7344970703125,1295.693862999122,1261.3933246276076,1295.693862999122,4869
2018-02-27,1300.51220703125,1314.7762423175993,1254.666733416287,1272.0794086138892,15134
2018-02-28,1293.547119140625,1334.812774978967,1253.5218648633108,1295.121439131274,33227
2018-03-01,1295.216796875,1315.3964409821162,1288.0609029696134,1289.0150221569982,3708
2018-03-05,1268.6446533203125,1315.7304138731142,1264.7327877840141,1315.7304138731142,2525
2018-03-06,1278.28125,1310.9598339242398,1255.0484698324601,1279.5692876782696,6267
2018-03-07,1251.6612548828125,1267.9766699826223,1227.2358265463504,1265.1620649177535,20383
2018-03-08,1233.4854736328125,1254.762264072116,1225.0891772321502,1242.2633245765262,2872
2018-03-09,1218.93505859375,1239.3531167678364,1211.9699416856413,1226.4248711921537,1759
2018-03-12,1184.68212890625,1238.2559453223375,1175.4748553250784,1212.7332567022515,5064
2018-03-13,1193.6507568359375,1215.5477437800785,1164.0730644833611,1183.1076941030592,8452
2018-03-14,1228.8577880859375,1234.6302558856196,1189.5481232808315,1191.5995028731766,3231
2018-03-15,1264.9713134765625,1272.6996558952615,1221.4157476170383,1233.6761563486964,3050
2018-03-16,1237.2540283203125,1278.281152452006,1230.8137239508023,1278.281152452006,1818
2018-03-19,1240.1165771484375,1246.0320703015464,1211.7315275849323,1237.2542192092606,7560
2018-03-20,1224.7073974609375,1237.683395452666,1217.5992559180452,1237.683395452666,1359
2018-03-21,1218.219482421875,1244.171478953293,1206.0067096602472,1217.1222220107734,4467
2018-03-22,1209.345947265625,1234.5823506226907,1198.4689663394904,1224.7072413294743,5022
2018-03-23,1224.7073974609375,1234.6302605615406,1180.2454654672533,1187.878419164697,7857
2018-03-26,1207.294677734375,1239.4008113452894,1193.1260312450227,1221.4633242237273,3729
2018-03-27,1199.995849609375,1230.24150262661,1193.1739894911345,1230.24150262661,2687
2018-03-28,1254.817626953125,1274.8663384644672,1197.1656812668587,1208.6768897405784,12302
2018-04-02,1237.2686767578125,1253.5161510203286,1229.4583304348564,1240.5471271554209,5263
2018-04-03,1278.1043701171875,1349.9404889958978,1226.5173585734158,1236.2561914172209,7201
2018-04-04,1256.3126220703125,1301.7284580661924,1248.6950764412734,1289.241554383972,7076
2018-04-05,1266.96728515625,1278.5864626113375,1257.2767117755754,1272.801003504499,1326
2018-04-06,1239.920166015625,1267.1117730416815,1232.350881586869,1267.1117730416815,6080
2018-04-09,1251.29833984375,1263.1585781559509,1237.702534413852,1250.6234166933345,5030
2018-04-10,1240.7880859375,1260.265749754351,1234.2311856813844,1260.265749754351,1847
2018-04-11,1250.623291015625,1253.5160202932248,1220.3460343689899,1243.0540062803302,3555
2018-04-12,1254.335693359375,1258.2890667812617,1240.6434875453876,1241.559471466819,2274
2018-04-13,1252.9375,1258.3372377858059,1243.8735913744747,1246.5252598832187,1759
2018-04-16,1242.28271484375,1267.9798199061356,1231.7242987867955,1244.259460504499,943
2018-04-17,1237.84716796875,1250.9127099884054,1229.4100402416018,1243.8736877738559,2437
2018-04-18,1247.6341552734375,1258.3372300105975,1243.9218429252253,1248.116276817503,5463
2018-04-19,1248.695068359375,1256.8911363756333,1243.873851879223,1243.9221111262166,1668
2018-04-20,1266.82275390625,1277.5258298062793,1245.5128851789195,1267.9797986555357,1893
2018-04-23,1318.0721435546875,1321.013132281734,1251.5876245997742,1263.1585425467674,7875
2018-04-24,1316.57763671875,1334.5125359878991,1294.5928455465903,1334.5125359878991,938
2018-04-25,1295.7501220703125,1318.8437007478828,1292.0859506504573,1318.8437007478828,1040
2018-04-26,1280.2255859375,1301.77651455091,1274.8258478269315,1295.8463956245112,424
2018-04-27,1273.8134765625,1291.2662542579944,1267.979758348748,1286.7825000124747,642
2018-04-30,1277.2847900390625,1296.9071157964502,1266.6781147425859,1296.9071157964502,2877
2018-05-02,1283.2149658203125,1301.7283891617565,1267.015632117443,1281.4310216411554,2208
2018-05-03,1280.1292724609375,1298.160691257795,1263.4479354156188,1292.0859119032257,762
2018-05-04,1288.9036865234375,1291.1214927043648,1273.1383356017081,1284.2753903319374,315
2018-05-07,1295.509033203125,1301.2462333148774,1261.5194594911209,1289.7717153859007,2346
2018-05-08,1281.4791259765625,1307.4172898402803,1234.2312123777276,1301.1014502260068,13225
2018-05-09,1289.434326171875,1307.4174868848575,1243.873831192162,1281.2865175381178,17449
2018-05-10,1296.47314453125,1306.5011788957356,1264.2191412839204,1291.6036696538054,12278
2018-05-11,1256.6981201171875,1305.0066774546756,1243.9700401606326,1305.0066774546756,4217
2018-05-14,1261.5194091796875,1276.6579801399455,1248.4538669080018,1248.4538669080018,3172
2018-05-15,1235.195556640625,1276.2241524621252,1225.0710028976691,1272.1742603416606,2929
2018-05-16,1243.005859375,1251.0572663841738,1226.9030453566522,1240.8363122207363,990
2018-05-17,1257.5657958984375,1290.1572595522691,1229.409944640615,1242.909347954316,7668
2018-05-18,1252.9857177734375,1253.7089001380084,1236.1597218399386,1253.7089001380084,3591
2018-05-21,1238.42578125,1256.023220372854,1224.6853150855798,1256.023220372854,814
2018-05-22,1221.0694580078125,1262.1944575729624,1210.6557011736606,1241.2704254119658,3766
2018-05-23,1215.235595703125,1245.2716733546333,1200.4826295588946,1225.1672287621473,898
2018-05-24,1217.164306640625,1239.100840669742,1205.3040675339012,1212.584151183996,1477
2018-05-25,1234.5687255859375,1245.7539228749874,1212.053670990493,1221.6478434996793,1749
2018-05-28,1224.1549072265625,1241.7523442693218,1214.946338294606,1234.616921598563,1045
2018-05-29,1217.4534912109375,1242.9095362865273,1213.25905665828,1242.9095362865273,1079
2018-05-30,1251.5875244140625,1253.516010584192,1221.695988777055,1221.695988777055,3168
2018-05-31,1245.657470703125,1258.3372914724646,1235.677577794608,1251.1537271972009,2999
2018-06-01,1221.8408203125,1247.923528801924,1221.696160288341,1229.5547660759623,2256
2018-06-04,1214.2232666015625,1234.1349125014592,1206.7503816969272,1223.9139579794391,1824
2018-06-05,1229.6993408203125,1234.2312365598705,1198.264919849808,1212.005384788072,1604
2018-06-06,1234.858154296875,1246.0916118154853,1213.5965433344948,1216.4892731141124,1497
2018-06-07,1222.7567138671875,1238.473924280147,1222.6603130933672,1238.473924280147,937
2018-06-08,1213.596435546875,1224.588831274209,1205.8343486175895,1222.129964097732,3445
2018-06-11,1212.8250732421875,1226.8065988260007,1200.5791146937777,1213.017874788745,2256
2018-06-12,1224.7816162109375,1228.2047265152066,1213.5482775479077,1213.5482775479077,615
2018-06-13,1222.6602783203125,1238.088168267572,1214.9463333466829,1220.924593619062,6081
2018-06-14,1205.7862548828125,1223.0943751537957,1196.7223442598302,1223.0943751537957,7096
2018-06-15,1203.4239501953125,1230.1334436894037,1200.4829609197002,1206.4130810147383,23131
2018-06-18,1205.0147705078125,1216.8750098412295,1203.375604026826,1206.316593090012,10370
2018-06-19,1205.7862548828125,1210.7521314528144,1195.6617001636846,1204.725610786667,4157
2018-06-20,1211.2340087890625,1222.660266126201,1203.3754038844627,1222.660266126201,555
2018-06-21,1195.1312255859375,1221.9372344900426,1187.2244781738923,1212.2465429362617,1473
2018-06-22,1212.680419921875,1214.946367781009,1193.733018502293,1193.733018502293,692
2018-06-25,1209.7396240234375,1214.9465613991013,1201.3024951248326,1212.5359531423571,993
2018-06-26,1222.9495849609375,1223.5762488188225,1197.5899440553599,1209.7876429525709,8606
2018-06-27,1224.5404052734375,1229.4098797223608,1199.5183453918564,1221.1655546232194,7928
2018-06-28,1225.0709228515625,1228.4457738787019,1206.3164406543592,1223.528157351677,3849
2018-06-29,1216.344482421875,1222.4192613886976,1214.9463769274375,1222.4192613886976,107
2018-07-02,1209.9803466796875,1221.9369838325536,1209.4982251630836,1217.308570190977,252
2018-07-03,1214.0302734375,1220.7317156314953,1202.4110974664097,1202.5557574666982,459
2018-07-04,1214.0302734375,1220.538914101412,1210.1250419569722,1212.5839088455195,484
2018-07-05,1221.0694580078125,1223.6247262491133,1213.3073702021752,1215.7179784099158,368
2018-07-06,1216.344482421875,1228.2529795664473,1203.857580630084,1221.7443382614788,397
2018-07-09,1214.898193359375,1228.4458576312961,1211.2341397605232,1221.5514950932916,241
2018-07-10,1219.671142578125,1219.671142578125,1210.366172955361,1214.9463277624018,163
2018-07-11,1215.5732421875,1223.6246495556172,1206.268271547736,1214.9947197949982,328
2018-07-12,1244.4521484375,1248.5501817018026,1218.2247826281466,1219.8158073189088,5269
2018-07-13,1239.5345458984375,1252.5035689386445,1215.958848408691,1241.270230617819,2289
2018-07-16,1238.0399169921875,1246.1878420462658,1217.356948980797,1225.0226347654623,2251
2018-07-17,1248.4056396484375,1258.3373918154525,1225.0227417545489,1225.0227417545489,5212
2018-07-18,1223.4317626953125,1299.7997735234044,1216.9712629306348,1263.1102743770011,2932
2018-07-19,1214.0302734375,1230.663466245275,1206.268069711691,1210.1733011922188,655
2018-07-20,1211.2822265625,1222.6120838426505,1205.7860875598471,1214.9463977012456,635
2018-07-23,1208.2449951171875,1240.981004845014,1205.400407039133,1206.2682494647338,892
2018-07-24,1216.1998291015625,1234.18286816059,1205.3038353478369,1224.492295947665,1205
2018-07-25,1217.9837646484375,1227.8672569861253,1211.0894025498358,1211.2822040986298,281
2018-07-26,1260.9891357421875,1275.6938456026871,1227.5780829114979,1233.0260809254996,1822
2018-07-27,1257.9998779296875,1278.5864461114293,1247.9234661586977,1253.5161236386562,2437
2018-07-30,1224.7816162109375,1252.937587139805,1222.7085875788355,1251.5876231731017,1625
2018-07-31,1224.9263916015625,1234.424164092392,1220.7319569965794,1232.8813984303317,367
2018-08-01,1238.5701904296875,1264.3154326308652,1208.871457582436,1222.8529817250835,1702
2018-08-02,1258.1444091796875,1262.1941830055453,1225.552946218524,1225.6012054543726,1251
2018-08-03,1274.19921875,1286.300518839262,1239.4383195800663,1261.1819346388081,3232
2018-08-06,1243.7772216796875,1293.2910822570677,1225.5530032050199,1293.2910822570677,8140
2018-08-07,1230.2296142578125,1243.8736785363387,1214.9463836866564,1242.9094353746827,2955
2018-08-08,1205.978759765625,1225.0708196211224,1204.339593629895,1224.3476373191027,3806
2018-08-09,1204.725341796875,1224.5887259363258,1188.9117315586534,1189.2974523362598,7915
2018-08-10,1203.13427734375,1221.9370170016969,1193.5401059850808,1209.54651722973,11959
2018-08-13,1228.6385498046875,1234.2312070437888,1181.197834866126,1195.6614818236703,3103
2018-08-14,1224.5888671875,1234.1348984334413,1205.4004039164604,1225.119248031068,1238
2018-08-16,1199.6148681640625,1225.1673114002867,1191.3706599318784,1225.1673114002867,1179
2018-08-17,1207.9556884765625,1214.8017917669858,1184.0906688878217,1198.1204547585423,1657
2018-08-20,1185.199462890625,1225.9868765324795,1161.720166293279,1225.9868765324795,7696
2018-08-21,1181.294189453125,1194.0704104327783,1168.2769077002706,1191.4670011643898,2683
2018-08-23,1189.9725341796875,1193.7331062785252,1173.00187704994,1173.00187704994,5792
2018-08-24,1202.2666015625,1213.0179367047526,1178.6426433357383,1192.4795096131766,1593
2018-08-27,1186.26025390625,1210.1252742551055,1173.484030891206,1192.4314342244227,4883
2018-08-28,1174.5928955078125,1201.35064471528,1166.7342897670478,1201.35064471528,1508
2018-08-29,1150.63134765625,1179.2693208766311,1144.07444744082,1177.0997738840126,5327
2018-08-30,1155.934814453125,1164.805804958368,1133.9500220455636,1164.805804958368,10441
2018-08-31,1132.6964111328125,1164.8057559578774,1128.2127745312878,1161.720224878586,5345
2018-09-03,1157.7667236328125,1166.7824914093983,1132.9857213209987,1146.4851256601426,4744
2018-09-04,1151.065185546875,1170.5911080660994,1133.4677492023886,1162.6843618318546,2035
2018-09-05,1140.7479248046875,1160.948772053499,1130.285792287508,1152.2705835580823,2385
2018-09-06,1132.8411865234375,1171.0251966194492,1123.3434138189396,1133.0822473418536,4761
2018-09-07,1129.61083984375,1137.1801249605949,1109.8438554504107,1128.59833746337,11243
2018-09-10,1108.108154296875,1128.1161991790673,1101.16565086572,1127.1519560522147,2134
2018-09-11,1137.4696044921875,1160.9489047303139,1099.2373350436526,1109.602950264459,10910
2018-09-12,1126.187744140625,1170.109066868342,1109.8921290095072,1170.109066868342,4277
2018-09-14,1126.2841796875,1144.026158242573,1114.6650034602524,1118.5702350268753,1288
2018-09-17,1148.7510986328125,1155.0186793556315,1114.6651254736519,1125.3682013207572,942
2018-09-18,1132.0216064453125,1156.1276883542844,1124.3076602344415,1138.9641109529052,1182
2018-09-19,1134.96240234375,1150.3420329017877,1119.0523909917974,1147.401044327274,5361
2018-09-21,1117.4615478515625,1135.9749715319576,1104.0585428729698,1135.9749715319576,6071
2018-09-24,1118.5703125,1125.1753545320398,1110.084925703426,1125.1753545320398,1870
2018-09-25,1137.4696044921875,1147.4494988613567,1084.8700866848812,1115.050948316955,4129
2018-09-26,1109.3135986328125,1137.4695721244343,1103.0942767594966,1118.6185695259435,3023
2018-09-27,1081.9771728515625,1115.9186010303326,1077.1559572897024,1111.6276485570024,3590
2018-09-28,1060.571044921875,1083.8092808728065,1046.203798707291,1078.0720813169185,8140
2018-10-01,1042.2022705078125,1060.667551883978,1020.6997171247207,1060.667551883978,3344
2018-10-03,1027.9315185546875,1061.6317715784644,1020.1693136512401,1060.6675283708546,2409
2018-10-04,1026.0994873046875,1065.537060127304,1007.103824484679,1031.7885460722123,5420
2018-10-05,1035.98291015625,1069.3457010947584,997.4613239705385,997.4613239705385,4322
2018-10-08,1026.340576171875,1036.5615314525437,936.3766305924532,1021.5193597465143,11972
2018-10-09,1022.0977172851562,1037.525607357385,1007.6340703424418,1015.0586953575179,870
2018-10-10,1038.296875,1051.0248350951226,1015.4442460356767,1037.2361135708727,927
2018-10-11,1025.569091796875,1036.561488330498,1007.6824502261775,1017.6623442704041,444
2018-10-12,1061.0531005859375,1078.9879981944598,1021.6155353771494,1078.3612166562052,5002
2018-10-15,1032.1258544921875,1058.7872001799512,1028.847404358015,1058.7872001799512,1017
2018-10-16,1034.1026611328125,1036.6097878314479,1024.026365913874,1032.12603302717,621
2018-10-17,1030.1973876953125,1041.334325267451,1022.7726449417595,1022.7726449417595,813
2018-10-19,1041.2861328125,1048.1322351866113,1026.9188872803506,1041.2861328125,839
2018-10-22,988.3975830078125,1078.7471277662462,965.4003463578687,1043.9379702460124,2536
2018-10-23,1001.8486938476562,1010.5268827260286,973.7409807727229,985.9386809039736,546
2018-10-24,998.71484375,1002.9575371559248,981.8405886057808,997.5095398111272,970
2018-10-25,989.3134765625,1004.789626275122,978.755002249693,979.4781846156013,282
2018-10-26,989.8920288085938,1007.6341269291088,977.7425882355179,985.5047340934683,1467
2018-10-29,996.2078857421875,1004.7896737643244,981.5995777193181,1003.584369764178,607
2018-10-30,1012.5517578125,1022.0013882270035,983.6244618972464,993.1704930903738,2859
2018-10-31,1013.9981079101562,1022.1460334314612,993.170478694168,1005.6092392985183,493
2018-11-01,1026.9671630859375,1039.4058049400203,1002.812826293512,1003.7288101584243,1208
2018-11-02,1053.48388671875,1060.6674510093103,1023.0619686553439,1042.2985721619193,10220
2018-11-05,1053.8695068359375,1077.9755856574325,1041.3826050885882,1063.5119383645356,1464
2018-11-06,1060.571044921875,1068.3813907536207,1033.6686379854525,1054.6891853550276,10494
2018-11-07,1081.061279296875,1092.4875375920262,1058.7390258394041,1063.5119825622307,747
2018-11-09,1104.5888671875,1108.9279616752779,1066.453000773842,1093.837531748912,6676
2018-11-12,1095.8140869140625,1133.9016915538195,1084.8699506409466,1104.1066722151904,993
2018-11-13,1089.1610107421875,1104.2031819096896,1075.131224364479,1090.2697963159414,598
2018-11-14,1067.417236328125,1103.8656768459077,1061.6317770526339,1077.78285086338,610
2018-11-15,1061.9210205078125,1083.8092927725465,1060.6191981003444,1083.3271712010285,3576
2018-11-16,1063.511962890625,1071.32242677328,1055.8462767307933,1060.7157518472175,2844
2018-11-19,1075.6614990234375,1079.421953164899,1055.942655873425,1079.421953164899,1093
2018-11-20,1081.3504638671875,1089.6430493545479,1060.8602963539909,1075.7096648222948,935
2018-11-21,1079.6629638671875,1081.350389310754,1062.1137863362792,1081.350389310754,461
2018-11-22,1092.921630859375,1103.04618652428,1073.3475605305212,1088.2933331787142,461
2018-11-26,1062.6923828125,1103.094195507223,1061.6317388579132,1092.9213828982874,108958
2018-11-27,1047.891357421875,1072.2384996118012,1044.7575668429736,1069.2975106017188,53996
2018-11-28,1056.08740234375,1070.0689292407912,1043.2629202456542,1043.2629202456542,719
2018-11-29,1073.491943359375,1084.7735411046788,1043.3593449953562,1056.9068905965416,29144
2018-11-30,1064.862060546875,1072.3349460919303,1047.1682196038726,1065.6335022659762,848
2018-12-03,1078.7470703125,1083.809347067039,1058.642623314138,1072.142027992909,436
2018-12-04,1068.7188720703125,1084.2914224884062,1062.1138300319958,1068.4296697485065,1178
2018-12-05,1069.779541015625,1082.8450830896768,1054.0141886809245,1068.7188970666036,846
2018-12-06,1079.904296875,1084.7737728932939,1054.882228929123,1060.3783689629206,586
2018-12-07,1065.5850830078125,1100.1531764423585,1061.969171190277,1070.8884203401976,656
2018-12-10,1066.0672607421875,1075.1311703833744,1046.2038743192477,1060.8121823727254,90898
2018-12-11,1047.891357421875,1063.5120510714394,1045.239688470497,1056.7142067466464,4549
2018-12-12,1088.1966552734375,1089.5947607603696,1040.3701008137448,1052.2303386546491,2245
2018-12-13,1106.6136474609375,1116.545281038746,1073.4436603744766,1086.750262599861,1430
2018-12-14,1114.85791015625,1134.8659560070523,1091.9089932494526,1106.6137016458251,2212
2018-12-17,1119.4381103515625,1122.3790992315653,1091.5233164348213,1114.5687527522334,1450
2018-12-18,1112.1580810546875,1117.4614184192833,1102.1781879187681,1114.5686889476856,153
2018-12-19,1108.97607421875,1117.509602947176,1095.3802687202697,1110.71175905067,1099
2018-12-20,1093.1143798828125,1113.0260264631668,1079.952436027631,1112.8331071905916,821
2018-12-21,1104.15478515625,1112.736572558495,1083.3754163179703,1095.3801962100958,870
2018-12-24,1112.0616455078125,1137.6140883746114,1095.3319330891443,1107.7225514360919,6330
2018-12-26,1156.6097412109375,1161.9130789155313,1090.0286998556226,1090.0286998556226,6235
2018-12-27,1182.4033203125,1195.6616653924566,1154.1992044151375,1157.043675004646,20397
2018-12-28,1160.0328369140625,1194.6009323335045,1158.0560912581202,1192.4795266554618,1288
2018-12-31,1140.1212158203125,1159.9846027671679,1131.6358283355044,1157.6703954799045,7409
2019-01-01,1140.31396484375,1162.250497260252,1132.021497009814,1132.4553593600417,7134
2019-01-02,1152.70458984375,1155.3081173407672,1131.298435964165,1131.298435964165,888
2019-01-03,1136.1195068359375,1157.091795631763,1130.4304486329884,1154.63292848386,149
2019-01-04,1144.122802734375,1156.1275833525544,1124.3075581226676,1134.4803708465304,641
2019-01-07,1152.46337890625,1180.2336290243015,1123.343282527215,1148.7993255178517,7766
2019-01-08,1131.97314453125,1155.982821354998,1129.1286744574554,1141.9531548191294,407
2019-01-09,1131.7803955078125,1147.3529458965738,1127.200240552616,1130.5268323326263,254
2019-01-10,1122.861328125,1138.2409617500582,1120.547120653032,1131.4912586183493,526
2019-01-11,1143.4959716796875,1145.4725995079525,1122.9094040303264,1127.8270205394124,338
2019-01-14,1132.5035400390625,1139.301501090829,1120.450501085901,1139.253241852833,312
2019-01-15,1212.150146484375,1238.0883130321397,1126.2360978360898,1128.3092443312491,10029
2019-01-16,1184.717529296875,1232.3029116150947,1171.603844232364,1204.339856500198,3807
2019-01-17,1176.376708984375,1181.1979250048028,1161.9613201654838,1181.1979250048028,1073
2019-01-18,1161.9130859375,1192.7688691325209,1158.1043722815534,1176.424993553597,618
2019-01-21,1168.3734130859375,1180.6675136200165,1159.984544509576,1180.6675136200165,2126
2019-01-22,1167.5538330078125,1174.5445960750624,1161.9130339360213,1165.77000666278,386
2019-01-23,1156.850830078125,1176.1356949262704,1156.1276476463195,1171.507280280526,739
2019-01-24,1154.68115234375,1190.8402698492953,1150.3420582430845,1190.6474683047834,792
2019-01-25,1123.005859375,1157.0918327400402,1118.7631657805264,1153.4276615208428,1470
2019-01-28,1135.5408935546875,1147.3528713559583,1116.5934933772724,1125.9466042275253,1060
2019-01-29,1100.8282470703125,1151.2580946273667,1094.4160063992151,1148.4618835771512,1652
2019-01-30,1108.927978515625,1108.927978515625,1101.2140326424303,1105.456608708309,56
2019-01-31,1110.518798828125,1121.366534363847,1108.879632540468,1108.9760333152483,275
2019-02-01,1109.89208984375,1129.080433758489,1108.8795874860357,1129.080433758489,525
2019-02-04,1066.501220703125,1122.7165277048173,1061.6317455419312,1108.927920797444,6706
2019-02-05,1075.372314453125,1079.9524700179331,1042.346982222666,1075.5651160262942,1842
2019-02-06,1070.358154296875,1093.355329852283,1063.0780714420034,1068.2367487464571,600
2019-02-07,1067.7547607421875,1086.3647029222855,1065.4888126003773,1067.6101007106938,822
2019-02-08,1074.0704345703125,1080.000553297534,1060.763832436326,1068.4296358611834,247
2019-02-11,1122.909423828125,1141.663906287572,1065.4886963241277,1079.5666229788105,2179
2019-02-12,1109.2171630859375,1146.485187029635,1095.428555681866,1104.0584854070075,780
2019-02-14,1104.0584716796875,1111.0974941708375,1102.9495684508804,1111.0974941708375,49
2019-02-15,1104.3958740234375,1108.3011058833208,1098.4176135447026,1108.15644586898,123
2019-02-18,1098.176513671875,1104.347693185253,1086.701996994813,1103.142389284416,407
2019-02-19,1089.6912841796875,1106.999521313537,1089.5948833948185,1106.999521313537,1021
2019-02-20,1097.5498046875,1102.1299598135845,1082.07365449507,1088.1484336392214,304
2019-02-21,1121.3665771484375,1127.2002955635242,1098.6104612752463,1107.7226300961963,1241
2019-02-22,1096.6820068359375,1113.6045224925465,1089.7395027081075,1110.7117928217053,476
2019-02-25,1079.711181640625,1110.8080207635633,1073.395342426498,1096.7782369608005,2096
2019-02-26,1097.5498046875,1121.414823502361,1068.3814483582253,1080.0006258129,943
2019-02-27,1120.113037109375,1127.2002004573867,1089.5947190050017,1113.6525376212032,2679
2019-02-28,1122.1380615234375,1134.7696243247335,1089.5948524352175,1117.4615053881507,2938
2019-03-01,1094.512451171875,1122.1380428572088,1089.5948343103296,1122.1380428572088,1962
2019-03-05,1126.9111328125,1133.0341721230598,1092.9698146749683,1118.4740036740739,16608
2019-03-06,1133.2266845703125,1157.091700901404,1126.9108452873772,1126.9108452873772,1448
2019-03-07,1161.9130859375,1166.734302061722,1125.223584149982,1142.676480684043,1107
2019-03-08,1166.9271240234375,1171.5555386657882,1144.749529464332,1152.1260138044338,1540
2019-03-11,1162.154296875,1166.734452784692,1147.4978450461806,1147.4978450461806,456
2019-03-12,1181.728271484375,1190.8403224158158,1163.7932542455617,1173.5322044879908,1587
2019-03-13,1164.950439453125,1180.7640513904917,1157.0918338736396,1175.7017746172946,156
2019-03-14,1158.7791748046875,1189.6832140254112,1157.0917493369045,1164.2271719989074,1560
2019-03-15,1162.346923828125,1181.9211079624338,1157.0918454455807,1166.4449574474115,2916
2019-03-18,1185.006591796875,1234.1348517288222,1170.0608227235805,1181.101477597777,6094
2019-03-19,1158.3936767578125,1201.3507632942162,1149.4744261416183,1189.9726451556892,2245
2019-03-20,1143.4959716796875,1175.4123963074014,1128.1644820998029,1175.4123963074014,3687
2019-03-22,1140.5550537109375,1171.555496353061,1126.9592480350948,1143.496042574094,1363
2019-03-25,1120.113037109375,1156.1274938822983,1113.7007968590947,1146.485062740661,3091
2019-03-26,1110.181396484375,1134.817857586323,1106.9512052714106,1120.0167478513576,4615
2019-03-27,1122.0418701171875,1128.1647922433924,1121.4150883581756,1121.463347610982,2243
2019-03-28,1122.6199951171875,1135.3479565688667,1113.7007467127778,1129.8035589120714,763
2019-04-01,1131.2017822265625,1140.7478121700622,1118.4255615364696,1132.8892076007257,5687
2019-04-02,1117.7506103515625,1132.7446383887982,1116.1114440817482,1131.0572128793872,1857
2019-04-03,1109.89208984375,1126.6698259596064,1102.274545658189,1118.5220186815664,4595
2019-04-04,1107.3369140625,1123.343327636223,1096.8748988869818,1096.8748988869818,1265
2019-04-05,1102.2745361328125,1113.7007934596838,1083.8575162495924,1097.3086605689352,2770
2019-04-08,1123.294921875,1155.1149433141923,1107.9635511641154,1108.0116926945393,8809
2019-04-09,1128.1163330078125,1140.1212319845483,1117.7989774087225,1117.7989774087225,1104
2019-04-10,1118.0400390625,1143.1586225979695,1109.9886315331578,1143.1586225979695,28093
2019-04-11,1118.5703125,1122.3790258577963,1106.9028762283453,1106.9028762283453,14976
2019-04-12,1125.2236328125,1128.116362612135,1109.892259038816,1122.8612838916556,879
2019-04-15,1135.9747314453125,1137.3246952775335,1126.910823092345,1134.8658283793648,1652
2019-04-16,1130.3973388671875,1149.4579951264054,1121.3277994650841,1149.4579951264054,1003
2019-04-18,1127.002197265625,1143.5892872200066,1116.671602810409,1143.4923102372704,2859
2019-04-22,1131.9007568359375,1139.7577868335836,1112.1125979614499,1115.5076211562732,7446
2019-04-23,1125.98388671875,1139.757935253522,1118.9513377565474,1139.7093875522405,332
2019-04-24,1130.88232421875,1135.9264302678814,1128.3117826985126,1128.9908584559662,288
2019-04-25,1158.04248046875,1164.0080453831429,1123.3163114935658,1134.8592965497314,141434
2019-04-26,1126.9052734375,1159.1579959180654,1116.7687508786446,1149.4579290066172,2207
2019-04-30,1093.197509765625,1128.0692019548792,1078.0168818000311,1110.6576297086428,2026
2019-05-02,1094.943603515625,1120.3577315340003,1084.9039395058314,1110.560687606719,424
2019-05-03,1113.9556884765625,1118.2721708137015,1086.4074752439308,1088.0080099383704,869
2019-05-06,1083.594482421875,1112.5491593104712,1078.2594454658547,1103.1401414970994,3349
2019-05-07,1093.8765869140625,1110.6577513948187,1080.490564536556,1088.0081170023286,4677
2019-05-08,1093.197509765625,1108.6206393970942,1084.6129744754444,1084.6614037632096,5128
2019-05-09,1102.509521484375,1108.7175876517165,1084.46742169258,1085.3404513489118,1616
2019-05-10,1106.341064453125,1108.6205562596058,1085.4859227518189,1085.582899729093,16199
2019-05-13,1086.6015625,1110.6577783376513,1081.0240234384792,1101.2971891004227,1675
2019-05-14,1087.95947265625,1091.257519062331,1070.4023753646954,1070.59632933781,581
2019-05-15,1100.9090576171875,1105.4681601559785,1088.6869968699348,1103.8190777193438,415
2019-05-16,1091.9849853515625,1105.953104782033,1077.725934971737,1104.7890257575684,1385
2019-05-17,1099.0177001953125,1100.9577137878903,1076.9014978763128,1083.64311615594,372
2019-05-20,1138.3997802734375,1151.3978930597057,1073.2153807848008,1105.8075805291192,24189
2019-05-21,1105.6136474609375,1172.738061517523,1100.9090203943028,1172.738061517523,3531
2019-05-22,1097.2716064453125,1114.5377742454507,1080.199511043811,1089.3175983269286,3353
2019-05-23,1106.0015869140625,1124.2377601542014,1084.5644626239875,1111.0941220657533,78767
2019-05-24,1121.7642822265625,1129.0878807064403,1088.3475963510532,1096.3016045044455,2287
2019-05-27,1162.407470703125,1167.8880320769842,1091.8394853762143,1102.9461328064099,14758
2019-05-28,1152.3194580078125,1158.1880461412338,1129.1848209689574,1157.654495071277,865
2019-05-29,1139.9034423828125,1154.308018767135,1116.4777559672038,1152.7560316674046,1201
2019-05-30,1131.997802734375,1154.3079565157723,1115.507689069864,1133.3558357767856,1182
2019-05-31,1130.6396484375,1133.5982158765692,1117.5445595788774,1128.5056813204383,1550
2019-06-03,1135.4415283203125,1143.638038569858,1115.5078408442212,1128.9909592979714,2813
2019-06-04,1130.930908203125,1136.2659453974532,1130.009330733233,1130.1064261367162,2919
2019-06-06,1133.0648193359375,1142.9104111682686,1118.4177416312443,1131.2703305962175,1082
2019-06-07,1142.7164306640625,1153.774412223613,1121.3277357457878,1136.2658624816447,1264
2019-06-10,1118.951416015625,1137.8180013253075,1107.6992421619057,1137.8180013253075,1469
2019-06-11,1117.15673828125,1133.84092560095,1103.9646700252506,1119.4363488947845,1508
2019-06-12,1123.3162841796875,1129.0392288697817,1106.098665593715,1113.9556960272,1161
2019-06-13,1125.5472412109375,1134.9078294691321,1111.676216562838,1120.4547060787042,2511
2019-06-14,1119.6785888671875,1124.6255985057273,1112.6460415000379,1112.7430184715777,1220
2019-06-17,1102.9461669921875,1121.7642022687473,1098.0475857873896,1118.95127756241,1452
2019-06-18,1065.746337890625,1103.8676494214242,1055.367313330852,1088.8325452333468,2898
2019-06-19,1088.2506103515625,1095.137634682374,1067.0074385745008,1082.4789990702195,3630
2019-06-20,1076.46484375,1081.5573784917774,1063.1272527596304,1068.0742628269836,1319
2019-06-21,1084.4674072265625,1104.788998665638,1067.977294594316,1076.7559019180285,2047
2019-06-24,1064.1943359375,1071.6149109374046,1049.595806023775,1068.1229104695146,3811
2019-06-25,1067.5408935546875,1076.7074092700007,1057.3072757696402,1071.4693495430997,3429
2019-06-26,1068.1229248046875,1091.2575614250948,1057.3073261807585,1060.799326695514,1173
2019-06-27,1068.3167724609375,1076.7073534466258,1065.2127986254168,1076.5133994852852,1575
2019-06-28,1081.5089111328125,1085.1949839166514,1067.0073584878805,1078.7444157494433,1275
2019-07-01,1088.9295654296875,1102.8976864597967,1076.901457920176,1101.976227401124,1855
2019-07-02,1079.8114013671875,1089.9964716256077,1068.219868770022,1081.702985460592,1582
2019-07-03,1081.02392578125,1085.9225070085417,1069.1413436366724,1080.3449684508828,1035
2019-07-04,1077.2410888671875,1082.4306015160678,1071.8575038147314,1073.6035634017528,1129
2019-07-05,1066.42529296875,1076.7558870688767,1057.307207133685,1076.7558870688767,744
2019-07-08,1062.69091796875,1077.6289268491423,1041.7872256217613,1055.4642968014712,1169
2019-07-09,1066.0860595703125,1074.7675733815756,1057.307450348301,1067.104495701831,743
2019-07-10,1056.6767578125,1072.3423894450386,1040.235191877968,1072.3423894450386,10239
2019-07-11,1068.995849609375,1075.8343252776674,1052.4571892715037,1052.4571892715037,1222
2019-07-12,1067.249755859375,1077.6773267527976,1052.457155289636,1058.1316701870455,1402
2019-07-15,1066.0860595703125,1071.85755287603,1052.4574161723913,1071.85755287603,3368
2019-07-16,1054.1063232421875,1071.8574947266118,1052.4573590754512,1071.8574947266118,677
2019-07-17,1025.97607421875,1053.621266111628,1019.4770764707009,1037.9557520995506,2510
2019-07-18,1037.0826416015625,1042.7571568664277,1023.9875517246352,1025.3940140144766,1239
2019-07-19,1073.4580078125,1086.3105974205348,1037.9072362714885,1042.7087223840863,16151
2019-07-22,1045.667236328125,1062.157350444617,1019.7195567624689,1061.284320721351,2164
2019-07-23,1059.4898681640625,1066.9588727435632,1033.2511383249766,1041.4961956647749,1365
2019-07-24,1039.3623046875,1062.2060125974422,1029.6622365149615,1062.2060125974422,1511
2019-07-25,1023.3084716796875,1039.8956801806712,1019.4769927622177,1039.8956801806712,537
2019-07-26,1009.9224243164062,1024.3755467538688,1003.9568598730393,1017.2459033116187,7852
2019-07-29,987.1273803710938,1005.3634359957109,984.6538158261759,1004.4905246589404,1774
2019-07-30,978.4942626953125,998.8158557812374,973.8382423568466,998.8158557812374,1066
2019-07-31,969.9581298828125,978.4941762835923,960.4035291691368,972.1406447741514,2893
2019-08-01,982.0347900390625,1042.7571847432368,945.8534933815732,982.277291709933,1656
2019-08-02,968.8426513671875,976.3602030690926,945.7565044332069,975.1476947300756,2886
2019-08-05,969.3276977539062,997.1669022950697,945.7565464374445,956.4751087894999,6346
2019-08-06,952.983154296875,972.3348010219925,945.7565920856765,969.764259423236,1810
2019-08-07,922.6703491210938,956.9115724631092,916.6562959732775,956.814595478672,34984
2019-08-08,903.7552490234375,931.1094496467239,893.37616555234,911.8547812399635,4920
2019-08-09,913.98876953125,921.506321098103,902.203165005929,918.2568224897179,7406
2019-08-13,888.089599609375,921.8943677616933,878.8745361952767,907.9262479574671,3852
2019-08-14,887.7017211914062,917.1898915412776,886.1011863355951,905.7438234711132,3291
2019-08-16,887.7986450195312,895.801200410311,868.2529860499436,874.0245378393475,12038
2019-08-19,897.3531494140625,899.8752022862968,883.7245675007789,890.3206010355683,8035
2019-08-20,888.1381225585938,902.009265915254,877.8560750847099,897.8867373858507,11701
2019-08-21,916.3653564453125,920.487884988309,878.0016026684478,887.3621319551329,14611
2019-08-22,939.9850463867188,946.2900903766878,907.1988294797824,907.5383081666672,16821
2019-08-23,999.3009033203125,1008.8070168038051,922.6704295176137,939.9850262684506,16818
2019-08-26,1007.7399291992188,1014.6755004067214,968.3091353188569,990.4252750284387,20788
2019-08-27,981.8408203125,1015.5484948507146,972.4317432254264,1008.806995465779,830
2019-08-28,965.6416625976562,1008.8069604234681,956.038572657975,992.2198696598477,2618
2019-08-29,944.3984375,967.2421411504083,914.7647465994222,956.5235204547787,26887
2019-08-30,940.2760620117188,956.5236758100027,921.6034312286163,956.5236758100027,1742
2019-09-03,907.2472534179688,939.2089859797944,891.436156070675,931.2064307158303,25704
2019-09-04,891.4846801757812,907.9263062157838,887.5561647301732,903.4642989055028,1606
2019-09-05,902.397216796875,919.2753569769026,875.4795310022944,919.2753569769026,16643
2019-09-06,912.4853515625,919.2753987380621,892.4062002167212,901.3787625558567,1844
2019-09-09,911.078857421875,920.4394464208181,906.9563286552601,919.2754264575767,2064
2019-09-11,925.7744750976562,933.1465027892375,906.9563202785208,918.4508766986409,1775
2019-09-12,908.50830078125,930.284964217493,899.2447481350482,930.284964217493,3344
2019-09-13,902.6397705078125,910.8363393965327,895.4132083703132,906.9078238949904,1962
2019-09-16,904.3372802734375,918.5963913249814,895.3162293484243,904.8222836479491,12482
2019-09-17,919.808837890625,923.8828778033862,905.7922294691595,907.9262560143686,14082
2019-09-18,902.542724609375,930.2848918944995,898.371707738466,928.150865363834,6667
2019-09-19,905.8407592773438,917.6263647045613,902.1062570562812,904.9677887448353,2999
2019-09-20,942.2160034179688,969.0367128971778,902.203226233776,911.806316439787,11946
2019-09-23,1067.3468017578125,1114.2465999599603,942.8464709658803,951.576530882231,11647
2019-09-24,1072.3424072265625,1091.2575378832048,1041.6416714789775,1065.0188092753824,3197
2019-09-25,1067.1043701171875,1091.257561152501,1003.9569562603009,1050.8567575400282,15730
2019-09-26,1037.3251953125,1069.0929149411752,1020.4470549424835,1069.0929149411752,1263
2019-09-27,999.4464111328125,1065.7948951837345,995.2269055367569,1037.3252213241128,5771
2019-09-30,995.9544067382812,1005.5089493154217,985.5268344252191,1005.5089493154217,5281
2019-10-01,976.020751953125,1016.4700431248557,966.2236487747505,1016.4700431248557,12451
2019-10-03,955.068603515625,975.6812465462419,942.9920670801206,975.6812465462419,2600
2019-10-04,964.7201538085938,980.6767759002969,947.6965480263008,953.4680997451522,3886
2019-10-07,940.906494140625,961.082621555522,938.9664807506443,958.2210899643984,783
2019-10-09,962.440673828125,972.8682460074867,933.2434362032055,942.3615229999868,1845
2019-10-10,971.2677001953125,983.4412724811002,952.9830975194991,957.4451046729755,1446
2019-10-11,963.1196899414062,979.4157908945027,948.1815628651029,974.8082590033423,2040
2019-10-14,956.8631591796875,965.1567049542207,936.2020274873993,965.1082164581909,12056
2019-10-15,960.306640625,977.7667613636364,941.9734901676275,977.7667613636364,5389
2019-10-16,957.4935913085938,960.306634424571,943.9620451871288,956.4750961129849,4025
2019-10-17,965.1566772460938,979.6582894134574,945.5140413523919,950.7521012725168,8473
2019-10-18,970.1522827148438,972.7227651008866,965.1567242292385,970.0067580193353,5868
2019-10-22,969.47314453125,970.9766429766762,955.4565367952308,965.1566031586342,8303
2019-10-23,968.0181884765625,983.5867840157921,958.3666100666693,970.0551788444953,4610
2019-10-24,967.2906494140625,969.8126430384068,950.7035000701574,960.937117656785,5600
2019-10-25,961.7616577148438,971.8497512304701,957.3966274982862,961.2766543574485,3783
2019-10-27,982.9077758789062,1007.8369598745494,961.7616416897167,979.7067656143357,1043
2019-10-29,988.8248291015625,999.737404205518,969.0851577241464,973.5472239560247,12058
2019-10-30,981.7437133789062,1003.9568894949454,975.0022144797205,994.4023476100575,3189
2019-10-31,970.34619140625,997.4094023734613,969.9582242438613,982.4227868207478,5247
2019-11-01,964.7201538085938,973.450214128181,960.5491368301375,970.8311841914026,2247
2019-11-04,971.5586547851562,989.3583126619635,968.0181659703969,989.3098241694753,5769
2019-11-05,954.3897094726562,970.1037721911774,950.6066592895953,970.1037721911774,1775
2019-11-06,977.8636474609375,980.6282018436316,951.5764918073878,955.6020429519837,12879
2019-11-07,960.5975952148438,972.9166917872491,960.306605054214,972.7711671046798,7229
2019-11-08,955.214111328125,977.1847870755116,947.6480708020717,952.7890945438444,2304
2019-11-11,952.983154296875,965.0597503136411,947.6966056079035,959.4336637355714,11859
2019-11-13,965.108154296875,983.5867696370237,941.8764825616864,969.0366694944643,25274
2019-11-14,958.3665771484375,975.6811722946704,952.1100223696742,969.8611323524734,2038
2019-11-15,956.1841430664062,968.7457421786352,942.9435273959057,959.4821896611464,3028
2019-11-18,985.623779296875,1001.0469094321394,938.5784545803452,955.5535717461033,3108
2019-11-19,958.9000854492188,981.64675378848,956.4265802721752,976.6997434343931,1212
2019-11-20,970.2007446289062,976.6027653746166,952.5950987714342,967.2422359389116,2000
2019-11-21,971.0252075195312,981.0162648154478,965.981160774604,968.6486792334633,1833
2019-11-22,970.0552978515625,976.7968570174623,961.179771068702,976.7968570174623,1989
2019-11-25,959.1911010742188,977.0392480259939,955.6021236498437,964.0411345714934,3282
2019-11-26,995.2754516601562,1000.416416278473,955.5536050619482,955.9416314353555,3540
2019-11-27,1028.401123046875,1035.967223163931,995.2269391069225,995.2754868086971,5650
2019-11-28,1032.4266357421875,1040.1866895547416,1023.5995982122121,1024.0360538755585,3354
2019-11-29,1067.1043701171875,1071.7604497417144,1012.7839937398186,1020.0106148568649,5637
2019-12-02,1075.9315185546875,1085.4376327646771,1063.3699775855919,1067.1044801648607,1681
2019-12-03,1086.4560546875,1095.1375673127748,1074.8644035451982,1076.7074399620726,2134
2019-12-04,1126.3717041015625,1143.637870287147,1086.5044534247556,1096.058995495563,18311
2019-12-05,1122.685791015625,1139.2243343930918,1080.4419513871223,1126.1292437943303,5690
2019-12-06,1087.717041015625,1123.2192642397151,1077.677494875681,1123.170834947828,915
2019-12-09,1072.7305908203125,1099.939211707465,1063.1274993975958,1088.3962250087545,2690
2019-12-10,1058.519775390625,1072.2453934108269,1042.7571670514747,1067.0558814240485,538
2019-12-11,1060.94482421875,1084.3705096193041,1056.3372924107143,1064.8248510044643,3206
2019-12-12,1073.6033935546875,1113.5676196488637,1052.9907525115357,1072.7303638992926,18751
2019-12-13,1067.3953857421875,1077.7259806762115,1059.1503288742183,1077.6774329780862,2536
2019-12-16,1053.8636474609375,1077.6288097078898,1052.4571852221716,1077.6288097078898,982
2019-12-17,1082.0423583984375,1095.1374474512202,1045.6671110295972,1048.5771308191045,4584
2019-12-18,1041.73876953125,1076.0286051004477,1037.9072899832436,1076.0286051004477,3817
2019-12-19,1047.7528076171875,1057.2103733658057,1037.9072154893847,1054.4458778287842,3769
2019-12-20,1097.126220703125,1100.9577001373473,1039.1683153434717,1039.8958204316682,4201
2019-12-23,1071.372314453125,1112.5006189251603,1067.8317665995219,1094.167470079787,2306
2019-12-24,1091.2574462890625,1096.1074793836806,1067.1042577960623,1067.152805490613,1528
2019-12-26,1070.4022216796875,1091.2573623830071,1070.014195380151,1091.1603854103735,394
2019-12-27,1118.563232421875,1124.2377478469778,1067.540904475766,1078.695981352591,6770
2019-12-30,1089.5115966796875,1133.8894080356179,1072.4880482869312,1118.514823848758,1319
2019-12-31,1066.037353515625,1103.1886571482487,1064.0973401334309,1098.2900759946008,1655
2020-01-01,1080.8299560546875,1105.3226250162138,1052.699761999865,1056.337287093161,1236
2020-01-02,1116.9627685546875,1124.2378191531766,1068.2684772457446,1091.3545667662006,9598
2020-01-03,1138.2542724609375,1146.4508998168144,1115.5076635546686,1115.5076635546686,19495
2020-01-06,1114.2467041015625,1138.2059418233866,1088.3475712927,1116.3322422916383,2058
2020-01-07,1117.3021240234375,1141.9888640440581,1109.1540445698554,1109.1540445698554,6489
2020-01-08,1113.082763671875,1119.3878076491012,1097.1261997392753,1097.1261997392753,1103
2020-01-09,1128.1663818359375,1138.6909312412954,1100.957645523487,1111.7246966128807,10733
2020-01-10,1105.4681396484375,1130.3972640308418,1100.9575848919662,1130.348834742117,1162
2020-01-13,1100.66650390625,1115.8956794329642,1092.3244703562555,1105.4681078932172,524
2020-01-14,1096.78662109375,1115.1197729561914,1086.4561435922042,1099.4057104506878,2671
2020-01-15,1133.452880859375,1143.4924269823575,1095.4286638415672,1098.6296150527503,100636
2020-01-16,1105.7105712890625,1162.9893912307673,1100.2300101969777,1125.256228389837,66414
2020-01-17,1094.507080078125,1108.523748499648,1088.3475609683535,1105.9046592593888,11032
2020-01-20,1080.8299560546875,1106.6806580661816,1076.7074276156186,1094.4100497363258,904
2020-01-21,1085.534423828125,1099.9389989717374,1076.707386950246,1082.6244038633947,8151
2020-01-22,1078.889892578125,1094.0705202777724,1072.8273510374522,1090.1419459958106,734
2020-01-23,1086.94091796875,1096.107432764104,1076.0283439699922,1084.8068324524781,7469
2020-01-24,1070.4022216796875,1103.8674474594332,1063.1271725971342,1103.8674474594332,3498
2020-01-27,1065.5037841796875,1074.5248936156263,1054.3972551209079,1068.9473552375716,1335
2020-01-28,1059.63525390625,1074.5248318208826,1056.337207721003,1066.0372739076054,1658
2020-01-29,1068.7535400390625,1074.8160825415325,1052.1178997304778,1057.3559601344186,1682
2020-01-30,1053.6212158203125,1080.5389013785466,1052.4572551597805,1058.2772952804796,1718
2020-01-31,1056.725341796875,1071.420967249786,1052.4572885577852,1054.9308530511848,41501
2020-02-03,1070.4508056640625,1082.2362908501834,1044.6485359825808,1049.6440935371086,1058
2020-02-04,1105.3226318359375,1123.2677557402508,1060.120343412823,1060.120343412823,16530
2020-02-05,1113.422119140625,1120.3091427333256,1098.0475372870922,1098.0960849836176,2258
2020-02-06,1095.2344970703125,1111.5306563359964,1079.423459544064,1104.4495603482728,6342
2020-02-07,1088.444580078125,1104.352714892328,1070.7419564094512,1079.1325387068205,1050
2020-02-10,1110.027099609375,1114.4891065712904,1079.908463809684,1100.9575610044892,1216
2020-02-11,1113.664794921875,1117.447845162827,1105.759215738265,1110.7063451966824,646
2020-02-12,1100.1331787109375,1115.604739003029,1096.1076270184008,1105.7591468130495,5166
2020-02-13,1075.0584716796875,1112.3066341876395,1072.9243858968434,1083.9824859453383,1148
2020-02-14,1077.7742919921875,1090.7724039018995,1071.857275510537,1085.3403907123352,414
2020-02-17,1071.857421875,1095.1375830740951,1070.4024118000566,1095.1375830740951,887
2020-02-18,1090.7725830078125,1120.3577886829912,1057.30735035884,1071.8574515105672,1180
2020-02-19,1089.8994140625,1096.01050312937,1070.014278361398,1088.153473192688,1011
2020-02-20,1116.2352294921875,1125.0138376438952,1077.0469344469377,1087.1350279846788,4029
2020-02-24,1144.99609375,1191.2653724980867,1105.8077938645708,1115.9443179447144,18183
2020-02-25,1151.1556396484375,1179.5283402675375,1131.027997328905,1173.6113221108324,5724
2020-02-26,1096.1561279296875,1151.4465102953054,1092.2275533979953,1148.5849194607945,2382
2020-02-27,1086.5531005859375,1115.4108018205025,1058.374356722692,1115.4108018205025,13349
2020-02-28,1114.101318359375,1124.2378416996123,1047.9953335802193,1082.3335967755422,16637
2020-03-02,1101.248779296875,1114.5378252367807,1082.5761481952145,1114.3923005334025,2449
2020-03-03,1077.0469970703125,1111.0457818386724,1069.432467581583,1081.5575522480408,1139
2020-03-04,1075.2525634765625,1085.2436811187592,1057.3074372480407,1069.8689782443914,835
2020-03-05,1059.2474365234375,1072.8275318634817,1052.4573888534155,1069.917511433472,1086
2020-03-06,1065.2613525390625,1076.7074794135556,975.3417752705677,975.3417752705677,3968
2020-03-09,1027.8675537109375,1044.7456928294475,999.1068333223319,1044.7456928294475,6827
2020-03-11,1016.8580932617188,1031.9901744315887,1000.0769296202907,1011.2320069147944,1100
2020-03-12,960.7916259765625,1003.9083759624328,931.2064219459869,986.6423279342629,36152
2020-03-13,967.3876953125,1139.7579022412995,787.6454609531362,957.542162573293,15080
2020-03-16,917.9658813476562,1010.6985047000519,894.3462402252487,980.676842589725,4319
2020-03-17,894.2006225585938,902.1062005788028,883.9670640595962,884.0155525520589,1516
2020-03-18,897.88671875,916.656324571323,892.35766876089,893.3761639472895,2182
2020-03-19,892.357666015625,900.8937130439415,843.9058200250112,882.706087612368,3017
2020-03-20,932.2734375,960.2096784772148,838.86180194541,880.8145927019525,3186
2020-03-23,821.2076416015625,931.2064241342214,764.8017879957216,873.0060226258325,6995
2020-03-24,820.3831787109375,835.4182827842683,786.6754453852442,786.6754453852442,1265
2020-03-25,804.717529296875,820.3831610796984,785.8023987724243,820.3831610796984,1039
2020-03-26,831.8292236328125,839.0557853008722,796.3754910196718,796.3754910196718,833
2020-03-27,829.6952514648438,873.006076614233,819.6557052655855,862.2875138478166,1372
2020-03-30,754.2286987304688,866.361508919821,742.0551264704504,824.4572075841169,4326
2020-03-31,790.118896484375,814.8055773043179,764.365232042622,776.053800209479,3758
2020-04-01,760.5822143554688,803.1170428101146,746.90514384479,795.4539663537995,2499
2020-04-03,743.7526245117188,766.3537683944857,727.5050125644461,761.4552464841203,2992
2020-04-07,798.7035522460938,800.255539307188,764.947271224436,775.0353647350827,2741
2020-04-08,865.5855102539062,872.036078902006,799.2855717633514,799.334060260541,1991
2020-04-09,888.9625854492188,900.1661501538749,834.2056994960478,834.2541879865126,5014
2020-04-13,871.5509643554688,892.4545955661648,862.3359012932796,892.4545955661648,988
2020-04-15,875.091552734375,882.6091045274886,853.6058810245112,862.3359411713527,6541
2020-04-16,854.9639282226562,877.8560626383834,844.0028051598063,865.8279558883848,452
2020-04-17,871.6964721679688,882.5604989411751,863.3058912287188,876.5465052647593,591
2020-04-20,866.8464965820312,897.2561824346337,855.6914197193304,897.2561824346337,780
2020-04-21,822.2747192382812,886.8286554654401,800.4010792544688,873.0060595229927,6618
2020-04-22,840.0743408203125,857.4859739651456,800.2555752502773,805.2511337351604,1765
2020-04-23,892.5516967773438,897.1592286441088,814.9511600739334,814.9511600739334,5344
2020-04-24,895.170654296875,906.956259316319,857.0009145518372,864.6639911198433,2846
2020-04-27,872.3755493164062,920.5364082674186,857.2919561535593,894.4917506404989,1533
2020-04-28,863.2574462890625,890.4661214938048,840.0742632350348,887.4105768068756,5214
2020-04-29,862.9179077148438,895.655632742538,850.0168308781653,871.6965154192101,2799
2020-04-30,897.3531494140625,905.9862324846383,840.3167688886937,873.0544940989256,5313
2020-05-04,848.0768432617188,892.745639813217,842.9358196090329,874.9460406068442,1684
2020-05-05,841.5293579101562,873.9760960702026,830.3257916049872,871.7450923495501,1356
2020-05-06,918.8873291015625,935.0864527272624,843.7602988335583,848.6103323020607,7854
2020-05-07,902.3002319335938,1040.041122259467,885.6161050791525,921.5548409854384,53076
2020-05-08,875.2855224609375,916.6563319165411,864.2759700927388,911.8062984143372,3232
2020-05-11,855.3034057617188,873.830510007387,853.6058940406152,865.3914991003666,962
2020-05-12,834.01171875,853.5088882397638,825.7666620972636,845.0213299207705,1789
2020-05-13,846.1369018554688,871.9876062090716,837.0673621496088,868.0105428907013,1794
2020-05-14,844.7788696289062,857.922448742859,840.3168032285365,857.922448742859,388
2020-05-15,856.0794067382812,857.7769184741757,837.164275966887,843.9543229104644,600
2020-05-18,849.5803833007812,860.1534804953001,810.974126719115,847.7374060093464,4143
2020-05-19,824.4572143554688,872.9575498172351,817.715655885381,835.1757766516168,1627
2020-05-20,844.2453002929688,847.6888714115149,829.9862492910581,834.2057547174178,304
2020-05-21,846.1369018554688,853.3149757050534,832.3143052485981,839.0558642065363,1072
2020-05-22,834.5938110351562,858.3589758307828,826.8822457197546,850.6958990107963,1069
2020-05-26,828.5313110351562,848.7559286239905,823.4387754634123,838.7648706765196,1630
2020-05-27,838.9588623046875,855.982468937402,830.0347883579569,830.0347883579569,1096
2020-05-28,850.1624145507812,873.9275795532252,834.3513166145476,834.3513166145476,1735
2020-05-29,846.8643188476562,855.3518772847731,834.2057435337723,853.5573886113006,1413
2020-06-01,835.7092895507812,867.1375314034301,831.2957707534943,853.5574371320778,7080
2020-06-02,841.5777587890625,852.6358584507735,834.2057318175941,843.8573099742923,5970
2020-06-03,855.9339599609375,913.8433142245538,844.8758595864965,848.7558864961934,7270
2020-06-04,840.850341796875,867.0890721923819,835.1758258950732,853.6059544572176,5898
2020-06-05,843.0327758789062,863.3059390277663,840.9957855472735,848.7558389317927,5666
2020-06-08,845.79736328125,846.7673699920022,839.1042932952556,841.286808394448,3867
2020-06-09,841.2867431640625,848.7558060986318,838.2797462756871,840.0742348696358,4844
2020-06-10,842.2083129882812,845.8458380947667,838.0857845342643,838.2313092203278,6630
2020-06-11,830.0347900390625,847.3978753878596,818.6856991927625,844.3423896398839,3567
2020-06-12,826.4942016601562,829.3557332825596,812.8656192874678,822.4201616557608,2480
2020-06-15,822.565673828125,847.7373592961966,814.8056203014446,847.7373592961966,1249
2020-06-16,828.9191284179688,857.4858346367571,815.7755508252405,857.4858346367571,1492
2020-06-17,816.4061279296875,847.7858196550239,807.8215334779816,847.7858196550239,1852
2020-06-18,836.0972900390625,841.9658187551519,809.0340793258426,824.5056980897225,3033
2020-06-19,821.2076416015625,837.1157750289927,815.8726047966268,836.1457683371863,7387
2020-06-22,837.600830078125,852.6359347292089,824.6512636249646,824.6512636249646,13474
2020-06-23,845.4093627929688,857.5344470485173,834.2057967817444,842.9358574457394,2668
2020-06-24,866.02197265625,875.9160528684233,838.0857914488569,845.8943335676345,4522
2020-06-25,851.5689697265625,866.2160483175392,846.7189358614028,853.6544487658723,11627
2020-06-26,885.131103515625,897.256187125428,850.0653380342706,858.4559195740582,3558
2020-06-29,940.7124633789062,944.6895262767418,876.8860358823536,902.1062094807398,15862
2020-06-30,893.376220703125,950.5096422127416,892.4062139488327,949.6366124520731,5273
2020-07-01,891.4361572265625,906.956264425284,888.9626519826684,894.3946658204167,1276
2020-07-02,891.4846801757812,910.4968477517255,888.8171616479037,897.3047206002415,1816
2020-07-03,886.6830444335938,905.6952100679505,882.706040898163,899.1961537501066,2669
2020-07-06,892.066650390625,906.8592519861336,887.9441220771225,893.3761357025224,5098
2020-07-07,894.3946533203125,902.1547068112184,889.7871215600871,897.2076963925697,1314
2020-07-08,868.0589599609375,909.8662221810577,862.3358971417487,909.8662221810577,7847
2020-07-09,872.8605346679688,887.5076718532662,869.1260324291795,878.8260997553981,1093
2020-07-10,883.9671630859375,891.436227101686,864.2760373749752,864.2760373749752,7918
2020-07-13,874.5095825195312,891.4362123201586,871.0660703628971,887.5561852806802,1311
2020-07-14,865.5855102539062,888.4777053562448,863.3060180453674,888.4777053562448,1412
2020-07-15,855.8853759765625,881.7360778483086,849.7743456937633,872.9575291781795,2353
2020-07-16,853.2178955078125,857.6314734902409,844.8758613166857,857.6314734902409,2557
2020-07-17,876.0615844726562,877.8560732056922,846.9613831509206,846.9613831509206,1189
2020-07-20,873.5396118164062,892.4062559155236,866.4100855188877,890.4662423157073,2941
2020-07-21,868.5440063476562,890.4661336690335,858.455913177663,877.8560468087966,4257
2020-07-22,867.719482421875,876.7405328990588,864.4699836557664,868.107508784027,592
2020-07-23,864.4699096679688,877.8559891533845,855.7883385973188,877.3224973544686,3631
2020-07-24,868.0589599609375,870.8719436752539,858.7468607570629,861.0264118683866,503
2020-07-27,849.8228149414062,882.6090875595095,847.3977982805707,882.6090875595095,2002
2020-07-28,852.44189453125,865.1490180984213,847.7858741115853,858.3104233521041,896
2020-07-29,844.0997924804688,863.1118989992353,835.6607228464575,863.0634105079924,4036
2020-07-30,839.5408325195312,852.8299366833888,836.2427859254599,852.8299366833888,818
2020-07-31,840.9473266601562,846.8158553978993,837.1157883257584,843.9543237707155,988
2020-08-03,862.8694458007812,868.1559941423266,834.205759734526,842.8873315168514,1919
2020-08-04,844.48779296875,873.0060130777606,840.1227629033611,873.0060130777606,4148
2020-08-05,854.1879272460938,866.7010381036545,843.9543677920961,843.9543677920961,2037
2020-08-06,862.5299072265625,868.010409163293,858.4073790491119,858.4073790491119,2364
2020-08-07,864.0335693359375,872.036125549265,856.7585182329125,867.1376029807983,2073
2020-08-10,880.1355590820312,885.6646091350387,866.7979669037067,871.9875382921612,2364
2020-08-11,886.1495971679688,894.2491885280389,864.5184598863292,881.2995637324213,3233
2020-08-12,935.7654418945312,950.6065320333337,863.3059321527213,890.4661187822452,40357
2020-08-13,918.2568359375,944.7864946253087,913.7462812495286,936.0564346133705,3951
2020-08-14,896.7227172851562,923.4463903758233,885.1311252289273,917.6748385950722,3373
2020-08-17,884.3551025390625,915.4438048112198,875.5765539205826,915.4438048112198,3657
2020-08-18,888.3320922851562,910.8362587621406,885.1795706227739,891.4361254551727,1874
2020-08-19,920.1968383789062,927.3263636224431,888.5260973620898,908.8962371487753,4442
2020-08-20,923.10693359375,939.9365267742076,903.3672610020485,921.5063987982427,8541
2020-08-21,953.6135864257812,989.4068582135467,912.6793500476147,936.0564884079142,15293
2020-08-24,994.3538818359375,1002.9869654719987,951.0916050728189,977.7667903247337,15491
2020-08-25,972.7711791992188,1018.5070180237061,959.336610309948,1002.9869110823926,12016
2020-08-26,969.8126831054688,1007.6430034651186,964.1866561079142,976.7967431596273,2076
2020-08-27,956.5720825195312,994.2568172272692,954.4865445381784,974.9051726998466,3485
2020-08-28,945.4171142578125,967.6302335847327,939.936552370749,951.8191352051574,3179
2020-08-31,922.2824096679688,960.3551747544467,921.5064161058351,960.3551747544467,3984
2020-09-01,920.4879150390625,940.9065452365404,916.7048650413576,940.5670665566624,1949
2020-09-02,939.3059692382812,950.6065710349397,921.506369880809,949.5880758354473,926
2020-09-03,913.5523071289062,949.1515652070053,901.1362330887154,949.1515652070053,3118
2020-09-04,901.4757080078125,915.6863299241387,893.3761756992922,911.8063031024263,1863
2020-09-07,906.9077758789062,911.8062978723182,882.7060968763932,897.2561973743557,1331
2020-09-08,935.571533203125,942.8465840056377,911.8063672482505,911.8063672482505,3681
2020-09-09,906.03466796875,945.5624375766332,893.8610967770392,931.4973416425398,3180
2020-09-10,893.085205078125,920.4878951063118,887.6046433906829,920.1969049292157,1636
2020-09-11,905.1132202148438,918.5963369093618,894.3461696203078,904.9192662401393,1675
2020-09-14,962.53759765625,968.9881656322748,909.8177593243777,925.3863543890785,9323
2020-09-15,941.1490478515625,964.1867081313611,936.1534894143482,951.5766203992608,2965
2020-09-16,941.6339721679688,964.9141321803625,924.4163538254692,950.6065338394121,2461
2020-09-17,936.6510620117188,952.6258407176332,929.1765892538144,952.6258407176332,1965
2020-09-18,950.03662109375,957.5110937919583,929.81168957536,929.8605302552802,2794
2020-09-21,908.3654174804688,964.8390211725748,900.9397851823707,952.6258690058334,5874
2020-09-22,912.4690551757812,924.43794438629,889.2151655734526,909.0004722275589,1885
2020-09-23,878.1744384765625,924.4378923999193,872.507548075542,913.5925780261016,5071
2020-09-24,846.0294189453125,881.5940788353794,841.3884215706911,875.3898219883803,4302
2020-09-25,865.3262939453125,874.4617080470749,831.4714117855427,874.4617080470749,4842
2020-09-28,858.1936645507812,873.0448679887581,853.8946712098708,859.9035056787006,2427
2020-09-29,865.4239501953125,868.5016883512591,845.1989585686682,868.5016883512591,2314
2020-09-30,857.2655639648438,872.8006570737607,849.7910913056418,871.5793419094813,3340
2020-10-01,862.9813232421875,887.1633642840716,849.8888004000416,869.3321623036924,4629
2020-10-05,877.97900390625,884.2321612762692,850.0353373595074,850.0353373595074,8546
2020-10-06,862.34619140625,895.9568087394932,859.903561066175,895.9568087394932,4055
2020-10-07,842.80517578125,871.5305333578435,829.5661308393236,855.9953800417106,9571
2020-10-08,843.7333984375,858.8288665512284,839.6786676696557,857.8518143708516,2144
2020-10-09,842.1700439453125,844.9546184919343,835.3795201296343,844.1729887625778,1674
2020-10-12,843.9287719726562,849.88876607431,840.3136671875174,844.2218756829044,362
2020-10-13,840.7044677734375,850.0353031396166,837.0893631780075,846.1759355260431,855
2020-10-14,840.362548828125,846.7622882588836,838.9458708871181,841.6327643586625,1003
2020-10-15,843.5379638671875,850.0353846264784,839.2878107978678,840.8022297286293,7459
2020-10-16,843.1959838867188,844.9546657848374,831.6667807384644,837.9198785578337,1761
2020-10-19,866.3032836914062,878.9072202243472,830.5919810950853,835.4284010028133,3076
2020-10-20,886.9678955078125,889.1174220815086,852.0382824974675,852.0382824974675,2140
2020-10-21,883.0596923828125,903.7732092127565,876.0738055193445,891.1203723568722,4120
2020-10-22,888.189208984375,897.4712040326751,877.3927950919422,889.0685797374989,1613
2020-10-23,882.6200561523438,895.908001478736,878.1744806944845,878.1744806944845,106409
2020-10-26,881.301025390625,902.7473316715489,868.159662253626,889.0686017874373,1994
2020-10-27,883.2063598632812,886.1863571860075,874.4617306300736,874.5105713138164,1145
2020-10-28,883.2063598632812,903.7732970199085,874.1197862093393,882.3269890177723,2718
2020-10-29,881.8872680664062,885.3558509904254,869.6252752142314,869.8695382576394,564
2020-10-30,868.3550415039062,882.5711374294699,865.6681482671853,871.3838791169446,716
2020-11-02,869.8695068359375,878.3698723663891,860.8806152363165,874.5105044930458,1725
2020-11-03,861.6134033203125,876.8066117611196,859.8058807203373,868.6481906349303,4777
2020-11-04,862.1508178710938,873.4845986530488,860.440976654491,873.4845986530488,1387
2020-11-05,861.9065551757812,876.3669146863466,853.1619267377021,867.719967606871,2076
2020-11-06,880.763671875,883.2551429287003,859.9035727076359,877.3928300331557,3788
2020-11-09,876.415771484375,883.2551364792363,864.7399864590985,868.6481950275908,1165
2020-11-10,865.3750610351562,891.5600455134681,861.076007920787,869.6252138366696,4438
2020-11-11,885.74658203125,891.0226873007297,864.7888022587732,866.6940658080036,5148
2020-11-12,875.438720703125,882.5711894248046,864.8865694786987,869.6252485215497,6592
2020-11-13,860.0989990234375,880.8125166099452,855.9465273699795,877.979041510244,6214
2020-11-14,866.8894653320312,877.0508309040197,860.9783121248045,869.5275178973097,1259
2020-11-17,868.3062133789062,878.3698380841101,859.8058481802191,878.3698380841101,15851
2020-11-18,882.7666015625,890.1433332347052,864.7888184737684,869.5275570962992,4411
2020-11-19,958.6835327148438,974.1209439722528,894.051512427969,903.7731927525916,34366
2020-11-20,952.8701171875,976.0751059423866,937.9700717764675,976.0751059423866,3810
2020-11-23,945.7376098632812,972.7042244753451,936.4067740601469,972.6065431173237,2661
2020-11-24,944.7606201171875,965.3275566389137,942.953037798227,948.8153508952245,1270
2020-11-25,948.8642578125,991.7079724739402,943.4904707695378,946.8124124335583,16178
2020-11-26,949.1573486328125,967.2328138951103,943.148453894506,949.206189314723,1822
2020-11-27,949.3038330078125,964.9366672089096,933.0847913779861,933.0847913779861,2009
2020-12-01,957.218017578125,976.0751124278529,942.8553388317098,949.2061779015606,4340
2020-12-02,959.1720581054688,975.0491547239893,943.0995391401224,967.2815786052537,10887
2020-12-03,953.0654907226562,976.075055940289,943.4903919906882,972.1668475080957,7240
2020-12-04,950.4274291992188,977.1497802501609,943.0995384575132,968.307470682075,7096
2020-12-07,997.0328369140625,1007.1941430705953,950.769383755579,950.769383755579,21178
2020-12-08,999.3777465820312,1030.7410960781638,982.0839716013677,994.5902269292683,19432
2020-12-09,995.274169921875,1023.9506259061802,986.8226451958416,999.3777411348682,17126
2020-12-10,992.5383911132812,1016.1342241135768,986.5295562417891,987.1157636711196,21295
2020-12-11,1004.995849609375,1011.3955891031025,992.9292790267984,1006.3148462000256,8359
2020-12-14,994.78564453125,1015.4503208206829,991.707906484899,1009.2459444141269,8121
2020-12-15,1039.0460205078125,1050.331020105875,996.5931539609232,1010.2718835250928,33661
2020-12-16,1044.517578125,1048.6700494820682,1018.0882715447441,1039.0459910392674,5804
2020-12-17,1035.9683837890625,1064.9867832960203,1026.8817516001077,1054.2392102535835,5446
2020-12-18,1022.9736328125,1051.3081460422636,1016.3785305952274,1036.9943077465182,8202
2020-12-21,972.020263671875,1043.6382307398358,958.5857972161498,1007.34072115292,7955
2020-12-22,1018.7721557617188,1049.3539335629337,952.8700406957645,972.1179785921203,7132
2020-12-23,1054.678955078125,1069.67680184153,1017.0136641332981,1022.973658730541,210591
2020-12-24,1066.0615234375,1103.0918219153975,1048.57226697759,1064.9867899803219,24480
2020-12-28,1067.8203125,1087.0681920376223,1055.6071606946405,1071.3865766809772,183646
2020-12-29,1107.1954345703125,1122.632906051314,1077.4442446893702,1092.3442897870923,224128
2020-12-30,1097.4737548828125,1113.8393773126252,1085.6514485037435,1113.8393773126252,130864
2020-12-31,1067.4295654296875,1107.0978622682717,1055.314093876717,1102.9453902746093,22761
2021-01-01,1060.6390380859375,1085.4560679579681,1050.4287712783532,1067.429503006131,6558
2021-01-04,1080.131103515625,1099.183619588492,1056.2422272241909,1074.5619542173322,82388
2021-01-05,1072.2169189453125,1106.999947274169,1064.9867100872411,1106.999947274169,9464
2021-01-06,1054.1414794921875,1084.5277743614786,1046.4227444514806,1077.5418283575025,19630
2021-01-07,1139.14501953125,1152.9214297104204,1057.219228231485,1059.3686950538333,58260
2021-01-08,1148.524658203125,1158.0509154702288,1110.8592548394192,1144.1279240798463,49345
2021-01-11,1098.499755859375,1168.5543457702524,1094.2983839988985,1162.6920329988297,9114
2021-01-12,1150.088134765625,1152.921610033929,1098.6952122738585,1103.9224177536732,14162
2021-01-13,1108.5145263671875,1172.462539677826,1089.9505361556219,1160.7379142810478,10379
2021-01-14,1097.718017578125,1117.4544219889533,1093.3212831953022,1117.4544219889533,6047
2021-01-15,1081.2547607421875,1118.7246859776717,1075.7343923680494,1115.7935295951972,3824
2021-01-18,1039.33935546875,1080.6198140055817,1026.9796203607118,1080.6198140055817,7619
2021-01-19,1013.1053466796875,1064.547163615553,1007.3407154339653,1044.5175955589127,13084
2021-01-20,1031.0341796875,1037.9712254150986,1018.0882399757166,1033.7210728352286,28274
2021-01-21,1060.8831787109375,1067.6247425367385,1030.9852901397737,1064.7913869666138,10875
2021-01-22,1027.6634521484375,1059.5153269300804,1026.44213701671,1059.5153269300804,8812
2021-01-25,1017.2578735351562,1035.5776014144485,997.7656711446831,1026.0024426019138,2352
2021-01-27,1021.01953125,1029.7641005803523,995.0788077178754,1007.2431193233107,2756
2021-01-28,1018.5769653320312,1019.7493803183095,1009.3438693251398,1013.3008593556335,3159
2021-01-29,1015.2060546875,1030.7899883198788,1011.2489458872745,1023.6086790797083,2387
2021-02-01,1026.14892578125,1035.2355576448,983.109794474959,1007.2917733199254,2070
2021-02-02,1030.1549072265625,1045.4457971793056,1011.2000717229572,1044.468745032409,2563
2021-02-03,1031.1319580078125,1049.3540043771118,1019.0653878634334,1049.3540043771118,8403
2021-02-04,1020.3356323242188,1046.4228776447105,1017.1113124445786,1046.4228776447105,14673
2021-02-05,1033.5745849609375,1045.3481109842187,1016.1342280732991,1032.695214178985,5944
2021-02-08,1025.90478515625,1047.5952957633565,1009.441479838746,1047.5952957633565,39229
2021-02-09,1022.1918334960938,1043.4916164457725,1020.0423666380024,1043.4916164457725,4502
2021-02-10,1032.597412109375,1044.4686181053546,1011.5907935038884,1022.2406844646654,31946
2021-02-11,1025.025390625,1043.6870629074429,1020.7752376100841,1028.835917878362,3896
2021-02-12,1008.3178100585938,1029.715275811905,1007.3407579170641,1029.715275811905,7033
2021-02-15,1007.6826782226562,1055.0209249095135,1001.4784211260769,1033.6722407122143,10005
2021-02-16,1014.1312255859375,1030.74111204096,1005.3377562862198,1012.9588107202661,8235
2021-02-17,1036.4569091796875,1043.4916365499305,1004.4095527840154,1019.4561788877037,8781
2021-02-18,1082.5247802734375,1088.4359929337047,1030.7899214946665,1030.7899214946665,22026
2021-02-19,1095.5196533203125,1113.7416986095068,1075.734348544628,1091.367181947638,62170
2021-02-22,1054.630126953125,1113.399838319837,1045.5923944594538,1100.1607338241854,6335
2021-02-23,1070.75146484375,1104.0689189877087,1056.1933640935515,1056.1933640935515,7488
2021-02-24,1083.6484375,1103.9222681492577,1041.1466720425203,1056.5352422943663,20192
2021-02-25,1075.4901123046875,1114.5232964722156,1056.3886958070975,1089.3154235435647,19804
2021-02-26,1027.2725830078125,1040.3651047621972,977.0032414551954,977.0520821323967,95926
2021-03-01,1012.37255859375,1060.101529887404,1007.3896167310396,1060.101529887404,4175
2021-03-02,1016.6716918945312,1029.8129959857752,1010.2719524186825,1029.8129959857752,3861
2021-03-03,1021.068359375,1031.7670323149614,1016.1341984920075,1021.9965111756152,5290
2021-03-04,1016.2808837890625,1024.4392459184812,1011.3467224029529,1024.4392459184812,8495
2021-03-05,1014.8640747070312,1025.9048122994043,1010.7605031654607,1025.9048122994043,7323
2021-03-08,1021.7523193359375,1049.3540434776926,1016.1342692893857,1024.9277389274669,8332
2021-03-09,1014.8640747070312,1029.617658375353,1008.5132353927969,1026.8818645015942,4508
2021-03-10,1011.6397094726562,1022.97348932097,1009.0993980139209,1022.3383816390241,2156
2021-03-12,999.3289184570312,1029.8129572004987,994.6390801044664,1029.8129572004987,10174
2021-03-15,981.9862670898438,1011.2489913758881,967.6235883289031,1011.2489913758881,10436
2021-03-16,982.3770141601562,1000.5013181031868,970.2615446574403,979.2015949376608,17897
2021-03-17,971.922607421875,1015.0594828642023,962.3963491435505,996.5931737324076,10217
2021-03-18,947.4474487304688,987.3111631329281,942.8064511798686,986.7737963960801,9989
2021-03-19,940.5104370117188,955.5570649558392,918.575662522763,954.1891680029066,5078
2021-03-22,918.0381469726562,958.3904471868066,909.2446779034372,950.6717115944584,11315
2021-03-23,927.564453125,937.9700825824618,918.4290391953273,927.2225087195378,3586
2021-03-24,894.1981201171875,934.9412058110676,881.3987014504421,934.9412058110676,22205
2021-03-25,911.8827514648438,917.4519605966495,884.3298691558019,900.8420741960713,14352
2021-03-26,909.6355590820312,917.451976345894,899.0834077027228,917.451976345894,5217
2021-03-30,936.2113647460938,947.7405679760094,910.6125869625163,921.3601604137906,5106
2021-03-31,941.1454467773438,951.4533346308699,930.3978735465616,942.85528797315,7118
2021-04-01,972.4600219726562,987.7509124300341,957.5111355586973,958.4881877378389,12883
2021-04-05,959.8560180664062,976.0750592613826,932.1077142496086,976.0750592613826,7160
2021-04-06,971.9714965820312,977.0521798441272,957.5111362472446,970.8967630380157,13480
2021-04-07,1024.19482421875,1060.101487505217,972.0202202425633,978.9084849888119,55328
2021-04-08,1040.218505859375,1050.3309708880686,1004.7026871161794,1010.2718361844306,20217
2021-04-09,1050.5751953125,1071.5329136494786,1034.0629921508262,1048.376828244885,18980
2021-04-12,991.7079467773438,1046.9602943768496,981.9374251342173,1040.5605549929764,9907
2021-04-13,983.549560546875,1011.2489648609945,974.1209835424266,1010.174231360848,6265
2021-04-15,986.529541015625,1006.7056315849939,968.4540767310442,983.5495439658837,5594
2021-04-16,998.3030395507812,1002.455511210278,977.58952193415,990.7308853481695,3660
2021-04-19,1024.76708984375,1037.4087946170703,985.51376008312,996.0895254146834,9749
2021-04-20,1011.8302001953125,1036.9168993737087,1006.3209883156742,1013.355126025234,4997
2021-04-22,1035.1951904296875,1066.33223300552,997.5651443057288,1021.1761536384088,17292
2021-04-23,1044.000244140625,1062.4955857063158,1033.2277674889428,1035.933196063658,11697
2021-04-26,1060.1837158203125,1072.284288138775,1031.6045036330268,1072.284288138775,10010
2021-04-27,1067.1192626953125,1079.2199537872634,1052.1656705337086,1067.4144483675304,10633
2021-04-28,1005.7798461914062,1034.457410403063,998.5489981541692,1034.457410403063,27780
2021-04-29,1031.2601318359375,1044.3937331550508,997.8111983921771,1005.7798908707097,16824
2021-04-30,1041.147216796875,1057.5764966617814,1028.0627339642433,1034.9492785936689,10370
2021-05-03,1016.7492065429688,1034.7526512702968,1008.3869731074436,1031.997985160691,11294
2021-05-04,1019.6021728515625,1037.9006821874048,1013.3058792919686,1027.0297312708976,4436
2021-05-05,1023.04541015625,1030.5714436023975,1009.3706761972052,1009.4199138380311,3053
2021-05-06,1018.52001953125,1032.686529841962,1008.3869127614112,1032.686529841962,15547
2021-05-07,1014.3880004882812,1038.589261896031,1003.4679323021779,1028.0134969232383,21552
2021-05-10,1018.3723754882812,1045.4266571531828,1014.2896144186716,1014.3879696063649,19236
2021-05-11,993.5316772460938,1029.8827477228508,986.0548211724761,1018.175597579714,10124
2021-05-12,1006.8619995117188,1023.0945085153958,998.5489445650265,998.5489445650265,9034
2021-05-14,1013.1582641601562,1031.850313949341,1008.3868965218049,1015.1258483484914,7955
2021-05-17,1017.3394165039062,1023.0945764397602,1004.4517636333395,1004.4517636333395,3647
2021-05-18,1015.32275390625,1057.0846833552662,1009.3707632596586,1027.079022264214,20956
2021-05-19,1005.5338745117188,1022.6518809529582,998.9916931190235,1018.2248165332485,3067
2021-05-20,1020.9794921875,1040.4585037652776,1005.5338841204976,1006.2717281975,8273
2021-05-21,1029.6861572265625,1034.4575255036734,1015.2735770991831,1028.06287603551,6953
2021-05-24,1043.26220703125,1052.755824110486,1028.7021570862303,1039.3762765611866,6078
2021-05-25,1022.8486328125,1071.3496330141447,1019.0610571181863,1043.8526909289735,21662
2021-05-26,1025.8985595703125,1038.0974868407527,1016.0606375187822,1025.1607154164478,6896
2021-05-27,1019.798828125,1037.851388456273,1017.7821264516494,1037.851388456273,2803
2021-05-28,992.843017578125,1031.9979318686308,984.7759102006667,1031.9979318686308,16440
2021-05-31,998.1062622070312,1018.2248226443049,993.6300201649739,994.6138122641472,8009
2021-06-01,987.4813232421875,1017.9788784307382,980.8899041438681,1013.2566283003033,8478
2021-06-02,1070.0706787109375,1089.0579153348017,979.0207868416946,1002.4350281161339,140337
2021-06-03,1077.5474853515625,1113.6526057156946,1057.576458608102,1089.008566713268,67491
2021-06-04,1088.0740966796875,1152.95513967011,1053.395424068513,1105.7823550343298,104381
2021-06-07,1080.4005126953125,1116.6041125759104,1073.5139675076198,1099.830408046303,22090
2021-06-08,1059.83935546875,1096.8299171363087,1054.7235641166699,1096.8299171363087,18948
2021-06-09,1051.5753173828125,1109.668164284764,1042.819544359921,1069.3819289804098,45670
2021-06-10,1061.85595703125,1097.6167751041041,1053.641317185467,1053.641317185467,21363
2021-06-11,1043.6558837890625,1081.1875785269933,1027.0297723484007,1067.4144883546749,25835
2021-06-14,1058.1175537109375,1081.187428511892,1054.62504400796,1081.187428511892,33249
2021-06-15,1053.1495361328125,1077.2524447131525,1048.771708937601,1067.414522843626,18601
2021-06-16,1072.8743896484375,1121.522854923993,1033.3258800776202,1062.495336243783,98666
2021-06-17,1069.3328857421875,1090.0417596274337,1064.0696214807622,1072.9237512972306,19303
2021-06-18,1058.314208984375,1080.2035802601383,1013.3549641086255,1080.1543426250487,18060
2021-06-21,1045.77099609375,1061.2657215767947,1033.3260020842445,1042.8196198112653,22878
2021-06-22,1048.1322021484375,1072.3334655169708,1045.7710769215962,1054.8711544959376,11670
2021-06-23,1051.968994140625,1067.4144828604979,1038.8845105075443,1054.5268297125267,11556
2021-06-24,1050.1488037109375,1062.4462046635308,1047.7385611609516,1049.7061453133665,4558
2021-06-25,1065.05322265625,1078.9739038337138,1047.9352173963066,1051.9688607737978,22256
2021-06-28,1073.4647216796875,1096.928138104183,1071.3495447492874,1076.2685050098441,21179
2021-06-29,1088.4676513671875,1100.5682226747078,1071.349644055378,1072.4317913946468,19508
2021-06-30,1088.5167236328125,1106.7661151685375,1082.1713126092366,1092.009233632957,16425
2021-07-01,1106.520263671875,1121.2279088486564,1087.0903679550318,1094.9607054605885,25682
2021-07-02,1122.949462890625,1144.0518758361507,1112.3245800917841,1123.4905965912067,49650
2021-07-05,1146.068603515625,1158.9071389576109,1115.6695225145513,1133.8204394300906,25894
2021-07-06,1125.50732421875,1174.6476882665472,1106.9627483096103,1157.0377868445262,71452
2021-07-07,1140.362548828125,1157.9232124410933,1118.079635462449,1125.4580756436794,81869
2021-07-08,1138.1982421875,1170.7126197042458,1132.8366231844025,1160.776343336883,14220
2021-07-09,1139.3297119140625,1159.8417550696827,1121.8182829764967,1159.8417550696827,15893
2021-07-12,1153.79150390625,1156.4969323711555,1122.5068648935246,1143.1665004437123,18719
2021-07-13,1152.61083984375,1198.2588188665527,1144.1502515121517,1159.8909256516138,25004
2021-07-14,1162.5963134765625,1170.7125982966866,1132.6398920862828,1162.842261501415,13480
2021-07-15,1155.955810546875,1168.892701721572,1138.296788967163,1162.4488149111576,16525
2021-07-16,1156.2508544921875,1173.319622690284,1149.8069684717314,1173.319622690284,4666
2021-07-19,1156.1524658203125,1166.7774688856762,1142.1334279353032,1166.7774688856762,11791
2021-07-20,1182.0755615234375,1249.4160893247226,1134.410757556705,1148.0854931038987,193830
2021-07-22,1190.2900390625,1210.0642354775528,1163.3833502025593,1192.3559783730034,26563
2021-07-23,1203.6204833984375,1208.0967858125646,1185.4695658828502,1185.4695658828502,12128
2021-07-26,1205.6865234375,1218.8692422393037,1197.2750524766363,1210.0643504899447,12893
2021-07-27,1202.4891357421875,1210.4085901176254,1177.1072514436614,1205.686460077492,14477
2021-07-28,1226.4444580078125,1233.675305998292,1180.550532055782,1202.6858545318278,15527
2021-07-29,1278.9298095703125,1289.7515233435997,1194.3236837064303,1194.3236837064303,64538
2021-07-30,1297.1298828125,1341.8924233266969,1283.848689473123,1289.7514420684015,55093
2021-08-02,1250.3505859375,1335.8913854988316,1234.6591491700333,1290.7353017618195,66085
2021-08-03,1259.893310546875,1283.8486229022071,1248.481346806105,1266.632262058691,13599
2021-08-04,1240.5125732421875,1296.6379593525544,1236.8233529481267,1269.0917811569007,30456
2021-08-05,1215.967041015625,1263.8776684622837,1200.6690257557677,1263.8776684622837,20599
2021-08-06,1214.3929443359375,1232.9866383105543,1210.5561312789841,1232.9866383105543,5711
2021-08-09,1196.9307861328125,1237.5613313261708,1187.4864051733284,1214.3930974199793,9523
2021-08-10,1138.9852294921875,1223.492989389087,1092.0583974194049,1204.407399875457,21819
2021-08-11,1204.456787109375,1217.9346916376205,1084.4832613828735,1146.1671017462659,54891
2021-08-12,1233.773681640625,1250.0062517254455,1192.306819496494,1218.7217341625153,15448
2021-08-13,1206.96533203125,1318.7240922548374,1190.3884589151328,1309.4273048066461,36439
2021-08-16,1188.07666015625,1220.9353432621024,1182.518210274284,1211.0481837334805,10806
2021-08-17,1196.9307861328125,1211.933616956998,1185.5188208029435,1185.5188208029435,13784
2021-08-18,1200.275634765625,1213.9994869255052,1185.4695151906271,1202.6366398012683,33575
2021-08-20,1176.959716796875,1204.1615938127231,1170.7126606512586,1189.5523043767407,7014
2021-08-23,1118.32568359375,1213.9011113166493,1111.6850868361007,1202.1939611625796,24662
2021-08-24,1135.1485595703125,1156.0050254132257,1081.4827693081493,1135.2961524126463,77552
2021-08-25,1151.4302978515625,1168.5483044098232,1133.3777368350309,1168.5483044098232,10166
2021-08-26,1156.0540771484375,1177.5991482398595,1141.1988403995297,1141.1988403995297,8410
2021-08-27,1176.8121337890625,1195.30747443432,1160.8255111886035,1164.8099174734443,14785
2021-08-30,1188.8636474609375,1205.1454565638971,1173.4673954566608,1180.5506513278992,7056
2021-08-31,1165.2525634765625,1209.8183958870923,1160.6287884104877,1209.8183958870923,6448
2021-09-01,1177.2548828125,1187.5354625904229,1157.1362615890334,1180.501324804143,8388
2021-09-02,1167.9578857421875,1181.4359090209653,1164.859036826241,1181.4359090209653,5776
2021-09-03,1164.859130859375,1180.5013298046142,1160.8747246575115,1180.5013298046142,4165
2021-09-06,1150.446533203125,1186.2565905157626,1133.3285262364004,1164.8591118303098,6476
2021-09-07,1144.789794921875,1168.6958728542845,1140.65779570845,1150.9876136042838,4636
2021-09-08,1144.937255859375,1154.824294079784,1133.5251718062584,1145.3306766128162,2813
2021-09-09,1134.41064453125,1159.890883895579,1128.9506704407709,1159.8416462539406,6049
2021-09-13,1152.66015625,1158.0710133551713,1126.4420700765781,1145.1341218944428,7731
2021-09-14,1141.05126953125,1163.8260811908362,1131.16423075289,1163.2849474866093,4138
2021-09-15,1152.561767578125,1173.7624168376321,1141.1989199505113,1151.92227864772,8395
2021-09-16,1152.8568115234375,1159.8909494421496,1141.2481361625664,1150.2989759416737,6166
2021-09-17,1125.310546875,1165.7936149920297,1117.194262213663,1165.7936149920297,5671
2021-09-20,1121.227783203125,1144.88803071455,1116.6040084734816,1125.3105443449797,4407
2021-09-21,1118.375,1128.8031731058538,1100.8142134862348,1121.2771388987858,4135
2021-09-22,1131.0657958984375,1154.9227557274605,1111.685138424576,1118.374973135008,7929
2021-09-23,1129.1474609375,1150.0530445096383,1114.7348816564622,1139.2313306605315,10590
2021-09-24,1142.4287109375,1150.8892999775314,1125.458295209903,1137.21456415548,9471
2021-09-27,1131.60693359375,1153.2503611434674,1120.7852198188912,1149.8563262235339,5179
2021-09-28,1108.4385986328125,1133.3285887665838,1097.912070367628,1123.0480085458366,6222
2021-09-29,1133.377685546875,1138.2966458242508,1101.9454573193616,1114.8823468672206,7742
2021-09-30,1203.7679443359375,1217.6393884066545,1140.2150010809348,1140.2150010809348,59461
2021-10-01,1180.747314453125,1226.78883604803,1166.8267513204207,1203.7680752505776,17336
2021-10-04,1185.7154541015625,1214.9832697078862,1171.8931267616833,1214.9832697078862,5899
2021-10-05,1172.0899658203125,1198.2588124179747,1166.9741746974305,1180.550554106379,8729
2021-10-06,1165.006591796875,1200.0296876829211,1156.9395443711483,1170.7126341850903,7333
2021-10-07,1194.8646240234375,1205.145202407254,1165.7935223286497,1187.2402360082078,9601
2021-10-08,1194.225341796875,1209.0805795780464,1190.3885283071083,1208.0967874058917,7620
2021-10-11,1195.897705078125,1206.0308121883072,1173.0245377521187,1206.0308121883072,9801
2021-10-12,1180.747314453125,1201.1118844281789,1171.3521712842712,1201.1118844281789,7500
2021-10-13,1179.074951171875,1196.5865003607598,1175.6809161201238,1179.9111505231363,7163
2021-10-14,1174.4510498046875,1196.881437491862,1171.6963839048797,1194.323602065931,6152
2021-10-18,1169.6304931640625,1189.4046910565658,1162.842303415104,1189.4046910565658,5997
2021-10-19,1161.858642578125,1181.5344874990076,1160.8748503320808,1179.1733620901364,6479
2021-10-20,1134.06640625,1160.8747424636738,1124.9663288196703,1160.8747424636738,6238
2021-10-21,1120.342529296875,1157.8249855524953,1112.6689026213817,1150.7908477819285,7601
2021-10-22,1105.634765625,1153.3486841174172,1096.9282292586638,1121.5230326052706,7524
2021-10-25,1084.2371826171875,1126.4418851263065,1074.5468550473433,1106.766044338074,7618
2021-10-26,1113.80029296875,1130.3771664744027,1083.3027366931133,1094.8130566700959,9975
2021-10-27,1081.679443359375,1130.180443244774,1071.8907597349578,1112.1769992885615,13410
2021-10-28,1084.138916015625,1094.9113916906708,1052.7068058248549,1081.679435716134,6624
2021-10-29,1057.625732421875,1085.7129244839907,1052.657534339903,1073.3171681914337,4859
2021-11-01,1057.625732421875,1074.300960279602,1047.7878115401936,1064.2170913758785,5919
2021-11-02,1099.6336669921875,1111.6851207346651,1067.4144743337272,1073.5139375789083,5952
2021-11-03,1093.7308349609375,1110.7012481861016,1062.4954367059254,1110.7012481861016,17712
2021-11-04,1106.6185302734375,1115.3743040657223,1096.436305959204,1109.7174994365025,2675
2021-11-08,1113.9969482421875,1121.8181674067978,1097.911971601336,1111.685060850815,1996
2021-11-09,1121.0804443359375,1132.344816936852,1106.8154575022413,1128.360410508643,7274
2021-11-10,1103.9622802734375,1130.3770729733842,1098.4038311355819,1101.896340973048,23876
2021-11-11,1139.9691162109375,1150.9875398907718,1105.0937336805184,1105.0937336805184,20902
2021-11-12,1160.3826904296875,1175.6314667770043,1139.9690059647312,1139.9690059647312,120582
2021-11-15,1213.7535400390625,1224.7228463037761,1159.4482625153773,1160.382817001884,152497
2021-11-16,1190.2900390625,1229.74007670483,1182.862360962481,1229.74007670483,9450
2021-11-17,1207.1622314453125,1244.4970962975108,1179.4192201684116,1204.0632620883425,31090
2021-11-18,1205.4896240234375,1238.5942521603015,1166.3347705535189,1207.1129050045192,15781
2021-11-22,1183.3543701171875,1244.398721397137,1166.0396522003255,1244.398721397137,6498
2021-11-23,1200.816650390625,1210.2610308244386,1168.0564445022264,1196.1928754143055,5813
2021-11-24,1189.0604248046875,1228.7564146627385,1182.6165380841808,1195.2582433920113,8168
2021-11-25,1222.214111328125,1251.383571586696,1182.5673611073123,1204.1615500173866,39075
2021-11-26,1205.29296875,1241.5456852233,1186.4533251816956,1218.0330289728952,20117
2021-11-29,1200.6199951171875,1231.8061590468915,1187.978289679127,1191.6675103376167,19989
2021-11-30,1155.1685791015625,1222.8535202971273,1143.363074480834,1214.9831838833081,5909
2021-12-01,1143.7567138671875,1170.7126424254297,1133.3285412387354,1170.7126424254297,4603
2021-12-02,1141.002197265625,1151.627080557726,1116.2598003785715,1137.1653838163315,14150
2021-12-03,1140.952880859375,1155.955710290809,1122.949437504931,1131.8035663497117,7871
2021-12-06,1132.7384033203125,1150.9385596665745,1126.9832427643191,1150.9385596665745,2383
2021-12-07,1122.4576416015625,1143.9043591979682,1111.7835204491691,1141.1989306984676,4843
2021-12-08,1149.3150634765625,1152.0204916165671,1129.4916296323488,1130.1803561230683,2581
2021-12-09,1123.146240234375,1174.4017830402195,1119.5553751621107,1158.9070579446104,6692
2021-12-10,1132.8858642578125,1138.3458384708224,1123.4906014714795,1136.2306613936478,1819
2021-12-13,1129.9344482421875,1150.8400300665453,1122.506769957281,1132.8858244997439,6516
2021-12-14,1126.5404052734375,1135.2961797246867,1110.70137513793,1127.8193831486765,4185
2021-12-15,1126.196044921875,1142.133429449233,1121.7197426773362,1134.7058708957513,4494
2021-12-16,1132.049560546875,1136.2306771163373,1116.505716884903,1124.7695948287912,15623
2021-12-17,1114.5872802734375,1127.5734088479626,1109.668319470621,1124.671149919211,4412
2021-12-20,1075.038818359375,1123.588934524985,1064.36469808197,1114.5872127825432,5584
2021-12-21,1055.2154541015625,1103.8148111603177,1043.803488984935,1103.8148111603177,4762
2021-12-22,1072.3333740234375,1092.0092157486383,1060.0852105862232,1076.6620832213432,4424
2021-12-23,1055.3138427734375,1088.4677119016192,1053.6414440735414,1080.154595773304,8330
2021-12-24,1045.8203125,1065.3976805748168,1043.9018457168127,1059.0522691263002,3812
2021-12-27,1049.460205078125,1062.593805374545,1042.8196085144716,1047.7385689319926,2232
2021-12-28,1069.923095703125,1096.9281395320124,1046.361203969306,1059.396448676749,5028
2021-12-29,1066.529052734375,1078.2362034138926,1054.7235468575805,1076.711277534747,4233
2021-12-30,1063.7745361328125,1074.6453677061884,1058.1177310772753,1060.5279738902982,1223
2021-12-31,1065.889404296875,1089.451294971539,1055.2152850157565,1078.973886055535,11382
2022-01-03,1074.8421630859375,1082.1713665773946,1064.0204494201635,1080.2037822745267,3885
2022-01-04,1071.054443359375,1079.662624492576,1064.1187809014264,1067.9555942248728,1821
2022-01-05,1080.892333984375,1082.269666944968,1069.2344215988505,1077.1539960534042,5995
2022-01-06,1080.7447509765625,1085.368525345576,1057.6256389479008,1070.3656973269763,4499
2022-01-07,1077.990234375,1105.6840070565215,1073.4155769184956,1082.1713509582478,2256
2022-01-10,1082.0238037109375,1092.009318342978,1070.3658904118558,1092.009318342978,7664
2022-01-11,1100.51904296875,1135.0008835889535,1080.6956083824268,1089.107078769327,108210
2022-01-12,1100.1746826171875,1109.7174173359265,1094.0750999349057,1109.7174173359265,22135
2022-01-13,1092.2059326171875,1109.619124702514,1088.0740538670736,1109.619124702514,17113
2022-01-14,1087.87744140625,1096.9282814315586,1082.171398721717,1096.9282814315586,16449
2022-01-17,1089.0087890625,1101.748970824842,1076.3179650414866,1076.3179650414866,15109
2022-01-18,1093.288330078125,1101.748919058551,1085.811413215038,1096.8299580127427,6486
2022-01-19,1090.3861083984375,1100.8635198036743,1083.3028522862974,1092.5012857390352,5330
2022-01-20,1096.386962890625,1102.4373078001895,1082.4171643167579,1082.4171643167579,10660
2022-01-21,1090.68115234375,1097.7152899845596,1084.1881484029298,1092.0584853231508,3354
2022-01-24,1069.3328857421875,1093.9769284347528,1062.4955779761988,1093.9769284347528,8571
2022-01-25,1072.9727783203125,1080.2036255659875,1062.5937245916796,1079.1705959201206,3118
2022-01-27,1064.266357421875,1081.1875337532638,1059.7900552645162,1074.3009889522875,5340
2022-01-28,1079.564208984375,1091.9599651052897,1063.4792325839137,1068.299837767549,19074
2022-01-31,1069.5296630859375,1090.6811943741247,1064.0204510478425,1080.1054287300312,6485
2022-02-01,1097.223388671875,1101.8471635536348,1062.5938343336745,1062.6430719759144,6086
2022-02-02,1101.4537353515625,1112.6689905746584,1088.3693710011362,1105.5364970453336,4559
2022-02-03,1100.2730712890625,1128.4095003750847,1093.6815923878478,1093.6815923878478,9371
2022-02-04,1119.703125,1130.3772464331585,1090.6320172312435,1090.6320172312435,25071
2022-02-07,1080.351318359375,1130.3771226133263,1074.7928689774228,1119.7521198992972,8698
2022-02-08,1067.3160400390625,1101.7487624657604,1064.4630190196322,1100.8140879448097,6940
2022-02-09,1074.9896240234375,1083.1551468273447,1067.414472577356,1075.088099310951,3936
2022-02-10,1070.6611328125,1079.1217219789844,1063.725349548655,1068.4476002932079,7481
2022-02-11,1070.9561767578125,1075.2848865040985,1062.446350115239,1071.8416137659792,11049
2022-02-14,1051.3785400390625,1068.398190933192,1046.0169212796652,1068.398190933192,4761
2022-02-15,1058.806396484375,1064.4632018546747,1044.7873570884146,1061.5118251397357,6444
2022-02-16,1053.247802734375,1080.6463888178846,1047.8369461612945,1062.4954725321836,6671
2022-02-17,1080.7939453125,1087.5821346215794,1047.836910930028,1047.836910930028,8063
2022-02-18,1125.458251953125,1134.2140263581869,1070.4642451688699,1070.4642451688699,23452
2022-02-21,1091.07470703125,1129.295007165935,1087.0903008781843,1125.4581938503554,4988
2022-02-22,1089.254638671875,1110.5046455409447,1047.738657283834,1077.252422277745,5037
2022-02-23,1111.389892578125,1125.753353379356,1082.2205527489168,1082.2205527489168,5742
2022-02-24,1007.35400390625,1106.7661906188796,986.8419011459015,1106.7661906188796,14037
2022-02-25,965.936279296875,982.8083383530299,938.6852853192069,982.1196718525101,48469
2022-02-28,937.4555053710938,962.296255611577,935.5862763841413,959.1972865137096,12581
2022-03-02,920.3375854492188,954.2784156982813,915.9105206341236,937.553948619033,9624
2022-03-03,936.766845703125,952.3107488087984,921.8131938366158,921.8131938366158,5894
2022-03-04,926.5845336914062,944.3420285260911,924.7153647928465,942.2760291591744,9421
2022-03-07,925.404052734375,929.4375762817772,885.4128802895999,914.9266429659199,20750
2022-03-08,918.2222900390625,940.9971001188464,899.1859378030587,940.9971001188464,3979
2022-03-09,956.5902099609375,963.1324513454349,917.2385265556081,928.6997283657718,7142
2022-03-10,976.65966796875,1003.3696491619827,951.5729678597567,971.9866552033493,11380
2022-03-11,968.8876342773438,996.4830509643135,965.4443618967426,993.5808522343402,3697
2022-03-14,947.0475463867188,987.7273281647836,940.4069493099137,973.9542379314101,13018
2022-03-15,939.8657836914062,959.2465005855851,932.8317060170345,957.2297387361751,14196
2022-03-16,945.670166015625,958.5578186420532,931.2084099851907,958.213515421814,12749
2022-03-17,983.939697265625,993.6300254759144,942.2268880193633,954.2291637026098,395444
2022-03-21,1011.0430908203125,1031.0141184413485,986.9894220670637,1001.5003555088671,14662
2022-03-22,981.0375366210938,1029.4401220467473,951.3270019050533,1010.3545304617268,19147
2022-03-23,974.1510009765625,991.6624892740052,966.2806637601021,988.6127576209899,4110
2022-03-24,993.3840942382812,1004.1566299730472,973.9541998473865,983.7921210579661,15217
2022-03-25,985.2186889648438,1004.4518140413708,980.7424465627737,1004.4518140413708,4029
2022-03-28,1008.82958984375,1047.6402613570117,964.1654632502264,1000.4182392025792,14978
2022-03-29,987.333740234375,1028.0627577163316,983.7429350507559,1005.4355391254458,10701
2022-03-30,1015.32275390625,1047.7386577695288,985.7597512535847,1003.3696550598116,19413
2022-03-31,1003.4188232421875,1031.9979734138176,1001.500416525516,1015.3227443777469,3588
2022-04-01,1014.8800048828125,1031.0142209077483,998.5490784555005,1021.5698398490949,6117
2022-04-04,1021.8157348632812,1031.9979595400948,1015.6177963164481,1031.0141673956332,2324
2022-04-05,1033.4737548828125,1055.609080427661,1021.8158407808911,1032.9818587595937,6002
2022-04-06,1045.22998046875,1052.6084220083906,1021.1763090862506,1032.9818155496755,5235
2022-04-07,1035.982421875,1068.3490891074443,1032.981807635141,1052.5592963886854,5616
2022-04-08,1027.6199951171875,1049.7060777701972,1019.2085253701258,1049.7060777701972,3620
2022-04-11,1021.7664794921875,1036.9169022724047,1015.6177786959802,1035.9331101450116,1972
2022-04-12,1034.703369140625,1086.9919446872254,1006.1733974695262,1028.0627722861452,20946
2022-04-13,1025.996826171875,1056.4943818979839,1015.6177712670714,1056.2975514188574,6353
2022-04-18,1011.9285888671875,1040.8521023069343,1007.4031689624771,1040.8521023069343,3726
2022-04-19,1018.6183471679688,1031.9978954838111,1012.1744609849934,1022.8978187123859,3927
2022-04-20,1021.8648071289062,1037.8023112179603,1018.2740620342063,1023.0454297050264,2587
2022-04-21,1025.1605224609375,1042.8195411829288,1013.6009662261267,1013.6009662261267,2084
2022-04-22,1026.685546875,1036.6710620246104,1019.3071051524049,1025.160740974092,3364
2022-04-25,1001.451171875,1032.9816964085762,993.2364718807798,1032.9816964085762,5349
2022-04-26,1019.1103515625,1025.4066455840327,1008.3869926949893,1022.1600833269208,4136
2022-04-27,1004.4517822265625,1031.0141701992532,997.0241635248619,1031.0141701992532,3955
2022-04-28,1011.8389282226562,1017.292455863311,999.0477608739092,999.0477608739092,1339
2022-04-29,1005.5424194335938,1023.3410196815926,1001.9728225025872,1013.3757789189946,4283
2022-05-02,994.5361328125,1016.3504846787762,979.7618430222971,1016.2513527419726,2654
2022-05-04,979.1173706054688,1007.3768720660909,973.7133485730124,1007.3768720660909,2931
2022-05-05,966.921142578125,993.7924328425527,956.8567699606518,985.4632927094641,3078
2022-05-06,966.8715209960938,991.5118587114216,942.9749148693812,966.6732571272431,8715
2022-05-09,1045.4031982421875,1084.7681361185232,1031.422086127325,1041.139435945566,128657
2022-05-10,1017.3916625976562,1080.8019681866494,1000.2871672599161,1036.2808353808261,23426
2022-05-11,979.5635375976562,1032.6615782866322,956.8567571828906,1032.6615782866322,22840
2022-05-12,982.3399658203125,997.1141954922708,957.5509289343659,980.7038651777962,11397
2022-05-13,961.7650756835938,1003.4602240760107,954.2291720760951,972.7218180025361,5815
2022-05-16,968.7554931640625,986.454840044023,957.5508613860427,973.5645417726486,12403
2022-05-17,992.404296875,1012.3842851833823,974.0108432687854,974.0108432687854,9310
2022-05-18,1021.7049560546875,1033.2070448216257,997.5108321406482,1004.4517623841715,11603
2022-05-19,1007.7734985351562,1021.1100732313075,996.469733834508,1010.2028362954196,3113
2022-05-20,1018.631103515625,1036.032933954864,1008.4179723899852,1011.4422226417057,3762
2022-05-23,997.8578491210938,1040.1479695158393,992.5530195284606,1040.1479695158393,5222
2022-05-24,1006.8810424804688,1026.2164293899175,998.0561217532968,1005.344134404192,2786
2022-05-25,993.842041015625,1041.1395348454846,992.6521551574941,1029.1911708152184,11455
2022-05-26,991.3630981445312,1011.6405413393536,983.6784971199,1000.386343401646,7511
2022-05-27,998.849365234375,1004.2533870395538,993.5941018491969,998.5023429478475,3318
2022-05-30,1012.9791259765625,1024.233323924545,1000.0392615047135,1005.5424153007749,5021
2022-05-31,1014.615234375,1036.1816955014658,992.8504488582923,1003.5097342426375,4293
2022-06-01,1041.7344970703125,1047.0393269350254,1009.7070724360034,1030.529924643575,20954
2022-06-02,1100.980224609375,1109.5572553039049,1033.5045410016626,1033.5045410016626,16718
2022-06-03,1089.626953125,1115.5066839854173,1080.7524051038274,1110.5488765010377,6091
2022-06-06,1078.223876953125,1098.699643812616,1070.8862984777359,1092.9981658346096,3932
2022-06-07,1064.5404052734375,1093.4940737813818,1057.3020789266182,1075.9433625564452,3328
2022-06-08,1059.8304443359375,1076.8853741046219,1056.012956915694,1060.921137735976,1282
2022-06-09,1065.2344970703125,1089.7260160765106,1039.2555148727495,1065.8789151703065,3608
2022-06-10,1067.0689697265625,1075.8442651002101,1048.8738397736965,1057.3021128182604,1596
2022-06-13,1028.5963134765625,1061.6153603453415,1026.2661681241323,1057.9465101153528,4202
2022-06-14,1026.6627197265625,1051.055106480231,1022.2006933311276,1040.0487989128674,2024
2022-06-15,1048.427490234375,1070.5888647569202,1021.6058252449743,1021.6058252449743,2601
2022-06-16,1027.2080078125,1065.8789033122007,1023.6880373847318,1065.8789033122007,124210
2022-06-17,1009.756591796875,1031.769328903069,996.5688364409218,1031.769328903069,6606
2022-06-20,1010.2027587890625,1022.3494466584424,998.2048898602711,1020.1184334718411,4917
2022-06-21,1014.4664916992188,1027.257658567025,1005.7903290424026,1019.3251669950789,11064
2022-06-22,1038.3135986328125,1064.9369994100198,1001.477066484283,1024.1838479423163,19617
2022-06-23,1024.4317626953125,1037.1733034483696,1016.4001389512226,1037.1236769585032,3458
2022-06-24,1018.2344360351562,1042.131041805723,1012.6816558276486,1038.6109503844907,2064
2022-06-27,1012.7808837890625,1033.9506964246211,1006.4348663351623,1017.4411741629027,1730
2022-06-28,1038.3135986328125,1041.1395245628685,1017.3420497157172,1020.1679756457731,27345
2022-06-29,1035.6859130859375,1043.9654268140055,1027.0593770655962,1027.0593770655962,3382
2022-06-30,1020.2175903320312,1046.0973197208743,1010.4011078631004,1044.6596040482443,6595
2022-07-01,1046.394775390625,1050.06350408987,1007.8725793676169,1008.9632726803486,18573
2022-07-04,1096.9644775390625,1125.3231107231527,1041.139519641259,1049.0720112194783,18409
2022-07-05,1122.298828125,1149.219746303837,1105.5910415261244,1105.5910415261244,9667
2022-07-06,1136.5277099609375,1143.8652890564267,1120.9602432779852,1129.6860326413052,6943
2022-07-07,1135.1396484375,1149.2197732571767,1121.7039417577057,1140.5932366626203,6763
2022-07-08,1134.4454345703125,1140.295671353124,1120.4644422861131,1122.4475651928142,4040
2022-07-11,1152.29345703125,1165.6300302342133,1120.9601415893806,1134.3462202372855,7313
2022-07-12,1132.01611328125,1166.5223778881023,1122.6954117751845,1163.7955839977233,3120
2022-07-13,1086.5531005859375,1143.7165221490836,1082.0910739982717,1116.7957252356732,26099
2022-07-14,1077.5794677734375,1094.3863869016407,1071.1343179776911,1084.123749511843,5076
2022-07-15,1079.3642578125,1085.7101542191658,1070.8863590539038,1085.7101542191658,2982
2022-07-18,1090.1722412109375,1122.4476164061975,1085.7598409582918,1086.7514024568839,9293
2022-07-19,1086.70166015625,1097.2123077533854,1078.9179274298579,1086.0572420830183,4371
2022-07-20,1095.6754150390625,1145.2038616285874,1075.6954273803067,1095.6754150390625,16755
2022-07-21,1134.9908447265625,1140.2956743076898,1099.4928961885496,1107.6732781998874,9560
2022-07-22,1131.56982421875,1159.4327964636757,1120.8114072086987,1139.3040515750301,8134
2022-07-25,1136.2799072265625,1166.0267536590243,1125.422356694805,1130.6776813139645,6058
2022-07-26,1119.2249755859375,1140.295656189438,1115.50662018532,1140.295656189438,2996
2022-07-27,1117.390625,1125.422248556989,1099.0467381292472,1115.556260520968,5039
2022-07-28,1152.9876708984375,1163.0519225081282,1113.2755874974725,1119.472846390244,5998
2022-07-29,1143.4190673828125,1175.000274172573,1136.3293790732225,1164.5392528514078,7850
2022-08-01,1159.0362548828125,1194.7324686772274,1137.5192978326018,1160.1269483184865,16264
2022-08-02,1157.548828125,1176.685890943392,1145.2534422854942,1174.008723520368,4041
2022-08-03,1156.5076904296875,1169.050967169276,1127.4550121309514,1169.050967169276,5195
2022-08-04,1167.4644775390625,1182.9328119788568,1148.2281611664007,1157.9950172584345,6063
2022-08-05,1139.8990478515625,1198.698691755763,1127.3062655307356,1179.9581556636494,75699
2022-08-08,1167.960205078125,1179.958073890312,1139.304056218461,1139.304056218461,7312
2022-08-10,1176.140625,1181.941235209723,1153.1859534806272,1171.034059381445,3333
2022-08-11,1157.4991455078125,1185.8082711461402,1155.1690004874029,1178.4210662871396,4848
2022-08-12,1175.000244140625,1188.8324770796148,1167.0677530409416,1174.0086827531645,6770
2022-08-16,1219.2735595703125,1264.2408470596456,1204.9950505013603,1234.4940035994186,68935
2022-08-17,1233.8494873046875,1240.8895495126364,1201.7724980539479,1236.4771494003903,11084
2022-08-18,1386.7978515625,1401.4730097751012,1229.5362261943903,1239.4518409217644,222052
2022-08-19,1381.34423828125,1428.8400561675915,1360.7693380970186,1400.778818584577,81963
2022-08-22,1415.900146484375,1467.0648149450124,1355.4645235680043,1383.2778710960758,125686
2022-08-23,1462.602783203125,1511.3875587262417,1405.9845268805338,1418.279913219596,99526
2022-08-24,1465.9739990234375,1521.9972217772224,1452.6375457397298,1478.7156606766055,39912
2022-08-25,1422.2957763671875,1482.1364860149754,1412.9750744748887,1477.4265691000592,26489
2022-08-26,1407.3726806640625,1452.6374838043005,1389.2766847054081,1431.8146939340681,23608
2022-08-29,1369.8917236328125,1412.9750187715515,1343.9623683785412,1358.439140854053,33779
2022-08-30,1427.6502685546875,1443.7135161284907,1374.304212468467,1374.304212468467,23853
2022-09-01,1471.1796875,1526.013084568887,1409.2070963462927,1437.7641147660079,63758
2022-09-02,1443.1185302734375,1502.1164353929173,1429.7324509606142,1480.4012158551836,28570
2022-09-05,1416.8917236328125,1464.238784142512,1408.0172968329462,1437.7641411322338,18133
2022-09-06,1395.374755859375,1447.679618798854,1387.1943744517787,1417.932777316686,12910
2022-09-07,1440.3917236328125,1452.6374829843996,1384.814657523024,1412.9750261111053,19972
2022-09-08,1455.116455078125,1463.54472756069,1427.9476466321662,1440.3917914783935,13877
2022-09-09,1448.0267333984375,1484.3674846008844,1432.8062894110074,1484.2187261759475,15956
2022-09-12,1453.0341796875,1497.2577963518354,1439.301077750197,1464.5362683520932,19794
2022-09-13,1449.91064453125,1486.3008991784573,1427.9475355043558,1444.2091665308708,14738
2022-09-14,1457.5953369140625,1467.1143026613763,1424.9729408798473,1432.8063005719866,5760
2022-09-15,1473.063720703125,1530.7726718637612,1452.63757828141,1468.5025620715141,34504
2022-09-16,1448.175537109375,1527.004674528201,1412.9751046770689,1475.3443457862973,47790
2022-09-19,1453.4803466796875,1494.9276642591317,1425.0720865498693,1453.331588252158,28006
2022-09-20,1584.0194091796875,1606.03202485361,1461.2145483630643,1467.3126754609073,149512
2022-09-21,1603.8009033203125,1621.153227444945,1558.7344870812783,1603.3051226310372,57939
2022-09-22,1590.3653564453125,1626.1606988397803,1561.6595812410574,1601.371663796491,30523
2022-09-23,1590.06787109375,1616.1459848917489,1556.8010580310633,1596.413888398532,27544
2022-09-26,1553.281005859375,1580.152296850048,1517.089013064056,1561.7092781541753,46685
2022-09-27,1549.7608642578125,1568.1047504246553,1512.1311569965087,1560.7176663032817,10512
2022-09-28,1527.3021240234375,1556.6523182390638,1469.8410663435109,1555.759888741112,18193
2022-09-29,1547.9266357421875,1586.0026216068131,1528.2937906371462,1531.962519776509,23602
2022-09-30,1551.0003662109375,1587.4898758584995,1531.1691372807875,1546.8358565516921,11256
2022-10-03,1529.83056640625,1576.5827132104394,1518.0805873743286,1548.818992474658,10880
2022-10-04,1564.5848388671875,1584.515199838591,1546.835864673468,1546.835864673468,9883
2022-10-06,1622.839111328125,1670.08703979259,1571.5258050265552,1571.5258050265552,49973
2022-10-07,1555.6607666015625,1638.5056522456334,1539.7957835699503,1634.9856817596233,20260
2022-10-10,1540.7376708984375,1554.7682890413878,1527.0045695942201,1554.7682890413878,9391
2022-10-11,1458.438232421875,1554.7684579635682,1445.746317634062,1554.7684579635682,20529
2022-10-12,1449.662841796875,1479.4096853357985,1396.6143041524613,1464.5362635663369,31086
2022-10-13,1453.6290283203125,1464.4370719067254,1437.863177679601,1457.4961420307075,4645
2022-10-14,1446.4898681640625,1467.411790210943,1432.8062719603965,1467.411790210943,3981
2022-10-17,1438.8052978515625,1466.0732378670518,1419.9160037156553,1432.0626315407367,4132
2022-10-18,1426.65869140625,1457.4962289142154,1419.172353891903,1443.7135002736145,4733
2022-10-19,1500.97607421875,1513.0235694766734,1420.411710202054,1420.411710202054,25482
2022-10-20,1480.9962158203125,1500.2325329157095,1472.0226569686438,1485.9540232655065,10841
2022-10-21,1451.596435546875,1512.1313146238062,1437.7642007898485,1480.897126813544,5656
2022-10-24,1478.4677734375,1486.3506386822023,1439.400227438877,1465.5278478801167,1862
2022-10-25,1466.916015625,1499.1417623608734,1460.569998213585,1470.535239081841,3780
2022-10-27,1460.81787109375,1481.591034555767,1416.8421460514903,1481.591034555767,9472
2022-10-28,1459.1817626953125,1475.4433942050775,1442.721867317465,1475.4433942050775,2938
2022-10-31,1488.38330078125,1517.0889551438684,1444.7545988032564,1444.7545988032564,9291
2022-11-01,1468.5521240234375,1495.27465650443,1440.0942379764456,1471.4771818651022,4291
2022-11-02,1465.9739990234375,1477.0299335625377,1444.4571636562127,1468.5521556637507,3040
2022-11-03,1484.6153564453125,1501.224010457975,1439.9950919336818,1476.4349746181801,3834
2022-11-04,1527.649169921875,1561.7092814716418,1472.5183775903479,1484.367488484475,92457
2022-11-07,1552.5869140625,1586.4982660839598,1527.0045811058114,1542.8199372797512,17351
2022-11-09,1553.0826416015625,1571.6247910355519,1532.4581164324577,1561.7091772119836,4305
2022-11-10,1545.1998291015625,1571.922483974031,1512.1312775032247,1537.5648540181267,9975
2022-11-11,1541.3326416015625,1604.2472879859415,1535.3337674762906,1565.030984373356,6017
2022-11-14,1507.4212646484375,1564.4360468995708,1468.998259218326,1564.4360468995708,13611
2022-11-15,1687.240966796875,1714.3106432421314,1616.2948165093921,1638.05954227793,201078
2022-11-16,1668.748291015625,1710.4434983331068,1655.9076186761092,1703.2546778328663,43205
2022-11-17,1647.9752197265625,1723.7305428438185,1639.299056566149,1667.8064498075078,33231
2022-11-18,1635.134521484375,1680.894987359273,1627.3506669652963,1657.543786922699,13251
2022-11-21,1634.9361572265625,1684.5142322920508,1631.06904316341,1636.0764771611132,34523
2022-11-22,1648.470947265625,1704.4941704358553,1632.159809466663,1645.9920435855263,31444
2022-11-23,1634.142822265625,1683.1258588506269,1629.1353887532512,1632.6058536714718,18594
2022-11-24,1695.1239013671875,1732.257828730119,1645.9919837962207,1645.9919837962207,32753
2022-11-25,1722.2430419921875,1763.9877532604032,1710.4434369725664,1746.1396478311242,48767
2022-11-28,1704.0975341796875,1741.181957714917,1696.561691144774,1734.2410273595613,29420
2022-11-29,1690.7611083984375,1716.3929488511687,1685.6545424881497,1716.3929488511687,7057
2022-11-30,1725.0689697265625,1744.156526942965,1691.15761778935,1696.5615790786885,16257
2022-12-01,1728.4898681640625,1760.0215706343301,1720.3591127045424,1727.3000428422554,25209
2022-12-02,1723.4825439453125,1745.1481372364838,1713.4677975930779,1724.3253469626393,10256
2022-12-05,1724.9202880859375,1738.207235830851,1692.645035252969,1732.2578670829987,7319
2022-12-06,1720.160888671875,1754.022616081535,1711.9805065343894,1735.1334426791082,6138
2022-12-07,1716.3929443359375,1753.0807195759314,1706.3285709742192,1735.232612702421,37455
2022-12-08,1678.911865234375,1728.9362149927304,1675.689290394212,1724.4741882909661,9351
2022-12-09,1645.0994873046875,1696.5615479466458,1638.009799117792,1678.9117066881013,11619
2022-12-12,1662.0552978515625,1690.6123167798255,1633.3992680239508,1645.9920503545516,8784
2022-12-13,1650.0078125,1670.186062982687,1637.6132948767022,1654.9159930627416,4834
2022-12-14,1680.994140625,1685.65443092972,1648.5700092412237,1669.7894480503817,4879
2022-12-15,1654.4698486328125,1684.613218838843,1646.0415765991054,1680.994116503597,3445
2022-12-16,1605.932861328125,1662.6502475189784,1588.7292947952114,1642.0257214422659,8316
2022-12-19,1690.06689453125,1700.527916427401,1606.42870897215,1606.42870897215,15519
2022-12-20,1700.7261962890625,1710.4435471760635,1674.7969605075255,1703.5026168396969,7686
2022-12-21,1663.046875,1699.4372541405705,1645.9920658661497,1690.66195920228,6644
2022-12-22,1591.8031005859375,1679.705044632636,1587.9856133289059,1679.705044632636,7814
2022-12-23,1542.0762939453125,1612.8738045503487,1519.320007448079,1591.4561017811498,23473
2022-12-26,1581.292724609375,1586.4984225583949,1533.499508045893,1536.920346853445,5297
2022-12-27,1584.6639404296875,1606.329533697753,1556.8010881581583,1602.3632879355364,10570
2022-12-28,1576.4835205078125,1607.519320224199,1567.9561165328382,1590.2166219200933,3862
2022-12-29,1569.8896484375,1585.2092242553376,1561.659640076976,1576.483556215484,3835
2022-12-30,1599.4876708984375,1611.2872757721339,1573.2112937858458,1594.4307319640561,6271
2023-01-02,1602.660888671875,1611.287425240149,1575.244189197437,1593.9847256128896,9519
2023-01-03,1594.2325439453125,1645.9920030964768,1586.498316237568,1610.2957909811314,17142
2023-01-04,1600.7271728515625,1610.097501004054,1576.6323026884709,1586.5974224516494,3709
2023-01-05,1587.1923828125,1621.20298935387,1577.871801907716,1598.3970757421641,4869
2023-01-06,1576.6817626953125,1603.3547886439371,1572.6163851510726,1603.0572718069543,4330
2023-01-09,1577.6734619140625,1599.983595430339,1567.6587150770226,1592.4477523173296,3746
2023-01-10,1583.4739990234375,1600.3801700537845,1551.8927912511751,1600.3801700537845,5304
2023-01-11,1586.4984130859375,1590.4646591186522,1558.7346908569336,1582.5321670532226,6611
2023-01-12,1610.3453369140625,1633.9940520494376,1566.667008914015,1598.3969736515141,17881
2023-01-13,1599.5867919921875,1625.1691243671935,1587.3410329873345,1625.1691243671935,2965
2023-01-16,1596.9593505859375,1601.9666633121274,1586.4983288142319,1597.2072409498146,1306
2023-01-17,1598.4466552734375,1611.2873274049794,1583.6227392371834,1611.2377009172812,5338
2023-01-18,1611.485595703125,1621.2029461819527,1588.4814188278215,1589.0268260331427,3308
2023-01-19,1593.5384521484375,1623.1861650149715,1589.5227007235105,1611.2874270918317,6015
2023-01-20,1575.54150390625,1603.801004986326,1567.9065292235086,1567.9065292235086,2945
2023-01-23,1567.6090087890625,1591.4561098164163,1561.7092666422775,1586.4983026207265,4690
2023-01-24,1596.3642578125,1602.3632528124433,1564.7335453843252,1564.7335453843252,3107
2023-01-25,1642.9677734375,1654.7178740048323,1576.5827796537046,1576.5827796537046,17538
2023-01-27,1601.123779296875,1644.70285464614,1562.7999067718647,1631.1185118088617,7252
2023-01-30,1576.3348388671875,1606.4287051196686,1556.7514999348857,1601.1238754903545,13804
2023-01-31,1613.7662353515625,1633.1016833327333,1571.6248743669596,1571.6248743669596,4479
2023-02-01,1601.07421875,1636.026759728265,1586.498313907065,1634.093263324277,11763
2023-02-02,1610.9898681640625,1622.3928250426688,1589.4730327309535,1601.3717703434124,6081
2023-02-03,1606.7757568359375,1615.2536559323332,1566.766275201827,1593.637567185168,9901
2023-02-06,1598.149169921875,1613.2704820616664,1586.4983228633473,1611.2377326694111,4340
2023-02-07,1601.81787109375,1611.2377047223633,1596.5130416267316,1611.2377047223633,2612
2023-02-08,1619.3189697265625,1641.0341895546949,1597.7525083230491,1603.3548546887864,3743
2023-02-09,1668.99609375,1680.6965666418203,1628.391702989693,1635.9771718790385,9908
2023-02-10,1658.188232421875,1694.5784885881087,1648.0247277360775,1694.5288621003851,3396
2023-02-13,1636.076416015625,1674.8464450598306,1626.2599333114877,1674.8464450598306,3099
2023-02-14,1642.76953125,1656.4035020088274,1596.4140306699865,1653.8254662915665,5824
2023-02-15,1615.0552978515625,1651.8917079671623,1607.3210703185835,1646.9835273282956,3367
2023-02-16,1782.57958984375,1839.346482636716,1631.1185789419935,1631.1185789419935,136732
2023-02-17,1776.6302490234375,1808.608106163667,1750.205111860755,1808.608106163667,30281
2023-02-20,1775.73779296875,1801.6671490131687,1745.1481465399984,1801.6671490131687,15706
2023-02-21,1779.307373046875,1800.873834311786,1771.9699152417895,1792.643947004937,7091
2023-02-22,1680.4984130859375,1791.7515606315908,1666.6165526272534,1779.3074158757547,14485
2023-02-23,1708.01416015625,1714.4096828531804,1655.8084275605731,1681.6881562284523,5851
2023-02-24,1735.4307861328125,1775.8865413536037,1715.4012934348043,1720.3591006412632,15016
2023-02-27,1786.050048828125,1842.3211607065407,1735.182898396837,1756.0056886954576,44360
2023-02-28,1604.0489501953125,1804.641885066915,1586.4983604983868,1794.7262703138001,147795
2023-03-01,1599.3885498046875,1628.0942041268831,1596.413865583104,1597.4054269902986,22846
2023-03-02,1596.860107421875,1616.9888535084954,1583.3748957521227,1604.4455768111786,15510
2023-03-03,1605.5859375,1635.0848917322835,1597.4055552339046,1608.3127315886986,10912
2023-03-06,1605.8834228515625,1630.3253161893947,1600.5784721691025,1625.169244975298,6800
2023-03-08,1590.1175537109375,1615.1048539952985,1586.4983301871548,1614.7578316936133,5555
2023-03-09,1615.1048583984375,1635.0848460067452,1594.2325623091403,1605.3380022346396,9332
2023-03-10,1587.5394287109375,1615.0552575752342,1559.0815438920254,1598.0003288622468,9394
2023-03-13,1576.18603515625,1625.1691943244061,1571.624876756671,1596.4635391555673,6316
2023-03-14,1563.741943359375,1594.728236892857,1530.2767463432144,1586.4486024285434,8249
2023-03-15,1557.7926025390625,1590.3157441826124,1537.0193183628678,1584.5151341386454,4637
2023-03-16,1580.201904296875,1596.4139095428857,1514.3125743503088,1561.7092593354316,8955
2023-03-17,1588.7789306640625,1611.2873267508971,1577.3759741978254,1586.5479174424074,4167
2023-03-20,1575.392822265625,1602.3632442981227,1565.9729888368922,1596.4138758168178,7124
2023-03-21,1593.7862548828125,1610.4940409231167,1571.6248809276174,1571.9223977754245,7188
2023-03-22,1611.7830810546875,1619.2197916716732,1587.737716726434,1600.3801247753095,3149
2023-03-23,1599.5867919921875,1620.1121854670764,1590.4644755857098,1620.1121854670764,2535
2023-03-24,1606.6766357421875,1619.2199127958334,1590.2663657106123,1612.2293558768602,4622
2023-03-27,1567.01416015625,1617.2367733085478,1556.8011495399905,1617.2367733085478,2599
2023-03-28,1598.5953369140625,1620.2114251516339,1552.8843778298842,1558.0405700444603,10346
2023-03-29,1600.0826416015625,1616.0468775607615,1584.5151754652054,1595.719868113304,4052
2023-03-31,1623.681884765625,1635.0848415135972,1611.5352569253935,1616.2451738430343,4946
2023-04-03,1616.195556640625,1636.0267858814816,1606.379194998575,1636.0267858814816,1886
2023-04-05,1644.8516845703125,1654.9160574802277,1612.4276736217473,1620.2114067841173,6215
2023-04-06,1633.5975341796875,1676.2843042021093,1627.2020110659064,1665.6250183189945,6729
2023-04-10,1684.216796875,1695.5701273820257,1631.366521681449,1655.8580417719904,8564
2023-04-11,1706.7747802734375,1718.3263743877221,1666.170266082144,1704.494140511698,6081
2023-04-12,1681.3907470703125,1710.4435467441413,1675.7388950710717,1710.4435467441413,3706
2023-04-13,1684.8612060546875,1689.3232326819937,1675.590130492662,1685.6545036489629,3713
2023-04-17,1685.4066162109375,1687.3897391598548,1665.823277090381,1685.6545065795522,5633
2023-04-18,1684.216796875,1711.385484540057,1675.78852431199,1677.7220207780044,24161
2023-04-19,1661.261962890625,1709.4021953417298,1649.164841411345,1684.2166330820148,7911
2023-04-20,1671.722900390625,1692.0499091693773,1660.9149779209201,1670.7809654730597,5951
2023-04-21,1686.8443603515625,1691.6039039252366,1665.823305154981,1665.823305154981,3074
2023-04-24,1709.6502685546875,1727.3001114505807,1683.671405994883,1695.5701438464368,11390
2023-04-25,1707.022705078125,1730.2747732422847,1692.1492829585638,1722.3422814451853,6653
2023-04-26,1698.0556640625,1719.6761087856098,1674.193341491089,1719.6761087856098,5865
2023-04-27,1688.5904541015625,1718.679755372484,1681.8153200398567,1703.7347140214188,3880
2023-04-28,1681.9149169921875,1702.4394159725498,1675.0401736964927,1688.590441720552,5085
2023-05-02,1641.065185546875,1697.4577851544627,1629.0594083726016,1676.036558749122,14528
2023-05-03,1698.7530517578125,1721.967731554225,1629.0095247061722,1633.9912052098607,19893
2023-05-04,1788.9713134765625,1797.3903047804408,1693.7713515115017,1717.1852496059255,26837
2023-05-05,1789.768310546875,1797.0913564821267,1766.0057191302976,1788.971314648888,8979
2023-05-08,1838.0408935546875,1845.5631581670596,1770.489257045213,1770.489257045213,21026
2023-05-09,1888.5550537109375,1896.2766583884684,1825.2877121595554,1838.2400812960589,39149
2023-05-10,1911.0224609375,1941.8590138681748,1881.1821224606638,1912.9652676382225,26448
2023-05-11,1892.3411865234375,1939.8663694208894,1866.13749867762,1911.0224882320363,8278
2023-05-12,1916.103759765625,1931.8956623352965,1869.4254386645487,1878.0935139257524,9430
2023-05-15,1883.7725830078125,1972.7454438466864,1824.2913675168095,1972.7454438466864,43875
2023-05-16,2260.4873046875,2260.4873046875,2122.145945267708,2122.145945267708,248680
2023-05-17,2379.15087890625,2429.416229811837,2264.024437002264,2281.559806436813,239527
2023-05-18,2317.577392578125,2360.3201119975784,2296.5047390877216,2336.3581812489306,33705
2023-05-19,2267.411865234375,2338.301081002577,2221.929219855485,2317.577484850541,19652
2023-05-22,2264.2236328125,2340.393478339107,2253.961322423433,2261.6829271305974,14798
2023-05-23,2268.3583984375,2336.4082041632055,2237.6711972559824,2274.6353646501484,11860
2023-05-24,2380.396240234375,2413.125977650834,2256.70121361649,2290.0286067312727,21961
2023-05-25,2438.93115234375,2495.4732285793784,2361.31666393726,2400.173773596987,49726
2023-05-26,2394.145751953125,2458.857732163896,2377.4571224934652,2445.0087578510424,15067
2023-05-29,2366.29833984375,2423.3884494921535,2351.154079117976,2423.3884494921535,8504
2023-05-30,2346.072509765625,2390.1105156804388,2302.8316213609214,2380.6951884104274,7759
2023-05-31,2335.660888671875,2424.284935595804,2326.4447798011424,2346.072552206344,11994
2023-06-01,2304.6748046875,2387.1714842877814,2182.9724446106893,2345.3752325940495,49251
2023-06-02,2355.28857421875,2371.229951136996,2311.4497876935734,2318.474005547397,10715
2023-06-05,2332.87109375,2402.3655361606197,2311.4997332277853,2371.2300332884784,12791
2023-06-06,2234.68212890625,2363.30921599605,2185.214139116078,2362.2630144476716,56899
2023-06-07,2300.98828125,2358.3274705542267,2251.619780481656,2251.619780481656,23948
2023-06-08,2282.65576171875,2329.4336907341867,2263.8248643789234,2311.49964178927,9823
2023-06-09,2284.2001953125,2341.3897890312433,2254.210381992846,2302.4329509876397,16500
2023-06-12,2290.42724609375,2301.9845984282806,2274.884306277871,2295.9567166232587,15713
2023-06-13,2282.008056640625,2359.3238336219515,2266.0170571793933,2300.5400049970804,19214
2023-06-14,2277.92333984375,2307.116037065778,2251.6697855523526,2283.502676217157,6916
2023-06-15,2274.884521484375,2314.4888835686866,2265.4691934871425,2277.9233954004476,5387
2023-06-16,2300.3408203125,2349.3605074419643,2268.6572839038813,2285.9934346247264,12735
2023-06-19,2309.357666015625,2346.3714538598097,2297.550986242344,2306.5180109067765,6643
2023-06-20,2331.526123046875,2439.0306871638645,2302.6819993677186,2302.6819993677186,18349
2023-06-21,2322.31005859375,2353.295964857199,2303.927463247819,2346.371477722909,7491
2023-06-22,2289.132080078125,2340.1943057579715,2274.635341016379,2340.1943057579715,5799
2023-06-23,2283.7021484375,2301.4367370133555,2262.72922418229,2283.6024175257194,4250
2023-06-26,2260.786376953125,2301.5364267781506,2256.701301581174,2301.5364267781506,3006
2023-06-27,2245.392822265625,2274.6852504377734,2232.291099453469,2261.6830152909506,8225
2023-06-28,2276.927001953125,2299.543783409356,2261.683010545597,2272.6427079535274,8820
2023-06-30,2390.75830078125,2401.169964217535,2245.7914004519344,2276.627953625339,48644
2023-07-03,2503.29443359375,2533.8819029987867,2381.342993112346,2426.626419888729,72859
2023-07-04,2364.5546875,2535.6255499826625,2341.43973825604,2535.6255499826625,41005
2023-07-05,2393.050048828125,2410.1371162854807,2341.3899228073087,2383.236040576631,26874
2023-07-06,2440.674560546875,2459.9038953783743,2381.293076625956,2405.1552768920465,18736
2023-07-07,2502.248291015625,2505.58611430419,2440.9237543987438,2441.0234853088377,23918
2023-07-10,2511.51416015625,2571.244459181873,2465.0351795726006,2502.796219503124,44836
2023-07-11,2505.685546875,2559.587426888379,2481.1758248968413,2520.78018465504,42148
2023-07-12,2483.76611328125,2528.7009677288565,2473.155231341589,2515.7485987058167,13119
2023-07-13,2503.643310546875,2521.4277642993366,2479.880596842363,2481.8732690776724,11246
2023-07-14,2638.547119140625,2660.217429663162,2507.927357037367,2519.6841718551404,48103
2023-07-17,2661.412841796875,2688.1146969240676,2641.2869019813575,2641.33676743371,14471
2023-07-18,2563.17431640625,2668.038689632207,2554.6057287539493,2661.2136901333065,17482
2023-07-19,2699.77197265625,2722.9866532191254,2563.5728718378373,2563.5728718378373,35185
2023-07-20,2699.17431640625,2725.4276275747716,2663.2563501464397,2700.2701402053603,17621
2023-07-21,2735.54052734375,2782.119240595723,2690.107503322521,2719.8978557830887,23340
2023-07-24,2650.802001953125,2778.2332890780394,2620.4636170160197,2739.9242155139846,17698
2023-07-25,2601.981689453125,2712.3757821762038,2586.040311247514,2668.188177164076,12988
2023-07-26,2669.383544921875,2714.019449420599,2623.851035260333,2625.245808457186,20018
2023-07-27,3203.220458984375,3203.220458984375,2998.9715650211415,3088.6418111513417,82085
2023-07-28,3376.234130859375,3507.102971128775,3301.110488378527,3387.542642567567,369138
2023-07-31,3650.774658203125,3686.2443203626444,3301.75807666531,3337.7757723244345,171565
2023-08-01,3615.90283203125,3724.304245559243,3574.4553972899753,3686.4434747376135,59027
2023-08-02,3506.056884765625,3680.465568432189,3462.2679616410005,3587.806310753739,19279
2023-08-03,3452.005615234375,3535.9967965835112,3353.2189888412877,3535.9967965835112,17818
2023-08-04,3433.473876953125,3531.662603451085,3422.414449120404,3472.231253328852,9249
2023-08-07,3361.48876953125,3473.3275007902366,3321.0872905697584,3427.396307625066,18627
2023-08-08,3387.642578125,3535.0005946803326,3362.6344439250624,3362.6344439250624,17839
2023-08-09,3327.015380859375,3477.0636974757613,3321.087229608588,3417.4328835360207,23760
2023-08-10,3291.296630859375,3396.509822089369,3268.829446022974,3363.580864780698,23512
2023-08-11,3332.594970703125,3476.615162356924,3288.905534510915,3288.905534510915,32341
2023-08-14,3341.213134765625,3409.063720949577,3307.138488556049,3354.5639413007416,13874
2023-08-16,3284.471923828125,3429.737780489085,3240.284319085776,3362.5845792602645,17717
2023-08-17,3376.6328125,3379.5719552623414,3322.332496591451,3336.6297732729163,10413
2023-08-18,3386.14794921875,3431.3815106260004,3349.9310348729005,3406.473108255022,17086
2023-08-21,3406.27392578125,3467.249646782336,3357.6526751886418,3386.14798510145,11667
2023-08-22,3506.754150390625,3535.0003752648186,3418.379189658227,3418.379189658227,20858
2023-08-23,3560.108154296875,3616.7000942276786,3519.3082390732006,3580.8319941196355,14349
2023-08-24,3553.1337890625,3703.38132319401,3532.5595456765373,3585.813662140232,30064
2023-08-25,3441.544189453125,3582.7748349719163,3412.451223293541,3563.396146017328,26474
2023-08-28,3477.860595703125,3527.0298807458707,3422.563940793126,3437.3596295404673,18860
2023-08-29,3483.938232421875,3527.0297684345287,3463.762426543118,3487.1264592695416,14389
2023-08-30,3379.372802734375,3486.1799830603063,3372.597668665086,3473.227613874886,20999
2023-08-31,3417.083984375,3481.5471241949544,3303.900350147403,3382.561036047804,142637
2023-09-01,3352.072998046875,3398.5023565042466,3312.917184842353,3398.5023565042466,15635
2023-09-04,3328.4599609375,3365.1750435244408,3311.82119671514,3343.703951918174,8052
2023-09-05,3318.94482421875,3367.267123933138,3308.832110339854,3347.2907801944925,9205
2023-09-06,3296.3779296875,3372.3984214484517,3287.9090729843583,3329.8549193654226,30112
2023-09-07,3251.443115234375,3293.8871301812555,3240.0849810494383,3287.9091136110537,12482
2023-09-08,3257.221923828125,3272.7648642596464,3238.092319390488,3266.7868476700023,4868
2023-09-11,3306.19189453125,3326.7661370742503,3245.066579350354,3286.713475717367,9750
2023-09-12,3117.38623046875,3305.8929675062245,3096.6125259738587,3305.8929675062245,23219
2023-09-13,3081.46826171875,3170.5904749872298,3023.979718834698,3123.513595438751,19366
2023-09-14,3100.94677734375,3188.275539751303,3078.728433526884,3097.608954089625,8953
2023-09-15,3167.950439453125,3187.179532063291,3094.570137919939,3094.570137919939,15085
2023-09-18,3143.091552734375,3167.9503328061446,3122.56717520379,3154.400064667685,3942
2023-09-20,3069.562255859375,3143.0916674756295,3058.8017770326155,3139.4551379085237,5546
2023-09-21,3025.77294921875,3067.5195769896823,3007.9386306547513,3040.12033474291,3627
2023-09-22,3081.26904296875,3088.641832625605,3012.9701563754998,3025.7729289921035,13300
2023-09-25,3127.548828125,3153.3538353608633,3068.7151338097174,3098.60521628189,5260
2023-09-26,3093.22509765625,3153.553052827981,3078.678493559755,3143.440338893536,10215
2023-09-27,3132.331298828125,3158.236037043934,3107.0242163157814,3107.0242163157814,6606
2023-09-28,3079.2265625,3177.2659368046393,3068.914386633546,3177.2659368046393,3309
2023-09-29,3105.62939453125,3126.2535025236466,3060.7444059445916,3104.5831930089025,3645
2023-10-03,3126.701904296875,3155.197214091103,3114.0983499144963,3122.9656439171836,4105
2023-10-04,3058.701904296875,3126.7018418491384,3033.8433677163694,3126.7018418491384,17422
2023-10-05,3069.960693359375,3083.660315114731,3048.8882815577676,3058.702046467566,2357
2023-10-06,3067.1708984375,3087.6456544760385,3049.8347471435386,3087.6456544760385,2030
2023-10-09,2988.85888671875,3049.7847407088866,2979.0448790328555,3040.8177159893894,19384
2023-10-10,2980.73876953125,3027.865517415003,2967.2383662387297,3006.6435090681994,3178
2023-10-11,3078.827880859375,3083.5604773016994,2993.541657235888,3002.956984666658,5142
2023-10-12,3032.0,3097.6088272023603,3007.9385813200147,3088.6418026141255,4710
2023-10-13,3248.10546875,3267.982324789666,2994.2389882847997,3002.956928937821,23651
2023-10-16,3306.04248046875,3351.574992720222,3253.0374472817152,3280.9348587744835,21373
2023-10-17,3337.925048828125,3347.689190950954,3290.997765938354,3331.747813851188,6507
2023-10-18,3372.896728515625,3386.546484762324,3325.769981211132,3343.704031439352,8030
2023-10-19,3408.4658203125,3440.298710265727,3337.7259567514984,3349.681990029414,9184
2023-10-20,3373.0458984375,3408.41582891102,3338.7221694863624,3408.41582891102,6586
2023-10-23,3327.413818359375,3401.3421528936346,3264.545155276758,3373.046061201742,10071
2023-10-25,3248.155517578125,3350.5786772356187,3214.18035821669,3331.7480216604495,11437
2023-10-26,3279.639404296875,3336.729509954273,3138.558362245281,3223.446147053241,10015
2023-10-27,3343.405029296875,3365.6233731566954,3208.202268077134,3208.202268077134,7725
2023-10-30,3377.87841796875,3496.143467522701,3347.8387378102434,3362.63442658567,23456
2023-10-31,3549.5966796875,3678.971018489217,3522.3968989818186,3606.6867863893794,52745
2023-11-01,3522.94482421875,3626.663512634014,3484.884832707915,3580.8320506611662,14860
2023-11-02,3431.879638671875,3591.691849122876,3416.4364293818726,3532.0114150360855,14552
2023-11-03,3440.59765625,3466.2533109661185,3419.4753794630406,3466.2533109661185,4472
2023-11-06,3530.71630859375,3536.7940563082016,3437.4095269645813,3476.2167707257217,13891
2023-11-07,3524.140625,3601.2569442134095,3492.2578688193857,3551.888440290765,9457
2023-11-08,3488.6708984375,3576.8466444068613,3477.262898596903,3536.9931999009355,4704
2023-11-09,3457.784423828125,3507.003329709943,3432.427718814641,3450.511121672506,6855
2023-11-10,3522.89501953125,3676.3803977867046,3447.272965245426,3486.9770552615987,14096
2023-11-13,3619.58935546875,3644.4977582101355,3497.23947579996,3542.9712059346957,8874
2023-11-15,3661.4853515625,3877.042767011075,3622.678108591907,3685.3974182858788,30420
2023-11-16,3651.32275390625,3736.2604071624087,3600.011444314553,3684.4010640617703,8727
2023-11-17,3692.32177734375,3786.077099662792,3628.1578311636995,3646.590048622584,25608
2023-11-20,3737.5556640625,3843.4163747861585,3674.039237628305,3706.3702954542123,23001
2023-11-21,3774.021484375,3785.0809125841315,3721.315401027042,3721.315401027042,10763
2023-11-22,3861.549560546875,3875.5481311146123,3736.260298535969,3820.9488653027843,21193
2023-11-23,3790.361572265625,3956.4507557975776,3757.183530625199,3889.696235364831,12349
2023-11-24,3778.3056640625,3826.926913803525,3727.343170462469,3825.830846808338,10278
2023-11-28,3749.362060546875,3810.487376979241,3736.260338259159,3778.305672616479,8950
2023-11-29,3655.25830078125,3770.93302243407,3638.121368044642,3749.362199335042,15968
2023-11-30,3763.111572265625,3792.951789716403,3614.3089221520204,3655.2581897839846,14070
2023-12-01,3711.102783203125,3791.0587529600352,3692.7702967816053,3757.1833265209707,9050
2023-12-04,3876.19580078125,3908.6265900643243,3743.7828280262834,3786.077247576965,15789
2023-12-05,3850.291015625,3894.3290228546,3807.000260474792,3874.7511156729825,6607
2023-12-06,3832.755615234375,3930.4461750296764,3807.5482633100614,3883.4690253154563,6927
2023-12-07,3732.02587890625,3864.7377963707063,3722.5108206745526,3821.945210300841,7981
2023-12-08,3662.481689453125,3773.124863557338,3636.7265468549945,3754.9915949325346,6255
2023-12-11,3603.44873046875,3694.4641306600074,3586.809966219124,3666.4669889030165,8284
2023-12-12,3606.437744140625,3661.535179297371,3587.8063076598182,3630.6487600978558,7071
2023-12-13,3687.091064453125,3718.973819422131,3617.6464874354833,3617.6464874354833,7700
2023-12-14,3644.547607421875,3726.297033503987,3636.62678403464,3705.9718742560494,7115
2023-12-15,3652.169677734375,3672.4948367216366,3627.6597125619855,3644.5974261334095,4664
2023-12-18,3578.739501953125,3695.3108244043165,3568.8260065135505,3652.1696663333746,20539
2023-12-19,3591.34326171875,3610.5725966900495,3537.989416046356,3578.7394643734515,6366
2023-12-20,3599.21435546875,3676.4802699539996,3541.2775075916365,3591.343397446701,10906
2023-12-21,3578.83935546875,3633.0898087419287,3561.901641369928,3594.780733444112,6979
2023-12-22,3574.305908203125,3620.5856715919203,3566.883252876391,3601.1571175608897,4509
2023-12-26,3547.40478515625,3602.7513036387513,3536.993121658619,3602.7513036387513,5208
2023-12-27,3561.652587890625,3585.8137390917855,3513.1310669111285,3547.4049325537053,9487
2023-12-28,3554.080322265625,3626.6635065004925,3529.171919061638,3561.652574138087,6032
2023-12-29,3578.241455078125,3631.5454376621165,3554.9272870968475,3566.783589662875,18195
2024-01-01,3587.50732421875,3620.536011675175,3576.846576664544,3584.8172654147716,4007
2024-01-02,3561.851806640625,3596.67370580672,3546.707546082615,3587.40797437551,5227
2024-01-03,3521.30078125,3574.8039799525845,3498.933084963504,3540.1813012658936,8351
2024-01-04,3497.2890625,3550.842127850246,3488.172684487661,3536.9931533650947,12164
2024-01-05,3541.725830078125,3555.8238889075624,3467.2497049502426,3522.944796877862,9714
2024-01-08,3555.12646484375,3586.6107832694834,3519.856263790746,3553.9309101590266,9000
2024-01-09,3565.886962890625,3609.426802556103,3555.7243831460287,3558.6635260420762,5132
2024-01-10,3492.5068359375,3575.850253177446,3477.212979545636,3569.8722365937,14153
2024-01-11,3456.190185546875,3512.3836872996926,3432.3778501548427,3487.1763354258196,14009
2024-01-12,3450.56103515625,3535.000520532556,3437.5089348084844,3462.26798445621,6049
2024-01-15,3461.271728515625,3487.176467992138,3425.4534931579024,3471.1852243968347,5768
2024-01-16,3474.27392578125,3487.0766990120064,3434.370615412481,3461.271690729028,5400
2024-01-17,3423.460693359375,3482.244523058564,3362.9831409451954,3482.244523058564,8376
2024-01-18,3497.08984375,3529.022464387826,3367.616016270709,3388.539074359965,13249
2024-01-19,3508.59765625,3516.070177170595,3478.209404506247,3478.209404506247,3907
2024-01-23,3495.645263671875,3550.941918120725,3463.2643398955215,3509.0958012405144,6494
2024-01-24,3526.53173828125,3547.952965113584,3452.3046964668824,3483.191116550713,10715
2024-01-25,3482.593017578125,3586.7600028183942,3468.4949594221143,3519.059015203995,3969
2024-01-29,3464.2607421875,3512.433691624221,3409.611607871798,3503.7157504409765,10899
2024-01-30,3550.79248046875,3572.113975549288,3470.3879632090507,3478.657601425824,7353
2024-01-31,3536.7939453125,3575.6510533100964,3512.134626775564,3549.945533216309,7246
2024-02-01,3568.626953125,3576.8467262424097,3499.730406657528,3545.960306043659,4943
2024-02-02,3543.519287109375,3640.313244165962,3512.084833777686,3569.07521136735,8279
2024-02-05,3559.41064453125,3613.7109608718947,3497.1396395534466,3532.0114023410165,12817
2024-02-06,3647.58642578125,3726.296976897535,3527.378573811598,3562.947723578215,25923
2024-02-07,3677.576171875,3726.296908486987,3647.6362242685495,3666.3673910673856,12438
2024-02-08,3685.74609375,3712.547436889803,3627.211349298436,3677.5761865778977,17744
2024-02-09,3662.382080078125,3706.420086202318,3533.7051292891288,3700.3922042639742,17662
2024-02-12,3574.0068359375,3786.1269311724645,3552.934425357004,3786.0770657197463,40027
2024-02-13,3616.699951171875,3622.677967620093,3509.3447391226273,3604.7439182754392,8809
2024-02-14,3590.546142578125,3655.5570716945235,3543.8180777990356,3639.6156944399277,6505
2024-02-15,3600.111083984375,3682.20907995199,3570.6194386194807,3586.8098999735275,4741
2024-02-16,3631.495849609375,3712.497782579556,3600.0115305259333,3632.9404883521825,11075
2024-02-19,3519.756591796875,3651.571910220216,3512.0848522581887,3641.459195816419,10685
2024-02-20,3443.636474609375,3535.996781452009,3433.3741642388345,3535.996781452009,11629
2024-02-21,3427.396240234375,3496.1434322623318,3412.5509293992504,3487.0766763051233,6000
2024-02-22,3422.66357421875,3455.2935813668946,3403.484104368314,3437.359531636617,5228
2024-02-23,3407.569091796875,3460.9725592245823,3385.5499673417935,3437.210089892348,6728
2024-02-26,3359.097412109375,3416.2373867230776,3337.7260506729485,3378.575832188647,8600
2024-02-27,3313.116455078125,3386.5463764026813,3303.1032287052044,3386.5463764026813,7963
2024-02-28,3277.248291015625,3337.7258419503996,3254.1333427892505,3332.4950775712236,4870
2024-02-29,3234.605224609375,3320.7882992832424,3206.0602919724915,3266.9861486197874,13453
2024-03-01,3301.95751953125,3335.334778408411,3238.0922791275502,3249.749362683186,21239
2024-03-04,3358.30029296875,3473.0784102092903,3347.6894104394682,3386.446788755927,9041
2024-03-05,3312.568359375,3384.6035061166544,3293.388889965881,3384.6035061166544,5204
2024-03-06,3287.26171875,3323.677609825748,3253.0873407280837,3315.4082145161374,6500
2024-03-07,3241.38037109375,3286.9128834551034,3224.1437074448972,3278.992059893517,5096
2024-03-11,3137.31298828125,3256.673857037563,3119.528291810394,3248.5039497644466,17254
2024-03-12,3129.79052734375,3178.561129040594,3049.1371715902337,3136.4659303251437,18188
2024-03-13,3113.650146484375,3228.02933995395,3082.6639954501456,3133.477138232291,19432
2024-03-14,3169.79345703125,3210.6432373933176,3000.9643524523685,3100.0997950383617,13563
2024-03-15,3127.2998046875,3195.100525057893,3094.619931902283,3172.3341478354378,10627
2024-03-18,3293.388916015625,3308.3838226851276,3119.528269866865,3119.528269866865,9624
2024-03-19,3281.28369140625,3320.788321666782,3206.2096667037817,3287.9092293730514,4239
2024-03-20,3341.96044921875,3367.6161044523737,3211.0916018256794,3283.4755672965684,28988
2024-03-21,3338.92138671875,3456.289824329045,3312.817430352861,3341.7111763619537,13238
2024-03-22,3419.176513671875,3432.3779673926156,3322.8308585629384,3371.6014634707144,23220
2024-03-26,3390.97998046875,3489.5673868669714,3369.1104521771804,3436.81144011688,11783
2024-03-27,3198.737060546875,3410.90678515523,3168.348809387654,3410.90678515523,23808
2024-03-28,3304.7470703125,3329.755203399494,3225.1399142442137,3226.9333678503845,14703
2024-04-01,3415.838623046875,3462.218117627751,3307.437448849707,3324.6738689599547,15199
2024-04-02,3424.8056640625,3474.7222007174923,3390.7310175821076,3412.550924446114,8624
2024-04-03,3435.665771484375,3522.0480614280264,3422.414452901067,3451.308199373885,13118
2024-04-04,3420.720703125,3487.17627083716,3407.469384646596,3435.7156097388224,27710
2024-04-05,3422.61376953125,3492.158078924826,3388.5889885428846,3435.366920437318,29981
2024-04-08,3448.1201171875,3472.23140281319,3427.3464116397945,3427.3464116397945,31376
2024-04-09,3467.14990234375,3635.630434407419,3449.166230308402,3472.231313759895,62768
2024-04-10,3508.75,3544.35009765625,3413.85009765625,3490.60009765625,18715
2024-04-12,3343.10009765625,3495.0,3237.800048828125,3495.0,65728
2024-04-15,3322.949951171875,3346.0,3241.0,3331.0,11703
2024-04-16,3388.39990234375,3407.0,3302.64990234375,3323.0,9361
2024-04-18,3473.60009765625,3511.199951171875,3362.0,3362.0,51741
2024-04-19,3593.0,3690.0,3520.0,3540.0,112064
2024-04-22,3718.800048828125,3834.949951171875,3651.39990234375,3680.0,112172
2024-04-23,3898.199951171875,3900.0,3730.0,3759.35009765625,53987
2024-04-24,3973.75,3988.949951171875,3923.199951171875,3950.25,29126
2024-04-25,4366.2998046875,4440.0,3955.050048828125,3978.0,138330
2024-04-26,4301.75,4454.0,4278.7998046875,4345.0498046875,34636
2024-04-29,4354.5,4450.0,4285.0,4333.14990234375,18485
2024-04-30,4541.35009765625,5084.10009765625,4472.2001953125,4755.0,123763
2024-05-02,4391.5,4554.64990234375,4300.0,4529.0,41384
2024-05-03,4516.7001953125,4565.0,4406.10009765625,4420.0,19055
2024-05-06,4446.60009765625,4579.0,4431.2998046875,4550.0,11483
2024-05-07,4477.85009765625,4538.2998046875,4387.64990234375,4455.0,12363
2024-05-08,4467.5498046875,4550.0,4412.10009765625,4460.0,14907
2024-05-09,4498.64990234375,4688.0,4475.14990234375,4517.9501953125,31126
2024-05-10,4479.60009765625,4572.7998046875,4451.0,4550.0,27644
2024-05-13,4661.9501953125,4680.4501953125,4351.2998046875,4509.0,48265
2024-05-14,4839.0498046875,4942.0,4630.5498046875,4666.0,83048
2024-05-15,5200.7998046875,5266.64990234375,4894.0498046875,4905.0,94886
2024-05-16,5185.7998046875,5310.0,5100.0498046875,5212.0,36190
2024-05-17,5182.75,5265.0,5105.0,5173.0,16317
2024-05-21,5386.7001953125,5406.2998046875,5232.10009765625,5290.0,59298
2024-05-22,5425.64990234375,5500.0,5255.39990234375,5375.0,30000
2024-05-23,5492.89990234375,5649.89990234375,5382.0498046875,5420.0,68291
2024-05-24,5303.2998046875,5578.0,5281.0,5485.0,26241
2024-05-27,5203.10009765625,5363.9501953125,5176.35009765625,5303.2998046875,19101
2024-05-28,5157.75,5324.35009765625,5122.0498046875,5200.0,17665
2024-05-29,5145.89990234375,5350.0,5125.0,5157.0,19579
2024-05-30,5076.85009765625,5217.2998046875,5015.5498046875,5136.14990234375,13082
2024-05-31,5484.35009765625,5644.0,5062.7998046875,5076.85009765625,87999
2024-06-03,5490.35009765625,5620.0,5403.60009765625,5600.0,26278
2024-06-04,5195.64990234375,5545.0498046875,4555.2001953125,5545.0498046875,61896
2024-06-05,5062.64990234375,5321.0498046875,4950.0,5150.0,31831
2024-06-06,5317.25,5390.0,5069.10009765625,5069.10009765625,18356
2024-06-07,5322.4501953125,5354.7001953125,5249.5,5317.25,26506
2024-06-10,5345.89990234375,5448.4501953125,5310.0,5310.0,14294
2024-06-11,5224.9501953125,5381.0,5194.0,5370.0,22195
2024-06-12,5298.0,5391.0,5225.0,5245.2998046875,16527
2024-06-13,5259.14990234375,5450.0,5200.0,5285.0,17799
2024-06-14,5489.0,5504.89990234375,5201.0498046875,5300.0,46863
2024-06-18,5575.5498046875,5743.35009765625,5467.2001953125,5565.14990234375,33319
2024-06-19,5395.0,5620.9501953125,5378.5498046875,5600.0,18311
2024-06-20,5394.7001953125,5440.0,5323.5498046875,5400.35009765625,10632
2024-06-21,5389.7001953125,5549.9501953125,5280.0,5440.0,13014
2024-06-24,5312.0,5502.0,5280.0498046875,5400.0,16715
2024-06-25,5313.5,5482.0,5288.5498046875,5367.5,15384
2024-06-26,5236.4501953125,5380.0,5190.0,5316.0498046875,14236
2024-06-27,5093.64990234375,5277.0,5055.0498046875,5276.9501953125,14859
2024-06-28,5034.10009765625,5170.0498046875,4994.0498046875,5148.7998046875,34844
2024-07-01,5166.2998046875,5269.0,5112.14990234375,5139.0,19687
2024-07-02,5208.60009765625,5260.0,5109.64990234375,5200.0,16682
2024-07-03,5056.25,5215.0,5011.64990234375,5215.0,46018
2024-07-04,5047.85009765625,5176.0498046875,5032.0498046875,5163.0,14511
2024-07-05,5243.7001953125,5291.0,5052.14990234375,5084.39990234375,30036
2024-07-08,5444.39990234375,5481.39990234375,5292.14990234375,5299.89990234375,40393
2024-07-09,5353.64990234375,5545.0498046875,5310.0,5481.0,20232
2024-07-10,5289.60009765625,5413.4501953125,5157.0498046875,5405.0,25885
2024-07-11,5183.10009765625,5389.89990234375,5162.10009765625,5295.0,13085
2024-07-12,5128.14990234375,5319.89990234375,5112.2001953125,5210.0,18039
2024-07-15,5221.14990234375,5372.2998046875,5075.10009765625,5169.0,28818
2024-07-16,5273.0,5323.10009765625,5169.2001953125,5221.14990234375,13422
2024-07-18,5286.64990234375,5437.0,5169.14990234375,5319.85009765625,34871
2024-07-19,5337.4501953125,5399.0,5151.60009765625,5353.64990234375,25359
2024-07-22,5242.35009765625,5428.39990234375,5220.0,5325.0,19340
2024-07-23,5195.39990234375,5490.0,5098.60009765625,5247.0,42639
2024-07-24,5211.9501953125,5280.0498046875,5166.5,5213.0,15680
2024-07-25,5091.5498046875,5365.0,5071.75,5122.14990234375,35279
2024-07-26,5377.4501953125,5499.0,5091.0,5250.0,68123
2024-07-29,5269.25,5451.60009765625,5250.0,5345.0,23159
2024-07-30,5180.5498046875,5280.0,5151.0,5269.25,22789
2024-07-31,5168.2001953125,5295.4501953125,5145.5,5201.64990234375,14655
2024-08-01,5197.10009765625,5244.89990234375,5171.0498046875,5194.0,12764
2024-08-02,5195.39990234375,5219.89990234375,5121.0,5200.0,20766
2024-08-05,5118.25,5190.0,5018.14990234375,5156.0,28843
2024-08-06,5078.7001953125,5288.0,5020.2998046875,5118.2001953125,19971
2024-08-07,5052.89990234375,5150.0,5031.35009765625,5150.0,13751
2024-08-08,5100.5498046875,5148.5498046875,5062.89990234375,5100.0,6103
2024-08-09,5127.0,5200.0,5111.39990234375,5200.0,13983
2024-08-12,5054.0498046875,5150.0,5031.0,5150.0,10349
2024-08-13,4980.2998046875,5108.64990234375,4963.7998046875,5063.7998046875,10202
2024-08-14,4788.2001953125,4980.35009765625,4751.0498046875,4980.2998046875,22506
2024-08-16,5106.10009765625,5134.9501953125,4811.5498046875,4830.0,37554
2024-08-19,5212.0,5275.0,5095.0,5137.0,33551
2024-08-20,5246.39990234375,5299.0,5148.89990234375,5214.85009765625,21427
2024-08-21,5267.2001953125,5344.9501953125,5211.0498046875,5246.39990234375,13142
2024-08-22,5189.85009765625,5333.5,5175.0,5250.0,14104
2024-08-23,5154.89990234375,5293.35009765625,5101.0,5234.25,15093
2024-08-26,5139.89990234375,5212.0,5079.0498046875,5212.0,16218
2024-08-27,5178.9501953125,5221.7001953125,5103.0,5103.0,14419
2024-08-28,5205.0498046875,5331.7001953125,5152.10009765625,5197.9501953125,19224
2024-08-29,5091.9501953125,5279.0,5040.14990234375,5205.0498046875,24748
2024-08-30,5414.2998046875,5475.0,5067.60009765625,5071.2998046875,41276
2024-09-02,5420.75,5487.25,5316.0,5482.85009765625,27065
2024-09-03,5524.60009765625,5640.7998046875,5430.2001953125,5440.75,32234
2024-09-04,5326.9501953125,5627.60009765625,5315.0,5500.0,44759
2024-09-05,5301.39990234375,5469.89990234375,5267.5498046875,5334.10009765625,26774
2024-09-06,5281.7998046875,5433.75,5239.0,5350.0,25380
2024-09-09,5280.64990234375,5289.0,5161.7998046875,5284.4501953125,17868
2024-09-10,5425.0498046875,5444.9501953125,5301.35009765625,5301.35009765625,19996
2024-09-11,5364.7001953125,5450.0,5325.0,5425.0498046875,25284
2024-09-12,5337.25,5404.35009765625,5301.0,5355.0,36414
2024-09-13,5290.60009765625,5380.0,5250.0,5356.0,16144
2024-09-16,5273.10009765625,5315.5,5230.0,5290.0,12787
2024-09-17,5353.7998046875,5420.0,5206.2001953125,5270.0,29410
2024-09-18,5303.10009765625,5415.0,5247.0498046875,5364.25,14732
2024-09-19,5173.85009765625,5282.7998046875,5111.2998046875,5264.0,13599
2024-09-20,5374.7001953125,5475.0,5077.64990234375,5218.5,228650
2024-09-23,5889.2998046875,5975.0,5330.0,5430.0,137952
2024-09-24,5783.89990234375,5899.0,5742.0,5805.0,32000
2024-09-25,5700.85009765625,5999.0,5670.0,5834.89990234375,30199
2024-09-26,5691.35009765625,5784.0,5651.5498046875,5686.0,14947
2024-09-27,5683.10009765625,5773.85009765625,5585.0,5700.0,37859
2024-09-30,5523.64990234375,5789.0,5492.0,5789.0,18146
2024-10-01,5423.60009765625,5579.0,5401.0,5579.0,19909
2024-10-03,5320.75,5438.35009765625,5301.0,5323.35009765625,10421
2024-10-04,5300.0,5423.7998046875,5213.35009765625,5320.75,14240
2024-10-07,5066.7998046875,5343.10009765625,5033.5,5290.0,22857
2024-10-08,5225.14990234375,5240.0,4971.10009765625,5100.0,15622
2024-10-09,5365.14990234375,5449.89990234375,5181.25,5248.0,12192
2024-10-10,5345.2001953125,5445.0,5283.64990234375,5340.0,9021
2024-10-11,5345.35009765625,5388.0,5251.2998046875,5388.0,5857
2024-10-14,5421.64990234375,5438.14990234375,5291.0,5400.0,13364
2024-10-15,5780.5498046875,5880.0,5392.7001953125,5451.64990234375,73439
2024-10-16,5682.2001953125,5816.7001953125,5642.0,5725.0,14972
2024-10-17,5775.25,5950.0,5630.0,5710.0,55972
2024-10-18,5735.0498046875,5799.0,5564.0498046875,5705.0,13765
2024-10-21,5768.35009765625,5875.0,5700.0,5735.0498046875,17487
2024-10-22,5472.60009765625,5795.7998046875,5409.0498046875,5768.35009765625,23651
2024-10-23,5622.64990234375,5784.89990234375,5435.14990234375,5565.0,19482
2024-10-24,5463.10009765625,5688.7998046875,5443.60009765625,5622.64990234375,15247
2024-10-25,5362.2001953125,5507.5498046875,5240.0,5486.60009765625,12718
2024-10-28,5416.64990234375,5473.64990234375,5250.0,5398.0,19866
2024-10-29,5131.60009765625,5200.0,5052.0,5149.0498046875,31039
2024-10-30,5149.0498046875,5235.0498046875,5126.2998046875,5162.0,17370
2024-10-31,5271.75,5325.89990234375,5155.0,5185.0,26048
2024-11-01,5284.35009765625,5324.0,5269.89990234375,5319.7998046875,1809
2024-11-04,5202.85009765625,5328.5,5154.0,5284.35009765625,8802
2024-11-05,5219.0,5277.9501953125,5173.0,5214.89990234375,51616
2024-11-06,5370.7001953125,5380.0,5227.9501953125,5252.0,10713
2024-11-07,5433.75,5497.25,5328.64990234375,5398.85009765625,8313
2024-11-08,5409.35009765625,5469.35009765625,5380.89990234375,5399.2998046875,4314
2024-11-11,5587.25,5700.0,5251.0,5409.35009765625,21488
2024-11-12,5439.4501953125,5659.9501953125,5415.0,5587.25,11005
2024-11-13,5294.75,5440.0,5225.0,5396.60009765625,14278
2024-11-14,5395.5,5488.0498046875,5281.75,5294.75,13311
2024-11-18,5320.5498046875,5447.0498046875,5256.0,5447.0498046875,10031
2024-11-19,5320.2998046875,5399.0,5260.0,5320.0,6084
2024-11-21,5216.0498046875,5321.2001953125,5143.14990234375,5321.2001953125,20559
2024-11-22,5242.85009765625,5280.64990234375,5206.39990234375,5239.0,5976
2024-11-25,5267.25,5345.0,5225.0,5294.89990234375,10649
2024-11-26,5320.60009765625,5344.0,5267.0,5267.0,5476
2024-11-27,5373.0,5394.7001953125,5281.39990234375,5300.0,6059
2024-11-28,5380.39990234375,5554.4501953125,5350.2001953125,5398.9501953125,11644
2024-11-29,5374.0498046875,5438.9501953125,5328.14990234375,5427.9501953125,41029
2024-12-02,5328.10009765625,5445.89990234375,5291.85009765625,5351.0,9190
2024-12-03,5246.64990234375,5434.89990234375,5235.0,5341.39990234375,16898
2024-12-04,5272.85009765625,5289.0,5250.0498046875,5280.0,7284
2024-12-05,5200.7001953125,5283.25,5188.39990234375,5272.85009765625,8929
2024-12-06,5134.39990234375,5241.9501953125,5105.0,5211.0,12699
2024-12-09,5238.5,5275.0,5135.0,5159.7998046875,11445
2024-12-10,5239.35009765625,5300.0,5221.39990234375,5250.0,11477
2024-12-11,5210.10009765625,5299.0,5201.39990234375,5278.0,8897
2024-12-12,5158.5498046875,5247.0,5126.75,5239.89990234375,11591
2024-12-13,5165.60009765625,5194.14990234375,5103.0498046875,5150.2001953125,3895
2024-12-16,5140.0,5200.0,5105.0,5199.0,5491
2024-12-17,5006.64990234375,5162.9501953125,4981.0,5132.89990234375,20021
2024-12-18,4951.4501953125,5049.0,4920.0498046875,4999.7001953125,41475
2024-12-19,4877.5,4935.2001953125,4861.0,4912.0,40834
2024-12-20,4794.10009765625,4931.85009765625,4751.10009765625,4877.5,29130
2024-12-23,4783.2001953125,4799.7998046875,4675.0,4750.0,13020
2024-12-24,4841.5,4848.0,4768.10009765625,4824.10009765625,7105
2024-12-26,4828.7998046875,4868.35009765625,4773.25,4845.0,7674
2024-12-27,4709.7001953125,4723.5498046875,4612.10009765625,4651.0,26142
2024-12-30,4504.75,4703.25,4431.5498046875,4700.0,17458
2024-12-31,4544.7998046875,4612.10009765625,4422.35009765625,4500.0,20583
2025-01-01,4487.35009765625,4578.2001953125,4467.0498046875,4541.0,9564
2025-01-02,4558.39990234375,4577.89990234375,4471.2998046875,4505.2998046875,11016
2025-01-03,4605.4501953125,4622.7001953125,4531.0498046875,4579.9501953125,9020
2025-01-06,4389.2998046875,4653.0,4360.60009765625,4605.4501953125,19097
2025-01-07,4473.2001953125,4487.14990234375,4383.7001953125,4408.9501953125,6374
2025-01-08,4407.35009765625,4473.2001953125,4368.14990234375,4450.0,7520
2025-01-09,4413.14990234375,4435.0,4379.14990234375,4401.2001953125,4465
2025-01-10,4179.60009765625,4407.5498046875,4135.0,4389.7001953125,24211
2025-01-13,4021.39990234375,4184.75,3966.0,4149.85009765625,16142
2025-01-14,4082.39990234375,4105.75,3970.0,4045.0,9076
2025-01-15,4116.75,4160.0498046875,4041.0,4073.0,21773
2025-01-16,4107.2001953125,4209.39990234375,4085.0,4110.0,9429
2025-01-17,4063.550048828125,4135.0,4021.14990234375,4135.0,7479
2025-01-20,4117.5498046875,4150.0,4035.050048828125,4087.0,5206
2025-01-21,4059.10009765625,4157.5498046875,4035.0,4134.0,7967
2025-01-22,4029.449951171875,4089.14990234375,3935.0,4060.0,13235
2025-01-23,4044.5,4095.0,3969.0,3969.0,7579
2025-01-24,3870.550048828125,4066.0,3851.0,4066.0,9273
2025-01-27,3858.89990234375,3924.10009765625,3741.10009765625,3874.949951171875,9767
2025-01-28,3811.89990234375,3866.64990234375,3660.0,3858.0,30765
2025-01-29,4094.75,4113.75,3815.89990234375,3863.89990234375,16339
2025-01-30,4169.4501953125,4265.0498046875,4051.0,4051.0,12998
2025-01-31,4283.4501953125,4295.0,4140.5,4194.0,9197
2025-02-01,4262.10009765625,4299.9501953125,4160.64990234375,4253.25,5158
2025-02-03,4140.35009765625,4273.5,4124.10009765625,4201.0,5610
2025-02-04,4136.5,4193.75,4103.7998046875,4140.39990234375,6008
2025-02-05,4437.60009765625,4490.0,4119.0,4147.9501953125,23825
2025-02-06,4359.2001953125,4410.64990234375,4333.0,4340.0,6063
2025-02-07,4356.10009765625,4388.0,4304.10009765625,4388.0,5437
2025-02-10,4271.4501953125,4340.85009765625,4187.89990234375,4316.2998046875,5676
2025-02-11,4125.2998046875,4278.39990234375,4066.10009765625,4271.4501953125,5324
2025-02-12,4138.60009765625,4180.0,3981.14990234375,4061.0,10176
2025-02-13,4065.050048828125,4173.35009765625,4034.89990234375,4051.0,6595
2025-02-14,3911.39990234375,4065.050048828125,3833.10009765625,4065.0,11586
2025-02-17,3895.199951171875,3937.10009765625,3794.39990234375,3891.89990234375,10887
2025-02-18,3770.64990234375,3920.800048828125,3740.550048828125,3848.35009765625,9024
2025-02-19,3596.75,3872.35009765625,3561.300048828125,3765.0,42902
2025-02-20,3799.300048828125,3899.89990234375,3580.800048828125,3650.0,80703
2025-02-21,3828.35009765625,3924.949951171875,3750.14990234375,3808.300048828125,16895
2025-02-24,4033.75,4148.85009765625,3858.699951171875,3858.699951171875,98785
2025-02-25,4042.35009765625,4099.89990234375,3947.35009765625,4011.75,28136
2025-02-27,4124.9501953125,4292.0,4011.050048828125,4088.0,91529
2025-02-28,3987.75,4169.7001953125,3950.0,4124.39990234375,26567
2025-03-03,3821.050048828125,4050.0,3720.0,4010.0,27811
2025-03-04,3918.60009765625,3949.0,3742.0,3800.050048828125,13034
2025-03-05,4021.14990234375,4041.800048828125,3865.0,3905.0,16585
2025-03-06,4135.4501953125,4149.0,4002.35009765625,4066.35009765625,12321
2025-03-07,4186.0498046875,4275.9501953125,4111.0,4112.0,16416
2025-03-10,4385.9501953125,4476.0,4210.0,4210.0498046875,64803
2025-03-11,4507.2998046875,4535.0,4255.64990234375,4302.2998046875,36109
2025-03-12,4332.89990234375,4534.0498046875,4296.0498046875,4507.2998046875,24421
2025-03-13,4229.25,4394.0,4200.2001953125,4354.60009765625,14081
2025-03-17,4333.5498046875,4399.0,4222.0,4285.0,15713
2025-03-18,4333.5498046875,4333.5498046875,4333.5498046875,4333.5498046875,0
2025-03-19,4417.5,4460.0,4362.5,4410.0,10201
2025-03-20,4522.85009765625,4565.0,4410.0,4444.0,11399
2025-03-21,4582.75,4600.0,4510.0,4522.7998046875,15252
2025-03-24,4630.89990234375,4657.7998046875,4578.0498046875,4622.2001953125,13163
2025-03-25,4598.89990234375,4680.0,4513.9501953125,4670.0,10828
2025-03-26,4415.0498046875,4600.60009765625,4400.0,4600.0,10669
2025-03-27,4375.39990234375,4465.2001953125,4347.5,4411.0498046875,10217
2025-03-28,4554.5,4574.0,4355.7001953125,4375.4501953125,16551
2025-04-01,4419.39990234375,4556.4501953125,4401.0,4554.5,9264
