Price,Close,High,Low,Open,Volume
Ticker,BAJAJCON.NS,BAJAJCON.NS,BAJAJCON.NS,BAJAJCON.NS,BAJAJCON.NS
Date,,,,,
2010-08-18,101.6512451171875,109.44841435027526,100.16415524406627,101.8187101009061,29319495
2010-08-19,101.02826690673828,103.69430623257595,100.61294685165797,102.47515640633229,3218985
2010-08-20,97.33065032958984,101.08185982242674,97.00912042363271,101.08185982242674,1713055
2010-08-23,97.24357604980469,102.03977615599273,95.14691095579666,98.16128098916165,3673290
2010-08-24,95.93065643310547,98.69717132117522,95.48854637384886,96.73448640004763,739345
2010-08-25,96.46652221679688,98.65696699029071,95.20048739236948,95.89714742452858,1032320
2010-08-26,97.8330307006836,98.60336542050202,96.19187615329878,96.69427102828902,804210
2010-08-27,97.8598403930664,98.6033853673162,96.7277754103458,97.79955544897231,518765
2010-08-30,97.68567657470703,99.13927142239054,96.59380159837615,99.13927142239054,461865
2010-08-31,97.41102600097656,100.61295552399699,96.47992114338277,96.66748109877928,871245
2010-09-01,97.02250671386719,98.71055654558245,96.72776671866679,97.79954666098624,271425
2010-09-02,96.74118041992188,98.46942045444821,96.19190053243815,97.14310051027776,198360
2010-09-03,97.35073852539062,99.40720306176419,96.64738360036031,97.52489841621927,283505
2010-09-06,97.79954528808594,99.32013012129616,97.12968538885248,97.66557535248943,279850
2010-09-07,97.81966400146484,98.73736901527828,97.66559904921044,98.05411911158305,119480
2010-09-08,97.80623626708984,98.73734108066272,96.59379153372339,96.59379153372339,316490
2010-09-09,97.80623626708984,98.45600116086916,97.79954134801754,97.79954134801754,87900
2010-09-13,97.95361328125,98.4694082818194,97.79954836153492,97.79954836153492,98680
2010-09-14,97.79954528808594,98.46940518731941,97.53160541689292,97.87323028585166,340500
2010-09-15,97.80623626708984,98.25504115494506,97.6655714178183,97.83303638587998,239240
2010-09-16,97.39093017578125,98.0540951545497,95.93733542345626,97.79954512247176,172460
2010-09-17,97.08280181884766,97.79955690234668,96.54692201282279,97.39763682657592,278935
2010-09-20,99.51437377929688,101.67801814802458,96.45981461844605,96.47321467687075,372965
2010-09-21,97.85314178466797,100.09047154312368,97.79955176263141,98.48281176703311,129505
2010-09-22,97.77945709228516,98.7105620079653,97.39763201703244,97.79955207295619,141835
2010-09-23,97.0359115600586,98.42922146529519,96.59380154545195,97.79955148471934,294920
2010-09-24,97.14979553222656,97.93353051011269,94.45026053464575,94.45026053464575,110520
2010-09-27,96.47991943359375,97.79954423862317,96.00432463414198,97.16317938543024,65365
2010-09-28,95.36126708984375,97.12300210671786,94.99954719826707,95.87035699460965,125080
2010-09-29,95.22728729248047,96.45982707421743,94.71818721909919,95.75647212421771,299840
2010-09-30,93.47894287109375,95.78995727867184,93.13061289176676,95.65598735469993,48665
2010-10-01,94.01483154296875,95.77655595130226,92.0588318381367,93.78037651318584,188730
2010-10-04,94.46365356445312,95.65600346473947,93.91436349603379,95.65600346473947,84285
2010-10-05,96.0110092163086,96.32584414937303,93.78037478941052,94.18229476986501,716040
2010-10-06,96.82825469970703,97.79954955168928,95.92393970781758,97.12968962325306,495255
2010-10-07,97.37752532958984,97.665570386665,96.39283051008357,96.47322064435475,221865
2010-10-08,96.91532135009766,97.79954128711289,95.803361731011,95.803361731011,459845
2010-10-11,97.14979553222656,97.78616049157829,96.4598405460212,96.4598405460212,116145
2010-10-12,96.87513732910156,97.26365730511887,95.12010762817087,95.95073759978558,47945
2010-10-13,95.4751205444336,97.12967513863305,95.38803549592315,95.85694555290262,261120
2010-10-14,95.12680053710938,96.31915033912504,94.78517566841417,95.65599558099608,21580
2010-10-15,94.08182525634766,96.05791000837195,93.39187034517902,95.12011019355576,168920
2010-10-18,93.05694580078125,94.97944064377592,92.44737077501398,94.97944064377592,24565
2010-10-19,94.3564682006836,94.58421811908143,92.21291851318693,92.84258846978777,34125
2010-10-20,94.34976196289062,94.57751185396738,93.14401221417559,94.55071173663485,23215
2010-10-21,95.1067123413086,95.78997234868322,94.24929242749603,94.45025245569464,72330
2010-10-22,91.12104797363281,94.18231284437373,89.76123309592454,94.18231284437373,310925
2010-10-25,89.66743469238281,92.84257387557327,87.0951754717283,91.77748900813467,281990
2010-10-26,88.13346099853516,90.5650451829579,87.75163599677683,89.66743548158698,156205
2010-10-27,87.9325180053711,89.62726285166771,87.21576295668947,88.15357301418173,85435
2010-10-28,87.1219711303711,89.22533066681189,85.2262716242637,88.42150088483615,25095
2010-10-29,86.74687194824219,87.08849687626385,85.07222191063134,86.41194194072001,277650
2010-11-01,84.40234375,87.63107323457325,83.73248387896825,86.39852330372447,38385
2010-11-02,83.87985229492188,84.76406710367314,83.46453734284736,83.59851238091582,41410
2010-11-03,83.36405944824219,87.47699867429696,83.06932457829504,84.00042939623943,78375
2010-11-04,83.47794342041016,85.72867311597794,83.21669846562332,84.38895330245548,19775
2010-11-08,82.49324798583984,85.72867254032128,81.99085305914244,85.72867254032128,36935
2010-11-09,80.75830078125,83.06262026928168,80.38318090575646,83.06262026928168,48875
2010-11-10,78.20614624023438,82.37267579124718,77.05398635158606,81.4549658542132,90630
2010-11-11,79.2109375,81.32099732233657,79.03007756580006,79.3114175126114,129705
2010-11-12,79.18412780761719,80.38317748504407,76.53148356388571,80.36978253747148,709185
2010-11-15,79.03007507324219,79.71332993832401,78.11906517938273,78.3736101074278,16105
2010-11-16,76.79273986816406,79.98127447881984,76.23005999543832,79.98127447881984,30045
2010-11-18,76.98699951171875,78.36021436881114,73.8319599550003,77.69035446010764,36950
2010-11-19,77.13436889648438,78.22623869917075,73.89894433660247,74.8970341616655,44560
2010-11-22,79.05016326904297,80.0683480044698,75.4932039480409,78.77551827417858,25685
2010-11-23,78.81571197509766,79.37839179293489,76.36402248434243,78.36690199396553,76475
2010-11-24,77.44921112060547,79.03008104945764,76.36403613569395,77.97170107646532,64660
2010-11-25,75.92190551757812,77.70373499734109,74.76305095241237,76.4176054377281,12595
2010-11-26,73.67788696289062,76.3640265196899,73.41664201785751,76.3640265196899,18125
2010-11-29,72.05012512207031,75.29224951170916,71.2998853474226,75.01090959621627,30800
2010-11-30,74.15348052978516,74.622385473322,71.00514139880507,71.68170125254224,38585
2010-12-01,75.18507385253906,76.35063375985614,72.37166431276609,73.14869914035201,23395
2010-12-02,74.40803527832031,75.69416499684948,73.95253036417975,75.69416499684948,26785
2010-12-03,73.81855773925781,75.02430758396453,72.74678293875482,75.02430758396453,19540
2010-12-06,72.12381744384766,74.34105728759748,71.67501251725241,73.81856224921903,13030
2010-12-07,71.84918975830078,72.6061297682783,71.01186470320889,72.34488475993975,182775
2010-12-08,71.58792114257812,74.93052022924833,71.00514125659059,73.01472072611674,18880
2010-12-09,68.56015014648438,73.4166337417205,67.32091052706632,73.4166337417205,33950
2010-12-10,70.52284240722656,71.00514230473229,67.46158317455132,69.53145271624254,140395
2010-12-13,71.50083923339844,72.1974940933565,69.07594983785944,71.94294918920119,17335
2010-12-14,73.43673706054688,73.80516204008119,70.34198767495998,73.00133222552947,18185
2010-12-15,71.99655151367188,73.54392640229595,71.67501648078358,73.02813136567062,20090
2010-12-16,71.42716979980469,71.99655488702727,69.81280986095491,71.27310486210128,10825
2010-12-20,69.99364471435547,72.07690897153519,69.67880981025203,72.07690897153519,7035
2010-12-21,70.34200286865234,71.93626789314139,69.79941277153782,71.93626789314139,2250
2010-12-22,70.37548065185547,71.66161556573796,69.67213081130505,69.67882573076824,4865
2010-12-23,71.05204772949219,71.28649769988957,70.33529775677675,71.27980277975396,2740
2010-12-24,69.73240661621094,71.66830109760869,69.20991677149111,69.79939157644748,4265
2010-12-27,69.83290100097656,71.63482593318862,69.45108102726675,69.94677596790514,10140
2010-12-28,70.529541015625,70.82428097163502,69.7993911547706,70.0673361047229,9070
2010-12-29,69.88648223876953,71.13911693876251,69.55824721917887,70.33528713009723,7445
2010-12-30,71.86927032470703,79.04346934429091,69.66543060852759,69.66543060852759,134715
2010-12-31,72.00322723388672,73.1486868589308,71.23288745499754,73.1486868589308,19140
2011-01-03,71.51423645019531,72.34486120340762,70.7371965989847,71.01853649933686,6015
2011-01-04,71.03863525390625,72.8204596999899,70.87117030055958,71.67500003237366,5530
2011-01-05,70.33528900146484,72.33816865729335,70.06734402123894,72.33816865729335,6645
2011-01-06,68.88838958740234,70.97165428296925,67.5486697888706,70.00035947328391,8445
2011-01-07,69.16973876953125,70.33529363304653,68.32571381495949,70.31519865256578,16605
2011-01-10,68.80131530761719,69.65873523160474,67.8166203568851,69.12954525431927,9355
2011-01-11,67.08645629882812,68.96206056919605,66.98597631223488,68.86158569322723,13550
2011-01-12,67.35441589355469,68.99557062633875,67.1534558766064,67.1534558766064,7305
2011-01-13,66.75154113769531,67.3276210698709,66.58407615998439,67.19364602132684,6155
2011-01-14,66.12187194824219,66.96589687660882,65.64627201933635,66.65106189718334,6355
2011-01-17,64.67497253417969,66.98598704290998,64.30654756119358,65.91421227234848,9345
2011-01-18,64.82904052734375,68.32571003507408,62.9668308166369,64.98311055354903,26625
2011-01-19,62.68549728393555,64.17258723657261,62.29697727438377,64.17258723657261,13790
2011-01-20,62.51131057739258,62.96681540388823,62.29695566554899,62.29695566554899,3655
2011-01-21,62.759178161621094,63.63669303010977,62.430943117920584,63.36874803733154,3835
2011-01-24,63.26157760620117,63.63669755639644,61.62711763356287,63.62999752567838,11795
2011-01-25,62.48453903198242,64.30655902197181,62.296979052535185,63.62330408103885,2585
2011-01-27,61.5400276184082,62.94003228272662,60.95724769621275,61.62710756100629,36900
2011-01-28,58.83380126953125,60.95725610738101,57.34001131624641,60.95725610738101,48905
2011-01-31,56.181148529052734,58.27780805964955,53.72275894866825,58.27780805964955,14740
2011-02-01,55.551483154296875,57.60125286613662,54.935213256840235,57.58785791646391,11615
2011-02-02,54.53329086303711,56.268225358490625,54.18496089172509,56.268225358490625,19160
2011-02-03,53.180171966552734,54.928506547210276,51.458632392607846,54.928506547210276,24420
2011-02-04,52.89213943481445,53.72276431665121,52.51701950958993,53.72276431665121,15375
2011-02-07,52.168697357177734,53.588802462252964,50.936157353646614,53.588802462252964,12660
2011-02-08,50.768680572509766,52.76486013935654,50.246190687370344,50.92944551163914,17640
2011-02-09,49.46246337890625,51.56582862662666,49.167728433681575,50.37347345096777,26020
2011-02-10,51.458641052246094,53.588795893435176,49.56963620142754,50.23949615009548,1571915
2011-02-11,54.53329086303711,54.82802571111856,51.311261626212904,51.311261626212904,327575
2011-02-14,63.16779708862305,65.4453168935567,55.0624873793703,57.45388726305142,707200
2011-02-15,65.7266616821289,73.2826812784237,63.234781791728295,64.17928168595216,911975
2011-02-16,70.14773559570312,71.54104553442146,66.8520258300095,66.8520258300095,337110
2011-02-17,69.51805877685547,71.00514855485532,68.05776400781173,70.73720357591948,97270
2011-02-18,68.45968627929688,71.976451090438,68.06447135362147,71.976451090438,78080
2011-02-21,68.73431396484375,71.64820305058913,65.52568493393687,68.4596689958297,268040
2011-02-22,68.51997375488281,69.10275374147902,67.95059382901339,68.33241378971414,14135
2011-02-23,67.83671569824219,68.92189067003163,67.1199657476045,68.37260570889458,40055
2011-02-24,67.36112213134766,68.43290225432368,66.98600215468188,67.66256220741955,27645
2011-02-25,67.7429428100586,68.5936679077985,67.05968782999021,68.17835285050114,110505
2011-02-28,68.35250854492188,68.71423352396617,67.68934863865354,68.70753349362487,22510
2011-03-01,67.77641296386719,68.33239780961392,67.02616816801769,68.3256977808174,528235
2011-03-03,63.97163009643555,73.68460011107759,59.62424012085731,68.7142401301352,986900
2011-03-04,64.05199432373047,66.85200842255752,63.636679418228766,65.63286382128591,108925
2011-03-07,62.45773696899414,64.5744967509651,60.56873221537633,62.310366970170136,46045
2011-03-08,62.745784759521484,64.80225474808502,62.03573479734275,62.1630098323092,270900
2011-03-09,61.10462188720703,63.623296583051136,60.63571688322312,62.29697171085448,37205
2011-03-10,60.48835372924805,62.283578546251086,59.718013787546525,61.225198630195976,26570
2011-03-11,60.33427429199219,61.22518908665845,59.892169464587234,60.16010930634786,23810
2011-03-14,59.46346664428711,61.627116572632104,58.28451678950482,60.2873966471401,42900
2011-03-15,57.96297073364258,58.81369558646515,57.87589079487431,58.291200621980636,13465
2011-03-16,58.71992111206055,64.28645522906699,58.35149612390861,58.947671024281426,36815
2011-03-17,60.984046936035156,61.62711183758709,58.143842343191075,58.7199222757403,69875
2011-03-18,61.63380432128906,62.43093404288483,59.89216978733518,62.43093404288483,18315
2011-03-21,61.66730499267578,62.564919977831245,60.94386013507942,61.63381506175163,30460
2011-03-22,61.298885345458984,62.430945183701645,60.95725534059689,61.09122528610611,22285
2011-03-23,63.851051330566406,65.62618125080036,60.68931149434801,60.68931149434801,132665
2011-03-24,62.54481506347656,64.97640444140733,62.03572015440394,64.44051452547562,15635
2011-03-25,62.1763916015625,63.087401414163246,60.9572468686152,62.56491154441799,26300
2011-03-28,62.20320129394531,62.69889627321085,61.30558621787528,62.49794133543492,38300
2011-03-29,61.98883819580078,62.430943089652864,61.22519828863528,61.90845316481601,35320
2011-03-30,64.3802490234375,64.58120908021934,62.290283853287185,62.966843926451084,142475
2011-03-31,66.76492309570312,73.65778085030429,63.67017418060127,64.84242879647309,1586040
2011-04-01,67.43479919433594,68.19174420026708,65.00990947294802,66.76493925174245,153270
2011-04-04,67.85010528564453,70.06733976896838,66.85201553326651,67.91039021945842,109595
2011-04-05,68.16494750976562,68.60035748384844,66.97929257863818,68.32571246105174,87550
2011-04-06,67.89030456542969,70.3084993814931,67.64915457580489,67.69604456764161,110180
2011-04-07,68.16494750976562,68.861602446173,67.51518256375944,68.43958742193666,37570
2011-04-08,67.32093048095703,68.4329005420018,65.09699546949375,65.09699546949375,44815
2011-04-11,67.37451934814453,67.92380433818865,65.69986936500688,66.98599932550631,30200
2011-04-13,69.1831283569336,70.05394825485361,66.71804376673542,66.7247437965849,136430
2011-04-15,69.12284851074219,69.53146348102221,68.1247535253037,68.45968349368891,25230
2011-04-18,67.62905883789062,69.58504863350173,67.3075289290748,69.58504863350173,29105
2011-04-19,68.54676818847656,69.38409310494688,67.30752833422564,67.8434132143912,31095
2011-04-20,68.53337097167969,68.8616060322068,60.05964655388034,60.05964655388034,19295
2011-04-21,68.36589050292969,68.86159044147001,67.93048571537703,68.72761541323285,18480
2011-04-25,67.910400390625,68.76112539533216,67.65585544757823,68.76112539533216,15250
2011-04-26,68.1113510131836,68.44628094438323,67.5352711226702,67.93049109901087,18500
2011-04-27,71.20612335205078,72.41186834168658,68.32572317399455,68.33911812594125,351430
2011-04-28,74.03961181640625,75.68077159094719,69.14293772254446,69.14293772254446,338645
2011-04-29,75.11808013916016,76.18985483378938,73.81855044719573,74.83674024006214,167410
2011-05-02,77.29512786865234,78.36020769024039,75.29224834330765,76.36402308376175,210950
2011-05-03,76.84632873535156,77.56977865568709,76.02909883763462,77.56977865568709,316890
2011-05-04,76.47120666503906,77.43580142093852,75.69416674797738,76.83962653416287,318870
2011-05-05,76.83291625976562,78.67503069164046,73.75156223220903,76.36401644862917,82666
2011-05-06,77.8712158203125,79.57936066320185,76.23006105802712,79.00997564182165,32954
2011-05-09,78.44059753417969,79.6463474640094,77.26834264542192,79.61285242293745,21841
2011-05-10,76.56498718261719,79.00997168339984,75.69416728464984,77.73724198569805,10163
2011-05-11,76.49800109863281,77.06738612120907,75.32574623435922,76.83293105985385,10340
2011-05-12,75.02429962158203,77.03387907573155,74.4214247632122,76.69894916670663,8426
2011-05-13,75.99560546875,77.03389038338499,73.01473088512142,75.69417055063046,14901
2011-05-16,74.2204818725586,77.00039647798839,73.04822700162413,75.35924170293039,31777
2011-05-17,75.66067504882812,76.36403000098214,74.38794530397887,74.99081513653881,24038
2011-05-18,73.28267669677734,76.23006138406217,72.81377168367202,75.66067636024671,24791
2011-05-19,73.3831558227539,74.35445065644826,72.37836594901812,73.68459074062442,9774
2011-05-20,74.4549331665039,76.29704799688665,72.61281833612117,72.61281833612117,32926
2011-05-23,73.01472473144531,74.35444445128834,72.41184983539092,73.65108955412069,101561
2011-05-24,70.9716567993164,74.01952149329038,69.631936953284,73.28267660009769,7090
2011-05-25,69.33050537109375,71.84248020337975,68.79461536262238,71.67501521456069,5217
2011-05-26,72.74678039550781,77.67024938645461,68.32570630385406,68.99556616957813,7768
2011-05-27,72.37836456298828,75.2587590794966,70.36878485399973,74.42143420075136,17002
2011-05-30,72.74678039550781,73.65109019211026,71.13911569564503,73.61760026519917,4699
2011-05-31,71.84249114990234,84.67031227012212,67.18696579562787,73.0147462502504,118950
2011-06-01,70.67021179199219,83.39754851282491,70.03384700020051,83.39754851282491,52644
2011-06-02,73.85206604003906,74.32096600239197,70.70372603995231,70.73721597404821,26923
2011-06-03,72.78028869628906,74.9908235896441,71.7085137379388,74.95733365662991,61243
2011-06-06,72.1438980102539,73.51711263678541,71.00513840090437,73.51711263678541,10734
2011-06-07,71.97645568847656,72.37837578106912,71.27310574769213,71.67502072965841,9990
2011-06-08,72.3448715209961,72.51233650136878,71.37357667908482,72.3448715209961,53054
2011-06-09,72.91424560546875,75.02430521167207,71.67500587186528,72.07692077051705,13278
2011-06-10,72.244384765625,73.61759952072242,71.67500490764259,71.74198987141256,5838
2011-06-13,71.70851135253906,73.01473624104125,70.3352963789847,71.17262133587737,10215
2011-06-14,71.97645568847656,72.74679571844393,71.03865576743065,71.27310574769213,10458
2011-06-15,74.1869888305664,80.04826334313938,71.30658902585166,72.88076398344333,215158
2011-06-16,75.32572937011719,77.70373360663912,73.11519518733748,73.14868510958634,86515
2011-06-17,77.03389739990234,77.63677240167895,73.18220252990722,73.18220252990722,37270
2011-06-20,75.86163330078125,78.97648284254106,73.7515736040649,76.49799815839194,42844
2011-06-21,75.8951416015625,78.37362160816858,75.1582914979419,75.1582914979419,56671
2011-06-22,77.77073669433594,78.17265162940183,75.39273701399784,76.33053682560967,45983
2011-06-23,77.36882019042969,78.708540020567,75.69417040275805,77.70375014796402,33719
2011-06-24,77.33533477783203,78.50758977513514,76.09609480280827,78.30663484197319,15833
2011-06-27,77.56977844238281,78.30662331005,76.06259366780769,76.36402857847253,24186
2011-06-28,78.37361145019531,79.04347137712006,76.53149665115227,76.53149665115227,8975
2011-06-29,78.4071044921875,79.31141434835983,78.07217453726253,78.3736094524448,5579
2011-06-30,77.73725891113281,79.0099888859412,75.29226876738649,79.0099888859412,13743
2011-07-01,78.67503356933594,79.71331833134712,77.23483904932827,78.84249852381356,27201
2011-07-04,78.23963928222656,80.3831889431264,77.80422931999286,79.04346912740762,15604
2011-07-05,78.60804748535156,80.3831769995499,76.89990804048598,78.03866767039636,20202
2011-07-06,78.3401107788086,80.31620048757814,77.36881599883095,78.4405907827503,41294
2011-07-07,78.90950012207031,81.92386974303967,78.37361014520332,79.51236995776372,35140
2011-07-08,77.8712158203125,79.78031557313696,77.70375084005376,79.78031557313696,12378
2011-07-11,78.10566711425781,79.04347204196559,77.2348522683065,77.87121715998728,8903
2011-07-12,77.26834869384766,78.67505364834614,75.7611637188937,77.10088369663056,16045
2011-07-13,77.10087585449219,78.20614574583033,76.69896092417622,77.20135586472759,13618
2011-07-14,76.96691131591797,77.06739133320477,75.96212136430188,76.69896630669514,136820
2011-07-15,76.89991760253906,77.5362824553305,76.43101261202791,77.03388753661345,15928
2011-07-18,76.8664321899414,77.6367721839048,76.5984871776116,77.6367721839048,7184
2011-07-19,76.69895935058594,77.30183428900385,76.36402939708992,77.03388930408194,8875
2011-07-20,77.03389739990234,77.70375737729279,75.66068240200148,76.69896741120711,36402
2011-07-21,76.79943084716797,77.97168555448437,76.5314858919421,77.03388076650626,108782
2011-07-22,84.56980895996094,86.9478135531842,77.03388538927135,77.36881532574644,439316
2011-07-25,82.69419860839844,84.26837338570967,82.05783377844831,84.26837338570967,53924
2011-07-26,83.36405944824219,85.7420640501327,82.12481970089267,82.72769461087022,33185
2011-07-27,84.938232421875,87.71814675661733,83.73248262778483,84.67028745534105,34400
2011-07-28,84.46221160888672,86.23034583670838,83.9861786634701,86.23034583670838,10559
2011-07-29,81.8440170288086,84.25819662086622,81.60600056483511,83.03410453704578,5235
2011-08-01,85.0062484741211,85.8223063841248,81.70800707099913,81.70800707099913,28409
2011-08-02,83.95216369628906,85.68629313265481,82.42205131892023,84.32619324166029,5473
2011-08-03,83.54414367675781,85.4822851904565,79.7018600372398,85.4822851904565,4995
2011-08-04,81.60598754882812,84.70021665206878,80.31389170829789,83.68014180770842,23782
2011-08-05,80.48391723632812,81.60600078479298,76.8456507390134,80.2459007717131,13308
2011-08-08,80.85794830322266,84.1901944342624,74.1594566532124,78.20575219123715,58379
2011-08-09,80.00788116455078,81.60599757947492,76.19960231518255,80.245897619817,33881
2011-08-10,79.29383087158203,82.55807302552715,78.95380586339483,81.53799800096553,16458
2011-08-11,78.88579559326172,80.92594547929434,78.27374958977803,80.92594547929434,34780
2011-08-12,76.36961364746094,80.24589639812422,75.55355057106847,79.56584642864858,25961
2011-08-16,75.58755493164062,78.2057462690614,74.19345042280086,78.2057462690614,6517
2011-08-17,74.56748962402344,76.84565627229807,73.0713763888858,76.84565627229807,6986
2011-08-18,74.15943908691406,77.8657087375,71.81326396389832,75.92756767996084,448797
2011-08-19,75.45154571533203,76.36961736956474,71.47325423767946,72.8333542429193,31685
2011-08-22,75.85958099365234,84.32620157660014,72.45933093007976,76.50562643038319,17843
2011-08-23,77.28767395019531,78.1377363447457,76.02958264393455,76.84564046735528,318054
2011-08-24,76.67562866210938,80.21188617916054,74.97550385807148,78.20574098574349,16529
2011-08-25,77.89971923828125,78.20573962232534,74.39746116534678,76.7776358495045,11333
2011-08-26,76.16558837890625,78.85178339370759,74.87349253837601,78.13773411567672,25892
2011-08-29,78.37574005126953,78.8517728395742,76.26758669277021,76.77762404668303,13587
2011-08-30,81.09595489501953,82.79607973558598,76.98165070550102,79.15781361444763,31857
2011-09-02,82.1500473022461,84.32620536535894,80.2459051057448,80.92595514901383,23526
2011-09-05,81.19796752929688,82.28604644460954,79.56584656214311,80.95995107725497,16040
2011-09-06,80.14387512207031,82.2860332229871,79.59983834601393,82.2860332229871,16920
2011-09-07,83.71416473388672,84.32621085031307,78.37577258466598,81.60601050030297,43782
2011-09-08,85.61827087402344,87.01236985126872,84.25817127376371,84.93822107389357,24554
2011-09-09,84.63220977783203,85.00623930612662,82.5240560807139,85.00623930612662,11326
2011-09-12,86.29833984375,89.97061061785264,81.77600663065921,83.9521643991211,297407
2011-09-13,85.10826110839844,88.33849351759898,81.94602747520813,86.87639012413143,67661
2011-09-14,83.95216369628906,85.07424714403341,82.86408482116731,85.07424714403341,20117
2011-09-15,83.47613525390625,85.27826874309017,82.15003986493542,83.98617274018267,18752
2011-09-16,82.11602020263672,83.64613238032561,81.67398675807509,83.03408647157632,13850
2011-09-19,81.06195831298828,83.98617540234495,80.38190830973042,82.11603789338587,15086
2011-09-20,81.3339614868164,82.62605724686915,80.44989978978879,80.44989978978879,13758
2011-09-21,81.36798095703125,82.89809340850266,81.26597242259257,81.64000198607786,13249
2011-09-22,79.56584167480469,82.28604139018263,78.8857917459602,82.28604139018263,18483
2011-09-23,81.0279541015625,81.60599553224199,76.91364975146418,79.56584564393594,21611
2011-09-26,79.42984008789062,80.9259479751078,78.8857980261555,80.9259479751078,6980
2011-09-27,80.75592803955078,81.6059904399671,79.08980781008245,80.85793656527457,27713
2011-09-28,83.61213684082031,84.32619134286159,79.9058667966632,79.9058667966632,114275
2011-09-29,81.60598754882812,83.64613723754883,81.09595012664795,83.5781332855986,16962
2011-09-30,72.15330505371094,79.73586370607805,67.32495101835161,79.73586370607805,1676688
2011-10-03,69.73912811279297,75.14552342406323,69.05907812705483,73.07136889221408,857469
2011-10-04,66.23686218261719,71.33723650075964,65.28479127222346,70.65718659167399,401207
2011-10-05,67.69896697998047,68.0049873476976,66.61088303172228,67.08692105617745,95736
2011-10-07,68.71904754638672,74.66948443774339,68.07299699944646,68.37902258116634,102195
2011-10-10,67.86898803710938,69.19508338285814,65.99885064838348,66.13485856494304,39241
2011-10-11,68.2090072631836,71.40523972804365,68.00499021718444,69.29708606898474,86812
2011-10-12,68.9910659790039,71.40524539878685,68.68504557407117,70.72519544260793,196485
2011-10-13,69.22908782958984,71.60926268361584,68.34502080846097,70.58918774617612,550030
2011-10-14,67.8349838256836,70.04514620596903,67.4609542705952,69.97714224732646,223666
2011-10-17,67.97099304199219,69.84113047643626,67.66497262806735,68.68504759230957,258114
2011-10-18,67.18892669677734,68.68503427899212,65.62480997943307,67.66495951247244,67733
2011-10-19,67.76697540283203,68.65103718368617,67.46094982654591,68.00499183658626,121320
2011-10-20,68.00499725341797,68.61704326637263,66.91691833503718,67.66497226715087,30290
2011-10-21,67.5629653930664,68.27701995711358,66.71290290651959,67.39295289575703,74511
2011-10-24,67.52896881103516,68.00500174792266,67.32495173044344,67.66497673918305,16041
2011-10-25,67.97099304199219,68.00499761614809,66.7809055837096,67.05292661184811,28417
2011-10-28,67.66497802734375,69.2970991380391,67.32495301213096,68.20902012703219,45523
2011-10-31,67.76697540283203,68.5490338466266,64.23071271430807,68.00499183658626,24212
2011-11-01,67.8349838256836,68.20901338077199,67.32494635331004,68.00499631647479,131266
2011-11-02,67.66497802734375,68.00500304255654,66.1688700357555,67.32495301213096,39410
2011-11-03,67.66497802734375,68.0390076194258,67.66497802734375,67.66497802734375,19377
2011-11-04,67.8349838256836,68.65104170613351,67.66497133489241,68.00499631647479,79202
2011-11-08,68.03900146484375,68.51503436773329,67.01892651147799,67.01892651147799,38021
2011-11-09,70.55518341064453,72.76534578254424,68.00499605845256,68.00499605845256,915057
2011-11-11,69.12708282470703,70.72519927055033,68.0049992986061,70.72519927055033,32649
2011-11-14,69.39910125732422,70.58918870042523,68.34502173237266,70.04514665108839,31791
2011-11-15,70.24916076660156,70.72519364850339,68.31101428996156,68.68504383171964,350951
2011-11-16,70.52119445800781,71.40526167794008,68.17502364965232,69.70513639989389,630433
2011-11-17,70.35116577148438,71.40524527711334,69.80712892048992,70.11314932490122,16133
2011-11-18,70.11314392089844,70.65718591833001,69.36509006570677,69.56910711183586,27670
2011-11-21,70.21517181396484,71.33725550048196,69.43311317255169,71.33725550048196,11706
2011-11-22,70.24916076660156,70.65718969228446,69.77312269633045,70.21515619430745,17017
2011-11-23,70.55518341064453,71.23523337122906,68.34502103874482,69.36509597962161,50234
2011-11-24,72.01728820800781,72.69733813407329,70.0451423847441,70.72519231080958,120167
2011-11-25,72.08528900146484,72.76533889770508,70.99721020515426,72.01728504951461,10304
2011-11-28,72.49332427978516,74.09144063888452,71.54125330360806,73.37739129802875,17914
2011-11-29,72.86734008789062,73.7174023726575,71.54123981063323,72.08528174823141,11504
2011-11-30,76.84564208984375,77.28767558201669,72.76534250985205,74.12544236984928,173126
2011-12-01,78.47777557373047,79.39584208912125,77.18567946137269,78.13775055407685,255365
2011-12-02,78.44377136230469,79.56585497006942,76.70964686700471,78.20575488511098,108152
2011-12-05,77.21966552734375,78.8857856488909,76.87964058920198,78.20573577260737,11336
2011-12-07,74.87349700927734,77.79771381307091,73.64941023597272,76.84564286381003,9536
2011-12-08,72.05128479003906,76.13158418779574,71.40523946074185,76.029580853547,13287
2011-12-09,71.37124633789062,73.13938051121077,70.04515089627033,71.57526341584905,5188
2011-12-12,70.72520446777344,72.42532957517184,68.75305830551729,71.4052545107328,45355
2011-12-13,69.33110046386719,71.40525518997156,68.85506750461542,71.40525518997156,516729
2011-12-14,69.39910125732422,71.13322556139256,69.05907627358107,70.55518412670311,12260
2011-12-15,67.69896697998047,69.16107005726094,66.0328416769406,68.75304117084852,10262
2011-12-16,66.78089904785156,69.29708682641105,66.03284518496,68.37902048611828,12136
2011-12-19,66.81491088867188,68.54904042219898,65.3868069607864,66.78090631414403,515388
2011-12-20,68.54903411865234,69.26308342274861,66.16885939492649,66.16885939492649,234615
2011-12-21,68.03900146484375,69.36509682887143,67.8349843988228,69.36509682887143,88131
2011-12-22,68.41302490234375,69.36509588351689,67.52896306783039,68.3790255173833,68325
2011-12-23,68.41302490234375,69.33109131018699,68.20901302747271,69.33109131018699,1303
2011-12-26,70.04513549804688,70.62317684069683,66.98491113162736,66.98491113162736,345510
2011-12-27,68.41302490234375,69.70512086333805,68.14100388081293,69.36509588351689,6994
2011-12-28,67.2569351196289,69.29708478844454,66.13485176410653,69.29708478844454,12482
2011-12-29,67.5629653930664,68.00499892374468,66.88291540382896,68.00499892374468,2425
2011-12-30,67.12093353271484,68.48103354503628,66.98492560683063,67.25694664696887,4153
2012-01-02,67.59696197509766,68.44702436113165,67.01892059026834,67.97098631193118,6785
2012-01-03,67.73295593261719,68.1749893199965,66.71288127945016,67.39293104822818,10400
2012-01-04,66.88290405273438,68.58302873728974,65.99884232978685,67.35894207743115,19932
2012-01-05,66.13485717773438,67.97098995462194,65.82883677770955,67.66496955459712,28053
2012-01-06,65.93085479736328,66.64490947422098,65.79484685337633,66.03286334953874,10872
2012-01-09,68.3110122680664,69.29708776334722,65.45480468445598,66.03284607776177,43121
2012-01-10,66.71290588378906,69.36510199785148,65.96485189991759,69.29709803356678,683234
2012-01-11,66.47488403320312,67.90298792105072,66.30487154206962,67.32494648887068,45586
2012-01-12,66.47488403320312,66.95091693302916,66.0328505185821,66.64489652433663,14705
2012-01-13,67.01892852783203,67.3589535225174,65.6248239742742,65.96484896895956,46087
2012-01-16,68.2090072631836,68.92305654744263,66.23686150921144,66.64489041284075,40147
2012-01-17,68.48101806640625,71.06520958106516,67.35893996055802,67.35893996055802,24947
2012-01-18,68.34503173828125,69.02508180532882,68.03901128345795,68.95707783629813,9064
2012-01-19,68.68504333496094,69.29708931324335,67.56295990617139,67.66496843394667,10165
2012-01-20,69.19508361816406,69.63711713103999,69.02507112770174,69.05907570114199,13238
2012-01-23,68.65105438232422,69.87514661739316,68.17502139555877,69.50111699324141,4967
2012-01-24,69.29708862304688,69.70511754171478,68.37902225895179,68.37902225895179,9224
2012-01-25,68.78706359863281,69.90914721886325,68.34503002843655,68.68505505345365,8118
2012-01-27,69.26307678222656,69.7391147943536,68.03899015468987,68.855047906381,4225
2012-01-30,68.88904571533203,69.97712434028402,68.34500380867196,69.97712434028402,29917
2012-01-31,69.46710205078125,70.38516842737754,67.39294766911952,68.03899822181266,13582
2012-02-01,72.32330322265625,73.44538655491905,68.24300396960518,68.75304137623657,67049
2012-02-02,75.21353149414062,75.7575735878019,72.0853024265131,72.76535244940473,35789
2012-02-03,73.44538879394531,75.82556343078613,72.76533889770508,75.48553848266602,22729
2012-02-06,72.5953369140625,77.18567437701259,71.7452744209236,73.78542440445698,316648
2012-02-07,74.36346435546875,75.75756889131904,71.40524797695454,73.44539791915325,418233
2012-02-08,77.42369842529297,78.20575703330002,74.97551924279415,75.41755282022163,293215
2012-02-09,79.15780639648438,79.56583528334056,77.52568566069081,78.17173096584905,211602
2012-02-10,78.64776611328125,80.21187765373088,77.59368677146436,78.88578252287482,90766
2012-02-13,80.78993225097656,82.1160275143703,78.5117608773153,78.88579040717974,456291
2012-02-14,81.63999938964844,81.9460197948624,80.55191530806675,81.60599481646048,66807
2012-02-15,86.00163269042969,87.93622974481563,83.04697751788449,83.04697751788449,137940
2012-02-16,84.7705307006836,85.89611343737678,83.75047251963079,84.41878576001686,33552
2012-02-17,82.9062728881836,85.82575666795172,82.3083076241832,85.6498842157633,28476
2012-02-21,84.20772552490234,84.91121531330487,81.04202147709096,81.04202147709096,42899
2012-02-22,82.48419189453125,85.8257689648854,81.78070198498301,84.20774002604362,353445
2012-02-23,83.71527862548828,84.03184685996487,80.86614304639598,81.60480941644235,262355
2012-02-24,84.41877746582031,84.9463948249817,83.01179784138998,83.01179784138998,647134
2012-02-27,80.9716796875,83.71529114293568,80.90133177678659,83.36354622216705,14339
2012-02-28,80.83098602294922,82.87110769128577,79.4943542149217,81.04202976072091,21502
2012-02-29,81.32343292236328,82.27314323209185,79.14261526408232,81.60482996118711,288121
2012-03-01,81.28824615478516,82.06208383866814,73.16293705601119,73.16293705601119,10710
2012-03-02,80.2681884765625,83.71528971472684,79.63504655654025,81.32342322086578,22504
2012-03-05,80.69027709960938,82.87109975138355,77.55974966805148,77.55974966805148,94268
2012-03-06,78.01701354980469,81.60481016463739,77.41904834186604,79.49434093624158,15984
2012-03-07,81.42893981933594,81.88620923733394,77.73561857483041,78.0873634552595,20492
2012-03-09,83.39872741699219,83.64494780154034,80.1978463162607,80.1978463162607,33743
2012-03-12,82.69524383544922,84.38361538220263,81.60483229156891,83.01181215866492,11723
2012-03-13,83.92633819580078,84.34843101699045,82.37865736183682,82.37865736183682,21242
2012-03-14,83.43390655517578,85.12228349968437,81.60483376829245,85.12228349968437,14001
2012-03-15,81.6400146484375,83.71530795075586,81.14756844017029,82.4842004808918,257006
2012-03-16,81.49929809570312,82.44900832030635,79.91644593229724,81.07720525890188,7218
2012-03-19,82.20278930664062,83.64494567071571,80.19784427324973,80.90133413529578,19363
2012-03-20,83.04698181152344,83.96151542783122,81.60482542226646,82.9414572569336,354842
2012-03-21,84.17256927490234,84.3484417533843,82.30831992955324,82.30831992955324,31753
2012-03-22,82.97663116455078,84.17256720919951,81.95657296126984,83.01180780626473,303070
2012-03-23,82.34349060058594,83.4338966677766,81.07720670046587,81.11238334049209,21715
2012-03-26,80.16265869140625,82.23795677327098,79.63504135372555,81.71033943559029,6913
2012-03-27,80.9716796875,81.42894915793954,79.59987664338294,81.1827287868418,6741
2012-03-28,80.05714416503906,81.42894717576314,79.21295315542304,79.98679088883667,14388
2012-03-29,81.1827392578125,82.2027975127283,79.00192154120482,79.49436234691544,3997
2012-03-30,81.11238098144531,84.34843318327817,79.59987674673602,82.41383611653877,14589
2012-04-02,83.04698181152344,83.99669206842843,81.49930086767662,83.01180517092622,7572
2012-04-03,84.48912811279297,84.77052512024238,83.01180053268548,84.418780202731,34557
2012-04-04,91.62954711914062,93.56414408326836,83.43388981585016,84.41877661648273,123114
2012-04-09,89.27286529541016,92.36822178710636,88.25280176680025,91.45368281210462,105312
2012-04-10,88.7804183959961,90.01152565392029,87.9362327088716,89.34321243221355,11229
2012-04-11,86.21269226074219,90.0467101964443,84.34844289026599,88.53420578767296,15904
2012-04-12,86.14234161376953,88.35833601384168,84.62984252586216,87.19757653121319,139391
2012-04-13,85.82577514648438,87.51415212444586,84.91123605132118,86.17752012659291,209935
2012-04-16,87.61966705322266,93.21240947483183,85.19262373714177,85.19262373714177,110011
2012-04-17,89.73011779785156,91.03156736626043,87.93621682768647,87.93621682768647,18764
2012-04-18,90.71501922607422,92.43856731078507,88.99147114136336,90.0467059770317,47463
2012-04-19,89.41355895996094,92.15717045142065,87.58448642138833,91.38332732180773,70365
2012-04-20,87.2679214477539,93.14205548403466,86.5644315702781,90.67984091286935,236778
2012-04-23,87.61966705322266,89.90600917241665,86.88100052937155,89.13216600754335,30870
2012-04-24,87.72518920898438,90.926070430999,86.52925851460641,89.16734566444197,80023
2012-04-25,86.42373657226562,89.6246178912097,84.62984047637572,86.59960905424713,50919
2012-04-26,86.00163269042969,87.58448482583637,84.06703563604374,86.88099498787784,43570
2012-04-27,88.18244934082031,89.20251281722958,85.82575947778057,87.90105233466598,31640
2012-04-30,87.54930114746094,89.76529503228866,86.91616463796824,89.20250642749502,16935
2012-05-02,87.30309295654297,89.34321468016022,85.82576528330353,85.82576528330353,15154
2012-05-03,86.45890808105469,87.93623576852553,85.54436908218126,87.93623576852553,9553
2012-05-04,84.70018005371094,86.5644292525476,84.41878303681455,85.57954237701108,91936
2012-05-07,83.82081604003906,85.86093766239365,81.60482195657117,85.86093766239365,31050
2012-05-08,82.73040008544922,85.8257563042901,82.37865518256278,85.12226649851723,9723
2012-05-09,83.92633819580078,85.68506275675888,82.41383399993654,83.6449411926072,11128
2012-05-10,83.92633819580078,85.47401366256334,82.76557891212816,84.66499929108234,9498
2012-05-11,85.33332061767578,87.0920452357878,82.51936122869655,82.51936122869655,94715
2012-05-14,85.26296997070312,87.93623361962028,83.92634351344631,87.93623361962028,9118
2012-05-15,86.17749786376953,87.30308043589692,84.59464586219009,84.59464586219009,21968
2012-05-16,84.62982940673828,87.23273965272112,83.04697727594294,84.94639768601674,29388
2012-05-17,84.20772552490234,87.05686131481305,83.68010818360044,84.66499496080421,10962
2012-05-18,82.80075073242188,86.17750405874725,80.47923751687445,86.17750405874725,50308
2012-05-21,83.1173324584961,84.41878769535916,81.39377898939466,83.15250373304798,7048
2012-05-22,82.4138412475586,84.77053129305374,81.99174838924932,84.20773723717345,4016
2012-05-23,82.87110900878906,83.57459888028234,81.85104547480273,81.85104547480273,3078
2012-05-24,83.15250396728516,83.71529803372039,81.6048283353913,81.6048283353913,3285
2012-05-25,83.71527862548828,84.3484204616422,82.37864705298571,82.73039192116003,8693
2012-05-28,84.13737487792969,85.12226162304142,83.01179232660239,83.01179232660239,3058
2012-05-29,84.0670394897461,85.08709765466565,83.71529455464255,83.75047119503363,3680
2012-05-30,82.9062728881836,84.73534531750296,82.66005252856006,83.7152872416906,2010
2012-05-31,82.4138412475586,87.23274589492667,81.11238603143757,87.23274589492667,3565
2012-06-01,82.51935577392578,85.61470660342991,81.60481688608058,85.61470660342991,3269
2012-06-04,80.9716796875,82.73040429134319,80.47923894530453,81.60482161832387,6640
2012-06-05,82.94145202636719,83.15249575503594,80.86615380764822,80.90133044602707,31649
2012-06-06,84.34843444824219,86.17750699260407,83.18767511735045,83.36354758060067,7666
2012-06-07,86.599609375,87.58449635118468,84.41879166379248,84.41879166379248,18317
2012-06-08,85.82577514648438,91.31299898305862,83.29321236314335,88.53421041987966,13683
2012-06-11,85.61471557617188,88.11210677742267,85.22779936553422,87.12721987972368,5474
2012-06-12,85.79058837890625,86.95134774974349,85.29814761173982,85.6147159096037,4222
2012-06-13,85.79058837890625,86.45890698257706,85.12227514243727,85.7202404646256,3105
2012-06-14,85.86092376708984,86.5292368642833,85.1926053026957,86.5292368642833,3270
2012-06-15,84.5242919921875,86.7402857114375,83.8911501628017,85.47400205266587,6828
2012-06-18,84.41877746582031,86.8809918085734,83.7856355613864,84.41877746582031,4531
2012-06-19,84.59466552734375,86.03682205535611,83.75047974380628,84.48914096260098,1999
2012-06-20,84.84086608886719,85.82575285075872,83.71528351836302,83.71528351836302,1981
2012-06-21,85.26296997070312,85.40367116481558,84.48913218829082,84.77052920931396,4325
2012-06-22,84.45396423339844,85.68507155244389,83.71529769509038,84.38361094997711,5182
2012-06-25,84.41877746582031,85.68506127468815,84.24290501276651,85.08709064054419,1456
2012-06-26,84.24290466308594,85.26296273968327,83.78563521360387,83.85598312109312,2590
2012-06-27,83.78565216064453,85.54437703961356,83.22286341969587,85.43885247343495,4174
2012-06-28,83.2580337524414,85.12228317644028,83.04698998968071,84.38361658877204,1570
2012-06-29,83.22284698486328,84.41877751950912,82.5193571722007,83.01179789418397,20497
2012-07-02,84.10221862792969,84.41878693204407,83.22285626405423,83.25802753828809,6924
2012-07-03,84.98158264160156,85.12227847567227,83.71529866615703,84.06704361853583,10237
2012-07-04,84.9463882446289,85.26295648872232,84.48911882867105,84.48911882867105,2172
2012-07-05,87.61966705322266,89.62461214584471,84.17256555392058,84.80570752190698,388242
2012-07-06,87.37345123291016,89.80049482489251,85.40368255739094,88.53421074497106,43671
2012-07-09,85.43883514404297,87.97140274984456,84.62982615756883,87.97140274984456,11182
2012-07-10,86.63477325439453,87.05686607708557,84.62982832121104,84.62982832121104,344708
2012-07-11,85.26296997070312,87.7955377927096,84.87605376309786,85.8257640127494,114339
2012-07-12,85.33332061767578,87.72518180454685,83.89116428394328,84.80570323224218,102723
2012-07-13,91.20745849609375,99.05137708565138,88.49902890325394,89.34321461096499,2517953
2012-07-16,89.2376937866211,92.71997205272322,88.00658644720362,91.20746230936784,191980
2012-07-17,90.15222930908203,93.35311060456172,88.63973026889047,89.94118555257265,253940
2012-07-18,92.0516586303711,92.50892277618756,90.08188474376917,90.57432553181862,85516
2012-07-19,92.19235229492188,93.56415543448658,90.1170592648723,92.57927388156932,66316
2012-07-20,92.9310073852539,93.4937906408295,90.75018469948967,91.10192960142567,50356
2012-07-23,93.77519226074219,94.61937787182595,91.45367377946002,93.1772216384232,67149
2012-07-24,99.22724914550781,101.6542870705538,92.15717374562317,96.3781130011479,584516
2012-07-25,99.57899475097656,101.58393447014835,97.96096587863188,100.59905293101873,189025
2012-07-26,97.78510284423828,101.30255258683677,94.09178061450984,101.30255258683677,54049
2012-07-27,95.25251007080078,100.59903658886486,94.61937357484143,100.59903658886486,116844
2012-07-30,98.06647491455078,98.48857309299609,95.2876923205932,95.2876923205932,41534
2012-07-31,99.68450927734375,101.09148897281622,96.55398160179816,97.46852055073589,38683
2012-08-01,105.31243896484375,108.12639864718777,98.52376552495055,99.1920788026264,452345
2012-08-02,103.94062042236328,105.52347251001349,103.76474796817993,105.52347251001349,57154
2012-08-03,111.2920913696289,114.8447172349569,101.33771435328518,103.83510545075752,665152
2012-08-06,109.63890075683594,115.899956318842,109.04093007235515,113.71913342363348,340528
2012-08-07,108.3374252319336,110.65894363378402,106.78974987550068,110.37754128344943,191043
2012-08-08,114.59848022460938,119.20634040461027,108.26707224016903,109.35748353992528,481194
2012-08-09,115.5833740234375,117.65866674591702,111.4327778440762,115.12609922175072,214433
2012-08-10,113.6839828491211,120.12091174707652,112.66391381045061,115.3371778293017,308124
2012-08-13,114.28192138671875,116.42756752730497,112.62872671745622,112.62872671745622,70060
2012-08-14,115.3019790649414,116.39239045041863,113.82465685974257,115.12610660710324,137647
2012-08-16,119.59329223632812,122.40725205365348,114.80955839999403,116.07584246467141,325563
2012-08-17,122.82933807373047,123.81421961783813,119.34705455945577,120.47264266792489,213496
2012-08-21,123.32177734375,130.14562699042108,120.7540328570806,123.67352228156194,336125
2012-08-22,125.60809326171875,127.19094515199255,121.87959555108242,123.70867314027046,159746
2012-08-23,124.69357299804688,127.33165987388708,123.84938734465861,126.55781676321276,76694
2012-08-24,120.61334228515625,124.86945836504275,119.69880326010892,124.41219421972113,95470
2012-08-27,117.6938705444336,122.75899602733377,116.2517140029622,120.61334953728165,52984
2012-08-28,114.56333923339844,118.85462135973019,111.57350703509658,117.51799478836878,72397
2012-08-29,118.7842788696289,121.5278853004504,112.91013366554147,114.66885848899226,149954
2012-08-30,124.37700653076172,126.27642696214171,114.42261880034654,119.52292016789823,131387
2012-08-31,126.38195037841797,128.03515586048786,121.77410033469793,123.88456993679388,104850
2012-09-03,133.24099731445312,134.71833055952064,126.62819582618128,129.33663653067,176334
2012-09-04,131.0601806640625,137.1805411210435,129.82907324374546,134.57763043639696,213714
2012-09-05,129.65316772460938,132.9243908857397,128.80898214119532,131.09532391074288,48916
2012-09-06,129.7587127685547,132.95959403099656,128.73865453794906,130.42702604140635,97953
2012-09-07,128.7386474609375,132.92441008122933,127.89446175561537,132.57266514281147,56174
2012-09-10,127.47235870361328,130.84911213130172,126.62817303029199,129.44213243096513,69765
2012-09-11,127.50751495361328,130.07524820236682,126.66332941528346,127.47233831984923,64545
2012-09-12,127.47235870361328,130.5677204849957,126.62817303029199,127.68340780554442,75645
2012-09-13,124.90463256835938,128.7034736943443,123.81422108803285,127.54271966540553,28095
2012-09-14,123.21623229980469,127.61304348284656,122.4072233358859,126.6281620716061,70881
2012-09-17,117.55316925048828,124.34184264572964,116.07583613321296,122.30172618321063,80125
2012-09-18,119.31188201904297,121.31682163687425,116.77931428299978,117.90490232888634,48225
2012-09-20,119.2767105102539,125.22119780997008,118.18629905660097,118.88978893193789,70314
2012-09-21,119.06565856933594,120.85955985566598,118.60839445500234,120.82438321585492,44405
2012-09-24,116.77932739257812,120.2967770128365,115.58339666857114,119.4174146077719,29024
2012-09-25,117.41246795654297,119.59329108778806,116.07584134991194,116.84968458600657,168539
2012-09-26,120.3319091796875,122.40720154170413,118.88975322154022,118.88975322154022,107773
2012-09-27,126.8040542602539,128.56277900727545,120.29677269627416,121.59823330283169,266560
2012-09-28,126.1709213256836,131.5174382719527,125.43225476350574,129.0904001971434,281458
2012-10-01,126.20606994628906,127.82409868599079,125.22118848789819,127.2964813187665,83489
2012-10-03,126.66334533691406,129.30143218480424,125.81915969246978,127.33165852483235,145066
2012-10-04,128.94969177246094,132.78370931166546,127.33166296906728,128.7034660309694,507744
2012-10-05,129.5828094482422,133.5926988653803,125.3266943255177,130.14560339358124,865088
2012-10-08,131.306396484375,133.48721964988744,126.76888839809776,130.1456423463988,349271
2012-10-09,130.88429260253906,134.3665653159406,127.50753907599075,132.74853646630248,251551
2012-10-10,130.2159881591797,131.93953631197616,129.30144911859247,129.30144911859247,82001
2012-10-11,130.25112915039062,131.20084465208888,128.94967949126593,130.84909976026023,61064
2012-10-12,130.14561462402344,131.79881996841397,126.59298894281147,130.14561462402344,88773
2012-10-15,130.14561462402344,131.3767217893858,129.23107572573088,130.98980024767712,48218
2012-10-16,129.3366241455078,131.09534891912415,128.7386534287166,130.60289739498828,48566
2012-10-17,129.3717498779297,130.35664188594572,128.70343681837642,129.3365839809012,32907
2012-10-18,135.91421508789062,137.53224363042295,122.30169511293724,128.38687704630277,387869
2012-10-19,136.51219177246094,138.72818025025686,135.07003559964681,137.1805049058913,228070
2012-10-22,135.66802978515625,136.47703886611654,134.54244166569478,135.80872561648798,40706
2012-10-23,134.08517456054688,135.98459507746637,132.64301816892896,135.6680267803804,35325
2012-10-25,132.88922119140625,136.8991217072791,132.2560846543751,134.08516245931366,20360
2012-10-29,132.74853515625,135.98459282359062,128.70346843927595,132.29127103852736,52960
2012-10-30,130.5677032470703,134.61276935149667,130.21595836842454,131.6932804180957,29146
2012-10-31,130.6028594970703,132.53745618667324,129.02000766012247,130.21594874667053,18119
2012-11-01,129.7587127685547,131.6229674852932,129.090399495703,130.1456343689649,20225
2012-11-02,131.69329833984375,134.964532597063,130.286318633789,130.286318633789,51422
2012-11-05,131.341552734375,133.52237556124766,130.49736706198672,130.5325437013369,29870
2012-11-06,130.7436065673828,134.7886736272339,130.07528255257958,131.76366480950787,126176
2012-11-07,133.76858520507812,134.71830075744262,130.9898025582673,131.20085165150417,43901
2012-11-08,139.57240295410156,141.12008944457554,132.67820997393864,133.45204248477077,173876
2012-11-09,137.8488311767578,143.8988480583388,137.25087125697556,137.9895269970358,174497
2012-11-12,140.733154296875,143.08983898196368,137.21570485548548,138.13024385712754,88811
2012-11-15,140.76832580566406,142.10495225089628,139.32616944039557,142.10495225089628,87893
2012-11-16,140.45175170898438,142.10495723793974,139.3261743299202,140.76833074579986,66634
2012-11-19,140.76832580566406,143.4415786961285,140.592453340007,140.83866835128484,43419
2012-11-20,140.83865356445312,142.8084271198837,140.6276044809423,142.66773130901058,26613
2012-11-21,142.9491424560547,145.6224061653919,137.88401743196528,137.88401743196528,79963
2012-11-22,144.56715393066406,146.6776233311117,142.808429430291,143.75814495425345,58084
2012-11-23,139.95928955078125,144.98924791722442,138.58748662698844,144.60232639143615,57827
2012-11-26,141.22557067871094,143.96917647534602,139.9592869516478,140.6276000831972,35819
2012-11-27,141.4014892578125,143.44160595334213,140.69799926150498,142.4215476055773,29792
2012-11-29,147.0293731689453,147.73286299272016,140.8034839347767,141.75319949063388,116341
2012-11-30,160.78260803222656,171.26460254700453,147.94391821639823,147.94391821639823,856919
2012-12-03,158.49627685546875,164.54628356393357,152.2703869373352,162.50616714462413,222780
2012-12-04,156.1044158935547,161.80268879262198,153.67737770854632,158.4611115240787,116991
2012-12-05,157.1244659423828,160.32533624673928,154.9084664227474,155.47126046270577,78073
2012-12-06,156.24510192871094,160.39568780174923,155.11951386090223,160.39568780174923,65002
2012-12-07,155.82301330566406,158.8480220313907,151.25032894229244,152.65730874640678,49323
2012-12-10,158.17971801757812,160.04396207324083,154.97883662923238,157.05412981472972,77313
2012-12-11,157.4761962890625,159.3404399684422,156.17473586310894,158.39072444308124,34298
2012-12-12,155.92852783203125,158.4259190564963,155.47126370313643,158.4259190564963,29215
2012-12-13,149.87852478027344,156.59685544698007,148.57706417638852,155.04916908525618,33511
2012-12-14,150.05438232421875,151.77793025438683,149.13984340176134,150.33577396140433,27302
2012-12-17,158.00384521484375,159.05908012749566,148.47155435700708,150.05440672598496,84085
2012-12-18,159.16458129882812,164.47593190452054,158.63696390225743,160.9936592340346,212580
2012-12-19,168.27474975585938,170.1038274398673,159.0590402687167,160.64189224104598,295714
2012-12-20,164.5462646484375,174.60617122402022,161.80265864346165,171.58116285032713,144949
2012-12-21,163.1392822265625,166.02359473392133,160.39567626836467,163.84277203475708,70134
2012-12-24,163.31515502929688,165.67185018557026,161.80265623219177,163.20963585160214,30285
2012-12-26,165.8125457763672,168.0285451145829,163.209635630859,164.54626197373,47244
2012-12-27,164.264892578125,167.43059714601176,163.3503535560769,167.43059714601176,32907
2012-12-28,163.10411071777344,166.16428483759987,162.1543952155915,165.14422679765772,37387
2012-12-31,164.75730895996094,166.72708254620588,163.63173172096558,165.67184784654634,27494
2013-01-01,164.5462646484375,168.76720356957128,163.59655983182407,168.4858119352568,49590
2013-01-02,166.65675354003906,168.3803123879794,165.24977373561694,166.30500858893353,50292
2013-01-03,169.1541290283203,171.89774583113007,166.02360140298364,166.65673796203043,91717
2013-01-04,166.5160675048828,170.98323294054876,165.2497834595094,169.64659560705277,50455
2013-01-07,167.95819091796875,170.0334836955197,166.8326029363805,167.85267174099596,33289
2013-01-08,167.78233337402344,169.36518557566518,166.79745185342998,168.7672148946169,37825
2013-01-09,170.66664123535156,175.66141271014777,162.50615471355053,165.32011410252974,206124
2013-01-10,172.24948120117188,173.902675784555,171.33494231759695,172.98813690098007,91123
2013-01-11,179.4954376220703,184.1736410051275,170.98321656053116,173.65648023702255,1011396
2013-01-14,178.3346710205078,185.54544174224432,176.04832908434747,181.71141360023773,292947
2013-01-15,177.5608367919922,179.46026800602652,175.90764205770745,179.46026800602652,77819
2013-01-16,178.8623046875,182.6963331788456,177.2794524336283,177.31462907503956,78156
2013-01-17,179.38992309570312,181.50039277918196,178.68643320121018,180.65619631826732,48796
2013-01-18,175.0634765625,181.00795369797487,171.72189933414353,179.7416803884372,46610
2013-01-21,175.69659423828125,179.74166097249594,174.57100615760794,176.5407799315845,60404
2013-01-22,175.69659423828125,178.686426172266,174.74687862431293,175.97798589124784,29346
2013-01-23,175.73269653320312,178.9829929757855,173.4213768227262,178.94687636661956,32194
2013-01-24,169.1959686279297,175.8771328106761,166.81241595848556,175.8771328106761,56866
2013-01-25,174.9743194580078,176.74392337418067,166.16240547076964,167.570865280734,37297
2013-01-28,172.91578674316406,175.87717270438395,171.97682092149032,174.8659736558539,16026
2013-01-29,170.6766815185547,174.75760490576607,168.87096125496703,172.9518846421784,14061
2013-01-30,170.6766815185547,172.3018297557836,169.12375547912418,170.7127981280748,16139
2013-01-31,175.69659423828125,176.31054358039614,168.69040131771445,169.4488060870203,27891
2013-02-01,176.4188690185547,178.91076076769022,173.31302797385686,176.34663579981495,33495
2013-02-04,172.48240661621094,177.8995675587977,170.60445308095066,176.4188746969089,34664
2013-02-05,172.1212615966797,172.98800513842758,169.41268114044126,171.9045729559322,10812
2013-02-06,169.12376403808594,174.0353256078555,168.29313708329624,172.33795508692822,21240
2013-02-07,167.06524658203125,170.27942655452787,164.031638641936,167.6430792899642,17696
2013-02-08,165.9456787109375,168.2569982558732,165.40396267597254,168.2569982558732,14563
2013-02-11,162.62318420410156,166.37909166993262,158.90340437384745,166.12628639084053,33183
2013-02-12,166.09014892578125,168.22089664905445,161.82865347923487,163.2371130914838,28484
2013-02-13,164.4288787841797,171.54342085772294,163.95939593559203,167.57083637470197,19212
2013-02-14,162.51483154296875,166.41518309150305,161.8647766252938,166.41518309150305,15840
2013-02-15,160.49241638183594,163.12877460501858,159.01172354706787,162.5148253009405,11533
2013-02-18,161.5397491455078,162.51484260966302,159.80626189950198,160.3479780415342,7945
2013-02-19,163.0565643310547,163.59828049162297,160.45632235182953,160.45632235182953,9991
2013-02-20,164.10386657714844,165.2956486453927,163.38157842230075,163.92329453843652,9299
2013-02-21,160.7452392578125,165.042851793931,159.12009082658122,163.41770336269974,11962
2013-02-22,161.86476135253906,162.37036079871842,157.38656648890137,159.62566392072023,26904
2013-02-25,165.11508178710938,169.52103305716997,159.73402604767116,160.34797540705122,28596
2013-02-26,162.11758422851562,164.6455929276231,160.42021357186087,164.6455929276231,12418
2013-02-27,163.56214904785156,164.7178144941201,160.34796899079805,163.23712158522682,12872
2013-02-28,160.20350646972656,166.09015021165197,158.90338565556894,163.9594024718825,12380
2013-03-01,163.67051696777344,165.8734872474501,153.0889878087192,160.38410332422768,21015
2013-03-04,161.6480712890625,163.67048007703497,158.90337443547426,161.82864330546647,29051
2013-03-05,161.6480712890625,163.237102829169,159.806234517494,162.5148147635532,17194
2013-03-06,162.18978881835938,163.7788203729668,161.21469551238323,162.15367221050076,6511
2013-03-07,163.12876892089844,164.39277307364011,161.10636007226347,163.27322433410632,11432
2013-03-08,163.52603149414062,169.73771394487562,162.87597657263595,162.87597657263595,33822
2013-03-11,164.21221923828125,165.51232912238055,162.8759817203269,164.82615756771864,13630
2013-03-12,166.05406188964844,169.01544808075758,163.95943040312807,165.8734898297331,10917
2013-03-13,163.2732391357422,166.16239174678387,162.5870675948683,166.16239174678387,8417
2013-03-14,165.11508178710938,166.09016421400108,160.34797540705122,163.23712811708816,56846
2013-03-15,166.41517639160156,168.94318478049195,164.75392255303856,168.11255786121043,15453
2013-03-18,166.48741149902344,169.73770803588073,164.68169120076936,166.41517827859644,24373
2013-03-19,164.10386657714844,169.0154282343613,162.51483484073202,169.0154282343613,23438
2013-03-20,165.0067138671875,166.09014601473467,163.5982542796245,164.10385374423151,15949
2013-03-21,163.88717651367188,167.60696709181698,163.34546040220593,165.44010264595315,11150
2013-03-22,164.7900390625,165.94570452536303,162.51483577021406,162.51483577021406,13458
2013-03-25,162.87594604492188,166.0901254810281,161.86474724072227,164.39275527246164,41355
2013-03-26,159.30064392089844,162.15367973424594,157.38657382799408,161.46750823805985,72821
2013-03-28,159.73402404785156,162.37038247549967,157.45882072567946,159.33677437218927,16660
2013-04-01,167.49862670898438,168.18480930589095,159.73402867313735,164.0316522169495,19446
2013-04-02,172.01290893554688,172.91576907277152,167.49860824942354,171.90457012757668,41386
2013-04-03,175.4438018798828,177.68289974039328,173.0963651963207,173.34917047843246,162937
2013-04-04,169.70162963867188,180.5720704861894,168.2931696931285,180.5720704861894,23641
2013-04-05,169.30433654785156,173.3491545628142,168.2931375547321,169.7015972313065,23736
2013-04-08,170.13499450683594,172.26574257765674,169.01544554788964,172.26574257765674,8624
2013-04-09,166.4512939453125,171.18228330416983,164.32054620969888,171.18228330416983,9985
2013-04-10,165.223388671875,165.87344349749753,161.28692106951456,165.0789332685412,26467
2013-04-11,166.27072143554688,169.7377065827623,165.4762111238621,169.7377065827623,109712
2013-04-12,165.76513671875,167.96811786414102,160.3479753880719,160.3479753880719,71464
2013-04-15,165.11508178710938,166.8124523915103,160.70911949580582,160.70911949580582,7466
2013-04-16,166.01792907714844,169.70159188276352,165.44009637590233,169.0154203718272,15679
2013-04-17,170.062744140625,170.46000483070782,166.05404267023061,166.05404267023061,12175
2013-04-18,172.951904296875,174.3964806719105,167.57085950411644,170.4600122541874,72573
2013-04-22,171.940673828125,177.57452286566976,170.821125137773,174.07142138775177,29996
2013-04-23,171.940673828125,173.34913333220092,169.9543816753602,171.1822691655484,21777
2013-04-25,170.062744140625,173.2769242308538,169.37657259661432,173.2769242308538,17312
2013-04-26,170.78501892089844,172.26571172910766,168.32924379111856,172.26571172910766,19088
2013-04-29,171.7239990234375,174.43257944967468,170.78502227142687,170.78502227142687,10789
2013-04-30,176.99668884277344,183.2805926730291,173.34913198631324,173.34913198631324,144855
2013-05-02,179.3080291748047,181.65546560911733,175.51601647322272,178.29683019621308,68590
2013-05-03,183.2083740234375,185.62804359159117,178.4051625179884,181.2943149474295,378437
2013-05-06,183.02783203125,186.06145139697003,182.1972049799775,186.06145139697003,77833
2013-05-07,190.35903930664062,191.767510061943,184.54462832702987,185.59195499558658,207107
2013-05-08,198.0152587890625,198.62920802235513,191.2257557233401,191.5868997379262,182088
2013-05-09,198.23196411132812,199.96545102258543,195.017773472292,195.017773472292,74390
2013-05-10,197.798583984375,200.2182533246924,195.01777062438285,200.037681314855,31597
2013-05-13,194.83721923828125,204.91314727074854,192.41754964183917,195.01779126723238,136343
2013-05-14,198.19583129882812,200.39882301887724,192.85090427789947,192.85090427789947,55747
2013-05-15,196.49850463867188,199.31544637660272,195.0178225805185,198.19588639185167,24463
2013-05-16,191.91197204589844,197.04020032431228,191.4063615192309,196.49848420680502,28241
2013-05-17,193.06759643554688,197.18464733985576,188.58942353097405,188.58942353097405,22147
2013-05-20,191.44247436523438,194.80113205505182,189.311737447781,191.40636877302634,34060
2013-05-21,199.17095947265625,201.51839598502661,189.38396375346,189.38396375346,79956
2013-05-22,194.2593994140625,201.48228064094738,192.887034346967,199.35152186202265,24092
2013-05-23,192.056396484375,197.1846462721096,190.214570693332,197.1846462721096,53450
2013-05-24,194.11492919921875,196.46236555232556,190.39514984817697,194.2593956379419,11706
2013-05-27,196.5345916748047,197.545790581901,189.600621673671,194.11492218971077,22129
2013-05-28,192.77870178222656,200.6516381660821,191.55082515936897,198.37643491440383,89149
2013-05-29,194.33160400390625,195.5233969999242,191.37024043527012,192.5620113888046,69136
2013-05-30,195.05392456054688,195.55953513041814,193.7538145844309,194.33163634215197,29055
2013-05-31,197.25686645507812,198.4847428871476,192.8509050400489,192.88701062474917,32556
2013-06-03,195.956787109375,199.3515505922525,195.01782123155135,197.25691914307777,21806
2013-06-04,200.61550903320312,202.96294523251154,188.15603997533543,197.00406872657481,125513
2013-06-05,201.8072967529297,204.33530517835916,196.96797956402665,200.79609779125474,85685
2013-06-06,199.3876495361328,202.2768023469008,199.35154394299286,202.24069675376086,32240
2013-06-07,196.67906188964844,201.26559622465012,196.13734575659672,199.38764255490702,38847
2013-06-10,197.36520385742188,199.89321195806588,196.4623438214776,196.71514904003826,49996
2013-06-11,184.9418487548828,199.35150435398435,173.31301761364506,195.81229727213835,196541
2013-06-12,187.39764404296875,192.8870156081252,176.96057286708077,186.13363995106104,60147
2013-06-13,190.28680419921875,191.98416355953196,183.49728960927544,186.35032533161584,43839
2013-06-14,189.99786376953125,194.11491449393023,188.51718207596574,191.47856750557887,18091
2013-06-17,188.84225463867188,191.04522478421757,186.7837289045224,189.99789809978603,9812
2013-06-18,184.83349609375,192.1286093536439,182.01657728239948,187.0725933180217,54734
2013-06-19,180.89706420898438,187.0726300699833,179.59694334015683,186.67538040613366,54895
2013-06-20,180.7887420654297,182.08886305413753,178.40518875633921,179.12747696992764,19345
2013-06-21,181.2943115234375,183.38894258672556,179.16356385121514,179.84973533599975,19140
2013-06-24,176.70779418945312,182.0166165815796,175.66047856019654,179.84975209846556,34789
2013-06-25,176.6716766357422,182.7388923691459,174.90206194402765,175.15486719177028,48441
2013-06-26,177.82733154296875,178.874647104494,174.64926824842837,174.7937236670453,19206
2013-06-27,178.94691467285156,179.8497749890617,175.19101796166615,177.82736567650215,31939
2013-06-28,179.27191162109375,181.0776319456842,177.14116384232543,177.14116384232543,31501
2013-07-01,180.28311157226562,183.78620219407304,177.86344206361423,180.1747617460809,23307
2013-07-02,180.535888671875,183.24446875103266,178.76628522440674,180.57200527717853,22450
2013-07-03,180.57203674316406,181.6193523520259,177.14116804504394,178.4051723022461,9238
2013-07-04,181.58323669433594,182.73890214406023,179.12746139022505,180.5720376917591,27000
2013-07-05,181.22207641601562,184.90575006406988,180.3914495253963,181.98048111076108,36953
2013-07-08,185.7725067138672,187.72267134343767,171.00170636502676,183.2806039709632,39073
2013-07-09,183.17230224609375,188.44499758609567,180.68039899873702,187.79494257797717,54589
2013-07-10,181.33045959472656,184.14737924049268,180.57205476048384,183.17229675753222,44131
2013-07-11,180.89706420898438,184.90576562901822,179.84974860009976,179.84974860009976,23081
2013-07-12,182.7750244140625,185.3391496329123,168.90709369427066,180.96930398124474,32633
2013-07-15,182.08883666992188,184.4723786123996,181.3665485609912,184.00289575009143,16153
2013-07-16,181.14988708496094,182.01663074138548,179.8497660897023,180.57205430693006,8209
2013-07-17,183.28060913085938,184.47238011178493,180.21088464295337,180.57202870035408,90152
2013-07-18,177.1411590576172,190.68406112624237,171.25451536695155,184.5446121884656,272684
2013-07-19,176.78001403808594,188.98667862752035,157.92829005290258,166.0179256614244,1653258
2013-07-22,178.40516662597656,179.8497428739602,167.64307798699548,169.01542101408307,1119116
2013-07-23,182.1971893310547,185.44748606837777,177.28562761262904,178.40517647084442,506838
2013-07-24,181.07760620117188,184.79739615371645,178.47737591619182,180.75257879320444,237212
2013-07-25,182.16107177734375,184.11124760541202,181.04152292491332,181.07763953716773,141242
2013-07-26,183.02783203125,183.8223534882231,178.11628091221382,182.4500102675354,150739
2013-07-29,182.052734375,183.1361666235861,176.96060060239677,181.29432959674116,103959
2013-07-30,173.9630889892578,181.40264741819297,169.55712727977453,180.57202053224125,196348
2013-07-31,176.02162170410156,176.92448190059494,169.70160032864788,172.66298618164322,267473
2013-08-01,173.49359130859375,178.0440083302063,173.16856388303026,174.07142396584064,69125
2013-08-02,178.2968292236328,179.12745616428484,171.8684582566047,171.8684582566047,224800
2013-08-05,184.7974395751953,186.7114988883777,179.12747282134495,179.12747282134495,233186
2013-08-06,175.1909942626953,184.7613123198976,174.07144541779292,182.73890328091954,92626
2013-08-07,177.718994140625,178.40516565041665,173.71029287014252,173.71029287014252,51033
2013-08-08,179.19969177246094,181.00541212074756,175.76882311071637,176.23830599277395,22209
2013-08-12,180.10255432128906,182.7027850443609,176.99671307703653,179.23579972568928,60509
2013-08-13,182.12493896484375,182.84722706071264,178.40515967961565,178.40515967961565,68446
2013-08-14,181.33045959472656,182.05274781376852,179.16359493760078,182.05274781376852,9262
2013-08-16,175.11875915527344,181.3304416322047,173.71029947191184,181.3304416322047,50522
2013-08-19,173.5297088623047,178.4051533360635,172.8074207921182,173.34913684475805,31604
2013-08-20,173.0602264404297,175.44376826077126,172.0851331348417,173.34913726070099,20625
2013-08-21,168.07647705078125,176.23833664902168,165.44012929219318,174.5770714353763,157674
2013-08-22,173.20468139648438,175.11874037355676,166.12625610598127,166.16237271373083,43456
2013-08-23,182.7388916015625,186.3503321470479,177.10504214635685,177.53841942031187,117366
2013-08-26,187.75881958007812,190.35903937154478,182.84724677317112,183.96679564671294,127878
2013-08-27,180.535888671875,189.16722831987602,177.64673658744013,187.7948854882657,35787
2013-08-28,176.38275146484375,178.40516034506857,171.68787882418405,178.40516034506857,65724
2013-08-29,179.0552215576172,182.01660727495255,174.07143790977605,174.793726033883,20019
2013-08-30,178.40516662597656,180.572030997952,175.51601413000932,175.55213074045736,14003
2013-09-02,178.04403686523438,179.84975732025703,174.07145186418452,176.9606045922208,76465
2013-09-03,175.768798828125,178.18845714780602,172.41015283156594,176.23828164532316,68548
2013-09-04,172.62684631347656,176.96057467281068,169.99049930337807,175.76880378249027,124567
2013-09-05,176.63555908203125,182.7388913926766,172.30183043240254,172.30183043240254,401419
2013-09-06,178.36907958984375,184.0390467117798,175.98552618121957,176.9606197187798,60065
2013-09-10,196.60682678222656,201.51837697391653,180.5720223780614,180.5720223780614,326442
2013-09-11,194.72889709472656,203.68526608871176,193.9704812827345,198.48478239285666,231936
2013-09-12,189.67286682128906,196.71517606928876,188.69777343999223,195.95676030939816,26648
2013-09-13,186.74758911132812,192.27311099653096,186.20587300826782,190.9729791236954,22847
2013-09-16,182.8472442626953,192.1286515762875,181.65547320088837,189.23949892100498,44421
2013-09-17,179.3080291748047,186.89205457796862,177.1411647739007,181.2943215423,130531
2013-09-18,180.57203674316406,182.738901184082,178.91077180087845,180.31923148322662,31432
2013-09-19,189.7451171875,190.68408302174893,181.7277138337701,183.24451242687903,117240
2013-09-20,194.00660705566406,195.66786103125537,182.77502379719567,189.9617888913064,86432
2013-09-23,190.39515686035156,192.85093211170405,188.62554211199566,192.12864397645424,14217
2013-09-24,187.00039672851562,192.70646867761772,184.21959397711473,188.5172062447288,12054
2013-09-25,187.72265625,189.23946553492127,184.90573731656428,188.08380026819643,11349
2013-09-26,183.8945770263672,187.65046237751696,183.46119970518052,185.62806426862755,79441
2013-09-27,187.28927612304688,192.20084792004457,183.85841902448345,184.1834464315852,22172
2013-09-30,189.70899963378906,195.01782254489765,187.93940669174455,189.27562228630288,52443
2013-10-01,194.94557189941406,196.4623814588805,186.49481356950503,189.96178795472636,60020
2013-10-03,191.58694458007812,195.01781352166293,189.60065203495006,192.8870545198946,18998
2013-10-04,193.4649200439453,198.62927683310835,188.69781299145293,189.7812454105426,133661
2013-10-07,193.78990173339844,195.70398296395203,192.48979188102717,195.017800404793,36565
2013-10-08,190.6840362548828,199.35149244828656,188.1560281984734,198.6292044321696,147794
2013-10-09,187.90325927734375,190.28682341639734,186.8920602679658,188.51720861812203,42267
2013-10-10,189.02281188964844,189.8173111963561,187.07262512731205,188.51720138312143,24979
2013-10-11,190.97300720214844,193.2121051658389,187.217121560866,190.32295219139644,38093
2013-10-14,182.052734375,193.89826690562037,177.75512199319033,191.69527477467065,234644
2013-10-15,171.50732421875,178.91077798095566,170.46000857371092,176.99671873385816,210888
2013-10-17,160.34796142578125,172.22959870556033,154.56965650953688,170.4599950292089,775233
2013-10-18,163.12876892089844,164.68168390005584,160.38407198498254,160.38407198498254,155355
2013-10-21,168.7265167236328,171.83234696038485,162.6592896338019,163.2732389715278,140803
2013-10-22,169.8099365234375,170.35165259781522,164.82614202641727,168.72650437468204,180794
2013-10-23,171.68788146972656,172.22959755199616,169.01541766811164,170.4599938874972,40869
2013-10-24,170.45997619628906,173.13243972054207,168.36534530406826,170.45997619628906,204684
2013-10-25,173.24082946777344,173.99922326204518,169.0154390822206,169.73772728342666,41209
2013-10-28,171.9045867919922,174.54093423975874,170.46001043239562,174.4325954212862,29406
2013-10-29,171.36285400390625,173.3491463053214,166.95689212681592,166.95689212681592,14717
2013-10-30,173.16859436035156,177.6828955689113,169.73772544184618,169.73772544184618,114787
2013-10-31,176.88836669921875,177.43008282143512,171.94069939572162,171.94069939572162,35197
2013-11-01,177.718994140625,180.21088595052208,176.23830129029014,176.96058941033232,44623
2013-11-05,177.5384063720703,181.65544608709217,176.96057372301226,179.3802431191499,127814
2013-11-06,173.7102813720703,179.52470255779537,172.73518806605904,175.51600155265317,41224
2013-11-07,171.76011657714844,176.23830070221868,169.08765274615826,173.34914823169052,117118
2013-11-08,169.087646484375,173.31302520329976,167.93198113046438,169.8099345752587,43497
2013-11-11,169.3404541015625,171.0378356579318,168.32925510281646,169.08765986249725,22299
2013-11-12,168.87095642089844,173.20468492945236,167.57083566408397,168.29312374884296,18113
2013-11-13,168.76263427734375,172.62688057314796,168.00424048094175,168.29315135373838,320054
2013-11-14,173.56585693359375,178.40518567685493,169.84606608507528,170.74892633647636,382407
2013-11-18,173.38526916503906,176.02161645163434,171.90457628272512,172.1212649276661,32519
2013-11-19,173.42137145996094,175.08262521780486,172.26570612983863,173.38525485191187,16630
2013-11-20,173.45748901367188,176.2383027066799,171.9045739515976,171.9045739515976,13656
2013-11-21,173.7102813720703,174.5048026600233,171.90456119148746,174.07142540818688,42391
2013-11-22,171.2906036376953,175.87713708305992,170.82112082194527,175.87713708305992,19498
2013-11-25,170.1710968017578,173.3491603326934,169.73771949242897,173.06024947396938,22062
2013-11-26,168.58204650878906,172.37405922222416,167.93199159498283,169.7738285457569,17656
2013-11-27,166.1262664794922,171.0017112566077,164.68169024923574,167.20969865218453,92621
2013-11-28,168.148681640625,169.62937453578658,166.23461145182114,169.62937453578658,19306
2013-11-29,166.92079162597656,168.29313466755846,165.54843756315242,166.1262702726972,25422
2013-12-02,167.17356872558594,170.45998159188102,165.403965188732,167.57082936151016,64595
2013-12-03,165.5845489501953,168.29312935832283,164.6816888141528,167.17358058538173,97523
2013-12-04,165.11508178710938,166.37908609775053,163.95941629459742,163.95941629459742,68952
2013-12-05,164.17608642578125,169.37655851275613,163.95939779273195,165.76511803274,36378
2013-12-06,164.50112915039062,166.30684955818856,163.67050217130068,163.67050217130068,30771
2013-12-09,161.75643920898438,169.23212644233973,160.4924348666171,168.0764609208209,564115
2013-12-10,159.8062286376953,164.320528881698,158.90336858889478,160.34794466697565,121529
2013-12-11,155.9420166015625,159.7340296182499,153.7029298139787,159.2645467008716,190319
2013-12-12,155.11138916015625,159.5534571304015,154.1362956929106,155.29196120807262,151196
2013-12-13,147.8523712158203,158.32554861978218,129.21733611348807,154.3890806963345,148351
2013-12-16,148.50244140625,156.3031442603446,147.31065939931077,149.5136403625239,162688
2013-12-17,146.58837890625,153.125088915623,145.36049124655247,148.79135998404874,187249
2013-12-18,147.8162384033203,149.1524756444667,146.69670079295716,146.69670079295716,199795
2013-12-19,147.9607391357422,150.2359425104562,147.56347842966304,148.86359936717523,328282
2013-12-20,151.10267639160156,151.6805091067328,147.96072960142178,147.96072960142178,49863
2013-12-23,154.35296630859375,157.7477182082778,151.10266982610526,151.10266982610526,93924
2013-12-24,157.81996154785156,162.51483454584258,154.5696648569347,154.5696648569347,114353
2013-12-26,156.59207153320312,160.99802259069116,155.32806728354598,158.7589359611868,33587
2013-12-27,158.83116149902344,160.3479710389702,155.3641871584182,155.3641871584182,78659
2013-12-30,157.20602416992188,161.57587003555093,155.2919648259138,159.37288879539975,333728
2013-12-31,158.21722412109375,158.97562889558967,156.26704828756334,156.26704828756334,121706
2014-01-01,157.45883178710938,159.2645523351267,157.09768767750592,158.14500339110725,34743
2014-01-02,155.2197265625,158.90340071484127,154.10018869263988,158.90340071484127,89798
2014-01-03,155.11138916015625,157.13379830106814,153.12509663307625,154.56967301640717,16385
2014-01-06,156.80877685546875,158.61449740414415,154.71413440625915,154.9308230763489,36522
2014-01-07,155.65309143066406,157.81995581252946,153.84737111244291,155.29194736701984,33894
2014-01-08,155.11138916015625,157.78385326506978,153.8473848247417,153.95572364499426,151108
2014-01-09,154.5335693359375,156.73655070913966,154.2085418267342,155.07528552502438,135215
2014-01-10,151.897216796875,155.29196926968447,151.06657872059324,153.95573163723856,20557
2014-01-13,153.8473663330078,155.21970932372568,151.68050201845838,151.68050201845838,150319
2014-01-14,151.71661376953125,155.25582096146258,151.68049716119694,153.8473614063569,65112
2014-01-15,154.6418914794922,155.14749096113678,151.68050576790762,152.90839337225654,22037
2014-01-16,151.57215881347656,154.5335333446936,150.09146603724727,153.23341258943762,280777
2014-01-17,148.03294372558594,152.18610029595212,147.34677223559987,152.18610029595212,59152
2014-01-20,152.04165649414062,152.4389171832907,148.3579824983746,149.0802706527411,134554
2014-01-21,154.9669189453125,158.9033870101799,149.69421344481722,153.01674321807235,98172
2014-01-22,152.25831604003906,154.20849147979777,150.95819540645311,153.26951485436123,22024
2014-01-23,150.8137664794922,153.12508633310185,149.98312850220398,150.95822190385985,11042
2014-01-24,150.70542907714844,152.40281076190394,148.53856446915927,149.51365795125173,49244
2014-01-27,150.19984436035156,152.00556504518684,148.39412367551625,149.51367270436302,30754
2014-01-28,152.800048828125,154.71410787296452,148.79134769330463,148.79134769330463,56382
2014-01-29,153.775146484375,155.29195604493896,150.9582270390337,150.9582270390337,48782
2014-01-30,151.86109924316406,156.01425653518876,150.23595073758918,152.04167129933907,18267
2014-01-31,154.0640411376953,155.07523998520847,152.43889304768007,153.4139752889447,24742
2014-02-03,152.7278289794922,157.45881862405048,151.68051335344313,154.85857684378013,7947
2014-02-04,152.07777404785156,154.71412141911776,150.59708111798258,150.95822519740221,42699
2014-02-05,158.36166381835938,158.9033798861531,151.96940980989703,152.90838653165443,62289
2014-02-06,151.824951171875,161.79252881185354,149.51363153595395,156.80874550248495,346869
2014-02-07,150.38037109375,153.6667839536461,148.32185674636355,152.1138690413419,79264
2014-02-10,149.5497589111328,152.40279480875444,148.03294943581898,150.38038584875002,64837
2014-02-11,148.50244140625,150.9582165979106,148.06906412713718,149.6219791716811,23882
2014-02-12,150.0553436279297,150.81374829094725,148.64688412303488,149.5136275859516,53526
2014-02-13,147.41900634765625,151.64438514081064,146.62448502522972,150.74152501134495,33711
2014-02-14,146.66062927246094,148.9358328189738,144.52988116963644,148.06908913559957,44815
2014-02-17,149.1885986328125,149.51362605041305,146.62447385620217,147.49121731021722,18690
2014-02-18,153.37789916992188,154.5696702563922,147.23844965039228,149.1525089156308,29114
2014-02-19,153.26954650878906,155.1475001475119,150.2359384180576,153.84737924541477,34394
2014-02-20,155.13230895996094,159.23042477065374,152.07735672278463,153.86562089237532,27048
2014-02-21,153.5303497314453,156.06372631130833,152.00286765998013,154.98331604546993,21098
2014-02-24,153.82838439941406,156.43627664139325,152.82248992778395,156.43627664139325,25126
2014-02-25,154.16368103027344,155.28134912291296,153.60484698395368,154.79703083057228,25566
2014-02-26,152.26364135742188,154.98329560264636,151.33225135980982,153.5303294802729,23152
2014-02-28,153.4930877685547,154.23819984510106,152.26365739005635,152.26365739005635,466548
2014-03-03,156.21273803710938,159.34221776880727,153.4930835797375,153.4930835797375,63697
2014-03-04,156.36175537109375,159.19317183245056,153.49306966689522,156.43625974825719,52261
2014-03-05,155.09507751464844,158.67161783274787,154.34996542210723,157.47944530638688,17508
2014-03-06,158.0382537841797,159.0814059970133,155.09505239963684,155.09505239963684,33056
2014-03-07,155.318603515625,159.23044175210865,154.8715431103028,158.67160771832528,39260
2014-03-10,152.710693359375,157.96373493171293,152.00283927391243,154.98328710281268,32426
2014-03-11,153.64207458496094,156.10094617813579,151.25771873108144,151.81655266728004,18939
2014-03-12,155.0205535888672,156.10096371297928,152.7479597191444,153.53032959160723,20187
2014-03-13,155.72842407226562,156.10098011071602,154.2754577962107,155.02056987311147,15739
2014-03-14,158.59710693359375,159.2677032415445,154.27545470038947,155.50488505480178,24450
2014-03-18,158.9696502685547,160.12456477673248,157.5911885162364,158.70885651989764,14055
2014-03-19,162.80697631835938,164.52073623771722,158.37356207466703,159.3049520993716,47927
2014-03-20,165.89918518066406,167.50118283064677,160.5716388344245,161.09321496973004,43339
2014-03-21,169.77377319335938,171.71105756532853,164.22267971588255,164.22267971588255,173835
2014-03-24,169.5502471923828,174.72877360309326,168.24630112071796,171.4130272947612,73099
2014-03-25,163.73837280273438,170.14634097330654,162.80698274128537,169.14043515913858,34347
2014-03-26,162.80697631835938,168.24629633653552,161.6893082887139,163.2167902031308,35889
2014-03-27,162.2481231689453,164.6697369475863,161.2049710121023,161.2049710121023,164045
2014-03-28,160.94419860839844,166.90509485315394,160.199086577804,162.43442266958732,64845
2014-03-31,161.8383331298828,164.66976116130908,160.38536692294923,163.77562898546591,50110
2014-04-01,162.73245239257812,165.26583995419642,161.83832028768614,161.83832028768614,39055
2014-04-02,163.96189880371094,165.19132906288016,162.21088104597837,162.21088104597837,263669
2014-04-03,164.29721069335938,169.14043912649697,163.9246546600411,164.29721069335938,19678
2014-04-04,164.52073669433594,166.9423507652889,162.80697677022164,163.17953278113748,13018
2014-04-07,163.8873748779297,167.6129347131611,162.47166668834427,165.0423007007527,16854
2014-04-09,163.10501098632812,165.41486271620394,161.055953002231,163.17952673355254,36267
2014-04-10,163.85012817382812,165.22858995462332,162.43441988774694,165.22858995462332,453117
2014-04-11,163.81288146972656,165.34035200882613,162.3599039411086,162.4344196906044,446002
2014-04-15,162.69522094726562,165.07957723749635,161.83833526657602,163.99916703702544,304738
2014-04-16,162.54620361328125,164.59526193298322,161.68932922739114,163.7383875470931,32567
2014-04-17,165.4893798828125,166.90508813616475,163.17952813312536,163.92464013373322,54509
2014-04-21,168.8424072265625,170.1835999174596,165.48940276030294,166.15999910575147,36571
2014-04-22,172.3816680908203,176.10722814145825,167.65020227870733,168.3953142888349,92907
2014-04-23,171.4130096435547,176.96409150311973,169.88552784299495,172.8659756998896,296276
2014-04-24,171.4130096435547,171.4130096435547,171.4130096435547,171.4130096435547,0
2014-04-25,170.33262634277344,172.8660028715358,169.1404424648217,170.03457468853145,20951
2014-04-28,164.37171936035156,174.3562160749609,163.3285556903354,171.3757679369274,137487
2014-04-29,160.3853759765625,165.86195433819958,159.56574813689298,163.92465837325784,218151
2014-04-30,156.7342987060547,162.43440041121474,154.23816919780484,160.1990646257393,94391
2014-05-02,154.46170043945312,160.0500397363255,154.23816459367714,159.00687624587275,768441
2014-05-05,152.89697265625,157.92647841053127,151.63028459203596,157.92647841053127,152759
2014-05-06,154.3126983642578,155.35585060710233,151.40675476860798,152.7479586304843,242424
2014-05-07,156.17547607421875,157.7402044157089,153.56758413556202,154.05190237636705,25422
2014-05-08,156.21273803710938,157.81473577967049,152.15187960465377,156.84608783269292,195233
2014-05-09,155.6166534423828,157.55393791646918,154.64800552058594,154.98330366326363,25157
2014-05-12,156.51077270507812,157.92648091052112,154.94603300895145,156.36175258390094,211279
2014-05-13,157.96376037597656,159.11868636960818,155.7656820220049,157.36766844027883,30579
2014-05-14,157.55393981933594,158.2617939889841,156.47352962676692,157.9637537184504,19397
2014-05-15,159.9010467529297,161.3167550671479,158.70886295289841,159.6029951181682,88819
2014-05-16,158.74610900878906,162.43441102185184,156.88332906587792,159.45396311319402,39011
2014-05-19,153.7166290283203,160.1991020465342,152.00286891857198,157.74022983424385,150421
2014-05-20,156.7342987060547,158.52256278663273,154.64798303237646,158.52256278663273,247350
2014-05-21,159.34217834472656,160.2363103170557,155.91465918637584,155.91465918637584,427748
2014-05-22,165.3776092529297,167.91099692253312,160.4971232867519,160.4971232867519,127120
2014-05-23,162.285400390625,169.065912957636,160.0500643284112,166.4580208850532,342764
2014-05-26,160.12457275390625,164.59524499127366,158.70886442654287,163.03051652989953,116217
2014-05-27,163.58934020996094,165.82467618722433,158.70885438570116,158.70885438570116,78194
2014-05-28,161.7638397216797,165.2658642801927,160.94421187267295,164.48349430968776,116325
2014-05-29,160.9069366455078,163.14227268050772,158.78337423396212,162.43441854332582,30151
2014-05-30,169.62474060058594,171.2267382066916,160.23633631370356,161.54028230100724,243444
2014-06-02,167.09136962890625,174.65425204535492,165.52662984712035,169.8855396895903,103983
2014-06-03,161.46580505371094,167.65023834200684,160.5716727231221,167.09140421420017,104699
2014-06-04,163.92462158203125,165.4148454145952,162.43439774946734,162.58341785882263,41784
2014-06-05,164.03640747070312,167.2776493216198,163.2167910663327,163.88738733986372,315542
2014-06-06,163.66384887695312,166.38351454227382,162.17362485305367,164.11092063192575,422337
2014-06-09,161.6147918701172,166.90509173634894,160.57163959456784,166.1599797196688,172478
2014-06-10,163.85012817382812,165.67566171312637,162.2481418832885,162.73246014707757,168768
2014-06-11,169.47573852539062,172.86600072735015,162.4344317179411,163.9246558621424,540239
2014-06-12,184.07992553710938,192.08986832700117,174.0209133369341,175.84643549936078,1770595
2014-06-13,174.09542846679688,190.48789380521418,171.74833002296296,184.93681122587896,341321
2014-06-16,173.68560791015625,177.2621363355261,168.3953082792446,175.47387212284116,86369
2014-06-17,179.5347442626953,181.06222622283886,172.1208817180073,173.68562155415583,95153
2014-06-18,179.42298889160156,184.4152374911991,175.84644867847672,178.82689696116276,156149
2014-06-19,176.3307647705078,182.10538324596484,174.80329414034796,178.9014104777691,65616
2014-06-20,184.15444946289062,189.25847185400065,173.83465378389516,175.10134206964628,237859
2014-06-23,181.322998046875,186.20347223632837,179.1994244361083,184.63874395900572,45479
2014-06-24,177.7837371826172,184.19169390097727,177.33666541108877,179.57200152971595,142006
2014-06-25,174.84054565429688,177.70923172043842,173.76013540830485,177.33667567909578,39163
2014-06-26,173.7228546142578,175.10131633319412,171.37575641121126,174.35620434879755,51994
2014-06-27,175.5856475830078,177.33666542386152,172.1208811466891,174.35621726547728,44060
2014-06-30,174.69151306152344,177.18764290842498,173.61110289253148,176.88959127488795,43613
2014-07-01,178.5660858154297,183.22303580403891,174.35620757352967,174.35620757352967,116931
2014-07-02,179.23670959472656,181.69558168429523,178.19354588152675,178.86415356204975,86406
2014-07-03,179.75827026367188,184.7132605231372,176.2189882584804,176.2189882584804,131956
2014-07-04,181.65830993652344,182.92499807700455,178.23079014980325,180.83868217941432,48338
2014-07-07,184.5642547607422,189.25846300686115,180.20535603681637,182.4034343372071,246618
2014-07-08,178.41708374023438,189.48200258041558,175.84644936035116,185.75644221261152,99107
2014-07-09,177.74647521972656,179.90729553691173,173.9091414826125,178.19353561146806,63661
2014-07-10,169.7365264892578,177.9700168780833,160.57164604218298,177.59746085478358,416146
2014-07-11,168.693359375,172.1208792675242,165.4148709843739,169.17768901715414,73208
2014-07-14,171.48751831054688,172.82872215362062,166.15997218080358,171.89733217502865,49856
2014-07-15,172.9032440185547,174.13267428600153,170.25809411184346,171.33850425134327,87223
2014-07-16,167.98550415039062,172.71697006787306,166.79333172934108,169.8855420924311,101121
2014-07-17,170.33262634277344,171.37577870885016,167.8737542004405,168.73062854618152,90413
2014-07-18,170.0345458984375,171.0777094573948,168.5443219880752,169.8855257813025,69284
2014-07-21,171.5247802734375,174.35620814977105,168.91688827119734,169.88553614593076,95845
2014-07-22,174.95230102539062,176.21898915982626,171.4502768762426,174.28169339927277,60912
2014-07-23,173.68560791015625,177.2621363355261,172.26988831973298,176.21898410637766,27690
2014-07-24,173.08950805664062,175.7719042518025,172.30713823615363,174.35619609625925,23427
2014-07-25,172.5307159423828,174.69153657116576,171.3757898672021,172.1209019970595,32771
2014-07-28,171.48751831054688,174.28168824632274,170.36985033623654,173.38755614077579,24786
2014-07-30,173.61111450195312,174.28171082561667,171.4502940194745,172.8660024225456,13806
2014-07-31,171.48751831054688,175.62289208939646,170.10906796393473,175.0640581022413,60638
2014-08-01,170.7051544189453,173.9463846201114,170.0718047057545,170.63063867521478,30356
2014-08-04,170.96595764160156,172.30716160584043,165.0423191165131,170.25810346782504,40935
2014-08-05,178.45431518554688,181.62104102913173,173.61108742477003,173.61108742477003,127040
2014-08-06,181.65830993652344,185.90544611084576,176.06996987307116,178.67786190268222,84203
2014-08-07,179.3856964111328,182.51516423038538,175.84641475816136,182.51516423038538,29898
2014-08-08,180.0563201904297,180.98771024183787,175.1385875406989,177.33666578812074,48586
2014-08-11,179.7955322265625,182.5524444194031,175.6229003777447,179.6092542220529,32071
2014-08-12,181.13673400878906,181.80733026935684,178.71511997856197,180.31710625075556,27015
2014-08-13,178.3425750732422,181.21124966588033,174.72877705542288,181.21124966588033,33421
2014-08-14,185.64466857910156,189.25846668365966,175.99546950043074,178.56610388030327,144907
2014-08-18,191.79185485839844,194.39974727456666,184.7878054884929,184.7878054884929,260760
2014-08-19,196.11351013183594,199.6900390490482,192.42519621051008,193.3193398093213,192091
2014-08-20,195.7036895751953,197.97629513589135,193.8781785637364,196.70959546343673,66782
2014-08-21,197.86448669433594,203.04302429960114,193.72912410237174,193.72912410237174,208769
2014-08-22,200.77044677734375,205.5018900048703,193.76637546233042,198.7213886826146,213489
2014-08-25,199.31747436523438,206.3960388754016,197.52920998415308,204.16070271429615,130213
2014-08-26,196.67234802246094,200.7331953267734,190.07810138523664,199.3174868836276,77720
2014-08-27,197.71548461914062,202.67047514378683,196.03898252695856,196.03898252695856,78118
2014-08-28,200.62142944335938,207.4392004922385,198.4606089386622,198.4606089386622,205440
2014-09-01,206.69407653808594,207.1411483124626,200.24886190278534,201.77633249797265,101006
2014-09-02,206.91761779785156,212.6922359737335,203.04302618423475,206.2469987862151,130354
2014-09-03,212.20790100097656,219.36098117001268,204.1607000226953,204.1607000226953,479387
2014-09-04,209.4510040283203,211.50006218759253,205.31561846347074,210.94122814415465,77282
2014-09-05,208.25880432128906,211.2020058214351,205.315602821143,211.2020058214351,43546
2014-09-08,210.94122314453125,213.1020435134733,207.25290944965363,209.3019675603601,77324
2014-09-09,219.51002502441406,223.0865539406464,196.15075658678816,210.49416423843363,292264
2014-09-10,211.2020263671875,220.55317379568888,210.49416080162874,219.8080617220548,104268
2014-09-11,210.5686492919922,214.2196934322523,208.74311585235563,212.2451512405924,104924
2014-09-12,210.12158203125,214.18245148880683,208.48232655100364,213.77262624923853,99640
2014-09-15,210.19610595703125,213.0275225450663,206.39603009697362,209.37647818501657,75894
2014-09-16,200.62142944335938,211.9843887711634,198.31157742564184,211.9843887711634,102282
2014-09-17,198.0135040283203,202.70770029632175,190.93494038478676,200.06256192513266,58587
2014-09-18,204.38421630859375,207.10389335042598,196.59780940707373,198.19979568908872,260111
2014-09-19,211.5372772216797,212.72946088477332,205.72541313023993,206.9920897968296,263207
2014-09-22,205.6881866455078,210.605931066129,204.9058280340753,210.605931066129,30832
2014-09-23,198.31155395507812,207.36466019371161,196.82132995731084,205.6881581962234,39467
2014-09-24,194.3251953125,200.32336039565186,192.61144685389263,197.4546747244934,37212
2014-09-25,189.18394470214844,196.85861245061662,187.76823635678525,194.9585630821686,54203
2014-09-26,194.06443786621094,196.26250471761222,186.35252378576925,189.29571403881687,33111
2014-09-29,193.54283142089844,197.45466920707636,189.25843765508452,196.70955724780438,49603
2014-09-30,192.23887634277344,196.4860234040904,190.82316823533822,194.02714041211323,30655
2014-10-01,197.78997802734375,201.18022833516474,193.58007728023136,195.03305469159025,39563
2014-10-07,199.354736328125,203.78816248697683,197.08215348374907,197.79001908525217,35646
2014-10-08,197.26841735839844,203.34107608338456,195.62916173516817,203.34107608338456,32516
2014-10-09,200.09982299804688,200.95672000850118,197.82724044261684,199.1684329771306,25603
2014-10-10,200.43511962890625,201.14298509494802,195.21933584674142,198.94489569114486,35686
2014-10-13,205.16659545898438,207.36466223390903,199.28021515769206,199.50373966395088,70457
2014-10-14,211.57456970214844,214.59226432359316,205.65091997677675,205.65091997677675,139571
2014-10-15,211.57456970214844,211.57456970214844,211.57456970214844,211.57456970214844,0
2014-10-16,209.63726806640625,213.99617786241885,205.27835827039365,211.53729459181523,352741
2014-10-17,215.59815979003906,218.98841026364806,210.90394058925727,210.90394058925727,196591
2014-10-20,214.03343200683594,222.04338638133024,213.1020419632901,221.22375859520693,80176
2014-10-21,211.83535766601562,219.06295402010878,209.41374337837837,214.03344742270832,90695
2014-10-22,212.09616088867188,216.04526877699124,210.86673043570184,213.6236543815282,58296
2014-10-27,215.00205993652344,219.69627921119985,213.84714542443604,215.33736943436242,92729
2014-10-28,217.27468872070312,220.14337479822402,214.03344660036174,215.89622681446411,55708
2014-10-29,217.08837890625,221.89433751138174,214.70401148578802,219.80803307273723,76357
2014-10-30,218.09683227539062,221.0058244105064,217.20474608864285,221.0058244105064,69129
2014-10-31,220.65676879882812,221.8591427956525,216.73931168875723,218.75621772158743,176856
2014-11-03,219.95858764648438,223.13909052321074,218.75621367191863,221.08340743438586,42190
2014-11-05,212.7830810546875,221.04463814174892,211.15406430222353,220.88948241606664,69912
2014-11-07,209.6025848388672,213.32608522061543,208.01232163588702,213.32608522061543,42091
2014-11-10,212.1237335205078,213.24852970179413,205.72395029351262,210.30076023025137,43058
2014-11-11,213.13217163085938,215.57572045627035,210.22317929740814,212.47279530058904,46955
2014-11-12,215.1102752685547,216.42902791879794,210.1068226981519,213.17094706139702,68487
2014-11-13,224.4966278076172,226.4747567766531,213.55881201955495,213.55881201955495,272820
2014-11-14,220.81187438964844,225.66019423692438,218.83376936133456,224.49659747357816,52775
2014-11-17,224.57418823242188,228.8407099432278,218.75620408132286,219.72586810650603,124680
2014-11-18,219.45437622070312,226.20324788276884,218.40713424921844,225.69902728122145,55578
2014-11-19,224.4190673828125,224.9620887906494,219.91983507637624,219.91983507637624,115690
2014-11-20,238.84764099121094,248.07883789386716,225.73778793841018,231.36183935611973,742229
2014-11-21,236.8307647705078,245.09232234553596,235.82232351432967,240.47671147842829,148160
2014-11-24,239.19674682617188,242.60995975064563,232.33152020885169,237.68406134875823,93945
2014-11-25,236.2877655029297,268.364260414134,231.3618668717269,239.19675796150128,1875132
2014-11-26,241.52394104003906,244.35535550404873,233.4563403866569,236.59804263090433,360940
2014-11-27,244.2001953125,247.38069826702815,237.37376957831646,239.0803878485822,184522
2014-11-28,250.79391479492188,259.79240242928773,242.02816074995653,245.674107256271,927471
2014-12-01,259.3657531738281,261.3826591974102,244.16141564593804,251.8799512016588,412733
2014-12-02,274.0658264160156,278.4875037725878,256.7670299407425,259.55966702523875,636121
2014-12-03,271.0017395019531,277.6730335424907,267.6660806449638,274.53130751415983,212897
2014-12-04,267.12310791015625,275.38464244893567,264.6795587752276,268.40305996431476,137614
2014-12-05,279.651123046875,282.98675804102635,269.25632875568743,271.38958974980363,308030
2014-12-08,264.71826171875,278.0996243990385,262.1971354166667,278.0996243990385,435045
2014-12-09,255.5646514892578,273.13495830943555,253.08230219756197,263.78738321194595,145870
2014-12-10,264.9122009277344,266.8515288993869,256.2240021453562,264.44675747985036,207687
2014-12-11,266.61883544921875,270.497491631643,257.7367033220918,257.7367033220918,156445
2014-12-12,263.9425964355469,272.8635071159548,262.04204512556123,268.7909174575077,73735
2014-12-15,275.3457946777344,284.6933460247019,259.8699480061993,263.9425367436099,157125
2014-12-16,272.4756164550781,276.9360713863712,261.42144553839523,275.3458317063298,123009
2014-12-17,265.7655334472656,276.9360588160837,263.011673280185,273.05740253014415,137419
2014-12-18,265.0285339355469,277.71174255508197,263.7485823148823,268.55812475588067,104939
2014-12-19,266.3472900390625,269.5277924284691,265.41640320733137,266.85151054231875,115351
2014-12-22,271.3119812011719,283.1418817396075,269.56658603976337,283.1418817396075,214537
2014-12-23,264.0589599609375,274.2986237604625,262.2747872364254,274.2986237604625,79258
2014-12-24,264.71826171875,269.95444711538465,262.39106820913463,269.1787159455128,90711
2014-12-26,263.39959716796875,266.07588006658773,261.38271439193386,266.07588006658773,70354
2014-12-29,265.1449279785156,267.16183393428156,261.4214275012853,263.942554027633,50396
2014-12-30,272.59197998046875,273.6779990892672,264.5243790206845,266.50248440908734,90787
2014-12-31,274.8027648925781,284.6157593841184,273.4840124441848,282.3661437428326,244488
2015-01-01,288.2229309082031,291.5197886571056,273.05739473262724,274.57008011032264,309940
2015-01-02,308.50836181640625,321.23035099293566,290.1235196826479,293.0712892902607,943204
2015-01-05,308.89617919921875,313.7832763830279,304.2805690018361,310.13733020413423,280509
2015-01-06,298.5789489746094,313.24026464809447,294.77787064051154,308.1592345051137,459443
2015-01-07,315.17962646484375,317.5456211995493,299.47106720403167,300.90617488353485,874772
2015-01-08,317.5456237792969,326.3113783143275,315.4123626277819,318.04984440769397,484633
2015-01-09,319.3685302734375,327.9791272708678,315.14078595251533,321.9284336499541,425099
2015-01-12,331.469970703125,339.38243932943885,327.358604336053,333.5644546552199,861710
2015-01-13,332.63360595703125,339.69276624297987,328.91010480596356,334.76686724999445,633040
2015-01-14,324.4884033203125,336.1631739491557,318.43770846322576,331.0045653798721,251451
2015-01-15,332.9826354980469,340.1581494837357,327.3585839957502,327.4361618546076,384032
2015-01-16,330.3839111328125,336.2794729480189,328.87124950700496,335.62009669774704,73033
2015-01-19,327.47491455078125,335.8916026308372,326.6991833668763,328.91002197569276,61276
2015-01-20,326.0398864746094,332.78875888643876,322.3163853550473,328.5222363366126,74098
2015-01-21,316.8862609863281,328.67738714356847,314.75299974345813,324.72115246755743,89383
2015-01-22,328.52215576171875,330.0736181265911,317.27405361639427,317.9722069458994,193912
2015-01-23,316.1492919921875,335.0383544881053,314.171186583078,334.2626231632088,161171
2015-01-27,323.5962829589844,326.5052751173238,317.0025674000818,317.0025674000818,94720
2015-01-28,323.7514343261719,329.6469964225351,320.84244220692403,326.54407149533745,92839
2015-01-29,329.8409423828125,333.5256658807872,327.3198157789351,329.5306309389684,236122
2015-01-30,322.27752685546875,329.68575012417847,318.20493817746416,329.68575012417847,135688
2015-02-02,327.901611328125,335.89163379427123,321.5406055605668,325.80712746788436,198437
2015-02-03,338.8393859863281,342.6016871220234,323.4799173649915,324.2556485816941,180290
2015-02-04,334.6116943359375,350.3202528485729,331.23725851335,340.5460339282451,203698
2015-02-05,343.1059265136719,354.81947326360734,336.1243451800806,336.1243451800806,325583
2015-02-06,359.5126647949219,365.13671647495255,345.70463405230015,346.51916608588556,346558
2015-02-09,359.473876953125,368.0457219570389,353.0740937767667,356.8363952878594,367727
2015-02-10,354.8194580078125,356.8363639299302,338.99454573343365,351.2123125419041,125349
2015-02-11,368.3172302246094,371.8855991180853,353.11291492157227,360.5211397383741,259463
2015-02-12,368.08447265625,377.0053818987092,364.59368208311383,371.30375256123233,226811
2015-02-13,355.284912109375,369.2480745940229,353.3455839865072,369.2480745940229,165421
2015-02-16,344.50225830078125,363.0422307339151,341.32175539086035,356.91395849681254,99625
2015-02-18,349.1566162109375,356.06061912374753,340.62357305110913,347.52757596391916,83024
2015-02-19,346.2864685058594,354.12135984388453,343.765341628548,352.95776282358696,122149
2015-02-20,341.2829895019531,348.8851466522367,337.4431101583612,347.527616898726,96616
2015-02-23,342.6016845703125,348.30331370529836,340.54600159604894,342.87319522882376,37494
2015-02-24,335.1546936035156,344.4634690620845,332.0905692191341,344.4246919670499,28759
2015-02-25,340.0030212402344,345.2004304489545,333.68081584422816,333.68081584422816,44497
2015-02-26,331.66387939453125,348.1869688711969,325.8071180513175,338.21881778660577,81058
2015-02-27,345.3167419433594,347.60515847260245,332.43959917687226,333.56441889601297,121458
2015-03-02,355.94427490234375,360.6374393122631,345.9761239942784,352.1819737520233,114168
2015-03-03,364.477294921875,366.84326552075817,350.6304888041052,350.6304888041052,267514
2015-03-04,354.8194580078125,371.18739160972086,351.09595759270155,368.0456896140609,97673
2015-03-05,366.0287780761719,373.1267139498865,355.75033949023424,355.75033949023424,245435
2015-03-09,371.6916198730469,373.90245864745503,360.71502753333317,363.0422212593547,104894
2015-03-10,372.0794677734375,377.78109686533287,369.7134970673726,372.3509784298968,221456
2015-03-11,354.9358215332031,374.98847894282625,352.1819850839705,372.31222035274925,173046
2015-03-12,357.10791015625,358.38786207181835,353.38438569689396,356.0606681622611,73818
2015-03-13,357.069091796875,361.95621297025735,349.07906923704724,355.6727849893026,135729
2015-03-16,355.98309326171875,363.77920712772243,352.182014579143,363.77920712772243,66464
2015-03-17,358.5817565917969,359.55142061719386,355.2848989054472,355.2848989054472,49281
2015-03-18,353.30682373046875,359.12480837633154,351.2511168835118,356.83639161291615,55855
2015-03-19,350.7467956542969,360.7149445557389,338.7229641691056,356.56477863100235,139815
2015-03-20,360.52105712890625,366.1451080470011,351.0183504052288,353.22918894909816,440369
2015-03-23,356.2158203125,364.51613096910955,353.07409436210594,356.8363958794359,53646
2015-03-24,346.40277099609375,355.6339915640889,342.48533775726037,353.34557496813613,64644
2015-03-25,343.68768310546875,350.8244192912152,341.12777973092733,346.98454055596665,76581
2015-03-26,343.76531982421875,348.8851511234759,341.3217709712716,343.64896486425755,121550
2015-03-27,351.3286437988281,356.6811841621343,337.0164178495597,345.2003722618997,218715
2015-03-30,358.2326965332031,359.16358354091415,351.40627072145594,351.40627072145594,93981
2015-03-31,355.36248779296875,358.58176772252864,350.00994694131697,358.3878349114294,61323
2015-04-01,362.2277526855469,373.9024996898899,352.1820225294814,356.0606791652686,121972
2015-04-06,372.0794677734375,374.9108819372273,362.26647276408715,364.593666379274,157690
2015-04-07,374.56182861328125,383.5990926953806,367.6966025027511,372.35098987620364,328111
2015-04-08,369.0929260253906,380.06954235222736,363.85673999220506,379.95316372384946,128922
2015-04-09,367.3087158203125,375.8417588488731,361.80101967628144,371.5364602447469,999916
2015-04-10,368.1232604980469,375.4539303850649,365.0203354535422,369.2480802960556,588348
2015-04-13,367.26995849609375,373.51458539732795,364.9815419095385,368.47233242727054,183142
2015-04-15,370.0238342285156,377.81992441112374,366.2615326468499,367.6966403025501,343501
2015-04-16,376.03570556640625,382.0476224681899,368.5499040943567,374.2903103368561,289684
2015-04-17,366.57177734375,378.55683412296077,363.4688524738897,376.4235732749318,144510
2015-04-20,353.8885498046875,367.61897655620515,350.7080474475217,362.6543020753157,83501
2015-04-21,355.32366943359375,366.1451292265064,352.9576987247043,358.3878171666228,874504
2015-04-22,363.81793212890625,368.8601849196054,355.2461118540927,355.32366603519966,256822
2015-04-23,364.36102294921875,371.2650271989259,361.1417189222358,365.36946423037165,93985
2015-04-24,357.84478759765625,366.92085196771234,355.28488414632614,366.92085196771234,92859
2015-04-27,354.0049133300781,361.06407149572414,350.12625759878205,358.3877895717555,165729
2015-04-28,349.1566162109375,356.09939621418994,341.51565919222185,349.93234740728553,157425
2015-04-29,345.8597717285156,352.95770770930073,343.0671345811829,351.7165330134375,169109
2015-04-30,340.04180908203125,347.52761115001664,336.27950766413437,347.52761115001664,91282
2015-05-04,341.6320495605469,345.23919526289984,340.6236083701049,342.87322433808765,132986
2015-05-05,341.8647766113281,343.4162391352308,338.9945614727324,343.4162391352308,65785
2015-05-06,332.8662414550781,342.09743741247354,332.1292873926383,342.09743741247354,243733
2015-05-07,318.70916748046875,337.4042940897414,314.59777792639375,337.4042940897414,477346
2015-05-08,329.6857604980469,334.3401477050781,320.8036287752539,324.2556420898438,482441
2015-05-11,337.5982666015625,340.5460360317781,331.7802819313157,334.3401857168482,68983
2015-05-12,335.73651123046875,337.7534174296201,331.62514463767076,337.63706246443553,39741
2015-05-13,336.1631164550781,338.2187993771555,333.6419900835741,337.4430681859235,51872
2015-05-14,339.5763854980469,345.97616889121394,333.9911105219064,337.4431243669912,220158
2015-05-15,350.00994873046875,352.18198675650774,338.6066899101666,342.8732117761595,65197
2015-05-18,344.7349548339844,352.56984501341464,343.4937801278523,349.93236355878304,55896
2015-05-19,338.52911376953125,346.7518697786112,337.7533825172301,346.7518697786112,47749
2015-05-20,339.227294921875,344.6962149021992,335.6977269044456,344.6962149021992,38866
2015-05-21,340.5848083496094,342.0199159494952,337.2879504160467,337.8309717803624,24998
2015-05-22,337.6758117675781,342.446578008437,335.7364835959898,337.90854535223247,24844
2015-05-25,333.0602722167969,342.0975380449744,332.05180722030826,342.0975380449744,24088
2015-05-26,331.469970703125,336.5898019511257,329.3755104244703,336.5898019511257,19961
2015-05-27,338.7618103027344,341.86473497260715,327.35855267157734,328.91001500651373,59251
2015-05-28,347.294921875,349.0790944438923,338.9945872710688,338.9945872710688,134910
2015-05-29,358.8144836425781,363.8179597222059,346.0149178954216,347.3724475958776,166894
2015-06-01,360.2883605957031,363.3524845915525,353.3067798870435,357.06905721907145,45691
2015-06-02,349.1954040527344,360.7150174078668,349.04027201275085,360.28837470611444,174489
2015-06-03,351.79412841796875,360.7150379588875,337.40432293221045,347.10096373755687,85099
2015-06-04,346.8681945800781,355.28488267060857,342.9895386557265,349.079033191646,54271
2015-06-05,346.0148620605469,350.6692488539098,343.6488915766282,346.7518161055368,43188
2015-06-08,338.6454772949219,347.8766983697294,335.503775112951,347.760319740187,39340
2015-06-09,331.7027282714844,341.1666364882539,329.68582203727385,341.1666364882539,40696
2015-06-10,332.7499084472656,337.0552071474379,329.8796935315258,330.46149193281593,51920
2015-06-11,329.10400390625,335.42620926428066,324.6823260284692,335.42620926428066,31944
2015-06-12,323.4411926269531,331.2372831473441,321.9672841378953,329.6858204628132,31279
2015-06-15,314.4814453125,327.66887661689617,312.6972728995162,327.66887661689617,73587
2015-06-16,308.66351318359375,317.27413628695024,301.0613550842372,312.1543044141348,213217
2015-06-17,308.89617919921875,317.2352897582238,306.18111994744964,310.4476416288011,232370
2015-06-18,327.9403076171875,330.46143357757984,311.84388802391334,311.84388802391334,120682
2015-06-19,327.9791259765625,335.1158621396519,326.3888865630984,330.0736095843099,106846
2015-06-22,332.9826354980469,336.2794932752552,328.7161136687184,332.78870268762284,353563
2015-06-23,336.2019348144531,337.4431096074675,332.6723669304637,335.11591574810564,129322
2015-06-24,335.2322692871094,338.60670510358574,334.3401830461522,336.5122211696514,36005
2015-06-25,331.5087585449219,335.8916354272407,321.46302926311483,335.8916354272407,154294
2015-06-26,325.0314025878906,334.6504656147536,323.8678056812514,332.01298402772596,116454
2015-06-29,327.8240051269531,331.62508321744815,314.5977741536335,319.6012497908506,30598
2015-06-30,337.2879638671875,347.3336937935751,329.2203629838898,329.685806504231,138328
2015-07-01,339.8091125488281,342.17510739929355,337.9473620207756,339.92549119150334,40735
2015-07-02,334.6504211425781,344.73492632664033,330.0736119860372,344.73492632664033,384204
2015-07-03,342.6792297363281,343.6488936574836,338.2187756990132,338.2187756990132,245592
2015-07-06,354.1601257324219,355.9443219778055,337.132837411726,340.46847262829345,303289
2015-07-07,355.7503662109375,361.3356171674253,352.53108616558524,354.160102898661,256089
2015-07-08,353.8885498046875,357.6120497469958,347.83783280664244,351.4062007275251,75756
2015-07-09,328.98760986328125,360.4823016251343,324.2556447624432,355.28489306506935,660434
2015-07-10,346.364013671875,348.5360517686385,330.46152256263997,339.77029784609465,273334
2015-07-13,350.5917663574219,353.42318083424254,344.77378167623954,349.07908087093836,101525
2015-07-14,351.8717041015625,353.69467729637415,347.9542470363818,353.69467729637415,114380
2015-07-15,352.02685546875,357.2242646628628,350.8244814197171,354.5092051051646,95193
2015-07-16,348.8851318359375,353.50074227123605,345.2004083757469,353.50074227123605,76184
2015-07-17,359.70660400390625,360.6374673358385,345.00648677859033,349.3117859131968,186090
2015-07-20,362.84832763671875,366.8433392298319,361.45202071967924,361.45202071967924,59773
2015-07-21,362.07257080078125,365.2918508412904,348.9627170533413,363.0034577955153,64642
2015-07-22,362.53802490234375,364.59370809628365,356.060663864243,363.81797680246177,32994
2015-07-23,356.68121337890625,365.67970046470333,354.00495481475156,365.67970046470333,41149
2015-07-24,357.84478759765625,360.715002462973,350.82442981479477,358.69809663924536,97603
2015-07-27,346.7130432128906,358.387787424778,343.29980725104895,357.8447661562753,102237
2015-07-28,352.4922790527344,357.6121100924332,346.75187247574326,349.85479750908326,169281
2015-07-29,351.5614318847656,355.4400883544853,349.0790822747689,352.49229523343416,48359
2015-07-30,356.2158203125,356.91397374366295,351.6389867309462,354.43162412903854,51535
2015-07-31,353.849853515625,356.83642397269364,345.5883193039892,356.83642397269364,69172
2015-08-03,349.1566162109375,354.35400102240686,342.13623467992534,349.23419406525977,26635
2015-08-04,343.8040771484375,349.8159939456233,342.4853246396798,345.62702652883416,44190
2015-08-05,354.0049133300781,356.8363272792371,342.989521583823,342.989521583823,71150
2015-08-06,364.51611328125,368.4723474304543,354.5091847909845,356.3709350748926,187216
2015-08-07,356.3709716796875,367.42514323803505,350.3978545855577,364.5937285911115,50910
2015-08-10,364.1670837402344,367.6966518359497,351.4062938432177,353.73348784217944,124048
2015-08-11,366.84332275390625,371.18742271789466,363.468886903601,366.14516932674246,74998
2015-08-12,363.8567199707031,369.2480614294368,358.387824328571,362.4216361496964,31271
2015-08-13,362.84832763671875,368.47237974867215,359.74540233357203,363.8179917939521,36627
2015-08-14,361.8010559082031,367.2311747428949,353.1128799767599,367.2311747428949,28539
2015-08-17,363.81793212890625,365.3693945260444,358.5429694480114,358.5429694480114,48413
2015-08-18,385.07293701171875,387.08984273057325,359.93925255909016,366.0675238916806,452862
2015-08-19,381.8536682128906,397.1743588115795,379.37131900094363,389.30069217529507,231914
2015-08-20,385.65478515625,393.1018098707286,376.3072330884923,381.85370677625286,196978
2015-08-21,392.01580810546875,395.6229538321919,374.09641075602855,386.3141784479051,184624
2015-08-24,378.28533935546875,395.6229375289241,364.5936875266556,383.2112375280167,593042
2015-08-25,368.62750244140625,392.5200156646622,351.17354917568514,383.9869718458652,227200
2015-08-26,363.54644775390625,369.2480772102225,353.92738493101683,360.7150334091459,113286
2015-08-27,377.04412841796875,380.03069817861285,369.248039572833,372.35096427512576,39247
2015-08-28,384.9178466796875,404.9317029902921,377.00537864613403,381.58218817896113,285738
2015-08-31,392.4036560058594,394.07147345212053,372.5061542562029,387.0123143701605,119878
2015-09-01,381.776123046875,393.2957366356849,376.19087235196986,393.2957366356849,55862
2015-09-02,369.55841064453125,387.3614546079322,368.7826792940291,382.93977644069315,63974
2015-09-03,373.98004150390625,379.33258241059497,366.92088237262044,366.92088237262044,31999
2015-09-04,366.4166564941406,373.9024582365964,350.8244538122421,373.9024582365964,102588
2015-09-07,355.78912353515625,365.36940895039027,352.9577092832857,364.59367772119623,48754
2015-09-08,347.7215881347656,360.13329010945887,342.91204415019484,360.13329010945887,88272
2015-09-09,349.42816162109375,359.93931090775243,347.52761053162305,347.52761053162305,43061
2015-09-10,350.16510009765625,352.18200618937595,342.21385436320446,345.12284670507705,21413
2015-09-11,357.84478759765625,371.8855268368164,355.1685292027997,361.49073365106545,320090
2015-09-14,362.2277526855469,364.98158942757925,356.9915662272341,357.5733647226022,174148
2015-09-15,361.8786315917969,366.5717962298817,359.62901567993333,366.5717962298817,42475
2015-09-16,361.2968444824219,363.74039328529614,359.5902261931611,360.7150460210975,30259
2015-09-18,362.84832763671875,363.4301261310588,360.7150664908054,362.2665291423787,48735
2015-09-21,358.4266052246094,362.8870597955225,355.4400589289226,362.8870597955225,69356
2015-09-22,356.3321838378906,362.8095450447933,353.73347920117624,361.83988090224625,45038
2015-09-23,357.961181640625,359.9392867861304,350.8244449332489,350.8244449332489,40939
2015-09-24,357.961181640625,359.9392867861304,354.5091682354776,358.7369128621469,47423
2015-09-28,345.9373474121094,359.16355525840544,344.0755735432937,357.57331572501664,46422
2015-09-29,340.5848083496094,348.3033440399144,339.14972442316343,339.14972442316343,51342
2015-09-30,348.18701171875,352.9577546568967,341.32178472315286,344.2695543036581,114689
2015-10-01,349.50567626953125,354.35399618045824,340.23570280390106,350.63049595824117,267788
2015-10-05,358.0386962890625,358.58171755354215,351.79407011472443,352.9576668185218,43724
2015-10-06,359.5126647949219,363.81796385301783,349.0014919336974,361.801057826181,617807
2015-10-07,343.2998962402344,360.13327584608965,341.5157236214129,360.13327584608965,552343
2015-10-08,341.1666564941406,350.6305889393136,337.9085988540803,347.52766337347896,607722
2015-10-09,341.011474609375,342.87322494224674,331.23725576999857,342.87322494224674,199731
2015-10-12,332.32330322265625,341.2442136836961,331.6251497473502,339.7703288639518,71906
2015-10-13,326.931884765625,336.6673006965784,325.96222088113024,336.6673006965784,72562
2015-10-14,324.953857421875,329.608245516741,322.7042412440448,327.2422743712276,118712
2015-10-15,326.1562194824219,334.14624203381993,323.59629210665395,326.50528434722696,136224
2015-10-16,320.5709228515625,328.7936784204341,319.98912444348343,328.7936784204341,108217
2015-10-19,327.9791259765625,329.3754562728729,319.0194405206755,319.0194405206755,136747
2015-10-20,333.0214538574219,334.8056501384765,326.5828932228796,329.45310864219607,164838
2015-10-21,328.6773376464844,335.1158975041563,326.97071943981916,335.1158975041563,57995
2015-10-23,323.7514343261719,331.0820802626132,321.1527299649561,328.8324644250826,93040
2015-10-26,328.0955505371094,330.1124329029471,320.4933698772854,326.46651013332996,116595
2015-10-27,323.712646484375,328.250679106265,321.61818627896076,324.2556678376895,97897
2015-10-28,325.302978515625,327.74652777499824,320.8425228121783,323.6351606829382,79818
2015-10-29,325.496826171875,328.9488159129872,322.31632342028445,323.0920546439193,135003
2015-10-30,317.5068054199219,325.7295617740249,316.49836421899226,325.7295617740249,49251
2015-11-02,309.74945068359375,322.161149562751,307.577412849116,316.5758992711924,261761
2015-11-03,322.4715270996094,325.61322955325994,310.29253560763306,311.8827753832455,157302
2015-11-04,325.88470458984375,329.41427232670696,313.39542666384904,323.75144364101806,139187
2015-11-05,324.8374938964844,327.31984361772663,319.79524025988223,325.8071580573694,68599
2015-11-06,319.4461364746094,325.8071425363621,318.0498296188297,324.1393249937807,24355
2015-11-09,323.2860107421875,325.69078244340403,299.8977173991863,317.2740933258661,47547
2015-11-10,323.0144958496094,327.7464613277272,318.9807074527165,325.80713315419035,27340
2015-11-13,331.0433349609375,332.78873040009887,324.565973818695,324.565973818695,59000
2015-11-16,330.3451843261719,333.17659888350886,324.29446588161517,330.5391171543928,35346
2015-11-17,327.2034606933594,333.1766013155406,326.03986371554026,331.1596951526326,35864
2015-11-18,322.00604248046875,329.2979114022743,320.0667143803376,327.3585833021431,30998
2015-11-19,330.4226989746094,332.40080397462873,322.7817422699102,323.3247398809761,55644
2015-11-20,339.9254455566406,341.32175234686576,327.94038819235794,331.23724602752657,141976
2015-11-23,340.8175354003906,344.34710318042636,339.14971791832363,342.71806279216395,32791
2015-11-24,350.7856750488281,354.78068618705987,337.0552226764091,339.7702820075194,105006
2015-11-26,348.45849609375,356.06065307343664,343.06715429570227,350.7468891371081,195695
2015-11-27,339.1109619140625,353.69472579900764,337.7534320235551,349.19546967211755,36654
2015-11-30,331.1596984863281,341.94235918797654,329.7633915682654,340.7012080045614,60061
2015-12-01,339.227294921875,340.08060410392284,328.05676870930955,333.87475357767084,56045
2015-12-02,337.75335693359375,343.9204293916293,335.5037412070088,339.22724146663654,39498
2015-12-03,330.2287902832031,338.99454361203374,328.9876155947872,338.99454361203374,36245
2015-12-04,330.1900329589844,333.09902542075173,326.2725992465142,328.910081010495,17194
2015-12-07,329.53057861328125,335.1158522874463,326.8155196248413,330.1899548165895,42891
2015-12-08,325.61322021484375,333.0990226870006,324.333268276859,326.5828843608081,25274
2015-12-09,320.99755859375,328.44458279051094,318.2437223245457,325.6131686672225,28851
2015-12-10,321.1527404785156,323.0920686215018,318.24374826403636,318.28252535752034,24317
2015-12-11,323.51873779296875,325.0314233375438,318.04984145201183,321.92849805508513,23928
2015-12-14,330.50030517578125,332.01299065397797,319.0194916038515,321.4630404218738,26216
2015-12-15,328.3670349121094,332.1681370482843,326.0398411177686,332.1681370482843,52084
2015-12-16,326.970703125,331.08206904485985,325.96226202720425,331.08206904485985,47690
2015-12-17,326.5828552246094,328.6773390624088,325.496836212707,327.2034307532853,42136
2015-12-18,332.9438781738281,335.07713921515443,324.2556782815959,326.5828721448609,57588
2015-12-21,328.9488220214844,335.07711774075125,327.35858245287784,333.9522979762178,36342
2015-12-22,326.38885498046875,332.4007709070252,325.1089034211145,328.9487580991772,26811
2015-12-23,330.4226989746094,332.01293839239463,327.3585514055854,327.3585514055854,26045
2015-12-24,334.06866455078125,336.2795033908066,329.6857876380457,331.2372501681071,41328
2015-12-28,330.3451843261719,335.1159271657179,329.6082301095561,334.10748592834557,31579
2015-12-29,328.4446105957031,333.486863783345,325.9622847689277,333.486863783345,22987
2015-12-30,326.00103759765625,329.18154026012576,325.4192391962327,328.1342984028759,25038
2015-12-31,329.10400390625,332.7111497152603,325.18657031203975,325.18657031203975,44731
2016-01-01,332.090576171875,333.37052808953763,328.3282746105801,329.64702729752986,28137
2016-01-04,334.0298767089844,338.7618420081013,329.6857770299026,332.47841422884363,78659
2016-01-05,334.6116943359375,339.3048591382377,332.5947882613555,335.89164622079755,64640
2016-01-06,327.1646423339844,337.05521539802305,325.8071126977438,335.11588734625076,87457
2016-01-07,313.5893859863281,332.0130048290623,309.51679655793424,321.9284976730394,396555
2016-01-08,313.1627197265625,324.2556672962697,311.06823585120605,313.39542963562906,133081
2016-01-11,312.2318420410156,316.1104984638854,308.74105126043287,310.29251382958074,55586
2016-01-12,314.4814453125,366.99846062350025,309.5167700267093,316.4595742122229,64580
2016-01-13,313.628173828125,318.7480054482042,309.59438503157924,314.4039051743963,62668
2016-01-14,311.9991455078125,314.9469150462582,309.5943736877957,314.9469150462582,45113
2016-01-15,312.5033264160156,314.94687502201606,310.29248770641976,314.17114380275,40588
2016-01-18,302.4964294433594,312.61971342355486,295.94149049897317,307.03443860269084,125783
2016-01-19,304.8543701171875,308.93082311446534,300.5381358112263,308.93082311446534,89847
2016-01-20,296.6614685058594,303.7353088672498,292.06547370063123,303.7353088672498,148978
2016-01-21,294.90301513671875,309.3304325298927,291.2661698343405,298.1801397397163,132235
2016-01-22,296.0620422363281,297.34093284756773,284.592030942813,296.54162926464414,207005
2016-01-25,303.4955749511719,305.294007981687,296.70149461367015,302.9360526956657,49661
2016-01-27,305.693603515625,307.571947043171,302.3365193859428,306.93251406266234,10052
2016-01-28,306.0932922363281,308.4912027923736,298.14021246832095,303.7353370990937,96397
2016-01-29,305.97332763671875,308.13145654473715,302.1366811255789,303.0159197322828,25085
2016-02-01,312.6475830078125,313.7266476937285,304.61459197685457,311.2887815897925,51088
2016-02-02,312.7674255371094,314.1262511388524,304.93426160171043,312.64753489996855,23557
2016-02-03,311.36865234375,317.0836915833732,306.93252790844554,306.93252790844554,43547
2016-02-04,313.52679443359375,318.1227895081461,311.9281874511408,314.12627205201363,25743
2016-02-05,316.0046081542969,318.1227573131224,310.12972320977764,310.12972320977764,13356
2016-02-08,316.9237976074219,319.72135950307376,313.44682294426514,317.32344930680074,31539
2016-02-09,315.8048095703125,317.3234813025189,313.3269639057618,313.3669193226068,12856
2016-02-10,315.8048095703125,318.9220882612218,313.3269639057618,315.72487434381605,45369
2016-02-11,315.0854187011719,318.76219492803074,307.85170809658075,307.85170809658075,50584
2016-02-12,311.2487487792969,318.92206653694217,295.74226721470825,318.92206653694217,109610
2016-02-15,319.5615539550781,321.39996678120383,313.44688659152297,315.7249066191087,19880
2016-02-16,315.2053527832031,319.68145744182306,311.3686811931827,316.40430808143304,21738
2016-02-17,310.72918701171875,314.925529730205,307.851689983339,313.72657466778037,17063
2016-02-18,311.36865234375,315.4451048585952,308.9307865536828,315.4451048585952,20677
2016-02-19,305.2539978027344,311.36866461967423,300.5381120926085,308.17145066124226,87234
2016-02-22,304.61456298828125,310.36953344414803,300.9777174961312,310.36953344414803,85862
2016-02-23,301.8169860839844,306.7726528134326,297.34088190788526,305.33391636777463,170163
2016-02-24,304.9342956542969,306.932554472477,295.74230509066797,299.6588874957396,437591
2016-02-25,300.45819091796875,306.93255436517063,296.94126027776275,304.93429554768903,47732
2016-02-26,301.6571350097656,303.13585135836786,297.34090100280247,297.34090100280247,107820
2016-02-29,305.0941467285156,311.7283558261549,289.02814197276024,298.4599132380701,20370
2016-03-01,306.97247314453125,311.32868660381183,305.3738662813538,306.1731697129425,28030
2016-03-02,310.0897521972656,311.32866266383877,302.1366739073968,310.64924992067154,32801
2016-03-03,309.0107421875,311.32871749051105,307.73185169151924,309.37041413171477,6274
2016-03-04,306.0932922363281,311.4885909874305,304.93429237711644,311.4885909874305,14275
2016-03-08,306.0932922363281,310.1697206673594,303.7353370990937,305.2939887176463,24787
2016-03-09,306.93255615234375,308.2913819132664,303.73534202575684,306.0932972012379,10503
2016-03-10,315.4850769042969,317.4433556927602,304.97421717473645,309.2105400340831,24852
2016-03-11,317.9628601074219,320.80040161092404,312.72743296757756,315.48503925821444,32109
2016-03-14,315.04547119140625,317.32349105613895,311.72836652870075,311.72836652870075,6997
2016-03-15,308.8908386230469,317.3234805531685,303.7353214362822,313.4868336184643,14239
2016-03-16,307.2122497558594,310.44941859052466,303.7352752787136,305.7734890793839,8165
2016-03-17,304.8543701171875,317.32351041770437,303.735350021984,304.13500179832874,31291
2016-03-18,303.8551940917969,309.69012376755245,300.1384380201746,309.6501439603622,62460
2016-03-21,304.61456298828125,309.01073215543806,302.936020791351,307.61195105679724,40901
2016-03-22,299.1793212890625,306.5329240080482,295.4625645075529,304.5346650510205,262785
2016-03-23,292.8647766113281,300.3382686812933,291.98553794554306,296.14192560590595,33715
2016-03-28,288.1888427734375,296.9012697001987,287.10980265402105,296.9012697001987,113313
2016-03-29,297.5806884765625,299.4191011942708,287.34961325546584,290.3070460141054,84995
2016-03-30,299.4190979003906,308.5311529803152,295.7422968982296,295.7422968982296,87818
2016-03-31,308.4512634277344,310.1298059156337,298.1402515632252,299.738858810213,36927
2016-04-01,307.0124816894531,314.44599454191444,304.5346359410303,304.69450639943454,53601
2016-04-04,311.6084289550781,313.0871450932042,304.9342408238846,304.9342408238846,13168
2016-04-05,305.1340637207031,309.6101675038766,304.0150438731106,307.0124315324495,17874
2016-04-06,301.2174987792969,309.53024947077085,298.14017573298264,305.1340806596947,45857
2016-04-07,300.2583312988281,307.5719528704817,298.1401820688571,300.4182017433866,40482
2016-04-08,305.9333801269531,307.2922056808503,299.7387787004766,299.7387787004766,24709
2016-04-11,306.3730163574219,308.890841851998,303.29571745126276,304.53462809716007,38762
2016-04-12,330.5119323730469,350.57445116349,304.5345737222028,308.81085148636373,889169
2016-04-13,319.2018127441406,330.6718212357502,314.1262313538823,330.6718212357502,396763
2016-04-18,315.5649719238281,320.4807073381165,314.20617078226223,319.72135935253266,167688
2016-04-20,309.5702209472656,317.483344732033,304.934270626708,315.72486735923894,81373
2016-04-21,311.4485778808594,314.6457916137932,307.73182179488475,308.89082153019524,35274
2016-04-22,311.6084289550781,314.1262297346963,306.9324992827567,308.5311060498544,727847
2016-04-25,311.4885559082031,314.4459639585839,310.12973032234925,311.8482278154199,26945
2016-04-26,311.7683410644531,313.88651499397287,309.4104102189855,313.1271668615629,53506
2016-04-27,309.29046630859375,311.72833196814594,307.73181489163125,311.72833196814594,17092
2016-04-28,310.9290466308594,312.52765355441136,307.7318327837554,310.8491114061206,24683
2016-04-29,309.41033935546875,312.5276176194035,308.5311007700505,312.5276176194035,19813
2016-05-02,308.7309265136719,312.0080752076527,305.5736684465727,305.5736684465727,20977
2016-05-03,314.9655456542969,318.60239134472585,306.97251036914474,306.97251036914474,284385
2016-05-04,314.00640869140625,317.8430560255431,310.5693887448001,314.9256029076256,31026
2016-05-05,310.72918701171875,317.7230915425292,308.3312768868695,312.5276196053557,39742
2016-05-06,311.80828857421875,314.92556722914395,310.1297464083956,310.1297464083956,21895
2016-05-09,311.6084289550781,315.32518481001955,310.2496034459237,313.5667076090907,32364
2016-05-10,311.88824462890625,313.72663297584546,309.33046359656606,311.7283741670821,56061
2016-05-11,311.7683410644531,313.96642583501927,309.3304749851304,309.3304749851304,21625
2016-05-12,313.8865051269531,317.2835451201331,312.28789807133904,314.80569930536967,80830
2016-05-13,323.4381103515625,330.9116018911924,312.72744985490107,313.8864495220278,81752
2016-05-16,319.8013610839844,325.31655080131713,317.40345039011714,325.2366155662931,11036
2016-05-17,321.5997314453125,323.67792518698644,318.1227567380817,323.67792518698644,7843
2016-05-18,317.8829650878906,321.95939282581514,316.52413958004684,321.7196115681032,7908
2016-05-19,311.5285339355469,319.0419818318262,310.1297528338478,317.3234842140144,13413
2016-05-20,313.6466979980469,316.7240214445874,309.3304638461964,309.3304638461964,13854
2016-05-23,311.9281921386719,316.48423186425197,310.12975925638614,315.7248837790529,17594
2016-05-24,308.7709655761719,318.12282729135825,306.53292529205,311.7283986020847,210669
2016-05-25,309.41033935546875,315.3251794139506,306.8525588147616,307.7317974001799,16141
2016-05-26,308.4112243652344,311.76828403781684,307.2922044743736,308.29133373278574,12894
2016-05-27,309.2505187988281,311.72836452360275,307.7318470297104,307.7318470297104,12990
2016-05-30,311.6084289550781,313.1271005052603,308.5311060498544,309.33040943340325,39584
2016-05-31,310.0897521972656,312.4476825034537,309.730055923588,310.3694888625671,18980
2016-06-01,315.0055236816406,318.56240972769587,308.1714639158714,308.1714639158714,15423
2016-06-02,311.4085998535156,315.2452462973178,310.92901294983955,313.2070324476985,22946
2016-06-03,309.130615234375,314.0863064768319,307.8117693950649,310.12974456609567,46896
2016-06-06,310.20965576171875,314.0862821470647,308.251352666118,311.72832734973355,59656
2016-06-07,314.4859924316406,321.32002804716205,310.92908186653244,312.20797242886397,178873
2016-06-08,323.23834228515625,324.91688457480535,313.32698340301033,317.2835456291256,69655
2016-06-09,327.71441650390625,338.9046648723323,325.7960930907372,332.51023723323175,207863
2016-06-10,326.7552795410156,329.0732793364869,322.9186322809397,322.9186322809397,54048
2016-06-13,324.2374572753906,327.6344971229299,319.8013326433739,321.3200044025359,192761
2016-06-14,320.76043701171875,326.875127390107,317.3234422308236,321.9194366711945,22386
2016-06-15,321.2401123046875,327.71447635016744,320.00120148048774,322.11935114418895,36653
2016-06-16,313.44683837890625,324.916847594442,311.088907872145,322.9985242215229,51991
2016-06-17,314.56591796875,318.7622618146675,313.3270071618411,316.40433086074256,23995
2016-06-20,315.0055236816406,318.9221060706129,311.1288967117445,315.52506609367026,26164
2016-06-21,315.6849670410156,318.64237572967545,314.36609658482956,316.5242260651249,39307
2016-06-22,316.0845642089844,317.4433654604374,313.56673878622183,316.4842159404951,32185
2016-06-23,313.60675048828125,323.1184577869992,311.72838228059294,320.5207212679943,100730
2016-06-24,308.2913818359375,310.1297702011407,304.9342972467401,310.0498349694344,47884
2016-06-27,309.37042236328125,313.28702918508475,304.93429751694686,304.93429751694686,23234
2016-06-28,307.73187255859375,313.6067586405469,306.9725244146373,311.72839038403004,40167
2016-06-29,310.0897521972656,312.4476825034537,308.57105627978495,311.6883589375164,29047
2016-06-30,310.0497741699219,313.7265745721304,308.571058048155,313.7265745721304,72608
2016-07-01,311.5285339355469,313.0472056816874,308.1714495343465,312.08805613334914,99243
2016-07-04,318.4425048828125,319.3217435985664,311.7283604591762,313.3269674358899,37670
2016-07-05,316.6040954589844,320.5206774116379,314.9255533670457,320.5206774116379,59018
2016-07-07,314.9655456542969,318.76223741474416,313.44687382867954,317.32350082053995,21399
2016-07-08,313.96636962890625,325.5562690716186,311.72832983846973,313.3269366581542,262553
2016-07-11,315.4051513671875,317.9229523969871,312.9273057534141,317.9229523969871,20146
2016-07-12,313.7265930175781,318.08280642296955,313.1670708652657,317.88298056754434,15353
2016-07-13,315.1253662109375,317.24351534749144,313.3269335565948,314.925540360455,23206
2016-07-14,315.6849670410156,317.683226043952,313.7266634610139,317.683226043952,40439
2016-07-15,313.6466979980469,317.8830213117285,312.68754840475106,317.8830213117285,93199
2016-07-18,315.3251953125,317.08367257199814,313.526762639615,314.36602146317296,74041
2016-07-19,319.6814270019531,321.31998932972124,312.92730304125837,314.1262582253245,49145
2016-07-20,319.4416198730469,322.75872432194524,314.6058437431499,316.5241671503485,35702
2016-07-21,317.9229736328125,321.28005815865407,316.404301830287,319.9212324237164,17483
2016-07-22,322.23919677734375,325.3165200891811,314.92557473006724,314.92557473006724,69943
2016-07-25,320.32086181640625,329.3130257476216,316.52417037878195,322.1192946026493,391628
2016-07-26,320.4007568359375,326.1157709831852,318.7621703117374,322.11925418192067,106684
2016-07-27,317.1236267089844,323.63794459709834,313.88645766794247,317.4833229992353,369174
2016-07-28,316.9237976074219,320.40077227057856,316.524145908043,317.2435140883642,27705
2016-07-29,311.84820556640625,319.5215228127015,310.52935988176245,319.441587596977,70871
2016-08-01,301.737060546875,314.7257419611444,300.1784090200402,312.2079409040165,116410
2016-08-02,306.8525695800781,308.13145989529903,300.4581423967775,302.0967289981806,112252
2016-08-03,310.72918701171875,312.5276196053557,303.97506373627203,306.9324959807074,139915
2016-08-04,312.3677978515625,315.96466359935954,309.7301060603008,312.8074294119774,211672
2016-08-05,317.2435607910156,318.12279953764596,312.48771950396394,312.48771950396394,79162
2016-08-08,315.60498046875,319.28178131467826,314.80567699758325,319.28178131467826,20467
2016-08-09,312.52764892578125,317.24353440185473,310.9290420259051,317.24353440185473,24171
2016-08-10,309.4503479003906,313.12714891167366,308.2913724507605,310.3295866367768,42087
2016-08-11,312.1279602050781,314.1262185930748,308.17139883972374,308.17139883972374,133850
2016-08-12,314.0863342285156,315.7248967201934,310.5294237361902,312.5276825761914,229166
2016-08-16,314.2061767578125,319.1218878727836,311.7283312971461,315.0854153913141,70982
2016-08-17,319.8812561035156,322.9185995101021,312.6475451174201,316.6041070220054,68219
2016-08-18,320.16094970703125,322.1192526876879,315.08539290721177,319.72134261805246,50092
2016-08-19,323.15838623046875,324.71703776888194,319.00202278271087,319.8013262602958,53293
2016-08-22,318.362548828125,324.59713026512594,316.7239865413109,324.5171950429583,21587
2016-08-23,321.8395690917969,323.71793731030726,318.8022253630458,318.8022253630458,23786
2016-08-24,317.6431579589844,322.8786097274945,316.92378979639307,322.11926176026833,15012
2016-08-25,318.7222595214844,322.9186027502939,317.32347844521456,317.36343386169983,34628
2016-08-26,319.72137451171875,322.5189365386963,316.5641161812935,316.5641161812935,35112
2016-08-29,319.2417907714844,321.3599400202959,316.1245122173084,316.1245122173084,34030
2016-08-30,320.20098876953125,322.9186158061703,316.96379494074057,320.24094418763195,65394
2016-08-31,319.72137451171875,322.91858825683596,318.3625489129219,322.91858825683596,56114
2016-09-01,321.7596130371094,329.313040842687,319.9611801684297,320.6006376018666,167397
2016-09-02,326.5154724121094,328.5137311172018,322.2791737144359,324.07760654901915,113579
2016-09-06,323.917724609375,329.31302292180754,322.91859529225786,328.51371946811383,46296
2016-09-07,324.63714599609375,327.75442509736973,322.19927982026746,325.47642939558204,37560
2016-09-08,326.5154724121094,327.71442763516484,322.1592586778852,322.1592586778852,30198
2016-09-09,324.87689208984375,327.7144095372516,323.7978275701235,326.91510609935585,34107
2016-09-12,320.1210632324219,323.6779736921275,319.7214114680868,323.6779736921275,37569
2016-09-14,318.642333984375,323.1583938608007,316.96379176325206,318.6023785666749,55957
2016-09-15,315.7248840332031,321.2800531423026,315.16536182336324,321.2800531423026,54586
2016-09-16,324.0376281738281,326.915125600462,317.32348377355356,318.722264873311,54678
2016-09-19,317.7231750488281,326.91516627665584,316.80398080460725,324.0376684919913,153164
2016-09-20,318.5623779296875,318.9220742367006,315.1653382918279,316.1644675970807,29736
2016-09-21,317.2035827636719,319.6414485578904,312.9672597928717,318.1227768634851,116845
2016-09-22,319.3217468261719,324.5172195530057,317.20359743917794,320.24094096851184,39923
2016-09-23,316.6040954589844,320.4007867749576,315.72485680198747,316.92381195440004,24600
2016-09-26,316.9237976074219,322.43898618028913,315.36514622272284,315.36514622272284,416974
2016-09-27,315.60498046875,319.6014978245837,313.4868311487193,316.8039356755001,70217
2016-09-28,313.9264221191406,317.32346169649605,313.32694454666614,314.1662033910085,205874
2016-09-29,309.6501770019531,318.1227991441529,301.4173605500692,317.64321215632884,624047
2016-09-30,309.0107421875,310.6093492092741,300.61805532318584,305.41387638850824,23632
2016-10-03,315.6449279785156,316.524166653336,307.8916991380945,311.84823658557787,31197
2016-10-04,315.0854187011719,318.8421301487895,312.9272897047072,315.7248516816331,19694
2016-10-05,317.28350830078125,319.84126465726274,314.36603124859954,317.8430060696342,56894
2016-10-06,317.8829650878906,321.24002465987576,316.9637466834533,318.64228866584756,64444
2016-10-07,320.32086181640625,322.9185980632018,318.16273271579223,318.16273271579223,27418
2016-10-10,318.362548828125,335.5475727035526,315.80479246839553,319.84126506340885,146364
2016-10-13,319.5615539550781,324.91689757131064,316.6441008357671,317.3235137412308,57435
2016-10-14,318.6023864746094,332.55021819831035,313.40691361867783,323.7179241003497,605552
2016-10-17,320.6006774902344,322.91865304192385,316.6441149297502,319.96121997723765,52542
2016-10-18,321.280029296875,326.1158053793237,319.7613332379721,322.3191140176772,74167
2016-10-19,322.2791442871094,325.71613918891364,319.6014729882225,324.3972934425378,86130
2016-10-20,323.35821533203125,326.27569256862336,322.91860817208794,324.51721514323685,47866
2016-10-21,324.15753173828125,325.3165315956837,322.1193175259473,322.1193175259473,41188
2016-10-24,323.03851318359375,325.5962942083127,321.8795377136489,324.1175778156723,21278
2016-10-25,321.35992431640625,324.5171825241943,319.76131750594226,320.88036178751037,22787
2016-10-26,319.72137451171875,322.7986976199551,318.6822898016777,322.7986976199551,40385
2016-10-27,322.63885498046875,324.51722309616315,316.2844067501075,318.12279505485947,33492
2016-10-28,325.19659423828125,326.9150916753734,319.96114231537706,322.8386394434033,97037
2016-11-01,322.4789733886719,327.5545305730535,321.7595807990326,327.51457515932,13200
2016-11-02,319.8413391113281,322.4790556967,317.40347282404616,322.4790556967,33061
2016-11-03,320.7204895019531,322.47896674045614,316.0046043168092,321.1201412022671,39071
2016-11-04,316.8439025878906,322.39907167117855,315.72488256621733,319.7214000670555,25913
2016-11-07,320.00115966796875,321.4798760148963,317.32348807641995,317.32348807641995,106316
2016-11-08,323.0784606933594,325.07671929637917,316.52416271833243,322.0793313918495,23036
2016-11-09,318.8821716308594,322.91864493542846,259.3740105978875,303.73535909768026,52731
2016-11-10,319.3217468261719,322.91861256013374,318.56239874743494,321.79959254368475,25548
2016-11-11,314.4060363769531,318.24268341706505,311.72836477532167,316.724011646721,23204
2016-11-15,310.0897521972656,316.3642641385075,305.33388738789836,314.925527829403,34274
2016-11-16,307.6119384765625,315.6849082228378,303.73531185459404,310.2096746963715,19652
2016-11-17,299.8187561035156,310.04983143218146,299.73882087272136,308.730985498903,197368
2016-11-18,306.97247314453125,309.33042802484,300.77787154971855,300.77787154971855,25609
2016-11-21,302.61627197265625,310.32954490037656,297.5406905065426,310.32954490037656,61261
2016-11-22,302.816162109375,304.61459514030895,299.8187737244851,304.1749635415063,38906
2016-11-23,303.21575927734375,307.6518835308011,301.5771726197353,301.5771726197353,23412
2016-11-24,295.8621520996094,306.0133151557254,295.7422614667648,304.1349472651459,66644
2016-11-25,295.70233154296875,301.9768443331402,294.1436800032204,295.74228695975967,137445
2016-11-28,291.3061218261719,296.54154912228785,288.5485154532235,295.78220116660555,136269
2016-11-29,292.02557373046875,294.9430269778393,290.5468571990368,292.3053348676818,33947
2016-11-30,294.10369873046875,295.1827388170244,293.3443507357477,295.1827388170244,53399
2016-12-01,291.5060119628906,295.7023555647011,289.70757899068616,295.0229426744177,21953
2016-12-02,292.1453857421875,294.14364419459645,290.26701791836246,294.14364419459645,14343
2016-12-05,291.62591552734375,295.3426722892282,290.3070695012311,292.54510976416105,24545
2016-12-06,291.3860778808594,293.2644459632316,290.3869485171302,293.2644459632316,13163
2016-12-07,284.95172119140625,292.74493095751063,283.8327010779121,292.74493095751063,25138
2016-12-08,291.9056396484375,294.7431572355487,285.9108635690704,285.9108635690704,29713
2016-12-09,292.4252014160156,293.7040919429575,287.829206117149,293.7040919429575,27486
2016-12-12,284.8717346191406,293.5042262092992,271.123730401399,293.5042262092992,32725
2016-12-13,291.3061218261719,295.7422457553814,282.23402373322324,282.23402373322324,32630
2016-12-14,281.5546875,290.02731037004526,280.9951652340046,287.74929027679207,81207
2016-12-15,282.4738464355469,285.2714086302254,279.7562194678491,279.7562194678491,34852
2016-12-16,287.66925048828125,289.3477922834026,281.35475934739696,282.19401804855727,40633
2016-12-19,281.83441162109375,291.74576988379,281.3548246550523,289.0680983501309,26180
2016-12-20,287.7891845703125,291.70579081474466,281.3548018421243,283.75271208509696,63450
2016-12-21,286.6701965332031,290.9464751537217,283.91261408295236,286.6701965332031,17006
2016-12-22,291.46600341796875,294.94297836670654,282.15412293617186,282.15412293617186,83013
2016-12-23,285.4712219238281,291.7058034615375,283.512943109516,291.7058034615375,50097
2016-12-26,288.2288818359375,291.26622574614026,281.43480126428557,283.7927322387612,7497
2016-12-27,284.3122863769531,290.94649617547924,282.9534605662628,285.7510230294885,80483
2016-12-28,288.0689392089844,290.0671977001577,281.11501429538356,285.63107360687445,181063
2016-12-29,289.3478698730469,291.2262379952593,287.7492628571737,288.5086109468363,17731
2016-12-30,296.9012451171875,300.8577821439969,290.1471219160158,291.266141750079,16221
2017-01-02,298.8196105957031,304.8143866900687,295.0229190692716,300.53810819752664,13508
2017-01-03,301.2174987792969,302.136692833961,298.9794345670663,300.85780248308697,15666
2017-01-04,297.26092529296875,303.7352876181264,295.82218895084645,301.4173126701277,14715
2017-01-05,298.6996765136719,304.57453671754746,296.5415476764258,299.61887050257195,21308
2017-01-06,296.2218322753906,300.8977618443761,295.7422453772993,300.4981101614338,15353
2017-01-09,297.3408508300781,304.5345810920962,291.9055977225634,299.6188702916111,74198
2017-01-10,296.30181884765625,302.93602817726503,294.70321183880526,299.5789437015551,41149
2017-01-11,296.8612976074219,301.33740182341296,295.02290942238534,299.6588596933156,76999
2017-01-12,300.8977966308594,309.33043835870967,295.9421054323314,298.06025471824205,584723
2017-01-13,308.0515441894531,309.33043458568113,301.93687768666933,301.93687768666933,113409
2017-01-16,314.36602783203125,316.52415684033724,307.5319932937368,308.05153564231273,64104
2017-01-17,314.36602783203125,318.12276369306625,313.3269431348793,318.12276369306625,60595
2017-01-18,313.4068908691406,317.1636024873611,311.88821917697464,317.1636024873611,86687
2017-01-19,315.60498046875,317.28352263676135,313.4068959230414,315.32521937528037,40170
2017-01-20,316.3243713378906,326.4355560927449,312.52767957830764,314.7657197005176,164381
2017-01-23,317.8061218261719,320.8932167478981,313.9781291477999,320.234646547067,58783
2017-01-24,323.65106201171875,328.4669356415588,315.29532919979204,315.29532919979204,34022
2017-01-25,321.1813659667969,327.52021122452993,318.7940174712453,322.08691887830787,32148
2017-01-27,315.4599914550781,323.23945661176225,314.47211090049313,321.05791427013696,30134
2017-01-30,309.61505126953125,315.29530101521055,308.8741534979806,312.8256250281462,26578
2017-01-31,307.1453552246094,311.1380028341957,304.75800695091954,311.0556752821012,34428
2017-02-01,302.4530029296875,310.1090141219972,300.4772670204236,310.1090141219972,44856
2017-02-02,308.9976806640625,312.7433464485714,300.51844337352514,302.9469685236005,58081
2017-02-03,306.73382568359375,310.3560128514548,305.8282726109164,310.3560128514548,20317
2017-02-06,311.3438720703125,313.31960810563425,306.40451942058473,307.06308972474307,30823
2017-02-07,309.08001708984375,311.38503838899055,308.7095555740157,311.38503838899055,18534
2017-02-08,308.8329772949219,312.00239983763004,307.51581174333415,307.96860074820296,18364
2017-02-09,307.43353271484375,310.8910642877987,305.4166204551528,310.8910642877987,22379
2017-02-10,309.32696533203125,309.94438442451036,305.49897198323026,307.3100529141273,17311
2017-02-13,305.04620361328125,312.2494268477872,304.5934396305376,311.01458857901474,23102
2017-02-14,306.1163330078125,307.7216072700418,303.81128709276487,304.71683994786065,16746
2017-02-15,303.7701416015625,306.89838775320027,302.1236909695757,304.5933669175559,30923
2017-02-16,305.95172119140625,307.43354201565535,300.4772771931415,302.946953444044,97069
2017-02-17,304.84033203125,307.063050488751,300.4772477973033,307.063050488751,18659
2017-02-20,307.55706787109375,308.66842737864766,304.6346021199075,306.89847236302296,21819
2017-02-21,308.9153137207031,310.2324793101037,305.4577571888821,307.8451308109149,13930
2017-02-22,303.3173828125,311.5907873278132,302.3295023676074,308.709498673527,61255
2017-02-23,303.07037353515625,306.23979580121556,300.80650407694833,303.19385229921755,32812
2017-02-27,302.6588134765625,306.1986977725052,301.30049659027384,302.9469473913136,27886
2017-02-28,300.9712219238281,304.5934087875431,299.65405621261,304.5934087875431,37796
2017-03-01,300.477294921875,304.5934222495719,299.8187245985825,300.9712352257681,60309
2017-03-02,300.2303161621094,302.86462239238193,299.7775271142804,299.7775271142804,16734
2017-03-03,302.5353088378906,303.77014683314735,298.83079485212056,300.2302879625488,27926
2017-03-06,301.6709899902344,304.59343042217273,300.5596305573676,304.181817678359,34376
2017-03-07,300.5184326171875,303.68785554140163,300.2714750377823,303.68785554140163,13015
2017-03-08,297.4313049316406,302.78226963514203,296.3611220400778,300.51839995289146,60711
2017-03-09,297.9664306640625,299.6540326117768,296.64926505658474,297.3901628599021,34260
2017-03-10,301.588623046875,302.12371451941124,296.8550771109442,298.8719642186339,24284
2017-03-14,302.6588134765625,306.651461693653,298.8308203887142,303.1116025205557,56844
2017-03-15,303.2762145996094,304.7991865251139,301.300478779721,302.6587955857165,27321
2017-03-16,301.3828125,305.58126690486034,300.6830659120492,304.5522351940046,62436
2017-03-17,310.43829345703125,311.1791912688167,300.64191653424854,304.0994480301953,108737
2017-03-20,312.12591552734375,316.85946173115093,307.4746968907807,311.01455617666323,82071
2017-03-21,305.33428955078125,312.7844943411421,302.69998339871006,312.7844943411421,173522
2017-03-22,304.7991943359375,307.88628948451213,300.8888738144096,303.39970115277913,120886
2017-03-23,308.6683044433594,311.6318951193753,307.4746178323575,311.6318951193753,37392
2017-03-24,306.9807434082031,310.0678386257491,305.66357775748116,308.7095217545979,117493
2017-03-27,307.18658447265625,309.45045455470733,300.88891454170187,307.06310567456853,124527
2017-03-28,305.8282165527344,307.2688609106544,303.8524807435843,305.49893143835004,248487
2017-03-29,317.7649841308594,319.41143482583794,304.7168573485856,307.6804736241158,698260
2017-03-30,321.1813659667969,325.17401394742905,316.11853507800697,319.57609160456025,121651
2017-03-31,325.17401123046875,326.6969831430789,320.15233160208766,321.05788450603245,96849
2017-04-03,325.9560852050781,333.40626452369224,321.88110970065105,322.7454862632416,299161
2017-04-05,334.4352722167969,337.4400394841456,325.1739877554087,329.6193992723066,126619
2017-04-06,333.6120910644531,339.33351760439433,331.84216149114786,334.43531645881325,70562
2017-04-07,333.6120910644531,342.2559577052347,332.665386885508,334.2295101102232,138785
2017-04-10,337.93402099609375,341.63853523356613,336.69918291693625,337.72821464956746,63472
2017-04-11,347.89501953125,349.50029380512615,337.9339882986104,338.83954116027627,190040
2017-04-12,346.577880859375,354.81013456149793,345.7135042697899,347.60691257214035,104320
2017-04-13,353.2871398925781,358.67928079456607,345.7546332638975,349.0063833163499,441352
2017-04-17,330.7719421386719,344.10820312221114,325.3798260384066,333.40627336003706,238457
2017-04-18,324.4743347167969,335.8760132296781,322.2927921064191,330.9366600939475,60799
2017-04-19,324.556640625,328.46696159638554,316.20090715281935,323.93922152425495,49017
2017-04-20,330.9366149902344,334.5176505501456,325.83260739647056,325.83260739647056,27709
2017-04-21,326.5323486328125,333.24163059250577,325.99725714943423,329.3313099575062,49437
2017-04-24,327.396728515625,329.29013675281624,324.51543981903785,325.25633760216294,23373
2017-04-25,332.5419006347656,333.1593196666736,325.1740234715261,325.25635103368273,21226
2017-04-26,327.6848449707031,333.15931372086135,325.62678156773967,331.80097177663004,28794
2017-04-27,325.4621276855469,328.4668950088033,324.35076850493357,325.2563213603534,20153
2017-04-28,323.65106201171875,328.05532294025363,322.66320660229354,325.6679742972525,30675
2017-05-02,322.7454833984375,326.77930764897127,320.6874200554483,321.26368784062265,24410
2017-05-03,312.9490966796875,324.92704001801746,311.3026460591206,324.63890613484966,91407
2017-05-04,313.1549072265625,316.94174872945706,312.0023968012058,314.80135786931294,57081
2017-05-05,309.6973876953125,314.38975713139666,308.2978945467637,313.6900105571222,62571
2017-05-08,306.9807434082031,311.13804670820554,306.11636679642834,309.73855349377993,23588
2017-05-09,307.2688293457031,310.80868792667115,306.36327653203836,308.5448184539299,190002
2017-05-10,312.7845153808594,314.3486386893083,307.88631397305846,308.6683881887062,49843
2017-05-11,307.88629150390625,315.9950665052492,305.82822805802454,314.80137965749987,50222
2017-05-12,301.3828125,307.22771764222955,300.4772595698781,307.22771764222955,155579
2017-05-15,307.3100280761719,309.69740180574564,301.91791182013776,301.91791182013776,44823
2017-05-16,306.3221740722656,310.8499137383832,302.9469449329544,308.54486756192523,27654
2017-05-17,302.0413818359375,308.0509420829385,300.8888713478198,308.0509420829385,39690
2017-05-18,301.1770324707031,302.3706942858755,300.0656731013141,301.71212398252845,24260
2017-05-19,299.9833068847656,307.88627512099623,298.87194765855696,305.4165991173519,66545
2017-05-22,300.3537902832031,306.15751926674517,299.6951948937308,303.68784308262593,41170
2017-05-23,296.36114501953125,301.3004974365235,295.53791961669924,301.3004974365235,38778
2017-05-24,296.1965026855469,297.2667108291689,295.04399209636256,296.3611578223646,104126
2017-05-25,296.4845886230469,298.1310392333349,295.66136331790284,296.40226106796393,202056
2017-05-26,296.36114501953125,299.57171906600706,295.9906835391186,299.57171906600706,37113
2017-05-29,289.77532958984375,296.4846113157215,287.63493860807716,296.4846113157215,75973
2017-05-30,286.5235900878906,296.1964885266497,280.34939959506573,289.77534046324996,337673
2017-05-31,296.4434509277344,300.10678862900477,287.59377849380206,289.48718673285475,115251
2017-06-01,300.9712219238281,302.1237325000766,293.15058034685063,293.15058034685063,27115
2017-06-02,304.6345520019531,306.23985159574653,297.2666996783973,302.9469499656847,50623
2017-06-05,309.7796936035156,313.237250172295,308.29789800137837,308.29789800137837,67933
2017-06-06,301.6709899902344,313.52543198750067,298.58389441163126,311.0969067498603,65429
2017-06-07,304.6757507324219,306.98077199369084,301.2593700647796,301.2593700647796,34223
2017-06-08,306.07513427734375,306.98068706619136,302.3706206962002,303.7701136537684,17521
2017-06-09,308.215576171875,310.84990742782014,302.6176536565476,306.23984029133857,27694
2017-06-12,308.7507019042969,312.002452553932,307.02194851876686,311.34388222828704,107190
2017-06-13,308.4625549316406,310.23248444536205,307.06306175920355,308.83299127292497,15422
2017-06-14,308.8741455078125,310.31478979633243,304.3052299762294,310.31478979633243,16026
2017-06-15,312.9903259277344,322.6220486125206,307.31005022829345,309.32696262856996,199843
2017-06-16,310.35595703125,316.9417598329741,308.70950633081895,310.76756970635773,51191
2017-06-19,307.2276916503906,310.9733567118799,305.8281985928878,310.9733567118799,12557
2017-06-20,306.89837646484375,309.28574989168635,305.4577322148452,307.2276866774027,10812
2017-06-21,309.5327453613281,311.17919613452665,306.4044989413889,308.70951997472883,24064
2017-06-22,308.8741455078125,310.9322087771267,306.89838467099673,309.532715704856,28732
2017-06-23,309.08001708984375,311.1792320186079,306.6103406452516,310.3148553121398,37581
2017-06-27,311.22027587890625,313.8546065601534,307.1453262248124,307.1453262248124,30591
2017-06-28,309.038818359375,311.13805825894593,308.0097865819911,311.01455434738295,15437
2017-06-29,307.43353271484375,311.92009602787675,305.828233151184,309.6150749792401,22575
2017-06-30,313.93701171875,316.11855400698954,305.1696662220315,305.1696662220315,26188
2017-07-03,321.51068115234375,323.9392062163187,316.65365614724016,317.76501550063284,73560
2017-07-04,320.3170166015625,322.704365299875,317.5180551924083,321.0579144565083,25099
2017-07-05,325.25640869140625,328.4669832018925,319.9465940265969,322.7044045492278,50138
2017-07-06,327.3555603027344,328.42576834745944,324.8447329967903,325.1740181171502,57805
2017-07-07,325.5033264160156,329.1666895883473,324.80357978364543,325.2151924941166,121232
2017-07-10,326.3265075683594,328.4668983970187,323.56869775775067,323.56869775775067,10701
2017-07-11,326.8616638183594,329.12553386781315,325.1740616488147,327.64373806640066,60840
2017-07-12,337.2342834472656,344.1082206303599,323.19830028648136,329.29016328264106,795614
2017-07-13,333.6120910644531,340.81531326510446,329.3724853080674,335.0115842840035,243380
2017-07-14,330.6073303222656,336.0406230633806,325.9972629927485,332.62421750697285,78948
2017-07-17,332.2537536621094,334.1060106849896,330.11336274443454,330.11336274443454,26047
2017-07-18,333.5709228515625,335.05271843678906,324.2684612954588,329.78408120584083,50801
2017-07-19,342.009033203125,343.44967778254363,327.726066205462,331.8421935752296,88543
2017-07-20,349.6650085449219,351.51726580030993,338.3045074276806,341.7208880074936,75544
2017-07-21,356.04498291015625,370.3690997413946,341.9678236479833,344.1493659175459,193752
2017-07-24,358.2677307128906,361.6017837811419,350.0354761020508,356.0038606949097,58970
2017-07-25,352.7109069824219,361.31359671196657,347.4010934901296,349.9942482866365,86965
2017-07-26,349.747314453125,355.63337100891175,348.30667001038057,353.61645873993143,32763
2017-07-27,341.3915710449219,350.1589162123112,339.5804651814828,349.8707823081944,77731
2017-07-28,330.23681640625,344.5197800543375,329.37243991044755,341.1857277158516,55097
2017-07-31,330.8542785644531,332.0479654267389,325.1740284092156,329.29015535110443,84650
2017-08-01,338.9630432128906,343.2849763686105,330.1133705607022,330.1133705607022,50154
2017-08-02,343.696533203125,345.09602614195046,336.2051785925727,340.40363228620885,25292
2017-08-03,345.09613037109375,348.63598987678387,334.92929069486354,341.63857331491215,34178
2017-08-04,336.0406188964844,344.8902919614255,333.61209391324604,343.28499237957703,49166
2017-08-07,335.7524108886719,338.63369915770306,331.2246721801943,335.3819494906605,33131
2017-08-08,329.8664245605469,338.67492117955766,326.82048056159044,337.5224106555468,19197
2017-08-09,331.30706787109375,334.10602916928445,325.21517989387,331.7186805656172,14968
2017-08-10,333.6120910644531,335.87596089894356,321.5929952822258,332.0891190603178,38003
2017-08-11,331.1424560546875,335.4232386867588,319.452643952157,325.1740712034843,35889
2017-08-14,338.304443359375,341.67964695393977,331.75979224729525,331.75979224729525,46210
2017-08-16,337.1519470214844,343.98473280374026,335.05273233486344,335.05273233486344,13755
2017-08-17,333.6944274902344,340.0744244659563,330.85428975512946,339.58048419165385,20290
2017-08-18,327.1086120605469,331.1835626464047,325.25635494256284,329.4959606547128,10036
2017-08-21,328.5080871582031,329.5782952562672,325.99725972711985,328.4669359371738,28068
2017-08-22,328.01416015625,330.442659934635,325.1740225682251,329.29014943617733,24703
2017-08-23,326.4088439941406,328.34342854805664,325.13285477924035,326.985111775424,14531
2017-08-24,319.4114685058594,327.19095890907107,318.5882430715659,327.19095890907107,30362
2017-08-28,317.1476135253906,321.51069848386885,316.2009092558545,316.365539276773,32100
2017-08-29,316.2008361816406,321.71643050328146,314.47205806300855,319.9053499546342,40576
2017-08-30,317.6826477050781,320.440457566766,314.6778802951735,317.3945138169299,29426
2017-08-31,326.7381591796875,328.96087782885473,313.69003144754095,318.58823267081715,110005
2017-09-01,326.2853698730469,329.2901373518134,321.09903513604957,325.17401063491576,175772
2017-09-04,325.0916748046875,330.93657961853876,322.21038617616784,329.08432264306185,53902
2017-09-05,325.37982177734375,327.9318254040878,322.7043393718375,325.0916878783358,38755
2017-09-06,325.2151794433594,326.4088663049619,321.22255641028846,326.3677150847046,221669
2017-09-07,325.13287353515625,327.93183479961743,322.7866761800767,326.8204755132277,78079
2017-09-08,327.23211669921875,330.97778245129115,325.21520429558166,326.86165519721294,48860
2017-09-11,328.67266845703125,329.7016999800652,325.9971864971431,327.23202432478377,95449
2017-09-12,327.6437072753906,330.3603410302947,325.70912257218544,328.17879875767835,276483
2017-09-13,327.396728515625,333.40626346222643,325.3798163788765,329.2078091940593,37063
2017-09-14,325.13287353515625,327.8906584569542,323.52757399672157,325.7091162268379,113040
2017-09-15,325.17401123046875,328.6315677281327,323.733366876916,328.6315677281327,141838
2017-09-18,321.55181884765625,327.4790261485694,319.5349067404888,325.2974840491463,79377
2017-09-19,338.7572326660156,341.6385214007205,319.41143687585435,321.5518278176325,362972
2017-09-20,329.9898986816406,347.4011104485075,327.7671801059364,347.4011104485075,48659
2017-09-21,330.27801513671875,336.8638178303894,327.64368401011313,333.3239338088353,10892
2017-09-22,328.4669189453125,333.65322866899555,326.82046822378214,332.5007181884931,29450
2017-09-25,327.4378967285156,330.9366046131069,319.49377679160085,330.9366046131069,21255
2017-09-26,331.06005859375,333.03579434422545,321.3048334924014,325.17400255933325,68397
2017-09-27,321.8399963378906,332.37727193780177,321.05792211948653,332.37727193780177,169124
2017-09-28,321.057861328125,325.25631530852274,320.15230848955423,321.8810866135817,81722
2017-09-29,327.76715087890625,333.3650980388698,320.6462569996319,321.09902086923626,114485
2017-10-03,328.67266845703125,331.8420905725437,325.173961278716,329.2900873708516,213550
2017-10-04,324.8035583496094,335.50548811563067,320.23466761402267,328.1787873773081,54347
2017-10-05,323.8157043457031,327.64369729200814,321.05789433136476,323.8157043457031,31012
2017-10-06,329.7428894042969,332.54187556958317,323.8568334350019,323.93916099095316,184850
2017-10-09,330.3191833496094,331.80097898278746,326.2442076741024,326.2442076741024,24541
2017-10-10,328.96087646484375,335.01158820884734,327.23209809186477,333.40628862189993,73715
2017-10-11,336.65802001953125,339.9920726684743,328.4669176627633,330.93659373541567,2396241
2017-10-12,343.2438049316406,345.75463209174114,332.5830270596748,339.9097273341931,457963
2017-10-13,341.8443298339844,344.2728546886856,336.65802012886775,339.99207277889354,204193
2017-10-16,338.5925598144531,343.5730880116081,336.040581452778,342.4205776026512,299597
2017-10-17,361.5193786621094,366.4587303690889,337.81050051774434,339.1276659975073,288524
2017-10-18,361.1901550292969,367.9817647819845,355.0571155671253,363.86563765914354,107336
2017-10-19,358.4735107421875,363.083552887294,356.86821116187133,362.1368487011684,13454
2017-10-23,358.02069091796875,366.33527177380813,354.3985044912908,361.9721875748529,51034
2017-10-24,372.6741027832031,381.07098575652105,355.63332905040113,356.82701578269337,305491
2017-10-25,383.21142578125,386.9159401013695,374.2382738970852,376.9549076827013,120131
2017-10-26,381.894287109375,384.8579037995668,375.84357493415996,382.47055498238495,49254
2017-10-27,380.8652038574219,385.2694645126373,379.3010807140975,381.8942355468253,21146
2017-10-30,387.0805969238281,392.6785196495684,380.33013852851275,380.33013852851275,68496
2017-10-31,383.2525939941406,390.0442038821377,381.5649918892921,390.0442038821377,29340
2017-11-01,373.9913024902344,386.83362421217146,371.4393237576242,383.62305006239876,37464
2017-11-02,385.10479736328125,390.0853256581183,371.27462193886436,377.366484325266,61083
2017-11-03,379.4245910644531,386.83361984466836,375.020330042756,385.2694965711922,23177
2017-11-06,383.417236328125,386.0927189219337,376.54329910100114,382.0589194204528,25979
2017-11-07,377.7369689941406,396.54767386986947,375.7200567727777,384.56972956927524,131216
2017-11-08,381.6473083496094,386.0103930106149,372.13903970945614,377.77813884053205,19161
2017-11-09,381.6884765625,395.14821775432614,377.0372577739195,393.9133795738439,52934
2017-11-10,379.0953369140625,384.1993449846289,375.8024349647547,382.7998516070338,15264
2017-11-13,378.0251159667969,387.73916569515944,375.84354854560706,379.5069116464299,33577
2017-11-14,364.40069580078125,381.2768154594725,360.69618172936123,380.04197743566584,17204
2017-11-15,371.151123046875,372.9210523768546,364.68879956500354,368.5579684357103,16580
2017-11-16,370.9041442871094,374.56750687602266,370.4513804268356,371.233454501318,16266
2017-11-17,371.1099548339844,376.17281052238957,370.45138464375464,371.3569374974523,9990
2017-11-20,374.4851989746094,376.6255898650779,370.7806849759365,374.5675265324819,11025
2017-11-21,382.7997741699219,393.50170334026376,376.46092915065907,376.79023937725174,70921
2017-11-22,374.40289306640625,386.0927035206469,373.16805499544466,384.610907884631,10063
2017-11-23,377.0372314453125,381.56497112424097,373.7443298606373,373.7443298606373,57286
2017-11-24,386.91595458984375,390.94975419823237,370.8630586015417,376.2140239309757,31677
2017-11-27,388.4800720214844,391.0320758569092,380.98871564891965,386.75129360891617,18978
2017-11-28,388.9328308105469,390.20882006753726,383.12907695735487,386.62778473222204,8894
2017-11-29,402.5572204589844,427.25398245033307,384.7343955797968,384.7343955797968,374962
2017-11-30,401.0754089355469,407.49655675035405,396.83577819633325,403.33927869527105,50446
2017-12-01,395.51861572265625,410.789435385755,391.23783400216445,405.02685813585464,32220
2017-12-04,390.044189453125,401.2400600607055,387.1217492949331,401.2400600607055,18867
2017-12-05,385.1871337890625,398.93500709570725,379.79501783001604,390.126485857628,83891
2017-12-06,377.3253479003906,381.85308736982887,374.56753792625483,381.77075980945204,37074
2017-12-07,385.10479736328125,390.94970220107814,369.6281712872508,372.921072590478,31184
2017-12-08,381.6473083496094,388.4389180399277,379.7127235950707,385.6399566466688,46272
2017-12-11,378.7659912109375,386.6689596508272,378.6425124321419,386.6689596508272,19537
2017-12-12,375.1026306152344,382.7997927631044,372.1390142918544,378.765993519847,19221
2017-12-13,381.482666015625,386.0927335301061,375.39080274995393,375.8435666953601,57258
2017-12-14,379.30108642578125,386.09269567811486,376.419797652064,382.01772007757694,18813
2017-12-15,388.5623779296875,396.42417023061,380.1654690354589,380.45360294196723,87019
2017-12-18,396.7534484863281,407.49652874034564,379.5068681804027,386.0926706650951,96618
2017-12-19,410.2955627441406,413.3003306376205,396.7535190502019,399.22319542120135,100274
2017-12-20,411.3657531738281,412.76522131667434,407.496583643629,407.496583643629,172535
2017-12-21,410.460205078125,415.3583813207402,406.6733630695077,411.61271565739645,351896
2017-12-22,398.6880187988281,412.3535643538041,395.1481599153901,410.54248369456457,33720
2017-12-26,399.5111999511719,403.380368638267,396.0948202209465,398.6879747090529,120783
2017-12-27,399.92291259765625,406.1382798038949,397.24742989160006,403.3393183052055,25875
2017-12-28,395.1893310546875,407.4965604549392,392.019933460536,403.380433581657,16397
2017-12-29,393.7486877441406,396.83578290768816,392.34921967703923,396.7123041257152,6991
2018-01-01,401.5281982421875,406.13826561459115,392.7608525516787,397.53554993422597,23617
2018-01-02,402.43377685546875,405.9324851101099,399.71711772521525,401.2812662196859,63318
2018-01-03,400.21099853515625,407.49654790098504,398.52339661823925,405.8500972023952,50639
2018-01-04,401.40472412109375,408.1140063414726,400.91078383922775,407.04382333313475,62999
2018-01-05,404.3683166503906,409.14301380460626,401.73398538560934,401.73398538560934,30571
2018-01-08,406.591064453125,410.3367555060271,405.43855379178905,408.23751543299016,34818
2018-01-09,411.4068603515625,420.66814535197284,408.3197653514257,410.6247862357238,120121
2018-01-10,408.4844055175781,418.8570242401472,404.65638775923105,411.61265162075887,83222
2018-01-11,418.9805908203125,432.19334886504834,402.3925783798817,415.3995551908614,1331469
2018-01-12,417.4576110839844,423.13786139723805,412.5182586163123,417.37528351828735,252007
2018-01-15,419.2686767578125,422.3969231584417,414.49397959414796,421.4913953370482,123288
2018-01-16,423.0555419921875,432.19332359272937,419.2686751047232,419.2686751047232,251276
2018-01-17,424.125732421875,429.72365504380565,421.40907355191393,426.3484510315845,49999
2018-01-18,414.37054443359375,427.04821161901526,405.8913070376185,427.04821161901526,59955
2018-01-19,411.3657531738281,420.25657767691433,405.8912840225611,417.3752887016563,95800
2018-01-22,414.823974609375,416.2157389498248,408.244832644154,413.3057189992468,53956
2018-01-23,420.137939453125,427.6449160662456,417.1435661149643,420.77055027570816,102171
2018-01-24,417.2701416015625,421.6562282042359,413.0105462841269,417.4388223895486,58371
2018-01-25,418.2822570800781,421.69837085503576,411.82963204871294,414.2757220012632,42238
2018-01-29,420.0957336425781,424.6927157379286,416.6796456296658,424.6927157379286,25855
2018-01-30,425.9579162597656,427.391844294069,416.8061420196483,418.1557168035224,214890
2018-01-31,415.0770568847656,426.0001217490223,411.6187792063482,424.27099578031385,24013
2018-02-01,411.7452697753906,414.908323715703,406.7265729680277,412.46223381672786,23025
2018-02-02,412.50439453125,416.6796359980755,392.21868570669056,404.02742033011776,47422
2018-02-05,396.2252502441406,407.40137491840323,392.2187149835559,407.40137491840323,87133
2018-02-06,398.7978515625,400.653520268565,366.9142764564753,367.33601700412646,80987
2018-02-07,400.99090576171875,406.76875638684965,397.27959410721866,406.76875638684965,13206
2018-02-08,405.7565612792969,408.83528779923785,401.0752516042902,408.83528779923785,11032
2018-02-09,416.8905029296875,420.05355682141504,397.65914556438355,403.1839360655349,32334
2018-02-12,416.04705810546875,425.114480051001,409.9739838083399,425.114480051001,34432
2018-02-14,414.4022521972656,421.7405480293769,409.0883315884956,421.7405480293769,19027
2018-02-15,417.43878173828125,418.7883566157565,412.0405079693798,414.57095121177105,13788
2018-02-16,413.0948486328125,417.01703040884456,412.46223783858153,416.21573884741815,9727
2018-02-19,411.6187438964844,418.324428401853,410.35352234762223,414.2335402456658,12748
2018-02-20,408.8774108886719,419.2100530410932,403.43694819365123,403.43694819365123,20274
2018-02-21,409.6365661621094,411.6187517747984,404.7021968789043,410.98614098825925,16023
2018-02-22,409.0039978027344,412.46227560941855,406.64226091773133,409.8896684403616,157367
2018-02-23,409.3413391113281,412.29352275634574,407.19047275207186,407.4013430124303,40744
2018-02-26,409.2570495605469,412.79965481856254,408.0339916406242,409.5100836000476,52090
2018-02-27,409.0883483886719,410.05834654077466,408.58225456205264,410.05834654077466,7292
2018-02-28,404.744384765625,412.883971705178,401.0752370700963,407.82308543300013,28443
2018-03-01,408.1605224609375,410.6909659055075,402.3826714476357,410.6909659055075,89413
2018-03-05,406.0939636230469,416.3000637805903,404.8709057987137,416.3000637805903,7091
2018-03-06,395.08648681640625,407.14828030347627,390.82691815375017,405.79870558409124,391130
2018-03-07,390.1099853515625,398.080891564875,388.0012827280405,398.080891564875,17121
2018-03-08,392.8934326171875,395.92996931216425,383.8260120261161,386.35645498176393,13884
2018-03-09,398.5869445800781,400.653483369647,390.78474516709025,394.7491162463048,20987
2018-03-12,393.2308654785156,403.52131857364606,392.21867794870036,399.1773964284354,15703
2018-03-13,393.1043395996094,400.90653944198266,390.74260291669606,394.66478471628386,67727
2018-03-14,396.3517761230469,397.701351073405,391.501759646542,393.06220487848725,25141
2018-03-15,396.4361267089844,399.81005119161404,389.60392448345914,396.4782904686168,19520
2018-03-16,392.8934326171875,400.61130422471086,389.0556044308537,397.0686737904051,40872
2018-03-19,389.7304382324219,396.4361233817691,384.88042182934703,393.27306920585073,37676
2018-03-20,387.8747863769531,395.4661162259447,385.0912833210561,395.4661162259447,78009
2018-03-21,383.9104309082031,389.26654122823277,382.7295624752126,387.83261301181494,66047
2018-03-22,386.8204040527344,387.7482383304477,378.0482065218953,385.0069249932481,8860
2018-03-23,387.1999816894531,391.37522335570384,373.66212057451895,373.66212057451895,14021
2018-03-26,387.410888671875,393.9057039368275,376.5721762976785,388.0013357835988,78888
2018-03-27,392.1343688964844,393.0622032798946,381.7595613809906,392.1343688964844,45872
2018-03-28,398.16522216796875,416.59528838882284,387.15780468413317,387.15780468413317,105982
2018-04-02,397.616943359375,410.606545778033,394.03214906332664,410.606545778033,11103
2018-04-03,389.2664794921875,396.3939042018236,388.04342175209706,393.0621439726097,13017
2018-04-04,388.9291076660156,395.5926026477027,386.3143113276073,393.0621595604039,16731
2018-04-05,390.6160888671875,394.6647877088813,388.04345615775753,394.6647877088813,9647
2018-04-06,386.1034240722656,391.71256752063766,385.5551665756874,388.0856095515843,66479
2018-04-09,404.4491882324219,410.7752964946599,385.6817337211155,385.6817337211155,50121
2018-04-10,406.1783142089844,409.8896516490979,400.9909105819625,408.24485320445666,32524
2018-04-11,417.43878173828125,425.9579458025318,401.37047744549653,409.4679009693486,29959
2018-04-12,418.5353088378906,420.0114006807919,410.22701531678945,416.8905104879725,22047
2018-04-13,411.7874755859375,427.60274591403834,406.72658908094525,421.74054208268905,27387
2018-04-16,402.593505859375,412.92614900395546,398.62916026074794,409.0883204180825,18440
2018-04-17,399.4726257324219,405.5456737764342,396.9843463677719,401.9608793560733,12860
2018-04-18,401.1595764160156,404.8708877387547,397.7434628561212,399.47261438377086,28572
2018-04-19,408.1183166503906,409.08831472266723,400.69566786649324,404.0274283549641,16394
2018-04-20,411.871826171875,414.9927166544984,404.0274619461478,408.03399732035285,16583
2018-04-23,414.9083557128906,418.9992442727117,405.7144166988914,405.7144166988914,20726
2018-04-24,415.3722229003906,423.8491965346856,407.4013172661754,414.99264615933396,89810
2018-04-25,389.7725830078125,430.1753185639528,382.9825453780377,421.3187678876361,343673
2018-04-26,403.6478576660156,409.0883208897116,384.6273697437289,388.0012940397265,178808
2018-04-27,385.1756591796875,409.08835475533914,381.2534770090995,406.17833451274066,60608
2018-04-30,404.78656005859375,416.5109417751041,398.12306475850505,416.5109417751041,88786
2018-05-02,394.4960632324219,403.60564748746447,392.3873607899587,399.1773723582917,16775
2018-05-03,390.53173828125,396.4361058146598,388.8869398862574,393.020017752444,9913
2018-05-04,384.4164733886719,389.6038764935504,382.5608048553993,388.84474872666533,91787
2018-05-07,384.5008544921875,388.4652001135452,383.7838904278037,384.4586649936945,29910
2018-05-08,392.0500183105469,394.74916821869914,383.23565596052066,385.26000552113425,94617
2018-05-09,386.52520751953125,395.3395951614394,384.8804091060269,394.32740756220596,12205
2018-05-10,396.9843444824219,399.55697708706214,379.52430248018385,387.9591128409747,109482
2018-05-11,395.04437255859375,404.4491815379178,389.68826250368727,395.5926301173795,27346
2018-05-14,386.3143310546875,393.06217963206194,384.75388592296974,393.06217963206194,15020
2018-05-15,373.3668518066406,394.749099864148,372.27033682563894,383.9103640893369,60095
2018-05-16,379.8195495605469,382.94044009561225,366.9142983294963,373.3247601841431,21868
2018-05-17,385.1756591796875,387.9591623989125,378.63868031504035,380.87390019797743,13421
2018-05-18,380.6629943847656,387.74825592443364,379.4821260418207,384.6273656871513,21533
2018-05-21,379.98822021484375,386.3143282095415,377.66864728345456,385.3021406339901,24932
2018-05-22,382.0125732421875,383.86824190126976,378.89170871318504,380.2412578386999,9860
2018-05-23,379.8616638183594,383.78384522021275,379.566440327683,383.78384522021275,12070
2018-05-24,383.109130859375,384.5008695441315,380.4099810081497,383.69955219239256,104152
2018-05-25,385.8926086425781,388.0013114220458,381.8439096024005,387.83260490328803,12674
2018-05-28,390.5738525390625,394.3273531488566,383.8681942777065,383.8681942777065,21327
2018-05-29,390.9112548828125,394.62256589855815,386.9468841385641,394.62256589855815,34760
2018-05-30,391.8391418457031,392.21871864401703,383.8260712497501,383.8682607501188,96361
2018-05-31,401.9609069824219,404.44918651808865,392.2187105962695,399.3882999297497,34728
2018-06-01,390.9956359863281,403.183947628398,388.0856417670825,403.183947628398,41841
2018-06-04,385.2599792480469,404.8709141522989,382.09692523123204,392.21869808503953,43692
2018-06-05,378.9760437011719,386.8625970462944,377.20475400375403,386.31433948561744,15206
2018-06-06,370.7520751953125,381.2534242799539,367.42034058259765,376.61427863052967,47326
2018-06-07,368.516845703125,378.6808072515423,365.6490154361391,378.6808072515423,25405
2018-06-08,368.2638244628906,374.50557896409254,364.5946768180833,373.1981936582523,13699
2018-06-11,369.4024963378906,376.52989499775833,367.2094406960098,368.7698856185594,20980
2018-06-12,368.2638244628906,375.26470674622544,366.9142496607663,370.0351397818664,18027
2018-06-13,366.5346984863281,370.49906991787674,365.3116663466802,370.49906991787674,10019
2018-06-14,362.7812194824219,370.8364535405716,360.75687002843136,370.8364535405716,9936
2018-06-15,358.9855651855469,368.98082147670414,354.3464190854402,368.98082147670414,32785
2018-06-18,354.3885803222656,360.7568780953248,352.8281351333173,360.7568780953248,21239
2018-06-19,353.0811462402344,358.0576789144024,351.18331401984,355.3585294601095,12087
2018-06-20,347.893798828125,355.18990538025065,343.718556980671,354.9790350998944,24486
2018-06-21,344.6885070800781,351.68941485673264,342.87502806997395,344.1824133295613,8016
2018-06-22,338.8263854980469,345.742915427241,337.8141978298713,344.6464002375522,20639
2018-06-25,337.7720031738281,341.5676679708026,331.48805893577065,340.5133166383097,37677
2018-06-26,336.9707336425781,341.56771640043627,334.8620306786071,338.0250851245637,25211
2018-06-27,334.988525390625,348.7794470044171,334.01852724002214,340.6820230140345,169281
2018-06-28,334.9041442871094,343.08592085843674,334.0184994712746,340.72418418887787,34836
2018-06-29,341.8628234863281,343.2545876659533,334.0606245904727,334.0606245904727,11379
2018-07-02,338.4467468261719,345.4054649852147,335.15717611736926,345.4054649852147,11293
2018-07-03,338.7841796875,341.60984652921337,334.9041614676101,341.60984652921337,6662
2018-07-04,344.77288818359375,354.26205024369267,338.48894390072843,341.44112765275923,27839
2018-07-05,348.86376953125,351.7315999703383,343.04375539936507,347.008100913664,165569
2018-07-06,354.2620849609375,360.67254688462157,348.48423390325513,352.4907693879324,240694
2018-07-09,358.7324523925781,362.69682331591827,352.95462824185455,362.69682331591827,39912
2018-07-10,355.5694580078125,364.3838460619618,354.26207256024065,361.76904942581695,33844
2018-07-11,355.4007568359375,357.6359765411196,354.21988847669036,356.79249546437165,19624
2018-07-12,348.6107177734375,361.00989986423997,346.67072159860425,358.90119717811706,106006
2018-07-13,345.9537658691406,360.082074206433,340.7663622845438,353.8403192533815,246809
2018-07-16,348.06243896484375,350.88810553986684,329.42150320983876,341.60981428761073,307860
2018-07-17,344.1402893066406,351.6894554591546,339.07940269919004,344.9837704078824,71322
2018-07-18,341.6098327636719,346.7128829320134,339.07938955801507,344.1402759693287,64674
2018-07-19,340.0072326660156,347.5142092218805,337.9828831973891,344.140284860503,32195
2018-07-20,333.2593688964844,344.98375037471124,330.096314950506,338.78415949239377,26425
2018-07-23,337.72979736328125,357.5516014567373,333.09065172438727,333.47022848215056,94678
2018-07-24,339.2059326171875,342.15811658381404,337.35028956848026,339.7963797069134,42168
2018-07-25,340.2181091308594,343.2968100184513,339.0794044899691,341.27246051297993,44419
2018-07-26,339.41680908203125,341.52551195373997,337.43462323442475,341.52551195373997,72693
2018-07-27,341.5676574707031,344.14026434650185,338.23589706604713,338.23589706604713,322134
2018-07-30,344.6463623046875,351.1833404445866,343.33895123210834,345.8272306269211,24896
2018-07-31,348.27325439453125,351.3519544953781,341.6519242586588,344.14020318099745,22738
2018-08-01,351.8581237792969,354.7259542737998,343.33895981012677,349.9602913686847,38486
2018-08-02,350.29766845703125,354.30420342953016,343.3389498205858,354.0090056559345,17565
2018-08-03,351.1833190917969,355.9489815880824,348.35765259686735,352.3641873422309,29435
2018-08-06,351.1833190917969,354.26201959003464,350.0867783484674,352.5750575919868,11385
2018-08-07,346.417724609375,353.4186079793916,345.36337315358924,353.4186079793916,9987
2018-08-08,344.8572692871094,350.88815429078187,344.1403051698053,350.88815429078187,12478
2018-08-09,342.4111328125,345.8272206715145,339.16372571409227,344.8572226397818,20193
2018-08-10,346.417724609375,349.3699086855751,341.69422493925424,341.69422493925424,12490
2018-08-13,347.5985412597656,350.04463112424133,339.3324116344013,347.51418800768056,9710
2018-08-14,354.8946838378906,357.3407739555962,341.6520198605516,349.7072800601181,43939
2018-08-16,346.1224670410156,356.70814432047734,344.8994091760899,354.8525013852449,32954
2018-08-17,351.4785461425781,352.5750611559944,347.51417511069303,348.2733028692887,13021
2018-08-20,352.659423828125,355.10551366718147,349.32766346287684,349.32766346287684,12292
2018-08-21,350.88812255859375,354.4307533231331,348.9059369103634,352.5750846862793,11275
2018-08-23,359.28076171875,366.4081611104434,347.97809511336857,354.1776859475744,298729
2018-08-24,352.61724853515625,360.84118890977095,351.056829159439,360.84118890977095,18697
2018-08-27,355.2742614746094,370.28821525933927,345.8272625428909,354.76816764951707,958166
2018-08-28,363.8355712890625,370.96297101518303,357.6359801639636,362.27512613307164,127199
2018-08-29,367.3781433105469,370.41468009227873,362.8233510084479,362.8233510084479,49094
2018-08-30,370.49908447265625,373.7043024539931,365.98645530185223,367.2095132305472,25113
2018-08-31,363.751220703125,371.1316802536232,361.09426041314566,369.31820105512935,64260
2018-09-03,359.1964416503906,366.6612547428069,356.79251529981576,366.6612547428069,12591
2018-09-04,347.7672424316406,360.1242609688156,346.2489867690048,357.34075793264986,21533
2018-09-05,351.2255554199219,352.57513044542543,342.1581328067919,345.8694448211748,19746
2018-09-06,351.9424743652344,355.8224924123679,342.83288915978983,352.15334463148076,358070
2018-09-07,350.5928955078125,359.74467010655417,349.1589931583178,353.2498556839636,82019
2018-09-10,354.8946838378906,361.85340312882965,350.5929249462008,352.57511074091093,38219
2018-09-11,348.9481506347656,361.00992038873653,346.03813046607286,352.7438156855818,28723
2018-09-12,361.6003723144531,365.2273308929712,348.9903190692075,348.9903190692075,64262
2018-09-14,365.69122314453125,366.91428104441286,359.74469164469446,359.74469164469446,25499
2018-09-17,361.6003723144531,367.3781974875108,358.1420945180746,363.4982048652827,16961
2018-09-18,385.93475341796875,395.08652817889055,359.32293594649985,365.2273034385785,406741
2018-09-19,381.92822265625,394.3274048263336,379.7351924414595,389.3508716034632,130812
2018-09-21,379.22906494140625,389.2664837512565,350.04461702442353,382.8982124608256,69390
2018-09-24,386.27215576171875,393.9056489405046,362.6968502021777,384.5430041708068,55214
2018-09-25,374.6742858886719,389.6882380090723,371.0051382397374,381.4642979212185,23525
2018-09-26,369.1495056152344,390.5317570740779,366.07080468714867,379.2291152572832,62240
2018-09-27,358.77471923828125,369.78213816222956,357.67817827747643,366.91430734497504,16634
2018-09-28,347.68292236328125,369.23385433594655,342.8750697602793,360.9677497894175,42961
2018-10-01,333.2171936035156,351.26770948414804,316.3897613381971,349.7916175797692,90829
2018-10-03,337.3924255371094,340.09157523780596,334.0606650385307,337.4767787916935,235967
2018-10-04,336.5489501953125,338.6576528907719,326.0897899740341,337.2237247614596,29338
2018-10-05,334.69329833984375,338.23592934257533,328.5780602158196,334.52461756033335,29056
2018-10-08,327.4393310546875,332.66889775512124,319.72145939301214,332.66889775512124,36587
2018-10-09,326.1319580078125,329.16849507728926,321.36629500178657,325.4149939337555,8617
2018-10-10,336.8863525390625,342.45333305214984,324.78239337781224,324.78239337781224,17212
2018-10-11,338.4467468261719,339.75413206268416,320.1431990690181,332.6267331504446,29171
2018-10-12,336.127197265625,359.02770254593645,333.1750136008077,342.7906923894414,40487
2018-10-15,332.837646484375,342.45332585526364,323.13761385546974,342.45332585526364,24529
2018-10-16,331.6567687988281,336.46459547900923,328.95761906395484,336.46459547900923,32671
2018-10-17,327.1441345214844,335.66329838225397,323.89672728978024,331.48805683563444,19443
2018-10-19,326.385009765625,329.12632323836044,323.55934303783624,323.9810835721033,129071
2018-10-22,315.79931640625,328.3671795570919,313.1001923503847,326.4271833375325,21183
2018-10-23,304.0749206542969,317.9923580767543,301.1227369586241,316.05236194456893,32490
2018-10-24,298.8875427246094,312.0036639628869,296.90535692647387,302.7253715589346,63990
2018-10-25,303.1892395019531,303.65314373069884,298.0861642807702,299.7309624390432,27991
2018-10-26,289.7779235839844,303.44232779353325,288.5970551841346,302.80971696422085,43662
2018-10-29,303.3157958984375,303.7375364306264,291.04313096714174,292.9831528598101,19026
2018-10-30,298.5923156738281,303.73755564013663,295.2183912029374,302.76755750295575,69615
2018-10-31,299.3514404296875,300.2792747977684,296.0618692528559,298.5923125798034,11304
2018-11-01,299.47796630859375,300.9118945326904,296.90535914648075,299.5623195701879,12516
2018-11-02,297.622314453125,315.4619347599317,296.1040330123538,306.1414788020613,158408
2018-11-05,295.260498046875,302.8096628916873,293.53137238525676,301.88182869284503,18460
2018-11-06,298.8875427246094,301.333632846542,295.6401352350258,297.07406344840075,15868
2018-11-07,303.1470947265625,304.20144607559826,296.48359934885644,300.91187501480664,7906
2018-11-09,298.7610168457031,305.34015914976754,297.74882922615456,298.71882734597165,21594
2018-11-12,298.4657897949219,301.924067423132,295.3027356973517,300.6166562848695,14350
2018-11-13,300.5744934082031,304.49667535249364,295.2183833057418,298.55014392802093,81431
2018-11-14,296.23052978515625,301.9661901394511,294.9653083180915,301.9661901394511,22152
2018-11-15,300.5744934082031,301.9662320670159,296.1040281592589,298.0862138810832,7022
2018-11-16,299.9840393066406,303.23144659500963,296.94750228711376,301.9240612245882,14063
2018-11-19,300.82757568359375,303.147149067268,297.0740996527961,302.05063376411465,14657
2018-11-20,298.71881103515625,302.6831822974228,296.1462041090252,301.12273719457323,270409
2018-11-21,295.8931884765625,300.2793009212516,295.21841382707316,300.2793009212516,33123
2018-11-22,291.4648742675781,297.5801120423975,290.15748890177514,297.5801120423975,23030
2018-11-26,291.8865966796875,296.69444879017044,288.2596385900235,293.2783609555101,293554
2018-11-27,295.9353332519531,296.9053313168624,288.97661454921416,294.20618164485495,12828
2018-11-28,296.90533447265625,298.1705560684204,294.37489128112793,297.9175220456673,12499
2018-11-29,298.1705322265625,301.9661967103518,296.06182973556844,299.43575372115896,81351
2018-11-30,303.3157958984375,306.18362636912195,298.0862030028958,300.02622489556416,203632
2018-12-03,301.41796875,308.6719111781089,296.9053398288334,308.6719111781089,24710
2018-12-04,297.91754150390625,303.2314622567904,296.905353864785,303.2314622567904,103265
2018-12-05,294.2061462402344,297.1161658257709,293.61572501747054,296.188331628861,10354
2018-12-06,289.6513977050781,297.7488212207547,288.4705293413544,291.76010040494185,188504
2018-12-07,294.12188720703125,295.429272692711,289.73577493203777,291.4227372314965,33218
2018-12-10,289.6513977050781,293.19402853724904,286.8257309390608,291.71793664734446,14836
2018-12-11,290.1153259277344,293.10967344639846,286.78356538640423,286.78356538640423,12110
2018-12-12,296.7366638183594,299.7310374014128,289.69361667705596,292.68796451910697,92277
2018-12-13,299.9840393066406,301.96622498195677,294.417059061008,294.5014123167448,41754
2018-12-14,308.71405029296875,313.77493636334526,296.4835756228921,299.6044656626901,85547
2018-12-17,306.05712890625,313.4375886909625,303.73755583105464,310.569758037103,23366
2018-12-18,305.93060302734375,306.1836370590917,302.85187644207616,304.9605791766429,7693
2018-12-19,307.74407958984375,313.7749642107482,305.76189388816186,307.78624334777317,21130
2018-12-20,317.57061767578125,320.52280137263443,302.3879586633933,305.8462361421926,67495
2018-12-21,304.5810241699219,321.7036798556348,303.65318983057296,320.52281148782697,41013
2018-12-24,302.89404296875,308.5875399202641,301.966208687711,308.5875399202641,14932
2018-12-26,305.25579833984375,307.0271137597345,298.1705624012806,304.496670514462,12612
2018-12-27,303.5688171386719,308.08144579127486,302.21924234429554,305.7197092068649,10521
2018-12-28,303.5266418457031,309.59968957804523,302.80967785022597,309.59968957804523,23590
2018-12-31,311.3710632324219,312.0880273624008,302.9362516820867,304.7497310172084,19141
2019-01-01,314.955810546875,318.835828421902,312.0879802013327,312.0879802013327,25730
2019-01-02,318.8780212402344,320.52281969030855,316.4319311855348,317.2332485311607,54079
2019-01-03,317.06451416015625,322.96888137260237,313.0579792659964,322.96888137260237,28528
2019-01-04,322.6315002441406,324.52933259851795,315.54626460266513,317.9923544889961,29082
2019-01-07,324.3606262207031,335.0306820545406,321.8301830805359,329.8010892684622,139651
2019-01-08,324.10760498046875,327.1441420165794,318.83584823062375,323.05325363049974,53316
2019-01-09,313.5640869140625,328.32500559865184,311.3288672328817,324.74021106096586,680121
2019-01-10,323.8123779296875,325.1619527911581,312.08799619384826,312.08799619384826,384696
2019-01-11,326.08978271484375,328.11413210922007,321.5349901422472,326.08978271484375,219342
2019-01-14,325.5415344238281,333.09067467540774,324.0232530291586,327.9454349186385,310171
2019-01-15,325.5415344238281,328.8732692585477,324.31847655653877,325.5836981815968,117252
2019-01-16,327.8189392089844,328.7467736091927,324.74023820279456,327.2706816173618,131706
2019-01-17,325.3306579589844,328.8732629970989,322.2097677135269,328.11413518471716,223230
2019-01-18,323.8864440917969,325.5931932892169,322.5298164706356,323.0111935722022,90514
2019-01-21,312.15814208984375,325.85580955668206,310.7139838450643,325.59324504327867,105309
2019-01-22,308.0007019042969,311.98310843351686,302.8367283525303,311.98310843351686,91303
2019-01-23,312.0268249511719,315.9654524750997,304.84975966780354,308.83216574609145,58790
2019-01-24,311.1953125,315.00265761387095,309.31352921927845,313.73356038293144,13913
2019-01-25,301.56756591796875,315.0026671847395,298.8980624282232,311.5454435431451,43130
2019-01-28,312.4644775390625,314.4775433207886,292.3337128796831,303.05553318739607,160775
2019-01-29,308.219482421875,313.73357703093495,304.0182903763768,312.46445302212425,28980
2019-01-30,307.5193176269531,311.19535428768904,301.08622008250296,303.7119720018271,36400
2019-01-31,309.9262390136719,312.4644603805398,306.687801149046,309.7949567673823,127250
2019-02-01,310.53887939453125,313.25216139741474,306.33768750721435,310.67018834331276,27699
2019-02-04,309.3572998046875,315.0901798935403,306.7753001463497,310.5388666108679,30120
2019-02-05,304.3683776855469,309.3573164871052,302.7054069885364,309.3573164871052,19296
2019-02-06,308.219482421875,308.96345074736655,301.96144619785116,308.87592034839207,16099
2019-02-07,309.70745849609375,313.2959916266169,306.38148988538865,308.0882393957994,22853
2019-02-08,309.9262390136719,313.2521805688053,304.6309569220825,309.70742636634657,39980
2019-02-11,308.6571044921875,311.6767296069338,303.01175440924203,305.6812579317363,130907
2019-02-12,306.77532958984375,310.93276986245934,305.4624537142809,310.93276986245934,15012
2019-02-14,305.72503662109375,310.62644552721264,303.3618759290482,310.62644552721264,10002
2019-02-15,306.9066162109375,311.1515869445511,303.3180834244643,305.9000833674279,27435
2019-02-18,304.1058349609375,307.30049434356926,302.9242412959836,304.7184943612822,9131
2019-02-19,305.4624328613281,309.5323424556274,304.58718233737017,305.4624328613281,16698
2019-02-20,307.0816650390625,308.7008839209695,303.7119450330457,303.7119450330457,25253
2019-02-21,306.4252014160156,307.9568897711408,305.9000457807248,306.3376710250463,11357
2019-02-22,309.6199035644531,310.2763415225403,305.02483785784284,305.5062150095619,10224
2019-02-25,305.2873840332031,312.1581062575669,304.23709938962014,312.1581062575669,12718
2019-02-26,304.3683776855469,307.2129419629819,300.07965534782716,307.2129419629819,25566
2019-02-27,305.9000549316406,309.75115185476926,304.2808361371076,305.0248044168148,15119
2019-02-28,306.25018310546875,309.3573387973731,304.1495869835157,309.3573387973731,28242
2019-03-01,305.8125305175781,306.77531144481696,304.67471551026733,304.67471551026733,10233
2019-03-05,306.2063903808594,308.39451661380747,304.5871716263727,307.65054835250004,124800
2019-03-06,308.8321838378906,315.96547098477635,306.33771425116817,308.0882154754606,340683
2019-03-07,305.8562927246094,311.1515474756388,305.024794079494,310.67017039300885,29011
2019-03-08,305.1561279296875,308.96347352629596,304.2371254490194,307.212972259858,19868
2019-03-11,305.068603515625,307.4317909559396,304.58722634211244,307.4317909559396,145655
2019-03-12,306.4689636230469,323.3175360993547,288.1762331337322,304.5871803509151,606997
2019-03-13,287.6073913574219,293.821676799068,269.402160391606,271.3277226559579,6765217
2019-03-14,285.900634765625,293.8216695979288,284.71904098284693,292.2462023173809,857629
2019-03-15,283.318603515625,287.08217006087114,282.26829220924066,287.08217006087114,341340
2019-03-18,275.7038879394531,285.90055019891867,273.60329223059057,283.3185774334189,339534
2019-03-19,276.05401611328125,280.08017395600416,271.5902329987521,274.1722327866197,188186
2019-03-20,276.9730224609375,278.8548056330369,272.64052194169903,275.66014675335305,149764
2019-03-22,279.2486877441406,283.05603312123554,274.82868298543326,278.32968531645787,139652
2019-03-25,281.5243225097656,282.18076039532104,276.4478802123474,280.29897713216735,150760
2019-03-26,278.72357177734375,282.61842102615395,278.1108856565951,281.6556399980615,268718
2019-03-27,277.2793884277344,280.867921346731,276.14157329488324,278.85485558536993,160139
2019-03-28,273.77838134765625,278.7673205311698,273.07819154073775,276.57919399638826,179564
2019-04-01,275.31005859375,276.97305606017943,272.20292972642164,272.55302461547546,79407
2019-04-02,274.5223388671875,277.8920589397435,273.603336443094,276.9292779603664,240876
2019-04-03,275.8352355957031,281.17426987552335,274.8724545435175,276.49167357984834,195416
2019-04-04,277.7170104980469,278.7673219242021,274.30353842883596,278.28594476835633,57769
2019-04-05,284.7190246582031,287.9574627348742,278.37345747027655,278.63604869057775,249432
2019-04-08,281.2179870605469,288.7451470263837,277.4544204328918,288.52633439197285,121126
2019-04-09,280.6053771972656,286.2069762839585,277.93584656034716,283.36241153495894,287728
2019-04-10,278.5047912597656,282.70598405375085,276.14160361906625,280.080231879877,171775
2019-04-11,284.5877685546875,285.2442065999669,279.4237946072627,280.0802326525421,241193
2019-04-12,291.19586181640625,293.64655261452253,286.03186232451066,287.9574241734066,367134
2019-04-15,299.11688232421875,301.08619610689465,291.19587534922226,293.5590358621168,437359
2019-04-16,294.43426513671875,301.78636405151644,293.64654502272714,301.3487387981294,126991
2019-04-18,293.602783203125,297.4101014097753,292.333659327225,296.5786294829139,150609
2019-04-22,293.208984375,295.22205029992915,291.0208576259328,294.9594857742537,138247
2019-04-23,292.28997802734375,294.3030439261203,285.2441939605632,291.6335400111517,86864
2019-04-24,289.3140563964844,294.6968686060684,286.25067949500976,294.6968686060684,39066
2019-04-25,289.6641845703125,292.7713133854086,287.16971512312955,287.95743528789063,39858
2019-04-26,289.00775146484375,290.49566142074104,284.4564377762132,287.95744008730503,79648
2019-04-30,287.3885192871094,291.02080367508404,285.24414478634543,291.02080367508404,34247
2019-05-02,285.5505065917969,287.21347738003425,282.18078645925925,285.06912944880366,57044
2019-05-03,289.4891357421875,290.9332938890451,283.27485114454277,283.27485114454277,78669
2019-05-06,290.49566650390625,291.80854239353874,283.58119216061425,287.169724934382,50646
2019-05-07,306.2063903808594,310.62639468720437,290.0580080974924,291.6334750115302,556742
2019-05-08,295.834716796875,307.91316496413316,294.8719357492171,305.4624738523946,127909
2019-05-09,297.7164611816406,301.74261894476376,291.5459556553781,298.2853686816357,67049
2019-05-10,291.502197265625,301.96145246267383,290.5831948336455,297.54144768330104,43221
2019-05-13,292.8150939941406,295.1782814310998,291.02084084756314,291.45846617214596,72767
2019-05-14,292.24615478515625,295.8346874004626,284.98158586752146,290.58318407382717,47123
2019-05-15,288.4388122558594,293.20893850682313,286.4257466458444,293.20893850682313,16762
2019-05-16,293.0776672363281,294.871920272837,286.2069447197573,290.58319769712364,59246
2019-05-17,294.25927734375,302.0490027371285,292.20243298721834,295.39709249730544,35395
2019-05-20,295.9659729003906,299.335692914191,294.0841895297315,299.335692914191,46131
2019-05-21,295.1344909667969,301.65509142359264,289.6641751252602,295.8346807103029,35020
2019-05-22,295.2220153808594,299.2919520211546,291.8960737998847,299.2919520211546,23686
2019-05-23,297.9353332519531,302.96802478225817,294.47810900962776,296.18483185010786,36966
2019-05-24,294.3030090332031,300.035889677371,293.2089458025964,297.93529361671176,162459
2019-05-27,293.6903381347656,295.8347128619114,292.81508750499665,294.9594622321424,34805
2019-05-28,301.5238342285156,303.5368999411853,291.4584522441094,295.74717487796806,138227
2019-05-29,297.01629638671875,300.7798632816788,294.0842015352585,297.67273433657425,27562
2019-05-30,301.0862121582031,302.2240272757521,294.6093629364406,294.6531147830659,249112
2019-05-31,297.1913146972656,303.71194200374714,286.9071206956978,301.7863801022215,177893
2019-06-03,296.14105224609375,300.64858759131033,291.06458263017043,300.64858759131033,114298
2019-06-04,294.43426513671875,299.33567331675914,293.8653576494207,293.8653576494207,30718
2019-06-06,296.0972900390625,298.02285219117664,291.4584721869657,294.08422418865007,25502
2019-06-07,292.85882568359375,297.41011230454586,291.9835751745038,294.95942156330443,35373
2019-06-10,294.1717224121094,296.70994372725767,290.84575421421874,290.84575421421874,34890
2019-06-11,293.4277648925781,296.35985975710037,292.3337016379451,293.6903293894786,59045
2019-06-12,293.1651916503906,294.52181936145513,291.10834745093166,292.37744476213084,19625
2019-06-13,291.8085632324219,294.78441011933023,289.5766847448732,291.23965564839284,28463
2019-06-14,285.4192199707031,292.28994237761856,284.45643898894264,289.7954728782253,65750
2019-06-17,290.3205871582031,292.33365252431054,282.5746152746607,283.62489979633773,52216
2019-06-18,281.5680847167969,291.4146524285364,280.9553987083011,291.4146524285364,26196
2019-06-19,284.1063232421875,287.08216965874,280.9554160379742,283.4061068020701,16671
2019-06-20,279.4237365722656,283.4061158689595,276.141547027564,282.09324005107885,22409
2019-06-21,287.5198059082031,288.74515133709156,279.42373831413653,280.95542677787887,23817
2019-06-24,287.16973876953125,295.1345248924649,281.26179698155465,287.0822083638998,51558
2019-06-25,291.3271484375,294.95943284707226,283.7124580329049,285.33167687877017,46540
2019-06-26,288.1763000488281,292.9464271651325,286.5133290201137,291.0208648936533,18527
2019-06-27,287.2572937011719,295.74720956170376,286.51332525557854,290.9333306567882,70699
2019-06-28,288.7014465332031,290.5394783312782,286.6883539122518,287.2572882313339,20191
2019-07-01,284.3251953125,290.3206679511961,283.58122687519636,287.1697600882543,50808
2019-07-02,283.40618896484375,286.6446275017488,282.74975088659545,284.5002524285909,18308
2019-07-03,283.40618896484375,284.89412595975335,279.2049959482683,284.368970155048,83718
2019-07-04,283.18731689453125,285.3316915180654,280.1677183940465,285.1566307163584,51266
2019-07-05,282.79345703125,284.45642772817087,281.1304863343292,281.1304863343292,25331
2019-07-08,280.167724609375,284.4564472410575,279.38000440527475,282.7059460272664,52365
2019-07-09,279.94891357421875,283.58119827170424,278.37344644639194,282.4433831603812,23145
2019-07-10,278.41717529296875,281.0429266599998,275.8351757645118,278.3733967438704,23177
2019-07-11,277.4544372558594,280.5615661686774,275.7914664756113,279.02987763493053,108927
2019-07-12,279.3799743652344,280.51778934764474,275.87897231409374,275.87897231409374,17240
2019-07-15,278.28594970703125,288.17627118497654,275.83523190601966,280.955453455968,184072
2019-07-16,277.23565673828125,279.99269107644517,273.07821595057226,279.99269107644517,54999
2019-07-17,272.9469299316406,276.49168450183777,272.20296151144845,276.49168450183777,73068
2019-07-18,271.283935546875,274.82868981086096,270.452436788395,274.6974075622927,46771
2019-07-19,261.4373779296875,271.677794433574,258.41775252503066,271.677794433574,277495
2019-07-22,254.4791259765625,263.53797552798034,252.7286246800771,263.53797552798034,26259
2019-07-23,265.50726318359375,266.95142126802017,249.44641003733034,254.52285261001944,42301
2019-07-24,249.7527618408203,265.1571776065369,246.25175947181785,265.1571776065369,245864
2019-07-25,253.20997619628906,256.44841395086934,243.66975043919837,247.87096915139932,115786
2019-07-26,249.3151397705078,254.69792564038968,247.82720306021847,252.68485993637816,29342
2019-07-29,240.9564666748047,249.31512548636832,240.69390219298683,249.31512548636832,26821
2019-07-30,235.52993774414062,242.9695677159626,233.6919061737025,242.8382854703302,28074
2019-07-31,227.30259704589844,235.0047918294682,218.4625604282707,235.0047918294682,248282
2019-08-01,227.78396606445312,238.7245984402674,223.84533840916,227.56515341693685,115537
2019-08-02,226.2085418701172,230.62854698195395,221.21960246561238,226.25229371853928,92774
2019-08-05,235.09231567382812,235.88003586894712,222.66374651340504,227.5651551982421,55469
2019-08-06,226.12098693847656,235.2673392407148,223.1888922278871,229.31564613218205,124707
2019-08-07,227.82769775390625,229.97207219406508,226.68988277169498,226.68988277169498,27725
2019-08-08,228.96556091308594,230.9348747511391,226.73365587030867,230.9348747511391,39319
2019-08-09,230.6285400390625,234.5671678575664,228.44041347322698,230.05963247405114,46014
2019-08-13,227.3900909423828,231.0224022328621,224.89564814746504,227.6964339887583,29682
2019-08-14,227.78396606445312,229.31565459706712,225.8584040820985,226.60237242575954,29064
2019-08-16,223.97662353515625,228.4404069439835,222.57623058620612,227.34634369233606,99825
2019-08-19,231.81011962890625,234.9172484792171,224.98314913237232,226.6023680347217,119239
2019-08-20,225.94595336914062,232.55411190279926,224.98317229748824,229.66576868784213,21103
2019-08-21,222.4886932373047,227.56514923750174,220.6069098453309,225.81464808952094,15908
2019-08-22,215.0052947998047,232.0726807259893,213.38608927637614,220.6506715980613,84156
2019-08-23,214.698974609375,224.93940394679493,210.93539436255867,213.60491136060654,82818
2019-08-26,222.26986694335938,224.06413318089966,215.35539317558528,216.36192593175363,92635
2019-08-27,221.83226013183594,224.19543406195808,219.25027355345685,220.5631494429985,25066
2019-08-28,221.61343383789062,224.93938855765572,219.0314474184955,223.10135708336722,71040
2019-08-29,222.00730895996094,224.50177850770783,218.81264961764896,219.68790021611954,633358
2019-08-30,221.70098876953125,223.01386472352934,220.25681720697443,223.01386472352934,15259
2019-09-03,219.6879119873047,223.1889145687757,218.9439435966361,222.26989872008656,34567
2019-09-04,219.6879119873047,222.62000699139264,218.85642654525833,221.0883183619991,41141
2019-09-05,219.90670776367188,221.61344372003865,218.900174940889,218.900174940889,44489
2019-09-06,220.60693359375,221.2633715949086,218.37504171875773,219.90673038812776,87208
2019-09-09,218.81265258789062,221.52593482208624,217.93740197753905,219.6879031982422,125360
2019-09-11,222.75128173828125,228.13406768376063,219.55662233247065,221.35087541078744,87504
2019-09-12,224.5455322265625,228.0027828035729,222.31365386605574,227.0400017951181,85234
2019-09-13,221.87603759765625,224.1954464552891,218.8126603527182,223.18891355977257,151643
2019-09-16,223.8453369140625,224.7205874982817,218.90017645532959,218.90017645532959,132560
2019-09-17,221.43838500976562,226.82117044951826,220.91322934747905,223.62651134385422,41667
2019-09-18,221.7884979248047,224.0203896382041,219.6879018152901,222.35741883111046,31691
2019-09-19,218.81265258789062,226.51484727477282,217.93740197753905,222.05107717513852,90000
2019-09-20,225.4645538330078,231.37249522397673,217.98115873339444,219.2502693981794,263904
2019-09-23,230.19090270996094,231.98515571607453,226.68990038737599,226.68990038737599,103952
2019-09-24,224.1954345703125,232.7291278716831,221.83226063483195,229.00931284288052,52741
2019-09-25,217.5435333251953,226.42733468431845,215.9680796174197,226.42733468431845,62458
2019-09-26,218.90017700195312,222.2261185460802,215.31164425558768,217.41224032085364,38714
2019-09-27,218.1562042236328,220.73819072995104,217.2371884555497,220.51937808780096,34088
2019-09-30,215.0052947998047,218.7688748802212,213.56113671738683,218.7688748802212,71984
2019-10-01,213.69241333007812,216.31816494186003,209.1411132073755,213.64866148742576,181143
2019-10-03,211.76686096191406,213.56112720166922,210.06012511639597,213.56112720166922,141967
2019-10-04,212.55459594726562,215.2678645693805,210.32270443106924,211.7668624593511,46842
2019-10-07,212.51084899902344,214.6114451033227,210.0601446404981,212.68589644850434,33399
2019-10-09,213.29856872558594,214.43639717758106,210.49776947431937,212.6858959761314,44717
2019-10-10,210.41021728515625,214.26132754273974,209.2724023062408,214.26132754273974,65491
2019-10-11,212.86094665527344,214.87402573854075,209.18489674749998,212.59836880001865,95901
2019-10-14,201.35140991210938,213.38610606322663,193.56167129931828,210.06015100131947,793321
2019-10-15,178.24478149414062,209.00984846774153,170.76139945824463,200.43238981340747,7294285
2019-10-16,213.86749267578125,213.86749267578125,194.30563612881502,196.9313879683936,7194707
2019-10-17,229.2718963623047,237.36796409478174,219.9942350240633,220.56314254964536,5901565
2019-10-18,231.1099090576172,232.81665840305394,221.0007753638012,227.477624428397,1828001
2019-10-22,218.76889038085938,235.17985290485115,217.06215433836468,232.90419594468182,764088
2019-10-23,216.974609375,224.19542652472214,211.50429335248322,219.8629389059416,707776
2019-10-24,208.3971710205078,218.81264770936806,204.37101296054976,217.49977182311184,768472
2019-10-25,209.2286376953125,215.6617209493721,207.43437147353941,207.47813667021933,329242
2019-10-27,215.22410583496094,217.67481005662685,209.71003803029208,210.5415233853403,108201
2019-10-29,213.82373046875,219.20651647316822,209.27242988745735,213.99877792278727,331090
2019-10-30,215.0052947998047,222.22611192242124,211.81063559675252,214.436387277704,312749
2019-10-31,220.03797912597656,223.18888639363914,215.04905374823022,215.22410118415297,368865
2019-11-01,217.5435333251953,220.78195778518386,215.09282904146258,220.60691034104522,188399
2019-11-04,223.5389862060547,227.56514409757884,217.06213744692135,217.06213744692135,256178
2019-11-05,219.7754364013672,225.77090850076473,216.18690351110138,225.55209584538912,158545
2019-11-06,226.82118225097656,231.32871739161985,217.93739421446057,221.43839653115873,430923
2019-11-07,223.8453369140625,226.68990131277494,221.70097565377824,226.2085241756656,119713
2019-11-08,218.6376190185547,223.80159260539276,217.93741581476343,223.80159260539276,146067
2019-11-11,217.36849975585938,220.1255339040024,214.43640479713952,217.93740732443976,117592
2019-11-13,214.04254150390625,220.12553063366434,211.5480718981585,220.12553063366434,201308
2019-11-14,211.19798278808594,217.89364486369774,210.06015428134234,212.24828088843964,141806
2019-11-15,211.41677856445312,216.18689151591755,210.49776279181447,212.59835882476236,184208
2019-11-18,207.8720245361328,213.73620108357287,206.865491654169,213.16729351642198,266723
2019-11-19,208.7472686767578,209.9288623321282,206.7779548213167,208.1345959261179,68342
2019-11-20,210.54153442382812,211.63559767342684,206.6029067252728,208.7472680234334,84700
2019-11-21,206.16526794433594,211.28547560449016,204.8086269324911,210.8478503332669,220650
2019-11-22,207.3031005859375,209.4036965889247,205.64011650791426,206.69041450940787,95744
2019-11-25,213.3423309326172,214.43639416816907,207.87201475485776,208.74726534329926,157173
2019-11-26,217.23719787597656,221.43840345849497,212.72966259432243,213.38610054923893,233975
2019-11-27,216.1431427001953,220.56316109963382,214.43640662464398,217.4997838621389,106558
2019-11-28,214.48016357421875,217.49977549249834,213.56114776728208,217.49977549249834,117178
2019-11-29,215.39918518066406,218.81265729231833,212.72966809064482,214.5239345514948,136809
2019-12-02,215.44293212890625,218.81265231668903,211.8544126440712,216.18690048888877,143247
2019-12-03,211.5480499267578,215.3116298678584,210.93537722826778,214.0862844708783,62913
2019-12-04,209.14112854003906,213.47361634605213,208.35340834086006,211.54806769396458,70167
2019-12-05,213.99876403808594,215.2241094921085,209.79755863745112,210.49776176343423,160754
2019-12-06,211.7230987548828,214.3488503559203,209.62250281615815,214.04252068229053,143409
2019-12-09,208.52845764160156,212.68589803529562,206.51537856939157,211.81064742609686,222756
2019-12-10,205.15872192382812,208.22209882413003,203.9333765058127,208.04705138659403,107583
2019-12-11,204.76487731933594,208.17836270784196,203.49576660724685,203.49576660724685,58889
2019-12-12,200.95755004882812,206.99677405548695,199.557143698313,206.99677405548695,134518
2019-12-13,197.71910095214844,203.7583379756227,190.80462670273297,201.30763367719535,426328
2019-12-16,193.91177368164062,199.99476269880074,192.68641482481323,197.36901089093902,137717
2019-12-17,195.7060546875,198.63813641185007,192.5551469409063,195.1371337401972,115786
2019-12-18,196.3187255859375,198.2442743656769,194.43692865495848,195.70605279537475,106772
2019-12-19,196.71255493164062,202.35791813070628,195.22463171444502,196.93136756226536,127374
2019-12-20,203.88961791992188,206.99676011919084,187.9600601927959,196.93137854891305,560027
2019-12-23,205.4213104248047,206.55913886076854,202.1828859188031,203.97715229606175,301122
2019-12-24,205.5088348388672,206.42785060095997,201.74525474736467,205.5088348388672,78505
2019-12-26,203.67080688476562,206.55913646400148,203.05813415105231,205.6838858857642,81848
2019-12-27,203.23316955566406,206.25278120064146,202.18287159505408,205.24624843740338,84797
2019-12-30,203.53953552246094,206.6029127100762,200.47615833484568,204.7648810554012,83277
2019-12-31,206.6466827392578,210.9354055599898,203.05814975069558,204.5460731769537,121842
2020-01-01,209.4912109375,212.68586989630654,206.64664683394858,206.64664683394858,85650
2020-01-02,210.62904357910156,216.18689002093558,209.7100411680819,214.43638888716282,205087
2020-01-03,210.01637268066406,212.64212440416958,207.25933871308882,210.1039030802198,448670
2020-01-06,204.85240173339844,209.92885778860676,203.05813536622168,208.7472641588098,99340
2020-01-07,206.47161865234375,207.4343996892097,203.4957718470095,206.6029142602426,226184
2020-01-08,206.34033203125,207.43439529758749,201.83279671604535,206.4716142811047,85608
2020-01-09,210.06015014648438,211.8106513977051,207.4781634719868,208.30964889526368,184339
2020-01-10,210.45399475097656,214.52391787335682,209.3161663504639,212.685886352893,156505
2020-01-13,207.60943603515625,214.43639326737446,206.5591380044913,214.43639326737446,143362
2020-01-14,208.44091796875,210.5852925501334,207.74072819674151,209.0973558964558,375286
2020-01-15,207.6531982421875,209.8850898722185,206.16527494058815,209.18488674344707,107412
2020-01-16,207.915771484375,209.18488211485592,207.21556837109682,209.18488211485592,187751
2020-01-17,207.47816467285156,209.97262095711994,206.90924374975316,209.97262095711994,272808
2020-01-20,207.25933837890625,210.93538811483398,205.85893211985572,209.1848869686528,164047
2020-01-21,203.53953552246094,208.2658835555329,202.48923744347437,207.2593506788509,120681
2020-01-22,203.40823364257812,208.96608028224296,202.6205134464471,204.6335924929938,91233
2020-01-23,205.4213104248047,206.82171670833927,204.80863768398237,205.50884082574964,127677
2020-01-24,203.1456756591797,207.39063318259048,202.62051994141572,207.39063318259048,224992
2020-01-27,200.51992797851562,203.93340014964403,200.03853745303215,203.93340014964403,149354
2020-01-28,200.3448486328125,201.74525487644647,199.4695980693572,201.74525487644647,84783
2020-01-29,199.38211059570312,203.49578618297244,198.24428202341187,201.74528479645224,200295
2020-01-30,199.11949157714844,201.30761785821602,198.68186632093492,200.43236734578898,98282
2020-01-31,196.18743896484375,201.7015210431411,193.60545207218735,201.30766089939112,127792
2020-02-03,188.13510131835938,193.3866045699829,185.85945792248057,192.51135402804564,149453
2020-02-04,188.3539276123047,193.69296164738662,187.5662074095451,190.80463197849417,112089
2020-02-05,189.84185791015625,191.59235918495813,186.60343322282577,189.05413767860136,189326
2020-02-06,192.0299835205078,194.26187530550635,188.92285445785419,191.59235820404788,156814
2020-02-07,193.03652954101562,194.9183130575378,192.20504411174457,194.13059283091567,160162
2020-02-10,193.51791381835938,194.9620719723451,192.02997710787187,194.30563401957625,112615
2020-02-11,179.12001037597656,185.5531069251567,175.53149132124207,185.5531069251567,1183308
2020-02-12,177.9822235107422,182.92738429921303,177.06320766498024,182.92738429921303,180313
2020-02-13,174.91883850097656,181.4832180290803,173.29961954193857,181.4832180290803,322773
2020-02-14,173.1245574951172,177.4570449473159,170.67385334020517,175.05010598995403,200715
2020-02-17,173.03704833984375,175.05012747688085,164.7221672846919,173.29962620211205,182617
2020-02-18,170.8926544189453,172.68692055508785,165.24729155349485,171.54909227202705,288808
2020-02-19,173.3433837890625,175.83783998285335,170.71763199227368,172.38060278813424,172310
2020-02-20,174.08734130859375,175.88160773346232,170.5863388621242,175.88160773346232,122277
2020-02-24,171.94296264648438,176.80060572228288,171.33028995117266,175.05010467552762,112412
2020-02-25,168.6607666015625,172.42434637625925,167.21660863645522,172.03048632716295,190288
2020-02-26,163.93441772460938,166.2975913517128,161.04608846692187,165.42234087091433,286981
2020-02-27,168.6607666015625,169.79859490860048,160.87104258961318,163.67184148406335,197770
2020-02-28,168.31069946289062,169.53604500746474,163.49682097950472,166.29762033514902,209920
2020-03-02,160.21461486816406,174.87506149095356,153.16884531272598,171.5491067502531,175529
2020-03-03,160.0833282470703,166.29761280450214,158.42035746113098,161.9213598359626,141426
2020-03-04,155.26943969726562,160.95856817954245,153.16884375360718,160.17084803948637,320539
2020-03-05,157.4575653076172,157.89519057345854,147.96110505201753,155.83835983716207,283327
2020-03-06,154.8755645751953,156.66983067012345,148.83634180766967,148.83634180766967,146815
2020-03-09,150.6743927001953,154.8318332503024,149.01142182225846,154.8318332503024,620649
2020-03-11,145.4666290283203,150.63061494175648,144.41633110948567,150.54308455049417,484985
2020-03-12,130.80621337890625,143.54111363127026,128.35550876780704,143.54111363127026,411268
2020-03-13,121.7911148071289,137.41434325138218,114.65782780847812,126.91133612388799,662932
2020-03-16,114.83287811279297,126.86757407908779,112.9073294292387,124.28558743373561,493436
2020-03-17,117.2835693359375,118.55267991516183,112.29464405762559,113.12612937813374,315267
2020-03-18,112.29464721679688,121.65982534574002,110.80671728872319,121.65982534574002,226069
2020-03-19,118.81526947021484,120.7845833288372,105.03007245985843,110.28157608285134,277608
2020-03-20,121.0033950805664,122.53508362589004,118.50892553607653,120.52200458098328,279941
2020-03-23,105.55521392822266,118.11505785832483,104.15481439789495,116.40832197411788,297265
2020-03-24,106.47423553466797,113.8263418210599,102.05421738720196,113.69504621949311,473135
2020-03-25,105.24888610839844,109.31880279032033,102.01046151457753,109.31880279032033,597753
2020-03-26,109.49385070800781,112.90732944537106,102.44808725694966,105.81780079246724,170552
2020-03-27,110.93801879882812,117.28358594905696,105.24888962965746,111.85703464336252,327278
2020-03-30,110.71919250488281,116.05822610216428,108.53106617079422,110.6316687870456,363350
2020-03-31,115.92694091796875,118.15883265019194,112.03207836462643,114.13267449185739,396187
2020-04-01,117.32733917236328,122.9289373633305,115.9269329469897,115.9269329469897,169778
2020-04-03,116.40833282470703,120.34696062704674,114.87664423490826,117.37111385182926,323500
2020-04-07,120.91586303710938,122.44755156163798,118.15882903506352,120.34695549867581,423726
2020-04-08,120.74080657958984,130.1059844738281,118.24635061040385,119.0340707364072,1031633
2020-04-09,122.62262725830078,124.59194131477071,120.82836066913059,122.53509684701807,348775
2020-04-13,121.3534927368164,125.16083826387218,120.91586742820147,123.80419713611296,234518
2020-04-15,122.49131774902344,124.85449167771483,121.3972545084011,121.9661754066832,316025
2020-04-16,124.89824676513672,126.34241813897931,121.30972763962339,122.09744776698257,294880
2020-04-17,138.37710571289062,140.30265409064097,125.59844341054865,126.9113191256415,710947
2020-04-20,146.77951049804688,152.2935914813555,140.08384931812702,141.7905851722965,687384
2020-04-21,137.5018768310547,146.77952532828974,136.539095813342,146.77952532828974,270427
2020-04-22,136.45155334472656,141.30919649500896,131.15629828130838,137.10799124732517,175964
2020-04-23,132.64422607421875,139.86504325057058,132.11907039201492,136.75790106726944,220045
2020-04-24,127.26142883300781,133.038087995992,126.12361376462168,133.038087995992,649122
2020-04-27,127.13015747070312,131.0250202092517,126.03609415339932,126.03609415339932,277772
2020-04-28,128.70559692382812,129.71212972106775,127.8303463678759,128.70559692382812,277494
2020-04-29,127.91785430908203,130.1935109347525,127.39271202603223,130.1935109347525,170447
2020-04-30,126.86756896972656,130.23728904668556,125.16083300884061,130.23728904668556,334513
2020-05-04,120.74080657958984,125.99230970031368,120.2156642806753,125.16082437725169,247402
2020-05-05,117.94001007080078,124.28557647535222,117.37110256284289,122.18498052491638,246182
2020-05-06,117.32733917236328,118.94654468048395,114.74535271489032,118.94654468048395,199612
2020-05-07,122.53507995605469,123.8041906131182,116.10198291625628,117.32734172897513,134877
2020-05-08,122.1412353515625,126.51748876182796,121.65984480538019,125.16084753359256,151433
2020-05-11,117.58992004394531,124.15429935368702,117.02099915727602,122.53508044851185,194270
2020-05-12,117.85248565673828,119.77804762351509,116.84595282841188,116.84595282841188,147232
2020-05-13,118.07130432128906,123.54162074379624,117.28358409855392,121.96618029832594,298560
2020-05-14,115.97068786621094,118.29009628143021,115.6205930185311,117.28356357790389,244761
2020-05-15,116.32080078125,118.15883240521467,115.53308057398768,116.97723873905674,130425
2020-05-18,114.70158386230469,117.76496069686692,114.52653642852518,117.63366510508496,412359
2020-05-19,116.36456298828125,117.41486102269064,114.78910925903511,115.88317249389158,143346
2020-05-20,115.62060546875,116.88971612232733,115.05168458592996,116.40832563848384,373039
2020-05-21,114.745361328125,116.27704990917407,114.65783092424495,115.53308154198727,123963
2020-05-22,114.70158386230469,115.53306918920467,114.08891116644486,114.65781866504403,98241
2020-05-26,113.82633972167969,115.97070095507932,112.99485434814888,114.65782509521051,275860
2020-05-27,113.30118560791016,115.314264625364,112.90732551553667,114.65782668632019,151876
2020-05-28,115.48931884765625,116.8459600056664,113.78258277705342,113.78258277705342,241227
2020-05-29,115.92694091796875,119.03408326241558,115.35803336212916,115.53308081352101,359411
2020-06-01,127.56777954101562,132.9505655826301,116.84595930514982,119.86557131276928,1012294
2020-06-02,127.8303451538086,132.0753022967023,125.20459351088995,131.2875821459321,467891
2020-06-03,131.28758239746094,136.49532049484085,127.7865802001953,128.88064338684083,792227
2020-06-04,127.2176742553711,135.62007161935324,126.29865849619364,131.28758401781798,469973
2020-06-05,129.01193237304688,130.9374943664396,126.99886668856861,128.44302482834897,732367
2020-06-08,134.08840942382812,139.1211011310446,131.28760975347393,133.0381112168536,1027666
2020-06-09,138.1145477294922,144.76644429456007,132.6442314645033,134.6135453198993,1073470
2020-06-10,134.70106506347656,144.46011748873568,133.3881891335976,139.95256878299244,727360
2020-06-11,130.23727416992188,136.1889801083958,129.53707111446687,134.7885739974858,356385
2020-06-12,126.21112060546875,129.71212263810457,123.67289947391293,126.9113236830485,1061489
2020-06-15,121.96617889404297,128.57431037213578,121.22221052704194,127.7865901584702,842740
2020-06-16,125.94855499267578,128.1804466759155,123.4103336150395,125.16083480106845,603283
2020-06-17,131.02503967285156,133.38821411822127,123.9355163367424,126.03611287590057,892611
2020-06-18,133.30067443847656,134.65731559435886,131.11254785004218,132.3378933974595,1211032
2020-06-19,130.06224060058594,131.6814461488555,122.53508032427492,127.78658376674385,3986434
2020-06-22,133.16937255859375,138.94603182212313,131.28758912326595,138.28959387650679,2641798
2020-06-23,134.6573028564453,136.14522612477757,133.38817887099435,133.69452190650256,823758
2020-06-24,131.6814727783203,136.49535190741008,130.49989227797641,134.7886156145134,693717
2020-06-25,131.90025329589844,134.74481754203373,129.7558921506337,132.8630342290034,593490
2020-06-26,131.50640869140625,134.08839540896992,131.28759603135398,133.03809731177205,412757
2020-06-29,128.4430389404297,131.28760368698096,128.22422626761806,131.28760368698096,336088
2020-06-30,127.91785430908203,132.1628245455303,127.78657207713525,128.66182257081425,225042
2020-07-01,128.57431030273438,129.97471663212232,127.34896478096834,128.66184070654532,211695
2020-07-02,128.31173706054688,129.8871773797002,127.56776874463054,127.91786362549492,313280
2020-07-03,127.08638763427734,129.75590470223975,126.47371486997399,128.66184142481782,429836
2020-07-06,128.0491485595703,128.66182122769732,126.78003802803669,128.57429083713808,400685
2020-07-07,129.09945678710938,130.98124013715503,127.34895567813162,128.66183150986492,559870
2020-07-08,127.08638763427734,130.3685774665431,126.82380977664315,129.97471735772413,500684
2020-07-09,126.82380676269531,128.57430796497,126.56124226656554,128.57430796497,311446
2020-07-10,125.94855499267578,127.87411698151895,125.204600001772,126.91133598709737,447504
2020-07-13,137.6769256591797,139.95256926565938,125.3796517358497,125.94855929865346,4241305
2020-07-14,136.10145568847656,141.70305366731185,134.43848504467758,137.414331466822,3903517
2020-07-15,131.6376953125,138.98980894732603,129.53709904841563,137.5018854806608,1004765
2020-07-16,157.93894958496094,157.93894958496094,129.5370736153505,129.5370736153505,11099743
2020-07-17,152.77499389648438,162.6215630817385,150.54310221010726,160.87106189324885,12080107
2020-07-20,154.48175048828125,157.10750262122653,152.0310458264791,154.91937584377212,3036172
2020-07-21,148.35498046875,156.2322360688606,145.0290254332059,154.4817348243916,1651473
2020-07-22,146.51695251464844,150.5431108205601,143.97873098826824,148.35498420979616,1857052
2020-07-23,152.07479858398438,153.5189567967767,146.69201249419677,146.95457700178457,1111971
2020-07-24,147.39218139648438,154.9193411682325,146.25436641109758,151.41833910793346,1161650
2020-07-27,141.44049072265625,148.57377718656267,140.56524019431126,147.47971402613143,598916
2020-07-28,145.77297973632812,148.7050610246932,141.87811751431278,143.01593252920063,939413
2020-07-29,146.95457458496094,151.0682632063806,145.90427650608845,147.04210498956058,867930
2020-07-30,149.1864776611328,154.788090098616,146.47320853126038,147.3046940169428,2328419
2020-07-31,153.6502227783203,154.91933328958365,150.3680335137105,151.02447136663247,1499585
2020-08-03,151.6371612548828,155.79460146244816,150.58686324191908,154.7443034494844,634646
2020-08-04,150.36805725097656,153.47519958302323,149.799136342143,152.64370082051758,407748
2020-08-05,149.75540161132812,153.82531206496623,148.79262048958327,151.76846755726856,780933
2020-08-06,159.29562377929688,162.796626499721,147.4359743928071,150.89321190817282,2086496
2020-08-07,159.60194396972656,163.54057146533555,157.1512397458505,161.52749251874934,1738547
2020-08-10,159.82077026367188,163.3655246283776,157.54511328522386,158.4203639145862,1199560
2020-08-11,163.49681091308594,170.9802060384716,160.08332564005642,160.08332564005642,3296630
2020-08-12,165.072265625,169.79861344051702,163.6718593473025,164.94097002412983,1764595
2020-08-13,160.56472778320312,168.04812345171533,159.29561702193848,165.42237152278227,1103631
2020-08-14,157.54510498046875,162.31521798799125,155.05063547617237,161.8338274961648,751071
2020-08-17,156.888671875,159.2080806498747,155.05064025151347,157.63264023575988,508172
2020-08-18,160.52093505859375,162.79659168227906,154.26289937635312,157.54508872478618,848633
2020-08-19,160.9585723876953,165.02849549842597,160.21461742602844,161.17738502734974,779190
2020-08-20,157.85145568847656,161.04611513020353,156.75739240634203,160.1708645044959,671029
2020-08-21,160.73977661132812,162.79662098196977,158.46413293334135,159.25185317663193,866642
2020-08-24,157.063720703125,162.35898961220397,156.53857834557041,162.35898961220397,626628
2020-08-25,155.1819305419922,158.42035501771028,154.9193526968769,158.42035501771028,730924
2020-08-26,157.9827423095703,159.90829106832925,155.92589794016519,156.6261011311498,671427
2020-08-27,156.49481201171875,159.42689354716876,156.18846895557922,159.29561129754578,590082
2020-08-28,156.9324188232422,159.426874758962,155.88212088424106,159.3393577212819,662963
2020-08-31,150.54310607910156,159.38314265027088,146.34190044770162,159.29561224649117,1035048
2020-09-01,148.6175537109375,151.33082254244118,147.17338221594264,150.6306327506107,464370
2020-09-02,151.50587463378906,153.16884532665884,148.1361546944972,148.79259260304002,395240
2020-09-03,150.84945678710938,153.65025623165837,149.84291051365577,152.20608462764193,246048
2020-09-04,147.21713256835938,150.45555677237115,144.59138104803694,147.4797103914442,403034
2020-09-07,146.4731903076172,148.61755156345714,145.55417452503892,147.47972313527757,283651
2020-09-08,147.2609100341797,150.3242870631225,144.897736140048,146.16684680955726,502922
2020-09-09,145.72923278808594,146.95457835230619,143.23476310095865,144.85398214071006,340496
2020-09-10,143.58486938476562,148.53003013185491,142.66585354669408,147.91735735822883,417258
2020-09-11,147.97080993652344,149.2998890676898,144.91393063885917,145.57847020444237,251589
2020-09-14,164.1412811279297,166.40071847095618,150.93909982176353,150.93909982176353,2785807
2020-09-15,165.33746337890625,167.02095834677814,161.52743350835632,164.31849451301056,933460
2020-09-16,163.2109375,165.91340148318415,162.23628744580003,165.91340148318415,344759
2020-09-17,170.38795471191406,172.16006029701958,162.1033556935087,162.9451031424153,1890884
2020-09-18,168.3500518798828,176.0587094461533,166.71084859827778,170.12215768914473,1907658
2020-09-21,159.79962158203125,169.98922837992941,155.50226026357643,169.1917727793429,614709
2020-09-22,154.8820343017578,159.04647981575624,149.29989887997172,158.6034534095842,561623
2020-09-23,161.7932586669922,164.80583300200203,155.94530434598042,155.94530434598042,1471657
2020-09-24,155.76809692382812,159.31230839640628,155.05925192529375,158.60346339787188,452195
2020-09-25,162.63499450683594,163.74256050930677,155.5465720910226,157.71739875184687,598254
2020-09-28,165.69187927246094,168.08421921034414,161.39451763730366,164.67292392561413,720518
2020-09-29,163.12232971191406,167.2867752655175,162.1476662010291,166.13490389449703,441687
2020-09-30,161.970458984375,164.1412856998688,159.3566058567358,162.1919721904477,262286
2020-10-01,160.64137268066406,165.42605231329932,159.48950135574296,162.32486756471545,382414
2020-10-05,160.1983642578125,162.01477537546668,159.48951924603352,159.7553378154624,302968
2020-10-06,161.0843963623047,163.12232043823767,159.84391437169265,161.57172809004183,404124
2020-10-07,159.9325408935547,162.1919783858203,158.82497482088465,161.35023087460982,227630
2020-10-08,157.14146423339844,161.0400910149955,156.12249543541597,160.6856753148839,180965
2020-10-09,157.31869506835938,160.5970880937016,156.47694751754227,159.48952196891744,300683
2020-10-12,161.21731567382812,162.7679081836453,159.48951529547918,159.48951529547918,480374
2020-10-13,160.3755645751953,162.14767026110906,159.35660921383226,161.43882528272488,234068
2020-10-14,160.28695678710938,161.88185463734848,157.31868782147768,160.19835961326444,264913
2020-10-15,160.95150756835938,163.25525056923308,159.57813635793676,161.17302079843975,431003
2020-10-16,163.12232971191406,167.2867752655175,159.93253414910248,161.17300269014416,772399
2020-10-19,168.08421325683594,176.32450699109143,164.9830284605102,168.03990791286986,3013412
2020-10-20,170.38795471191406,174.19798442390945,166.79943819805683,167.9070041887478,641311
2020-10-21,166.53363037109375,171.58412890957646,164.45141428667998,170.9195892724052,436236
2020-10-22,162.3248748779297,168.12852358719812,160.46417205700473,165.69187831781844,786031
2020-10-23,165.33746337890625,166.57793193206518,162.59069419964874,163.03372061436167,312610
2020-10-26,170.38795471191406,172.5144760060036,163.96407196590656,165.51466435287387,468127
2020-10-27,168.12852478027344,171.89424931421894,165.95769804707643,171.45122289846066,318434
2020-10-28,163.12232971191406,168.17282808628815,161.08440552012294,168.17282808628815,251750
2020-10-29,165.603271484375,166.2235192925562,158.95787514037772,161.52743650544608,217681
2020-10-30,165.2488555908203,168.5272484132683,163.91977632333382,165.6475766670476,296647
2020-11-02,164.71722412109375,167.41968809495572,163.91978194130874,166.0906087819181,195364
2020-11-03,166.4450225830078,170.47655197532396,164.80581950782303,164.80581950782303,356506
2020-11-04,163.7425537109375,166.9323355535624,163.0337087947679,166.13489347292924,124405
2020-11-05,164.9830322265625,167.06526175966346,164.14128475236387,164.9387268815851,158605
2020-11-06,164.49569702148438,167.3310767994464,163.96407345318607,166.57792651090784,191111
2020-11-09,163.786865234375,166.93234185342928,162.14766214887658,165.24884694407368,263021
2020-11-10,162.23626708984375,166.13489385766675,161.97044855565304,165.4703542822361,289136
2020-11-11,160.46417236328125,163.91977298023266,159.26799563890174,163.07802549867714,627524
2020-11-12,158.47055053710938,162.45778818363343,157.85030275379796,161.173000792568,376617
2020-11-13,159.002197265625,161.0844270811785,157.71742320755993,159.1351133185872,430106
2020-11-14,161.1287078857422,161.70463680055636,159.48950478958983,161.70463680055636,104025
2020-11-17,159.71104431152344,161.70466344994745,159.179407133239,161.43884486080523,417024
2020-11-18,158.73634338378906,161.2615991075205,158.42623303602204,159.6667014672739,256649
2020-11-19,163.03372192382812,166.88805717082553,158.60345774111542,159.48951057765797,844451
2020-11-20,163.52105712890625,165.86909178711616,162.59069892694046,164.0969860767408,325365
2020-11-23,165.42605590820312,166.267803368521,163.52104778642627,163.87546350021498,325699
2020-11-24,168.48292541503906,170.56515479065007,165.42604612410815,165.42604612410815,767529
2020-11-25,164.9830322265625,170.56516769139026,164.36279795715788,170.56516769139026,399533
2020-11-26,168.66017150878906,170.8309983658254,164.80583606377604,166.5779418279027,589141
2020-11-27,180.9319610595703,184.83060110384744,167.99559957834214,169.3246786461452,3774799
2020-12-01,183.6787567138672,185.80527812504658,179.55860288957865,182.26106675968532,1492240
2020-12-02,178.89407348632812,184.65341728431414,177.83081271994953,184.2990015355527,700798
2020-12-03,175.48275756835938,180.26743722100116,174.64101012281404,180.26743722100116,524778
2020-12-04,176.81185913085938,181.15351293851455,174.9954479794588,176.28022198212457,675160
2020-12-07,178.7168426513672,179.86871396699698,177.29916631836258,178.58394014267978,471206
2020-12-08,176.41311645507812,180.75476973177487,175.48275831861665,178.98266414616924,375644
2020-12-09,179.1155548095703,180.090218225222,176.85613115344538,177.29915752054308,419064
2020-12-10,176.9004364013672,179.29278978135522,174.55240188556297,179.11556840499108,376996
2020-12-11,179.29278564453125,183.76734137253584,177.21055620113097,177.21055620113097,796408
2020-12-14,179.95733642578125,181.99524713280263,178.9826728980023,180.75477857025976,353327
2020-12-15,187.48880004882812,189.03939263210498,176.9004570212335,179.86873966011552,1227116
2020-12-16,194.84300231933594,196.703718578794,186.2482929953621,188.50773030467758,1597210
2020-12-17,194.13417053222656,198.65303162205768,193.07089637453214,194.13417053222656,679431
2020-12-18,190.58998107910156,197.94420921267684,186.95715884051367,186.95715884051367,914735
2020-12-21,178.98265075683594,193.8683392663733,174.90680280681192,191.29877824741322,971364
2020-12-22,185.49517822265625,187.09006261110116,171.00820804022635,178.09663117142745,927778
2020-12-23,190.8114776611328,191.91904367142476,185.2736476096731,185.9824790401856,345718
2020-12-24,188.64065551757812,194.84302576877263,186.957160428863,194.84302576877263,275069
2020-12-28,194.4886016845703,195.72907027360984,189.65961632853933,190.32415596983057,390413
2020-12-29,194.62149047851562,197.9441884506284,192.71648238254136,194.48858796766817,340124
2020-12-30,191.25450134277344,195.64045997707754,190.5013510584587,194.93161503656242,193911
2020-12-31,189.88113403320312,193.0709162747868,187.84320971435875,192.00765552759225,257486
2021-01-01,193.07089233398438,193.77973725091525,190.01401299481802,191.47600817100525,244369
2021-01-04,203.437744140625,206.2731106175482,190.58997753948162,193.07091475673082,1092309
2021-01-05,204.05796813964844,205.29843668562717,199.84921722423707,200.33654898161913,511700
2021-01-06,198.8745574951172,204.94402486512416,191.87474545796331,203.792153467593,334577
2021-01-07,197.6340789794922,202.02003761850702,195.81766804250023,201.13398482193463,207230
2021-01-08,195.28604125976562,198.6973501145863,193.60254626549434,198.6973501145863,815178
2021-01-11,194.0455780029297,199.09607664419266,192.67219335414134,197.58978947330283,288474
2021-01-12,198.34292602539062,200.07072629302198,193.15951170240365,193.9569538197434,323043
2021-01-13,199.14036560058594,203.17190852032266,197.14674681259342,199.27326811174837,440352
2021-01-14,197.27964782714844,200.69095646876045,195.64045828151214,199.22897477669392,197220
2021-01-15,193.3810577392578,199.36191519511115,191.87477041735823,199.36191519511115,185923
2021-01-18,194.4886016845703,202.02005095253773,191.38741669187783,192.0076509863976,846002
2021-01-19,196.52651977539062,203.79215025435326,194.93162198242487,194.93162198242487,526840
2021-01-20,197.23536682128906,200.42514892076812,195.99488473808054,197.0581454379069,301840
2021-01-21,195.8176727294922,199.5390918601517,194.93161991171166,197.5897783650532,293672
2021-01-22,195.02023315429688,200.24793943959412,190.67856617828514,194.48859604863236,247938
2021-01-25,195.1974334716797,196.70372051938617,189.12796641698586,196.70372051938617,324710
2021-01-27,190.05831909179688,195.24173320233734,186.2925948207473,195.24173320233734,434885
2021-01-28,184.87490844726562,191.38740183438952,182.12815292188316,186.15969580343165,573732
2021-01-29,185.40655517578125,190.05833254578295,184.47619699776226,189.17227971340165,422356
2021-02-01,190.9443817138672,192.27346093693356,185.18503841391296,185.40655161775734,169528
2021-02-02,188.90646362304688,194.88732031961203,187.84320291434287,193.15951997795636,273054
2021-02-03,226.65232849121094,226.65232849121094,188.7292626765908,188.90647054785518,8522456
2021-02-04,232.677490234375,251.63901633922254,225.94348298063994,228.33583655768655,11589100
2021-02-05,229.1332550048828,245.4366207978588,224.21565935708048,232.58885544923442,2627938
2021-02-08,233.60781860351562,238.3482065583452,221.73471632425978,237.2406405427395,1536188
2021-02-09,231.12689208984375,238.3482174330301,228.64592787758096,234.75971419481584,720111
2021-02-10,233.91793823242188,237.41785759401904,225.9434630654075,231.614195553914,647764
2021-02-11,238.6779022216797,242.44053028415135,233.01128535981644,234.6886094847335,690621
2021-02-12,221.99539184570312,233.73660560058224,216.69143283048194,231.4699726481666,13949439
2021-02-15,220.63539123535156,226.12066508039493,219.27540324047865,223.31003152503226,1041849
2021-02-16,216.64608764648438,223.67269237845235,211.70480063413217,220.63539411760007,1210476
2021-02-17,218.7313995361328,222.04069807821102,213.1101186672882,217.5980762224741,1461291
2021-02-18,229.83798217773438,231.19797023795763,215.73943651985024,217.59808963572485,4146620
2021-02-19,228.79531860351562,235.45926529469114,221.81403584723145,229.883306229653,1948647
2021-02-22,221.99539184570312,229.9739774680845,220.13673871351796,227.7073306811548,647929
2021-02-23,223.44602966308594,230.29130548678077,221.22471865659256,222.13137733961136,801366
2021-02-24,225.98468017578125,230.65396693046227,222.5847100628056,225.57668652912693,512406
2021-02-25,229.9286346435547,234.50724966823242,226.6646580340591,230.2006211655853,1468668
2021-02-26,220.13673400878906,227.57133254412463,218.86740353452788,226.39267347320848,575155
2021-03-01,223.0380401611328,230.06464508490834,221.27005846334367,222.44871754004106,561101
2021-03-02,224.94203186035156,225.48601878655134,222.58471367661036,224.7606890504376,281246
2021-03-03,224.4886932373047,227.48065579417514,223.99002819965511,227.48065579417514,355943
2021-03-04,220.6807098388672,226.66466246166024,219.95539398660034,223.94468651212034,514329
2021-03-05,223.89935302734375,226.21133537422344,220.7713834213363,221.22471275074355,664361
2021-03-08,236.04861450195312,239.8112428349335,223.71804979024515,225.62203872652123,2593205
2021-03-09,240.355224609375,242.30453526196135,232.5579543300022,239.35789451508995,2243298
2021-03-10,251.37110900878906,252.59510371179846,238.5418947320465,242.71253002758456,3334697
2021-03-12,244.75253295898438,258.12574910233593,242.07787866270272,253.86444204328373,2588836
2021-03-15,237.771240234375,246.61116241658723,232.24061671990344,246.61116241658723,936565
2021-03-16,246.29379272460938,248.8777751589717,234.14457353298522,236.63788457738295,1327696
2021-03-17,233.50994873046875,246.0218560141363,232.10463874318998,242.57653618137462,587330
2021-03-18,243.9818878173828,246.70186420850408,234.32597716270848,235.73128723050888,1610957
2021-03-19,243.9365234375,251.5071294660751,236.81927444889817,240.264566600463,1345043
2021-03-22,244.07254028320312,247.42716097041043,240.85388520215992,245.43252837318602,345872
2021-03-23,239.1312255859375,247.24583179665404,237.54457290432464,245.34184304491322,388848
2021-03-24,236.8192596435547,243.89118632055468,235.73125815369596,239.26722149219594,240324
2021-03-25,230.1553192138672,239.76590707979275,226.66467764433875,238.04323339447336,317571
2021-03-26,239.76589965820312,242.53119757225724,231.96862945478495,231.96862945478495,489849
2021-03-30,237.1819305419922,241.94188889938127,234.5526257450497,241.17122344104584,493071
2021-03-31,235.64060974121094,239.7205742226945,232.60329731563385,237.54459869970924,406841
2021-04-01,243.5285186767578,255.67773904062778,237.04591486963932,239.35788335718348,924294
2021-04-05,245.56851196289062,249.33113999630206,240.08321028155552,249.33113999630206,760696
2021-04-06,244.34449768066406,253.41108386547535,243.02983161625636,247.51780284534803,801970
2021-04-07,244.57119750976562,250.2378146902514,243.89120344810735,244.79786219698508,435099
2021-04-08,244.75253295898438,248.288496439353,243.21120206468166,247.10982349987788,460774
2021-04-09,257.0377197265625,270.68292094073286,243.93649155119635,243.93649155119635,4459121
2021-04-12,244.75253295898438,253.86444204328373,242.66720129792608,253.86444204328373,1107938
2021-04-13,259.03240966796875,265.6510073150322,244.9338498455661,245.11519265878505,1880551
2021-04-15,267.1016540527344,284.0561548556085,257.80840253433985,260.9363583952124,4160979
2021-04-16,277.6189270019531,280.7922327033581,268.0990098977383,269.2776552335053,1784335
2021-04-19,283.01348876953125,293.75739918078165,262.8403340418387,271.0909331946102,4582636
2021-04-20,265.5150146484375,286.41348731001256,258.8963893171695,280.8828635224959,3114114
2021-04-22,258.80572509765625,267.46430421742326,256.0403995882297,266.8749816232919,1489488
2021-04-23,260.9817199707031,267.464324331717,257.5817497461474,258.76039502304866,1186283
2021-04-26,261.0723876953125,266.55766184595996,259.3043921358658,262.7043623124724,715823
2021-04-27,259.30438232421875,264.29100506122296,258.57906644826534,263.2936749800167,508795
2021-04-28,260.25640869140625,261.9790826208911,258.71510526638286,261.9790826208911,664647
2021-04-29,254.2270965576172,264.6990212516015,245.70451022387866,264.6990212516015,722714
2021-04-30,254.27244567871094,258.9417324902331,252.05112077691473,254.4991103556686,622479
2021-05-03,253.77378845214844,256.67510763249743,249.37648780997554,254.63512536572932,582245
2021-05-04,247.29115295410156,257.3550697538667,245.4778356088836,255.6777456757347,593676
2021-05-05,244.66184997558594,250.4644599853321,243.2565124222158,248.96847869931563,708155
2021-05-06,243.1205291748047,246.52049935998943,239.72055898961995,246.52049935998943,705528
2021-05-07,242.44053649902344,246.611172150073,239.3579023809532,245.88585624077237,948303
2021-05-10,250.691162109375,256.493772986057,241.62457396798712,241.62457396798712,1017398
2021-05-11,249.10446166992188,255.9497233433776,247.56313091227014,250.6911142920233,630924
2021-05-12,243.43783569335938,252.86707966127113,242.07784778445793,249.33111663193233,667205
2021-05-14,251.05377197265625,256.44840195021044,242.12317883163314,245.70449152853394,1314182
2021-05-17,254.2270965576172,261.9790451236619,252.0511211890711,253.77376720296058,2199482
2021-05-18,254.63510131835938,259.03240154525764,252.27778316557632,256.5844119887083,844032
2021-05-19,251.46180725097656,255.67776486115793,251.14447115794593,253.81912551045258,324990
2021-05-20,248.60581970214844,256.17639750164017,245.11517827030158,253.63776427976626,929741
2021-05-21,252.6404571533203,259.30440455237067,249.33115822343336,249.4671515032039,1283793
2021-05-24,253.27508544921875,257.21905589310796,251.64308336776907,253.8190861430353,556818
2021-05-25,258.6243896484375,264.38167782647633,253.2751089458686,254.77109024087972,2354120
2021-05-26,255.1791229248047,263.38437375915606,254.04579945768268,260.48305461571175,885406
2021-05-27,264.9709777832031,267.0109596480866,256.1310563687079,256.53906380929453,1821000
2021-05-28,260.0296936035156,269.050958372234,258.397719076956,267.3736343110871,1070458
2021-05-31,261.70703125,267.4189977275227,258.48840389536105,261.0723867540717,879352
2021-06-01,259.9390563964844,264.0643423510094,256.90174426396345,262.70435432173383,508815
2021-06-02,261.8883972167969,263.8377080829161,258.8964066061909,260.02973009451955,434313
2021-06-03,259.30438232421875,263.6563329179934,257.94439430503576,261.9336869608337,546614
2021-06-04,265.9229736328125,268.3709630798678,259.30437648933173,260.75503587762284,1213823
2021-06-07,270.5923156738281,279.0695528720546,267.78166800807634,268.2349973841966,1809441
2021-06-08,268.2803039550781,274.40025018370255,267.4643166584004,272.6322823190721,677050
2021-06-09,269.0056457519531,275.26158521080674,266.55765620895374,269.2776322927186,1554001
2021-06-10,273.5389099121094,274.717555021158,270.2295838962718,271.0002492378918,840602
2021-06-11,271.9769287109375,278.27099500041504,270.1392467601879,277.4899745631862,611723
2021-06-14,270.0932922363281,274.7334275386378,262.8344267349425,274.1821173936112,1082114
2021-06-15,270.6905212402344,273.63079514903023,269.4500804789747,270.368921333123,464335
2021-06-16,271.4715270996094,278.3628331382781,267.6123845016365,270.6905068070677,1452078
2021-06-17,271.7471923828125,276.5711070404956,268.80689032752434,270.185151658291,1058449
2021-06-18,273.35516357421875,275.65226578912814,262.23718324589754,272.8957431312368,795556
2021-06-21,271.7931213378906,278.3628560685773,266.96920671344975,267.9799372905399,1515850
2021-06-22,268.8988037109375,275.3766493606347,267.8421422057645,274.2740289825753,354939
2021-06-23,267.2449035644531,271.93099815173355,266.5557728322296,271.0580880079298,381775
2021-06-24,262.8344421386719,269.1744671168443,261.9156011900441,268.6231569395075,405528
2021-06-25,260.62921142578125,264.3964646624943,260.0319704586825,264.35053383456307,308502
2021-06-28,262.42095947265625,266.4638537139497,260.85891876904833,261.59400829342775,374266
2021-06-29,265.223388671875,268.76093132482237,262.8343970074952,263.2478865796978,875469
2021-06-30,262.51287841796875,267.75025516383937,261.9615682234557,266.46388340384317,263792
2021-07-01,264.3504943847656,267.84207801043647,262.88034357998004,263.7072946449237,269381
2021-07-02,262.6965637207031,265.958465194069,261.91554347830316,264.99366558611814,210892
2021-07-05,267.06109619140625,271.0580596279785,261.45616121466804,265.0396630796766,699727
2021-07-06,268.53125,274.73342600513257,267.1070578373631,268.7150293942493,1478315
2021-07-07,272.666015625,279.7411012147391,266.60166055390886,269.90949314184917,1958840
2021-07-08,273.7686462402344,277.9034301221193,269.2663035806547,276.57109965497057,791380
2021-07-09,272.6201171875,276.3873425960525,269.7717046750236,274.18212995570957,389066
2021-07-12,269.3581848144531,280.24645430290576,267.0610827300031,275.3766091001904,1266728
2021-07-13,271.7931213378906,273.4470517478922,269.58790883202016,271.5174802899562,407089
2021-07-14,268.3015441894531,271.9769078084867,267.566482681966,271.7931284112154,535142
2021-07-15,265.7746887207031,270.82831287961017,264.53424809172157,269.67976193440404,386990
2021-07-16,265.72882080078125,269.17447445203203,264.7640209539503,266.46388236339425,323591
2021-07-19,265.8206481933594,267.3826888635203,264.626166297917,264.626166297917,377544
2021-07-20,258.8374938964844,267.3367722592516,255.48370216394238,265.82066233487546,611946
2021-07-22,260.9967346191406,265.03965682884626,258.24021204386736,261.4102242217507,447833
2021-07-23,267.3826904296875,269.54197206021735,260.44545314860403,262.09935548133456,852780
2021-07-26,263.1560363769531,269.12850241362645,262.1453057472023,268.02591012364354,398871
2021-07-27,260.26171875,267.015205850879,258.6537469660194,264.44243417202847,379455
2021-07-28,258.8374938964844,261.410237211597,254.74864065699566,261.18052698557625,331822
2021-07-29,260.26171875,264.074903372422,258.37810587651524,260.813028969811,352322
2021-07-30,262.0534362792969,264.5802487579897,260.49139553069443,261.41023643203727,213351
2021-08-02,265.6828308105469,266.3719614600853,262.8803773854099,266.0963204165891,390055
2021-08-03,262.6506652832031,269.03659243193266,260.95080408505294,267.75022083685604,440865
2021-08-04,256.40252685546875,266.05035573829895,255.43775518350463,264.35052260586673,606349
2021-08-05,250.33822631835938,258.83750504727794,249.09778543624904,258.83750504727794,704469
2021-08-06,247.0303497314453,248.86803129457186,245.05484765924334,248.087011022084,558834
2021-08-09,243.30905151367188,249.83282730832295,240.0012468094978,248.54645569661102,496206
2021-08-10,232.1451416015625,243.4928320228631,230.62905976505147,243.4928320228631,752815
2021-08-11,236.78530883789062,238.02572160815865,219.51108326181836,233.84500677023618,1137784
2021-08-12,239.1283416748047,249.14370176983562,232.74240029198774,237.06094967185248,1646431
2021-08-13,240.64442443847656,244.87109815742107,239.35805279552793,240.69038330763826,350890
2021-08-16,232.28297424316406,241.19572785901747,231.9154294837109,240.64441773003728,364739
2021-08-17,234.16659545898438,236.6474489213305,232.6504996492413,233.33963028447033,372460
2021-08-18,227.0915069580078,237.52035605241443,225.1160047692129,234.7638335450363,696902
2021-08-20,224.65660095214844,231.04254242871244,222.31355384365963,223.82964974698746,632501
2021-08-23,225.6213836669922,231.31819438907831,220.5677587647482,228.24007179500632,800806
2021-08-24,225.6213836669922,230.16964327493193,224.65659792702937,226.9537001553221,453541
2021-08-25,229.1588897705078,233.3855630560602,226.03483666059373,226.4023673722079,857696
2021-08-26,229.02108764648438,236.41774545946984,226.95369568177188,230.583114326854,774009
2021-08-27,227.91847229003906,230.39933974442374,226.95368660766763,228.92918879791506,200325
2021-08-30,229.84805297851562,233.56936154824038,228.79139151741845,228.79139151741845,449296
2021-08-31,225.89703369140625,234.30442205095747,225.57543377847082,230.53716887256678,667741
2021-09-01,226.1267547607422,230.0318286489928,224.84036906766687,226.76994059708,460434
2021-09-02,229.4805145263672,230.99659640156477,226.95370205410487,227.22935712788612,531221
2021-09-03,225.20790100097656,230.6290564814242,223.55398464444036,230.26152574459343,855156
2021-09-06,224.9781951904297,227.73471783182978,224.28906453007968,226.9536974752734,398198
2021-09-07,234.30441284179688,236.73933544552284,225.48353522076985,226.9077413185938,1441857
2021-09-08,230.99658203125,239.26614960783982,229.7102104608288,235.22325551188868,704840
2021-09-09,232.32891845703125,236.6474537005363,230.67500209500022,233.3855798442294,866679
2021-09-13,238.1175994873047,239.58775044816622,229.71021135969914,232.92615431873494,854175
2021-09-14,241.0579071044922,243.49282979427537,239.266156197234,240.73630719283074,700919
2021-09-15,239.7715301513672,243.30904497835738,238.9905098235496,242.573983517351,446505
2021-09-16,234.99356079101562,240.9200958278711,233.79906481380445,240.9200958278711,689203
2021-09-17,238.16357421875,241.83893784533072,231.54790847458506,235.45298232782707,1138513
2021-09-20,234.80979919433594,240.27689984759124,233.98283395661682,237.97979755459323,744580
2021-09-21,235.9583282470703,237.52036896918318,229.75616628858376,234.30442586902018,349991
2021-09-22,236.18804931640625,238.89864127021514,234.6260365633501,235.95833908441566,368739
2021-09-23,238.80674743652344,242.9874904108811,237.15284501113317,237.97979622382832,628336
2021-09-24,236.41773986816406,241.6551439378898,235.68267840330316,241.6551439378898,470152
2021-09-27,236.0502166748047,238.34731887685766,234.58007967773028,238.34731887685766,287759
2021-09-28,235.59078979492188,238.89862248362388,233.7531080835094,237.01500994574513,359963
2021-09-29,235.6826934814453,236.9690651476481,233.47748090498345,235.22327302631578,245801
2021-09-30,231.91543579101562,237.56630167495146,231.50196019323485,236.87717100518373,461390
2021-10-01,232.88021850585938,237.29065753912727,230.16964071075074,233.8450042350741,815745
2021-10-04,235.03948974609375,236.69340606266613,233.66122848568318,235.03948974609375,357176
2021-10-05,234.53414916992188,237.0609617466791,232.97212238109742,234.80980425510268,394985
2021-10-06,233.4315185546875,242.84962315835398,232.42078802101864,234.53412476025443,1200601
2021-10-07,232.51268005371094,236.0042780901503,231.77760456913444,234.39630660156362,618911
2021-10-08,232.42080688476562,234.44225409576956,231.54791081869573,233.15588242160334,410757
2021-10-11,238.5770263671875,240.92008741095052,232.46674018780212,233.6612361232817,879373
2021-10-12,237.8419647216797,241.8389281128944,236.18803433179878,239.81746698330593,672672
2021-10-13,238.0257110595703,239.58775172143652,236.23398822592105,239.44993120204774,457632
2021-10-14,238.48513793945312,248.0870363015163,237.97978667441748,239.12833776840597,1865886
2021-10-18,234.48818969726562,243.26312290255177,233.3855834456965,242.29835119517827,968557
2021-10-19,229.8021240234375,235.95834147877494,228.19415238318666,235.95834147877494,662167
2021-10-20,222.5432586669922,230.62906122724638,221.44065241341187,229.80211004216096,944534
2021-10-21,219.32733154296875,224.93226693544807,216.5708086982216,223.14052989044245,1222704
2021-10-22,216.15731811523438,221.57847372654282,212.0684789825967,220.98123275967637,554615
2021-10-25,210.46051025390625,216.11137616208106,209.49572450801315,215.92761078676793,521127
2021-10-26,216.34109497070312,218.22472168830322,210.91993907165897,212.4819658544005,359835
2021-10-27,216.20326232910156,218.27065431350997,215.65195219176633,217.67339932799692,282487
2021-10-28,212.61978149414062,215.65195930875467,211.70094058185757,215.65195930875467,209299
2021-10-29,212.52789306640625,214.457450454214,209.40382573980503,211.33339714801164,305740
2021-11-01,216.20326232910156,217.03021351470525,213.21702946273388,213.26297431091166,200282
2021-11-02,203.29354858398438,217.35181712065165,201.22615656448622,211.24151673967302,2742324
2021-11-03,205.0852813720703,209.40383069893988,203.98267512143966,204.85557115233897,826352
2021-11-04,208.76065063476562,209.49572616222176,204.9015216411204,205.08528701788455,173033
2021-11-08,204.67181396484375,211.79283106126368,204.2583383568735,211.74688621140038,639680
2021-11-09,203.8448486328125,206.27977128255395,203.61513841980297,205.63658549020704,509214
2021-11-10,202.23687744140625,205.63658579490493,202.14498774790678,203.98266945470596,606677
2021-11-11,199.89382934570312,203.8907786234481,198.65338859237616,203.8907786234481,609746
2021-11-12,195.29965209960938,201.96124917038136,194.42675597717454,201.18022873323406,805318
2021-11-15,191.21078491210938,197.32107090592623,190.75136449090814,196.26440954532285,978970
2021-11-16,189.78659057617188,192.4052787272363,189.32717012646938,191.21079677432942,775267
2021-11-17,185.0086212158203,190.06224617654607,183.53847016454029,189.60282572557102,803539
2021-11-18,183.95193481445312,185.97338187431333,182.9871491207657,185.00861020102457,589401
2021-11-22,174.4419403076172,185.78961634909567,172.7420791335162,185.60585098388444,1080959
2021-11-23,174.9473114013672,178.62267520408835,171.04223736097595,174.57978062925517,1507910
2021-11-24,180.46034240722656,182.84933429257563,175.6364278090556,176.78497890385822,879034
2021-11-25,182.71151733398438,183.58441337898438,178.25513339104842,181.7926764402161,797996
2021-11-26,177.47412109375,181.47108477156215,176.0958596904217,181.47108477156215,606863
2021-11-29,169.1586151123047,178.2551344041505,167.27498846529434,175.59050140523794,779373
2021-11-30,168.1478729248047,172.8339667948029,166.76961167132268,170.85845058590627,622039
2021-12-01,165.75889587402344,170.62875553983048,165.06976518604318,168.14788786718154,690799
2021-12-02,167.73440551757812,169.2504873620466,166.31019934890818,166.31019934890818,754213
2021-12-03,166.40208435058594,170.67468871565825,164.8859885284902,168.882951853544,1110904
2021-12-06,167.04527282714844,169.0207750877985,166.3101973276976,167.73440347905878,542991
2021-12-07,167.7803497314453,169.0207765030308,167.27498444506645,168.1478804740486,437718
2021-12-08,167.9181671142578,169.25048355677544,166.95338140746958,168.97482849477896,606160
2021-12-09,172.09890747070312,173.43122400333755,168.5154194631625,169.57209493555516,1312054
2021-12-10,184.411376953125,185.83558323814015,172.74209962309195,174.76354692098423,3894831
2021-12-13,186.75440979003906,188.82180178033468,181.10354395805734,186.06527912660718,1825872
2021-12-14,185.8355712890625,187.81107360807943,181.79267695323279,185.60586106497217,978246
2021-12-15,186.89224243164062,190.65949591080945,184.1357195991952,186.5247116621413,1105152
2021-12-16,186.06527709960938,190.10817133954,183.1709339528862,188.3164344382162,704683
2021-12-17,184.96266174316406,186.80034340177394,181.56295347881547,186.80034340177394,753706
2021-12-20,178.53076171875,184.59510229692248,176.6011905227331,183.76815122457083,793841
2021-12-21,181.88455200195312,182.84933774387758,179.3577395456935,181.6548417786568,423548
2021-12-22,182.1142578125,186.7544070147318,181.1035412667261,182.0223821376473,483023
2021-12-23,182.52772521972656,185.10048234707872,181.9304842885548,184.31947605403863,265769
2021-12-24,182.20616149902344,188.13268276747183,180.55224500028433,183.40065752702392,1065829
2021-12-27,181.97642517089844,183.12497618305963,179.1739578971455,182.20613537333065,333422
2021-12-28,183.72222900390625,186.06527602459204,182.80338813464903,183.76817385144892,470182
2021-12-29,183.7681884765625,185.60587036132813,182.84934753417969,184.54920888574796,292908
2021-12-30,181.83860778808594,184.595130477266,180.91976689169257,183.76817927867174,278152
2021-12-31,181.9304962158203,183.35470239936745,181.47107577083088,182.7115165804621,236973
2022-01-03,182.20616149902344,184.73297408808594,181.60890647482316,181.93050641250022,525846
2022-01-04,181.9304962158203,184.68701888575697,181.51702061940966,183.21686785363102,473299
2022-01-05,178.16323852539062,182.6655671864923,176.96875661446063,182.5277326441857,829000
2022-01-06,178.3929443359375,180.82788098588904,176.32555243599302,177.10657276190926,575108
2022-01-07,177.61195373535156,179.81716634879044,176.46340257826884,179.81716634879044,494440
2022-01-10,178.07138061523438,179.8171728287522,176.69311917706756,179.17398696168777,590800
2022-01-11,178.2091827392578,179.26585814492248,177.79570715460596,179.08207875583372,373625
2022-01-12,177.93353271484375,183.35470237730652,177.56600196705614,179.0820838271792,837771
2022-01-13,177.33628845214844,180.2765764410576,177.15252308166643,178.39294984771922,489870
2022-01-14,178.57672119140625,180.8738232699147,177.06062540735164,177.7038111852543,1000750
2022-01-17,178.25511169433594,180.82786868781824,177.79569130337114,180.09279325819506,979119
2022-01-18,177.24441528320312,179.21993175618172,176.8768845079701,177.15253959959506,386523
2022-01-19,176.41744995117188,177.2444011396583,174.71758870546182,176.87687039375305,508275
2022-01-20,173.5231170654297,176.64717065215828,173.20151712838407,176.64717065215828,696976
2022-01-21,170.536865234375,173.01773269425425,169.9855551231136,172.74207763862356,586900
2022-01-24,165.48324584960938,170.90440135985375,164.24280507028956,169.98556049232764,701424
2022-01-25,168.0559844970703,169.89366618220131,162.6348291340933,165.80482723686455,537451
2022-01-27,168.28570556640625,170.2612219176321,167.45875436289742,168.05599534094273,446792
2022-01-28,165.5291748046875,170.6746892128023,165.02382354958237,167.82627694752466,611751
2022-01-31,167.6425018310547,168.74510799141555,166.35613031403335,168.05597738864026,329044
2022-02-01,169.38832092285156,170.90440275851748,168.33164550430945,169.0667210084259,459740
2022-02-02,172.28265380859375,174.48786616918446,170.2612068079859,170.2612068079859,523940
2022-02-03,165.2535400390625,170.7206405425382,164.3806299753182,170.07745472219978,1904090
2022-02-04,165.43731689453125,167.04528856716823,165.02384126850467,166.31021299845412,455569
2022-02-07,163.46177673339844,166.76960930293836,162.8185909616541,166.126423531194,506863
2022-02-08,164.6103515625,165.57513736981306,162.86455935528613,165.2076065957892,345855
2022-02-09,164.42657470703125,166.03454626693315,163.55367866430723,165.25353992150613,381786
2022-02-10,164.42657470703125,166.49423957628187,162.02995696135014,166.25927733339074,657673
2022-02-11,162.40589904785156,164.4265685243524,161.7480076606855,164.00363937124254,417316
2022-02-14,157.61265563964844,161.32505587882736,156.95476428628035,161.32505587882736,568706
2022-02-15,162.73484802246094,164.9904942188416,152.5844903320996,156.10892406929662,849091
2022-02-16,157.56568908691406,164.47358541054015,156.57885904721766,164.47358541054015,1224748
2022-02-17,160.57321166992188,162.5468860179981,157.4717070189929,158.8344852371556,643709
2022-02-18,162.4998779296875,163.48672219666068,159.77432170753005,161.60702429421914,580530
2022-02-21,156.90777587890625,161.6070205254201,155.16906396427007,161.6070205254201,279449
2022-02-22,153.71231079101562,154.84012675197343,152.39651355243313,154.51117385708832,382453
2022-02-23,156.01492309570312,157.51868712698413,153.28936692258253,153.28936692258253,391943
2022-02-24,145.44163513183594,154.60516303190315,144.03186160874867,152.25554049342438,788314
2022-02-25,151.2216796875,151.6916041294636,142.95102098170557,147.3683078679721,448887
2022-02-28,152.49049377441406,154.08823413837368,147.18035288629494,147.55628673394764,448309
2022-03-02,152.7254638671875,154.04124674258324,148.4961433293269,151.78561485877404,332444
2022-03-03,154.6991424560547,155.82695832458023,153.5713122465723,154.41718490368407,334775
2022-03-04,152.49049377441406,154.4171870107876,151.87959768673912,154.18222477076537,237104
2022-03-07,149.06004333496094,151.73860413237927,147.79124156605582,151.73860413237927,303235
2022-03-08,150.89276123046875,152.06757249146435,148.919072575613,149.4359923986426,375480
2022-03-09,152.02056884765625,154.18222431769993,150.89275296705515,150.89275296705515,437126
2022-03-10,154.0882568359375,155.63901645308886,152.34954460823096,154.88713430607234,486603
2022-03-11,153.9002685546875,156.90778238496935,152.63146671113623,154.41718835542903,454414
2022-03-14,151.08071899414062,154.60515256321077,149.95290312022956,153.90026584939673,468485
2022-03-15,148.82510375976562,152.0675801348999,148.2611885897603,150.5638159088581,489160
2022-03-16,151.50364685058594,151.87959503262596,149.43598204271458,150.09387343508863,438009
2022-03-17,151.17471313476562,154.98109000494946,150.37583577085007,152.39650532763798,1139001
2022-03-21,150.14088439941406,152.20854942279493,149.43599761819615,151.83261554252869,583558
2022-03-22,150.56381225585938,151.50366128909315,148.44915193108338,150.37584531740424,578502
2022-03-23,149.06004333496094,151.59763253181484,148.96605270728043,151.31567498972964,385631
2022-03-24,148.5431365966797,150.23486765665405,147.88524516806675,148.73110352757516,481821
2022-03-25,147.60328674316406,149.43598940541636,147.18035756586855,149.20102715792356,427230
2022-03-28,143.84388732910156,148.02621236585003,143.42095816196198,147.60328319871044,802995
2022-03-29,141.16531372070312,146.1465161755866,140.97734679317034,144.7367427076549,1170339
2022-03-30,140.69540405273438,143.79690887709884,140.03751256658646,141.91721072184265,962262
2022-03-31,153.4773406982422,157.8476327016617,140.41343132307563,140.9773464452395,6289277
2022-04-01,157.65966796875,161.18410167893072,152.3965078918305,153.43034751653317,2695887
2022-04-04,158.17657470703125,160.6671685866495,156.4378484840067,159.6803243611749,1234435
2022-04-05,166.4002685546875,168.98485330836084,157.4247077237395,159.11643879433538,2526995
2022-04-06,170.9115447998047,172.83822375915312,165.83635164234332,166.82319595137392,2016428
2022-04-07,168.32696533203125,174.24800268926256,166.4942482690275,172.18033771205813,1153626
2022-04-08,168.70289611816406,171.8513960160839,167.71605179635654,170.53559880668797,563663
2022-04-11,168.93785095214844,172.46228456032955,168.2799595468127,169.54874704118367,508189
2022-04-12,164.84951782226562,169.68974903987967,162.9228387403275,169.17282919359644,534047
2022-04-13,166.54124450683594,168.23297562150074,165.7893624179896,166.58823982631847,275134
2022-04-18,162.45289611816406,164.89649477417794,161.4660518562737,164.47356561649832,338912
2022-04-19,158.2235870361328,165.8833507538213,155.73297854771886,163.72169515625984,385986
2022-04-20,162.87582397460938,165.64837547608875,159.06943290398877,159.1164282191237,568189
2022-04-21,162.78182983398438,166.49423019427803,161.23108485467068,163.6277024653016,494477
2022-04-22,162.78182983398438,164.75551829943487,159.77431616264354,163.25175429328627,270191
2022-04-25,157.84764099121094,162.5938814389797,156.48486277219723,162.5938814389797,357312
2022-04-26,158.55252075195312,161.04312916443143,157.89462933126433,157.89462933126433,175280
2022-04-27,160.29124450683594,161.88898488570223,155.77996658812856,157.61266920920923,323154
2022-04-28,158.0825958251953,161.0901096979006,157.70666196896616,160.4322182790209,212631
2022-04-29,157.51870727539062,161.5600467370972,155.16908463906893,158.88148553626553,289906
2022-05-02,156.5318603515625,157.80064794994493,155.169082112874,156.01494051179563,170188
2022-05-04,156.29689025878906,163.43973399437417,153.1953857165809,157.23673925091532,743427
2022-05-05,153.66531372070312,159.3044078021968,153.195389213912,157.42470977503226,316774
2022-05-06,152.0675506591797,154.13521531348653,150.61078203650132,153.1953664396238,342664
2022-05-09,142.90403747558594,149.38898957406678,141.91719319774137,144.31381091794762,1228821
2022-05-10,142.8570556640625,145.5826121739014,141.49427740914305,143.74990939377122,492507
2022-05-11,137.49990844726562,144.1728275912314,136.3250972239311,143.51493617435554,535976
2022-05-12,133.2235870361328,137.2179450248705,131.7668183132254,136.27809608634396,532827
2022-05-13,139.4735870361328,143.89088884603396,133.5525497591224,134.06945524070176,730644
2022-05-16,138.11080932617188,141.35328554658565,136.46607355658946,140.9773516784928,337061
2022-05-17,139.8965301513672,141.91719977603358,136.65403961087046,139.0976527606157,401100
2022-05-18,137.17095947265625,141.72923288531965,136.70103496994693,140.97735081279322,424269
2022-05-19,138.6747283935547,139.00366695220495,134.58637934280117,136.2781104790081,279987
2022-05-20,140.3194580078125,140.97734943699362,138.53373631036936,139.37960901156586,269843
2022-05-23,136.88900756835938,141.0713472883358,136.23111610552928,140.037507603204,317828
2022-05-24,136.0431365966797,137.781862904419,135.38524519462806,137.59388164015542,186067
2022-05-25,130.7799835205078,136.3720965820523,130.35705433576655,136.04314369338815,453264
2022-05-26,129.74615478515625,132.28374416742335,126.69164559478946,131.48486679663677,406078
2022-05-27,129.27622985839844,131.9547908424979,128.4303571731902,130.45104108150102,427776
2022-05-30,128.80628967285156,130.87395430535548,128.05440771349862,129.98110075279192,530281
2022-05-31,128.05442810058594,133.97547975434588,126.50368296455831,128.1484187383273,3103112
2022-06-01,132.84767150878906,133.36457702346337,128.7593223262792,128.7593223262792,803850
2022-06-02,134.39840698242188,135.19728436870045,132.28374673269846,132.84766186900777,464625
2022-06-03,132.0957794189453,136.09013765687277,131.57885960231613,135.15028865971337,411633
2022-06-06,131.48486328125,132.23674531466017,129.74615131625578,131.86081146843355,190138
2022-06-07,130.07508850097656,131.43788094660454,129.6991546586386,131.1089280788412,165514
2022-06-08,128.90028381347656,131.29690161679125,128.33638302155154,130.7330008248662,345682
2022-06-09,128.85330200195312,129.27623117839698,128.1014199432988,129.04126893137735,193731
2022-06-10,130.31005859375,131.5318651664433,128.14841735855146,128.71231815605458,335897
2022-06-13,127.02058410644531,129.55818782912343,126.92660781287482,129.1352443147055,294646
2022-06-14,124.20103454589844,127.34953430381469,123.63713377348161,125.84577022878904,438756
2022-06-15,123.21420288085938,125.09390077780029,122.83825469689708,124.76494790945289,400707
2022-06-16,122.93225860595703,125.65781511452413,121.80444261416922,125.65781511452413,426543
2022-06-17,123.73111724853516,124.811952221759,121.42849002699602,122.18037210816088,429517
2022-06-20,122.32134246826172,127.20856877517431,121.2875171656131,123.77811129663152,400325
2022-06-21,124.29503631591797,125.09391374128829,122.55630984468057,122.65030048565062,210076
2022-06-22,122.6032943725586,124.90592146404397,122.18036520733999,124.90592146404397,189902
2022-06-23,124.67096710205078,125.0939106349551,122.27436356736895,123.21421258989767,205909
2022-06-24,127.25554656982422,128.7593106791018,125.18788167528558,125.28187230997446,218240
2022-06-27,129.04127502441406,131.48487390422503,127.91345905365837,128.7593174464856,239415
2022-06-28,129.60516357421875,130.26306930744408,127.81945631792458,128.6653146307046,177191
2022-06-29,132.61268615722656,133.74050197440042,128.66530928568383,129.22922436474886,383498
2022-06-30,130.02810668945312,134.86832299794438,129.69915382380714,132.04877617568772,317873
2022-07-01,128.99427795410156,131.0149476100777,128.28939118932504,130.26307986708247,177590
2022-07-04,133.27059936523438,136.74803801353815,128.7593210161837,128.7593210161837,2077046
2022-07-05,132.65966796875,137.68786537585487,131.62584277186684,134.16343196179713,739706
2022-07-06,133.6935272216797,135.33826305744728,130.92097539529172,133.36457431814281,988892
2022-07-07,136.09011840820312,136.65401912216575,134.21042067974992,136.27808531285734,539424
2022-07-08,134.9623260498047,137.26495329838107,133.45856186981788,136.84202410430916,945134
2022-07-11,138.39276123046875,139.5675724463471,133.74051168378196,134.77433694918057,429273
2022-07-12,144.97171020507812,145.7235922834095,138.39276711635497,138.53373873187306,1800768
2022-07-13,155.0750732421875,156.01492217092803,145.3476310933404,146.05251778989577,2617691
2022-07-14,153.9942626953125,155.07508329706053,146.4284754602038,153.52433820047293,2827773
2022-07-15,152.96041870117188,157.095748401257,151.78560749762985,155.59199866529744,762437
2022-07-18,151.92657470703125,154.65214522491115,150.7987588524753,153.1953765065046,498994
2022-07-19,150.56381225585938,152.53750096203356,148.82510014895178,152.53750096203356,611202
2022-07-20,150.56381225585938,153.05442079850377,149.95291612064068,152.2085480640185,955488
2022-07-21,151.87960815429688,152.96042879650648,149.9999101045702,151.31569300299566,422087
2022-07-22,153.1324005126953,155.73441037145986,152.36144987818514,152.93966285406776,549053
2022-07-25,149.7594451904297,153.90337116624,149.2775936747527,153.56608392823085,387176
2022-07-26,150.9640655517578,152.69873385234195,148.74756046733745,151.2531793860119,387786
2022-07-27,152.6505584716797,154.7225288688894,151.78323160164695,151.78323160164695,534817
2022-07-28,150.9640655517578,153.61424874002955,150.3376644983243,153.2287734309844,301720
2022-07-29,156.74630737304688,158.72190171995487,149.90402400965732,151.59050447812513,1321181
2022-08-01,159.926513671875,167.58794976115047,151.9759637348089,159.01099874132228,3664413
2022-08-02,156.60174560546875,163.01036500519285,156.16808217401115,159.01100323016828,1169828
2022-08-03,157.32452392578125,157.90275164148207,154.81889009766655,157.46907350223563,387367
2022-08-04,156.4571990966797,159.44466978689957,155.15619407186435,157.99911518374554,678293
2022-08-05,155.58984375,157.70998737277884,154.86706651235218,156.5053586433658,272880
2022-08-08,155.39710998535156,156.50536256218547,154.67433272960574,156.0235110583549,169875
2022-08-10,159.73377990722656,161.46844833137027,155.63804196088742,156.21626967058248,822123
2022-08-11,157.03541564941406,160.89022801125273,156.40901452259214,160.16745069340797,266465
2022-08-12,158.72189331054688,159.49285871055912,155.2525710679047,155.2525710679047,465425
2022-08-16,157.08358764648438,159.05918172044977,156.64992424120922,158.72187979137982,260036
2022-08-17,159.05918884277344,161.4202583371646,157.27633234632674,157.27633234632674,634305
2022-08-18,159.4446563720703,161.90210193166405,157.661814667811,159.25191871552073,368923
2022-08-19,159.01100158691406,162.8176256536125,157.90274897298184,161.37207109373148,579708
2022-08-22,152.7951202392578,158.5291503977631,151.83141719732612,158.5291503977631,467537
2022-08-23,153.4215087890625,154.77070176040647,151.39774138945688,151.39774138945688,307618
2022-08-24,155.4453125,155.92716404854002,153.46971820999744,153.903381662695,288813
2022-08-25,155.39710998535156,159.83014970256897,154.52978316043294,156.21626342383985,484666
2022-08-26,155.4453125,158.04730792112767,154.38523321123503,158.04730792112767,404694
2022-08-29,153.08424377441406,154.57797181992368,151.831426799682,152.3614664472543,379408
2022-08-30,155.3489227294922,156.31262574233637,153.2287790422232,153.90336821022592,347567
2022-09-01,158.09548950195312,158.625529124493,153.99975150814575,154.67434070731392,354266
2022-09-02,155.63804626464844,159.39648236677155,155.30074430717553,158.96281892497916,242798
2022-09-05,155.87896728515625,157.99911103985477,154.77071466711473,156.40900690006626,335712
2022-09-06,154.9634552001953,157.27633666537096,154.09611362204814,156.69812365154792,325292
2022-09-07,155.4453125,156.4572036929225,154.33704511539258,154.9152728556175,207567
2022-09-08,156.31263732910156,156.9872265471086,155.1561965689549,156.45720161470868,190539
2022-09-09,155.39710998535156,157.6618179353315,154.96344657289225,156.93904067958567,288009
2022-09-12,157.61363220214844,157.85455795766842,156.11988957693643,156.89085493558855,383175
2022-09-13,162.3839569091797,164.35955101731219,157.70999143664235,158.48095678432102,1321997
2022-09-14,159.6855926513672,161.51663727170978,157.85456273596617,158.33641426159187,453053
2022-09-15,157.7100067138672,161.37208144137693,157.08360557972864,160.84204179444458,318091
2022-09-16,153.66244506835938,158.33641064205952,152.40962818938334,157.61363337014348,639196
2022-09-19,157.27633666992188,158.19185163720783,152.45782136321506,154.19248981461786,579908
2022-09-20,155.975341796875,159.01100046931262,155.6380398532969,158.04729743616528,269069
2022-09-21,155.3007354736328,159.25192372953413,154.24067097676394,156.6499285218401,330023
2022-09-22,155.4453125,156.11990172696758,153.51790630583992,154.19249553280747,255263
2022-09-23,153.6142578125,156.26444115729177,153.22878248068864,156.21626776952135,292069
2022-09-26,149.61489868164062,153.18059702968336,148.362081774236,153.18059702968336,314240
2022-09-27,149.6630859375,151.8314177903149,149.0848582281061,149.61489784422693,159663
2022-09-28,150.86770629882812,154.19247867936377,147.63929539450268,150.33766671237967,197001
2022-09-29,148.7957305908203,153.18058198356496,147.92840381200932,152.1686909383254,182357
2022-09-30,150.33767700195312,150.8677166246791,147.54294401658578,148.41027088654346,138194
2022-10-03,148.74757385253906,151.34956918508823,148.0247965543342,151.10864341901996,143278
2022-10-04,150.72315979003906,151.3013875352079,149.95220906973714,150.1931348460671,77211
2022-10-06,152.93966674804688,155.3971123967039,151.01226070281643,151.49411221412404,359288
2022-10-07,152.3614501953125,154.0479304454601,151.78322251328558,153.71062851345428,171312
2022-10-10,149.61489868164062,152.31327016567946,149.03667096901032,152.26508207213666,166912
2022-10-11,151.30137634277344,151.8314159524784,148.55481681381025,150.33767330874304,290882
2022-10-12,149.7594451904297,151.87960362336142,149.4703460449765,151.30137592257253,133849
2022-10-13,147.15745544433594,150.33767850760046,146.0010147044966,149.85582697392226,187625
2022-10-14,146.77197265625,149.13304211054998,146.09738348429875,147.92841333744377,144789
2022-10-17,146.8683319091797,148.12114875521053,145.4227774033612,147.2538219336958,180324
2022-10-18,146.3383026123047,148.50663430570765,146.00100068913252,147.59110471565185,154011
2022-10-19,145.61553955078125,147.3501933103476,144.55546029332015,146.38649024172548,245644
2022-10-20,141.95346069335938,146.38648585315696,140.26698037383017,146.38648585315696,958269
2022-10-21,144.89276123046875,146.0973900577758,142.57986505907417,142.67624124723542,376914
2022-10-24,147.06109619140625,147.30202196190007,145.32642770286233,145.95282882416944,79147
2022-10-25,149.2294158935547,149.61489121277066,144.94092576633741,147.06108413684785,207336
2022-10-27,148.02479553222656,150.6749789406783,147.4465678156786,150.33767698853504,154474
2022-10-28,147.2538299560547,148.940310304722,146.96471609815197,148.217533012436,125470
2022-10-31,153.6142578125,156.0717034913861,147.2538266079645,147.9766038838168,863320
2022-11-01,152.0723419189453,153.5660845647234,151.0122626980857,153.5660845647234,170821
2022-11-02,151.9277801513672,152.89148320264115,150.04856214237122,152.07234443202321,146211
2022-11-03,152.21690368652344,153.8551960368725,151.20501247735584,151.78324022686377,128225
2022-11-04,152.0723419189453,153.95155989688618,151.30137654967842,152.2650795850267,251237
2022-11-07,158.3845977783203,159.92651379280102,152.26507769773247,152.84330539375094,924540
2022-11-09,151.87960815429688,161.13114870832598,149.32578622205745,160.3601833192548,1042179
2022-11-10,147.44656372070312,151.25318775158922,146.3383111171972,150.53041047844854,922633
2022-11-11,150.86770629882812,152.55418653438366,148.02478541416548,148.65118647682414,336096
2022-11-14,149.9040069580078,152.2650764043015,148.98849203453977,151.4941110511396,229550
2022-11-15,152.74693298339844,157.85456207462025,149.08485846299743,150.57860112716722,313734
2022-11-16,155.58984375,156.31262098764782,151.3013684142777,151.59048225032492,441587
2022-11-17,151.97596740722656,155.92715577764756,151.54230397753196,155.83077959107476,139040
2022-11-18,152.93966674804688,153.8551816785431,150.8677111314006,151.97596372543165,148412
2022-11-21,153.03604125976562,153.8070066104202,151.30137289702805,153.56608085739944,156325
2022-11-22,150.8195343017578,153.71064358549756,150.33768275446783,153.18060394249017,105733
2022-11-23,150.3858642578125,153.03604765173282,149.61489887495645,150.86771578397983,130343
2022-11-24,153.5660858154297,154.6261503399816,150.62678859269033,151.06045202114072,240832
2022-11-25,152.3132781982422,154.1924963059829,151.78323855120192,153.80702094719487,163502
2022-11-28,151.73504638671875,153.13241290603634,151.5423087124925,152.26508601954734,167573
2022-11-29,158.48095703125,160.5047392339421,151.6386744841757,152.2168874671299,1356152
2022-11-30,159.25192260742188,162.0948435495919,158.57733344054202,159.25192260742188,630011
2022-12-01,159.6374053955078,160.312009298877,155.9271574516855,159.01100429088402,640300
2022-12-02,163.15492248535156,165.082328504777,159.10737278554632,160.2638134562134,1212935
2022-12-05,169.1298828125,171.0091007916506,163.15492693048256,164.79321915064102,2007688
2022-12-06,172.35829162597656,177.9477573980326,170.91273709080184,174.43024724441722,4547805
2022-12-07,171.34640502929688,174.7193657003266,169.99721193792007,173.32199922045973,761112
2022-12-08,171.63551330566406,172.936503556377,170.81635985877952,171.34639945941416,530344
2022-12-09,173.1774444580078,177.65867270448646,171.15367676712853,173.4665583295455,2738712
2022-12-12,170.52725219726562,174.237514831332,170.09358876463307,173.466549448351,582498
2022-12-13,166.43150329589844,172.1655331407208,165.9496518012925,172.1655331407208,593821
2022-12-14,169.3708038330078,170.3826949334535,164.6968383573467,167.29884824561879,649104
2022-12-15,167.58795166015625,171.105476555742,166.72062481189747,170.14177352214722,393915
2022-12-16,161.80572509765625,167.6361310906204,159.97469531041685,165.853289393559,547222
2022-12-19,165.46780395507812,166.62424462664254,160.21562548905663,162.67307110671908,647992
2022-12-20,164.6968536376953,165.61238334514644,162.14304630886397,165.27508137872314,330215
2022-12-21,162.28758239746094,165.94965680793766,160.84202787003127,165.5641814825995,503903
2022-12-22,159.01100158691406,163.7331406005489,157.0835955070727,162.28758604066786,637548
2022-12-23,155.10800170898438,158.6737000243173,152.36145686153966,157.03540779348234,872057
2022-12-26,157.27633666992188,157.95092587187247,153.8551878611717,154.77071753339936,291599
2022-12-27,158.43276977539062,159.974700481283,156.89085377443925,158.0954825431236,268880
2022-12-28,159.78196716308594,160.360180164809,157.7581848947016,158.43277408251592,204924
2022-12-29,159.15554809570312,159.7819638825521,158.04729550311504,159.7819638825521,110979
2022-12-30,160.26382446289062,162.04666633033747,159.54104715596682,159.97471059913272,238446
2023-01-02,164.16680908203125,165.66053694214742,160.2638090587994,160.2638090587994,363812
2023-01-03,164.93775939941406,165.70872472559125,163.3958434520002,164.88958601429215,225066
2023-01-04,165.0341339111328,165.70872305036542,162.9621784038597,165.46779730742946,274014
2023-01-05,164.74502563476562,168.88895149400906,161.75755514456935,165.85329291261237,613850
2023-01-06,166.47970581054688,168.11799809316446,163.49222040317102,165.56419083246135,459144
2023-01-09,167.684326171875,169.56354412764054,166.57607357627873,166.72062314789872,397968
2023-01-10,168.06980895996094,168.88896244867874,166.0942294370682,167.68433361523597,214934
2023-01-11,167.9734344482422,168.6480236016607,166.72061761764172,168.06979592447874,188634
2023-01-12,167.154296875,168.50349001472733,165.99785611590661,168.16618805355998,121084
2023-01-13,167.2024688720703,168.06979568164945,166.2387658814532,167.2024688720703,103634
2023-01-16,167.154296875,167.8770741875511,166.76882152361623,167.20248497015848,101453
2023-01-17,168.21437072753906,169.03350949906604,166.23877652924665,167.2988557688011,285592
2023-01-18,168.21437072753906,168.6962222537108,167.2988557688011,168.59984606649982,198815
2023-01-19,167.78070068359375,168.55165133113601,166.23876997862718,168.21436409907153,140329
2023-01-20,168.21437072753906,168.59984606649982,166.86517763129328,168.0698064467226,269321
2023-01-23,167.2024688720703,168.84076101513128,166.81699355779972,168.64802335799598,183800
2023-01-24,165.9496612548828,167.29885433960274,164.11863135304895,167.20247815321508,252230
2023-01-25,164.64866638183594,167.82887457486018,161.0829534539997,165.9496566321801,265093
2023-01-27,163.34765625,165.22687413312693,161.32387409589987,164.79321073008848,239881
2023-01-30,163.0585479736328,164.31136484008798,161.7093696281833,163.0585479736328,201909
2023-01-31,164.21499633789062,164.69684787022592,162.72126835160464,163.0585556012743,143512
2023-02-01,164.93775939941406,165.75691281565366,162.48032856057625,164.79320983416733,288771
2023-02-02,162.96218872070312,164.26317899195644,160.50474304619178,164.26317899195644,319255
2023-02-03,162.0948486328125,164.26318047610056,160.02289297564715,163.82951704843123,349724
2023-02-06,162.62489318847656,163.29948239701073,161.323888160992,162.0466654640519,135690
2023-02-07,161.4684600830078,163.3958663156789,160.2156430907831,163.3958663156789,149223
2023-02-08,162.04666137695312,162.86581484840394,161.42026027874357,162.2394137501944,92414
2023-02-09,162.5285186767578,163.34767217732298,161.08296405571957,162.04666713641174,117034
2023-02-10,161.0347900390625,162.23941888524058,160.11926035201358,161.0347900390625,220135
2023-02-13,160.98658752441406,161.90210242451695,158.04729046202846,161.90210242451695,256610
2023-02-14,159.01100158691406,160.4565561467951,157.61363512001734,159.63740268088594,170268
2023-02-15,159.54104614257812,159.78197191002238,157.61364000302402,159.01100651321238,93885
2023-02-16,161.0829620361328,161.66118975927537,159.15555589891343,159.5410459493224,130982
2023-02-17,160.0710906982422,161.4202691554752,159.01101140688604,161.0829671886958,127345
2023-02-20,161.90211486816406,162.81762983863257,159.10738186253556,160.40837217690395,130656
2023-02-21,160.8902130126953,162.57669326378215,159.78196044395744,162.57669326378215,120079
2023-02-22,161.4684600830078,162.14304932345416,159.01101419536366,159.44467765672616,182623
2023-02-23,161.4684600830078,162.23942551706475,158.62553883080648,160.93842042803476,193513
2023-02-24,161.90211486816406,162.28759021206392,159.97470873878115,162.23941682278277,115205
2023-02-27,158.48095703125,162.04665522676092,158.0954817092805,160.938402647393,172605
2023-02-28,157.27633666992188,159.68559432327527,157.08359899864195,159.01100512132467,114294
2023-03-01,153.18060302734375,157.5172669270449,151.30138494512835,157.37271734569836,746853
2023-03-02,154.14430236816406,154.43341622876946,151.78323279894659,152.84331205285247,246690
2023-03-03,154.9634552001953,155.44530673085205,153.9033759507738,154.2406779042102,232586
2023-03-06,155.78257751464844,156.4571813502222,154.38521116442024,154.91525073311098,157115
2023-03-08,155.58984375,156.5053586433658,154.24066545503362,156.5053586433658,254380
2023-03-09,157.5172576904297,157.85455963371544,154.67433668609715,155.58985162580544,217096
2023-03-10,155.7344207763672,157.99911415019557,155.15619305691132,157.75818838457926,82654
2023-03-13,155.4453125,156.02352553528266,154.43342130707748,155.63805017842756,201500
2023-03-14,155.63804626464844,157.179977063179,154.52979361285216,155.63804626464844,196740
2023-03-15,155.0116424560547,156.50537042906015,154.19248897639096,156.50537042906015,150656
2023-03-16,151.1568145751953,154.67432448365759,149.22940866262635,154.09609682791086,172313
2023-03-17,151.3495635986328,152.50600429208694,150.14493481275534,151.92777659288924,207636
2023-03-20,147.9766082763672,152.07234629444181,145.51916252453404,151.34956899713453,358825
2023-03-21,148.217529296875,149.22942042169734,146.91652432139753,148.45845505493074,131352
2023-03-22,148.98849487304688,149.85582172129006,148.21752950519667,148.21752950519667,199470
2023-03-23,149.08485412597656,150.00036905320823,147.63929959720832,149.37396797271845,231055
2023-03-24,150.0003662109375,150.3376681432352,148.4584502324329,149.5667028015125,170320
2023-03-27,149.47035217285156,149.95220370828312,147.92842137749375,149.47035217285156,244374
2023-03-28,149.3739776611328,149.85582920197518,148.65120034986927,148.98850231043573,123309
2023-03-29,148.60299682617188,149.90400173334695,147.3983680991359,149.373962152463,485438
2023-03-31,146.43466186523438,149.22940927285163,146.00099847412105,148.5066320526827,582689
2023-04-03,148.07296752929688,149.37397252682976,146.5310514745655,147.157452574153,140165
2023-04-05,147.2056427001953,149.37397458939623,146.5310534978767,148.7957468702993,217967
2023-04-06,147.88023376464844,148.84393683865065,147.1574564591468,147.97660995402543,130882
2023-04-10,146.29013061523438,149.0366755727145,145.42278901949695,148.6512002223481,222206
2023-04-11,148.60299682617188,149.373962152463,145.90462553662314,146.86832851825196,229920
2023-04-12,148.9403076171875,149.3739710437456,148.07296605912995,149.08485719105974,147028
2023-04-13,151.49411010742188,152.8914765297937,148.31388723602814,149.37396642813968,158463
2023-04-17,151.06044006347656,152.69873216623913,149.8558113548364,152.26506877211673,167185
2023-04-18,149.27760314941406,152.8914897463651,148.89212779438282,150.43405862439215,119318
2023-04-19,149.47035217285156,151.3013821255148,148.45846100745686,149.32578788925696,73499
2023-04-20,150.24130249023438,150.91590640210669,148.69938640367067,150.19312910076508,70534
2023-04-21,148.5066375732422,151.0122565400071,148.26571182422975,151.0122565400071,147160
2023-04-24,148.41026306152344,150.48221864436704,147.15744621157435,149.18122840802602,177825
2023-04-25,149.8558349609375,150.96408766548828,148.60301796561316,149.0848695249731,159310
2023-04-26,152.3614501953125,152.74692551336992,149.1330392630536,150.57859376318012,409070
2023-04-27,151.2050018310547,153.90337329719586,150.4340511592499,152.98785834572158,145761
2023-04-28,152.40963745117188,153.08424137657488,150.3858697897893,151.20500859144101,188164
2023-05-02,156.6981201171875,157.46907078489593,152.36145643909126,152.409629827117,299352
2023-05-03,158.62551879882812,159.49284561202296,156.84266237677787,157.0835881254365,300402
2023-05-04,165.2750701904297,175.15302628052825,163.87770373330645,165.75692170701984,5858167
2023-05-05,168.26255798339844,173.17743470291492,165.37144884076233,165.75692417780385,1428882
2023-05-08,168.8889617919922,171.53914521526167,167.9734468231238,171.05729368375813,621040
2023-05-09,167.2024688720703,170.43087977261393,166.09421631483687,169.12987485330456,410897
2023-05-10,165.9978485107422,167.8770664962906,163.4922147267167,167.6361407364782,261987
2023-05-11,165.85330200195312,166.96155463559512,164.69684656952813,166.7206288713302,185834
2023-05-12,166.57608032226562,167.63614486860527,163.8777088048653,165.85330302501242,324614
2023-05-15,169.99720764160156,171.34640069888036,165.80510830794742,166.5760736685437,468861
2023-05-16,169.90084838867188,171.53914061082065,168.84076916584195,171.53914061082065,301674
2023-05-17,169.75628662109375,170.6718162838714,167.202479416876,169.1298855196642,402770
2023-05-18,171.8282470703125,176.55038586715668,169.2744253088023,170.5754302349434,1779374
2023-05-19,174.38206481933594,175.39395596783098,170.0935891666053,172.6955844734914,613701
2023-05-22,179.6824188232422,182.81445352816976,172.88830983002654,174.43024048981326,2358751
2023-05-23,178.4296112060547,182.33261144224429,177.61047244854515,180.21246770435775,819518
2023-05-24,174.4784393310547,179.82699417463823,174.09294928988473,178.57417727448347,738233
2023-05-25,173.41835021972656,175.29756811043276,172.50283531963285,174.33386511982027,477850
2023-05-26,176.35765075683594,179.20057169416833,172.50283871843516,173.611091297499,512572
2023-05-29,176.4540252685547,179.63423340616242,174.33386690356178,177.32135208700393,490680
2023-05-30,179.97154235839844,185.51283482726478,175.68306678000317,176.35765596565952,2438055
2023-05-31,179.10421752929688,182.04350006464054,177.89958871810964,179.15239091779114,511106
2023-06-01,177.89959716796875,180.405216391285,176.88770597752043,179.68243907024222,325372
2023-06-02,181.5616455078125,182.8144623915116,177.8995857469184,177.9477591346081,534630
2023-06-05,178.9114532470703,183.05537902271988,177.94775026226532,182.13986412814324,428167
2023-06-06,181.5616455078125,182.42898706034632,177.65865998870478,179.77880371999643,556334
2023-06-07,180.7425079345703,184.01909238572188,179.5860672285722,182.13987440035726,534578
2023-06-08,179.0560302734375,181.7544017641075,176.3576587827675,180.79069871064976,397715
2023-06-09,178.9114532470703,180.6461215607074,177.51408686009117,178.52597793512453,207421
2023-06-12,179.63424682617188,180.93525185598125,178.3814445959162,178.9114695218204,214883
2023-06-13,178.95965576171875,181.41710151203347,177.80321502773,179.34514580967618,247888
2023-06-14,178.81509399414062,180.88704955524855,178.2368663140943,179.1042078341638,360202
2023-06-15,176.5985870361328,179.7306220040315,175.87580973584852,179.24877047050862,273880
2023-06-16,177.1286163330078,179.24876001586318,176.79131439723815,177.51409165536663,227261
2023-06-19,187.10293579101562,189.36764377410736,176.69495492005575,177.9959451764552,2005787
2023-06-20,185.22372436523438,192.451497283011,184.30820940330435,190.04223964375214,2330925
2023-06-21,182.66990661621094,188.3075603440249,182.13986702514958,186.0910552076715,1702303
2023-06-22,179.2969512939453,184.4527536705953,178.42960974581175,183.19995149819331,737392
2023-06-23,180.40521240234375,180.98344012836966,176.45403862430643,179.87517277097697,530717
2023-06-26,183.29632568359375,186.76566270672993,180.98344413813112,181.17618181609595,1001041
2023-06-27,186.57290649414062,188.4039363103209,183.8745351558691,184.11546090562655,891154
2023-06-28,186.62109375,189.2712771942961,185.99469263605224,187.48843533655293,555803
2023-06-30,186.76564025878906,188.98216005133,184.356382811449,187.4884174929911,471100
2023-07-03,184.83824157714844,187.63297444410247,184.54912773109845,185.99468225640732,454655
2023-07-04,184.7418670654297,186.71746120888614,181.3689064758498,185.70557009102393,700626
2023-07-05,188.64486694335938,194.66801084321122,184.8864310318283,185.89830744305047,1859747
2023-07-06,188.5966796875,192.25875413583753,187.0065755728643,189.60857080815055,683361
2023-07-07,187.48843383789062,191.00594413568103,185.80195347772832,188.98217652645133,487738
2023-07-10,185.6573944091797,189.7531325417383,185.12736947362583,187.58480058920725,284754
2023-07-11,188.982177734375,190.33135614915176,185.0309892690488,186.47654387271322,370534
2023-07-12,189.126708984375,191.34322876951117,187.9220802647293,189.65674856200718,434246
2023-07-13,188.8376007080078,190.13860564548884,187.10293235968004,189.9940413719127,384480
2023-07-14,188.7894287109375,189.27128025405366,187.15113640533096,188.4039533584214,168870
2023-07-17,190.95774841308594,193.41519406642547,189.41583239692824,192.74060489029765,614340
2023-07-18,197.5591278076172,199.82383588641292,191.92145901015482,191.92145901015482,2024818
2023-07-19,198.2337188720703,203.2449719030212,196.6918027805926,198.52283273451673,1169024
2023-07-20,202.47401428222656,204.49778184022566,196.7881575317916,200.2093062596475,1116409
2023-07-21,204.64234924316406,206.32882958638083,200.6911608427939,202.329453092359,916894
2023-07-24,200.01657104492188,205.65422506661127,199.486531426231,204.97963587234182,639778
2023-07-25,201.55848693847656,204.01593265590355,199.0528678325236,200.0165708821074,570805
2023-07-26,202.28126525878906,203.63045835806216,200.4502353372047,203.29315640700847,332074
2023-07-27,202.57037353515625,204.30504192646353,200.88389323623497,203.2931508061225,287667
2023-07-28,203.4858856201172,205.26874207883463,200.93207851378884,202.37763303547078,306059
2023-07-31,208.59352111816406,210.52092720787672,204.30504550954169,204.59415936398688,1063530
2023-08-01,211.8701171875,213.41203321369983,209.41267151815566,210.08726069867691,931804
2023-08-02,217.14590454101562,217.98412137467284,210.1443879398439,211.03189925429425,1256706
2023-08-03,220.0056915283203,220.89320284230675,211.672877865518,216.94868136297984,1152727
2023-08-04,222.91476440429688,224.73909648894588,219.70984082750718,221.87932454698003,776407
2023-08-07,225.7745361328125,230.26143214550706,223.11198725019688,223.75296594608696,864300
2023-08-08,219.70985412597656,227.64820678302075,217.54037027519044,226.80998993180182,548773
2023-08-09,226.90859985351562,234.45249102211602,216.5049216378456,219.709845279578,2180016
2023-08-10,224.19674682617188,229.0780891741025,220.94251357849967,228.09195879887793,1142569
2023-08-11,226.8592987060547,231.74064111587282,224.1967496686226,224.1967496686226,1829127
2023-08-14,231.296875,231.7406306449956,224.88702776939374,226.85928845573414,919891
2023-08-16,238.44631958007812,240.96095496029136,229.57114650672898,232.43091847816842,1896206
2023-08-17,248.25831604003906,250.47710933136017,239.13661028683006,239.62967546267922,1977082
2023-08-18,240.6651153564453,253.0410542804636,239.1366103017864,249.7868211102248,969726
2023-08-21,235.38931274414062,242.44015381113513,234.84693803942488,242.44015381113513,496517
2023-08-22,238.2490997314453,242.7359808079276,235.6358452630101,235.6358452630101,580825
2023-08-23,247.4694061279297,248.84999763397636,237.854635300716,239.5310538714146,1150349
2023-08-24,250.27989196777344,252.4493757814643,245.2506210407649,248.45554475674055,817111
2023-08-25,248.15969848632812,250.87155696989367,244.41241516494344,250.23057825627657,455891
2023-08-28,246.4832763671875,251.26601455238912,243.7714179223557,248.45553705433787,436174
2023-08-29,248.06109619140625,257.8730903084338,245.5464607525813,245.5464607525813,1837371
2023-08-30,254.47093200683594,256.88696347067605,249.4416761072964,249.4909856356278,853173
2023-08-31,253.33688354492188,258.76060052663,251.1180902342231,256.3445992004553,676115
2023-09-01,253.82994079589844,258.61267891286286,252.44936435345238,253.43549468295805,426922
2023-09-04,248.80068969726562,257.3800207115531,248.4062285299511,253.87927001546092,407812
2023-09-05,244.1165771484375,251.41393589882864,241.45402814746535,249.88543080935128,569618
2023-09-06,248.30763244628906,249.44167636329817,244.46171493982368,245.05339918609695,595018
2023-09-07,241.94708251953125,249.39235447438975,241.05955619410943,249.19513141779203,543322
2023-09-08,238.3477020263672,244.9054778667746,237.4108812054961,243.03182117787748,681499
2023-09-11,240.36927795410156,246.3353697086498,239.1366149902344,239.4817666389793,521830
2023-09-12,231.39547729492188,243.5248834356528,228.8315474499318,240.61580195424352,669000
2023-09-13,234.05804443359375,239.08730018691077,230.55727868402246,231.3954804526645,495333
2023-09-14,234.60040283203125,239.62967360557818,233.5649780084965,234.6990218852988,275954
2023-09-15,229.96559143066406,237.90394364782557,228.68361898395983,236.1782155591885,461218
2023-09-18,228.4864044189453,233.86081194246484,228.04264876051806,229.71906738521838,372312
2023-09-20,226.71136474609375,230.705195731158,225.38009778250915,228.43709288371304,501206
2023-09-21,224.44326782226562,228.4863931234718,223.60505102777597,226.16899588973467,285757
2023-09-22,228.93016052246094,229.86699641637415,223.35852992293638,224.83772548533992,316302
2023-09-25,220.84388732910156,231.29687498488445,219.90706651258208,228.38779348215348,466437
2023-09-26,224.8377227783203,228.23986952145597,221.48488556276885,221.48488556276885,303570
2023-09-27,223.55575561523438,228.14127094085765,221.92864649633438,224.83772812714483,263152
2023-09-28,220.89320373535156,228.09195847365794,219.90707336153304,224.7391061743817,295005
2023-09-29,222.07655334472656,222.66823757767605,218.92093921235784,221.83002075552346,210255
2023-10-03,229.0780792236328,231.19825341940947,221.7314112567581,221.7807057356538,572122
2023-10-04,222.81614685058594,230.16281485888953,222.07654909712272,228.63432487278942,259032
2023-10-05,226.6620635986328,228.28917263309532,223.85158612402867,223.9502051764254,241325
2023-10-06,228.4370880126953,229.27530482338472,225.03494133765025,227.79610930839513,169330
2023-10-09,217.83619689941406,226.16901072373625,216.80077202874475,223.6543752224916,377249
2023-10-10,217.49105834960938,221.68211246521017,216.01186277939732,219.01956344825956,287293
2023-10-11,221.87933349609375,227.69749666668474,214.48335571289064,218.6251002620533,1063013
2023-10-12,230.50796508789062,238.988691961323,221.43556904359497,221.43556904359497,1366444
2023-10-13,231.93785095214844,236.91781213549933,228.83154642688203,229.76836723234692,698684
2023-10-16,227.50027465820312,233.12121479010503,227.155138055011,232.7267686586982,222946
2023-10-17,230.50796508789062,232.23369316876253,227.94402020601905,228.68361795496415,383970
2023-10-18,239.5310516357422,241.55262182587276,229.5218347843108,230.50796511635943,824475
2023-10-19,239.777587890625,247.46940760782485,237.85463672311377,243.13044009922749,1030501
2023-10-20,235.29071044921875,244.70824337088231,234.69902621301296,240.36927579589036,502133
2023-10-23,225.8238525390625,239.3338354675579,223.30921711052835,235.19209096317206,418233
2023-10-25,243.77142333984375,252.44937356559203,229.17669092115193,229.2260004488575,7493868
2023-10-26,235.09347534179688,243.13044692499517,232.2337032736376,241.6512513627427,894072
2023-10-27,236.67127990722656,241.60193157196045,233.76219843446452,237.41087765693663,472155
2023-10-30,239.4817657470703,241.1581843622551,232.2830110554654,235.0441790936755,359017
2023-10-31,229.0780792236328,241.79915449260218,227.79610678209482,239.48175723977846,558580
2023-11-01,227.74679565429688,232.72675680727326,226.90859390595327,230.16281194222958,235274
2023-11-02,231.5927276611328,232.7267715885708,229.22600570143027,229.22600570143027,163773
2023-11-03,231.98716735839844,234.50180278765484,230.40935276239105,232.7267651289353,158320
2023-11-06,236.52337646484375,239.38314853350857,232.82538755855884,233.21983368970044,297986
2023-11-07,238.05186462402344,239.43245616640127,233.3184508991716,236.42475553700004,244259
2023-11-08,234.945556640625,239.4324527569389,233.91011676037488,239.0873011144705,183182
2023-11-09,216.80076599121094,238.89008006959978,215.3708649293344,236.32613511087823,2049473
2023-11-10,222.91476440429688,225.3307807065997,217.5403571080343,218.18133580453036,649150
2023-11-13,221.9779510498047,225.62663038872765,220.7452880942797,224.54188096900356,307181
2023-11-15,218.1320343017578,224.73910475518827,216.94868087007933,223.1613051953354,682930
2023-11-16,218.23065185546875,220.9918198751524,216.9979889044631,218.6250979809285,369279
2023-11-17,222.5203094482422,223.45714532684264,217.3924345918237,218.9209396574214,745741
2023-11-20,219.61122131347656,224.3446499032845,219.16746567474718,224.2953403773913,216207
2023-11-21,221.3369598388672,222.76684587434602,218.4278782396884,220.89320417918827,478226
2023-11-22,218.23065185546875,221.28764694566962,217.54036361233662,221.28764694566962,210916
2023-11-23,218.97024536132812,219.90706617641553,217.98411501972984,218.92093583481724,153066
2023-11-24,219.90707397460938,222.86546510431265,217.8855036932144,219.01956265456056,259782
2023-11-28,219.46331787109375,222.3723994666589,218.5264970246786,220.89320390479642,345123
2023-11-29,219.70985412597656,224.04882182754878,218.42788160823525,219.46332152822458,530788
2023-11-30,217.98411560058594,220.89319710662164,216.99798525635995,219.90706676239566,212614
2023-12-01,218.47718811035156,220.10429721410964,218.0334324499771,219.11816683676403,215753
2023-12-04,222.71754455566406,225.0842513660619,219.11815976620517,220.10429011173008,584749
2023-12-05,219.66053771972656,224.24603787548506,219.06885348478443,222.86546139016028,441695
2023-12-06,217.73757934570312,220.44943774663042,217.4417372379892,219.66053047511153,452997
2023-12-07,217.49105834960938,218.82232533450693,215.51879758932662,217.93481401124188,337629
2023-12-08,215.76531982421875,219.61122210324385,214.58196643429986,218.42786871332495,377016
2023-12-11,215.518798828125,217.49105959974426,214.77920103876778,216.35700062776988,259825
2023-12-12,215.37086486816406,218.77302665204314,214.97641874254438,216.5542333393334,252750
2023-12-13,212.46177673339844,216.2583845253394,211.4263368767641,215.518786777337,490350
2023-12-14,214.68057250976562,216.80076177400835,210.5388280815272,210.5388280815272,355706
2023-12-15,217.49105834960938,219.21678651485675,215.56810711776478,215.56810711776478,492007
2023-12-18,214.87779235839844,218.92093272029274,214.08890013406705,217.4910467547488,447282
2023-12-19,215.76531982421875,216.94867321413764,214.82849901749773,215.4201681888798,272933
2023-12-20,211.2291259765625,217.68828302361385,210.0457725210861,216.20908744247944,509625
2023-12-21,211.47564697265625,212.9055329465502,209.05963066543478,210.0457609987623,289112
2023-12-22,211.67288208007812,214.48335970891932,210.4895286221497,212.6097179877956,248670
2023-12-26,208.27072143554688,212.51108483850717,207.28459111147026,211.52495451443056,523303
2023-12-27,207.97488403320312,210.68674248575493,207.13668226707097,209.2075469661812,543352
2023-12-28,206.5449981689453,210.19367744340067,203.5372976011756,208.763791449687,877630
2023-12-29,216.55422973632812,223.45714214990855,207.087372407413,211.22911684613027,2104169
2024-01-01,223.99951171875,226.0210820245144,217.09659899956318,217.83619679090464,1508686
2024-01-02,222.5696258544922,225.28148442505395,218.47719075777943,225.13357088552192,525860
2024-01-03,223.06268310546875,227.2044275835823,221.28764545851863,222.76684098978455,614068
2024-01-04,224.9856414794922,225.72523926877014,221.0411199366764,223.2599133045103,490089
2024-01-05,224.3446502685547,227.74679690055896,223.06267782901773,225.33078059940547,395017
2024-01-08,224.73910522460938,228.28918057421524,221.63280057907073,224.3446590956111,684246
2024-01-09,225.28147888183594,228.1905604492455,223.3585276794571,225.67594005614137,447188
2024-01-10,223.85159301757812,227.79611448044292,223.0626857155741,226.51414199558081,310764
2024-01-11,224.6405029296875,228.9794705703913,223.85159561851714,224.3446608071042,379440
2024-01-12,223.1613006591797,226.41553381551378,222.86545854548478,225.72523053450735,270989
2024-01-15,220.64666748046875,225.03494456171074,217.88549947016483,224.24603726631602,679056
2024-01-16,218.42787170410156,222.22447955619512,217.9348065309546,221.435572269729,200098
2024-01-17,216.9486846923828,221.04111977112692,215.96255430741743,217.4910594135449,274754
2024-01-18,219.9563751220703,220.44944029156738,212.36317452124652,216.40629988282953,239141
2024-01-19,218.7730255126953,221.78071106098065,216.4556131570719,221.0904228211636,259308
2024-01-23,210.78536987304688,219.80845688032912,209.7992394876759,219.80845688032912,309423
2024-01-24,213.9902801513672,215.71600821710402,210.04575885825443,211.87010597518093,269212
2024-01-25,213.74375915527344,216.85006382309692,209.74992812010368,214.58197599435235,433616
2024-01-29,213.053466796875,215.12433151981375,210.88398301930127,214.87779893038137,231864
2024-01-30,212.1659393310547,214.9271073276099,210.93327639037426,213.99028650212375,310892
2024-01-31,216.15977478027344,219.56192155813469,213.15207413280132,213.5958448384333,333154
2024-02-01,216.9486846923828,221.83002708853033,216.1597773749794,217.34313082750674,411711
2024-02-02,218.37857055664062,220.64667344957576,217.39244017250846,219.90707566147663,250926
2024-02-05,220.5480499267578,222.81615277376957,217.93481048058126,219.9070712089123,495371
2024-02-06,213.053466796875,221.8793304891224,212.16594044662546,221.8793304891224,726196
2024-02-07,210.588134765625,215.42016735882285,209.4047813802658,214.1381949217026,628567
2024-02-08,212.1659393310547,213.10277520369587,209.79923250381026,210.1443841460628,411868
2024-02-09,209.30616760253906,214.08890583752506,208.17212371448508,213.54653113348206,463530
2024-02-12,203.53729248046875,210.4402047357755,200.97336267107613,210.4402047357755,769970
2024-02-13,202.35394287109375,203.38938273810052,196.97953552453615,203.14285015296343,496446
2024-02-14,211.08120727539062,213.94097931012016,199.8393121053926,202.05810542283436,478027
2024-02-15,213.3000030517578,215.17364474477927,211.13051923690264,211.13051923690264,263908
2024-02-16,212.0500030517578,214.60000610351562,211.1999969482422,214.60000610351562,206558
2024-02-19,219.5500030517578,221.0,212.10000610351562,212.10000610351562,690913
2024-02-20,228.35000610351562,231.5,217.9499969482422,220.6999969482422,1194182
2024-02-21,241.1999969482422,249.0,230.0500030517578,232.9499969482422,7489443
2024-02-22,241.10000610351562,247.0,237.1999969482422,243.60000610351562,1343546
2024-02-23,239.3000030517578,242.0,238.1999969482422,242.0,457537
2024-02-26,238.3000030517578,244.8000030517578,236.39999389648438,239.25,677073
2024-02-27,240.14999389648438,246.8000030517578,237.5,239.5,737579
2024-02-28,236.3000030517578,250.85000610351562,232.60000610351562,240.60000610351562,3327395
2024-02-29,234.64999389648438,239.89999389648438,233.75,237.35000610351562,484084
2024-03-01,238.6999969482422,240.60000610351562,234.9499969482422,234.9499969482422,350704
2024-03-04,235.3000030517578,240.0,234.0,240.0,353400
2024-03-05,232.8000030517578,236.1999969482422,231.1999969482422,235.3000030517578,269840
2024-03-06,228.1999969482422,233.9499969482422,225.0500030517578,233.9499969482422,528981
2024-03-07,227.60000610351562,230.8000030517578,227.0,229.0,174507
2024-03-11,220.39999389648438,229.39999389648438,219.75,228.89999389648438,302578
2024-03-12,220.35000610351562,223.8000030517578,218.0,221.5,357402
2024-03-13,210.0,223.25,208.10000610351562,221.5,452012
2024-03-14,216.8000030517578,219.9499969482422,205.5,205.5,404163
2024-03-15,213.4499969482422,219.10000610351562,212.64999389648438,216.0,195608
2024-03-18,219.1999969482422,220.75,212.1999969482422,213.75,206925
2024-03-19,218.3000030517578,222.4499969482422,216.3000030517578,219.8000030517578,264030
2024-03-20,220.35000610351562,221.64999389648438,217.0,218.3000030517578,182685
2024-03-21,218.64999389648438,222.4499969482422,217.5500030517578,221.5,113394
2024-03-22,219.10000610351562,223.60000610351562,217.85000610351562,219.9499969482422,187534
2024-03-26,214.3000030517578,218.5,212.4499969482422,217.5,239788
2024-03-27,215.5,218.0,215.0,215.0,244312
2024-03-28,212.0500030517578,217.4499969482422,211.10000610351562,216.5500030517578,219096
2024-04-01,219.60000610351562,220.1999969482422,213.0500030517578,215.9499969482422,254034
2024-04-02,230.60000610351562,244.0,219.8000030517578,221.0,1407137
2024-04-03,233.10000610351562,234.0,228.8000030517578,231.89999389648438,322300
2024-04-04,233.1999969482422,236.9499969482422,233.0,236.6999969482422,297625
2024-04-05,230.75,234.89999389648438,230.0,233.1999969482422,210912
2024-04-08,228.85000610351562,232.64999389648438,227.10000610351562,232.0500030517578,215520
2024-04-09,228.0,230.89999389648438,226.25,228.8000030517578,264930
2024-04-10,226.1999969482422,228.4499969482422,225.85000610351562,228.0,271712
2024-04-12,228.5,230.8000030517578,225.0,225.0,314813
2024-04-15,225.85000610351562,228.0,218.5,218.5,324583
2024-04-16,229.0500030517578,231.6999969482422,225.0,225.0,262450
2024-04-18,227.5500030517578,231.39999389648438,227.0500030517578,230.0,178665
2024-04-19,225.64999389648438,227.8000030517578,224.0500030517578,225.0,178691
2024-04-22,228.0,228.89999389648438,224.0,228.0500030517578,297111
2024-04-23,228.10000610351562,229.60000610351562,226.8000030517578,228.0,164837
2024-04-24,227.10000610351562,230.60000610351562,226.39999389648438,229.3000030517578,226912
2024-04-25,226.0500030517578,229.1999969482422,225.39999389648438,227.0500030517578,192293
2024-04-26,230.10000610351562,233.60000610351562,226.3000030517578,226.8000030517578,746523
2024-04-29,237.9499969482422,238.89999389648438,231.3000030517578,233.0,884853
2024-04-30,241.35000610351562,247.8000030517578,240.3000030517578,245.0,1534302
2024-05-02,244.5500030517578,247.5,241.85000610351562,242.85000610351562,752171
2024-05-03,253.85000610351562,259.3999938964844,245.0500030517578,245.0500030517578,3547023
2024-05-06,256.45001220703125,263.0,252.14999389648438,258.0,2275566
2024-05-07,257.6499938964844,271.0,255.0500030517578,257.8500061035156,3556237
2024-05-08,260.25,263.5,254.25,260.0,1165151
2024-05-09,241.0,253.6999969482422,236.0,252.64999389648438,3267539
2024-05-10,244.9499969482422,247.4499969482422,237.89999389648438,243.9499969482422,691535
2024-05-13,239.10000610351562,245.89999389648438,238.10000610351562,245.0500030517578,336519
2024-05-14,236.35000610351562,241.64999389648438,235.35000610351562,240.0,371245
2024-05-15,234.5500030517578,238.5,233.89999389648438,236.89999389648438,372539
2024-05-16,235.9499969482422,237.1999969482422,235.1999969482422,235.5,206031
2024-05-17,242.85000610351562,245.35000610351562,236.3000030517578,236.6999969482422,631720
2024-05-21,238.1999969482422,243.0,238.0,242.89999389648438,226829
2024-05-22,245.0500030517578,246.60000610351562,237.39999389648438,238.5,490992
2024-05-23,243.3000030517578,246.64999389648438,242.0,245.0,274097
2024-05-24,239.0,245.0,238.5,245.0,335964
2024-05-27,239.1999969482422,241.25,236.39999389648438,240.0,208452
2024-05-28,232.25,239.9499969482422,231.14999389648438,239.9499969482422,385495
2024-05-29,233.75,237.5,231.6999969482422,232.0,408213
2024-05-30,231.6999969482422,234.85000610351562,230.5,233.75,212467
2024-05-31,230.0500030517578,233.5,229.8000030517578,233.5,259355
2024-06-03,230.60000610351562,235.3000030517578,230.0,234.0,278114
2024-06-04,226.0500030517578,234.64999389648438,220.0,230.60000610351562,685043
2024-06-05,238.6999969482422,244.8000030517578,227.0,228.35000610351562,1772862
2024-06-06,244.1999969482422,246.10000610351562,240.6999969482422,240.89999389648438,468383
2024-06-07,254.1999969482422,255.89999389648438,244.0500030517578,245.25,1245880
2024-06-10,256.510009765625,260.3999938964844,255.0,257.3999938964844,769267
2024-06-11,258.6300048828125,262.70001220703125,255.10000610351562,257.5,972335
2024-06-12,262.1700134277344,268.0,258.6300048828125,258.6300048828125,1111473
2024-06-13,262.2200012207031,267.3999938964844,259.0,262.9200134277344,790910
2024-06-14,263.4800109863281,266.0,260.760009765625,263.0,531107
2024-06-18,266.80999755859375,273.8399963378906,263.510009765625,263.510009765625,2481807
2024-06-19,259.8999938964844,269.30999755859375,258.739990234375,268.95001220703125,797786
2024-06-20,262.8699951171875,264.29998779296875,260.3599853515625,261.1499938964844,265305
2024-06-21,269.57000732421875,274.45001220703125,262.79998779296875,262.8800048828125,1701007
2024-06-24,266.7200012207031,273.3999938964844,266.25,271.5799865722656,568824
2024-06-25,264.6600036621094,270.739990234375,263.3999938964844,268.29998779296875,330347
2024-06-26,265.239990234375,267.989990234375,264.1499938964844,264.6499938964844,291892
2024-06-27,260.1000061035156,267.0,258.04998779296875,265.239990234375,491526
2024-06-28,263.92999267578125,265.6000061035156,261.6199951171875,263.69000244140625,271578
2024-07-01,270.54998779296875,275.0,266.1000061035156,268.0,1143437
2024-07-02,263.95001220703125,270.54998779296875,262.6000061035156,268.25,413744
2024-07-03,263.29998779296875,266.95001220703125,262.04998779296875,265.6000061035156,250974
2024-07-04,262.3500061035156,265.75,261.20001220703125,265.04998779296875,249507
2024-07-05,263.75,265.75,261.5,264.3999938964844,395067
2024-07-08,271.25,275.0,264.95001220703125,265.0,1114067
2024-07-09,271.70001220703125,281.25,270.0,272.75,1365580
2024-07-10,273.8999938964844,275.0,266.04998779296875,272.0,700592
2024-07-11,270.1499938964844,276.0,264.79998779296875,276.0,577896
2024-07-12,266.95001220703125,272.3999938964844,265.79998779296875,271.1499938964844,242430
2024-07-15,275.20001220703125,276.8500061035156,264.5,266.95001220703125,603712
2024-07-16,274.3999938964844,281.8999938964844,273.6000061035156,275.0,662516
2024-07-18,279.95001220703125,286.8999938964844,271.0,274.3500061035156,2438617
2024-07-19,269.75,279.8999938964844,263.29998779296875,279.8999938964844,1273077
2024-07-22,266.1000061035156,272.95001220703125,264.45001220703125,268.8999938964844,359528
2024-07-23,268.8999938964844,272.45001220703125,258.04998779296875,268.0,621784
2024-07-24,275.3500061035156,281.25,269.0,270.25,650870
2024-07-25,270.25,278.0,265.0,271.20001220703125,506708
2024-07-26,275.1499938964844,276.1499938964844,270.29998779296875,271.3999938964844,349542
2024-07-29,278.04998779296875,278.8999938964844,274.0,275.95001220703125,353951
2024-07-30,274.8999938964844,278.04998779296875,272.20001220703125,278.04998779296875,772540
2024-07-31,264.95001220703125,275.6499938964844,264.0,275.0,792383
2024-08-01,262.25,266.45001220703125,258.25,265.5,398883
2024-08-02,263.3999938964844,268.1000061035156,258.6000061035156,259.6000061035156,298875
2024-08-05,258.5,263.70001220703125,255.14999389648438,259.0,3407721
2024-08-06,268.75,278.04998779296875,263.0,265.0,1393638
2024-08-07,280.3500061035156,283.0,270.0,277.0,977267
2024-08-08,280.1000061035156,284.0,277.45001220703125,282.0,459897
2024-08-09,271.25,279.8500061035156,270.0,279.79998779296875,311260
2024-08-12,272.5,276.3999938964844,257.3500061035156,266.0,2000821
2024-08-13,268.5,276.79998779296875,267.6000061035156,273.70001220703125,307685
2024-08-14,274.6499938964844,279.8500061035156,265.1499938964844,268.5,689909
2024-08-16,273.75,278.0,271.04998779296875,277.5,366506
2024-08-19,278.0,281.5,273.75,273.75,485303
2024-08-20,279.1499938964844,281.1499938964844,275.04998779296875,281.0,236100
2024-08-21,279.5,286.0,278.29998779296875,279.1499938964844,2123320
2024-08-22,274.20001220703125,283.79998779296875,272.95001220703125,279.5,541695
2024-08-23,272.45001220703125,276.3500061035156,271.29998779296875,275.8500061035156,221412
2024-08-26,271.3500061035156,275.8999938964844,269.1499938964844,275.79998779296875,430268
2024-08-27,268.25,272.8999938964844,267.5,272.29998779296875,190205
2024-08-28,266.5,270.0,266.0,269.0,217525
2024-08-29,265.6000061035156,270.3999938964844,262.20001220703125,270.3999938964844,224297
2024-08-30,264.04998779296875,267.5,262.1000061035156,265.70001220703125,197840
2024-09-02,270.54998779296875,271.3999938964844,262.25,265.0,428356
2024-09-03,281.1499938964844,283.29998779296875,269.1499938964844,272.0,1708207
2024-09-04,277.6499938964844,288.95001220703125,276.1499938964844,281.1000061035156,1297197
2024-09-05,275.04998779296875,279.3999938964844,274.45001220703125,278.25,259271
2024-09-06,268.75,276.3999938964844,268.0,274.8999938964844,311580
2024-09-09,264.70001220703125,271.70001220703125,262.20001220703125,269.5,377027
2024-09-10,267.5,269.70001220703125,263.1499938964844,263.1499938964844,185936
2024-09-11,265.6499938964844,273.95001220703125,264.1000061035156,268.0,349318
2024-09-12,264.1499938964844,268.3999938964844,260.6000061035156,267.3500061035156,347910
2024-09-13,266.3500061035156,269.0,264.6000061035156,265.45001220703125,157300
2024-09-16,260.3999938964844,269.0,259.29998779296875,269.0,285928
2024-09-17,261.54998779296875,263.25,259.04998779296875,261.75,216402
2024-09-18,258.1499938964844,262.75,256.54998779296875,261.54998779296875,183357
2024-09-19,250.35000610351562,261.25,247.0,259.5,465974
2024-09-20,256.20001220703125,257.5,250.3000030517578,251.64999389648438,345788
2024-09-23,253.64999389648438,258.1000061035156,252.10000610351562,256.29998779296875,270315
2024-09-24,251.39999389648438,254.60000610351562,248.6999969482422,254.0,262729
2024-09-25,249.60000610351562,252.6999969482422,248.6999969482422,252.64999389648438,125116
2024-09-26,246.25,250.6999969482422,244.60000610351562,250.0,306903
2024-09-27,249.0500030517578,255.0,247.0,247.25,468150
2024-09-30,246.89999389648438,251.25,243.1999969482422,251.25,267138
2024-10-01,247.67999267578125,250.0,244.5,247.39999389648438,261636
2024-10-03,238.3000030517578,245.8699951171875,234.52999877929688,245.0,652232
2024-10-04,240.22000122070312,243.08999633789062,235.0,239.39999389648438,228783
2024-10-07,229.5800018310547,241.3000030517578,227.27999877929688,240.1999969482422,585590
2024-10-08,233.83999633789062,237.0,228.00999450683594,229.5,167860
2024-10-09,234.75,238.02999877929688,233.5,234.85000610351562,328941
2024-10-10,233.0399932861328,236.4499969482422,231.3000030517578,235.94000244140625,157647
2024-10-11,229.99000549316406,235.0,228.10000610351562,233.0,454049
2024-10-14,226.9600067138672,231.64999389648438,225.8300018310547,230.9499969482422,318373
2024-10-15,229.25999450683594,233.2899932861328,227.02000427246094,228.10000610351562,271609
2024-10-16,235.6999969482422,237.0,226.69000244140625,230.10000610351562,395809
2024-10-17,226.66000366210938,238.08999633789062,225.0,237.0,349113
2024-10-18,228.97999572753906,230.6199951171875,223.10000610351562,225.89999389648438,229056
2024-10-21,225.67999267578125,228.0,223.25,228.0,239076
2024-10-22,218.5500030517578,225.0,215.00999450683594,225.0,292402
2024-10-23,219.25,222.5,212.72999572753906,216.0,367737
2024-10-24,219.85000610351562,224.99000549316406,215.0,221.0,505683
2024-10-25,220.19000244140625,221.5,214.5,220.39999389648438,336760
2024-10-28,222.32000732421875,223.0,215.25999450683594,220.19000244140625,191008
2024-10-29,221.49000549316406,223.25,217.89999389648438,223.25,318958
2024-10-30,224.8000030517578,226.89999389648438,220.85000610351562,222.5,125906
2024-10-31,228.85000610351562,230.0,221.5,225.5,139052
2024-11-01,231.4199981689453,232.7899932861328,228.80999755859375,230.3000030517578,81195
2024-11-04,224.97000122070312,232.57000732421875,222.00999450683594,229.32000732421875,236213
2024-11-05,224.5,226.6999969482422,222.13999938964844,223.0,117920
2024-11-06,233.64999389648438,236.39999389648438,224.50999450683594,224.85000610351562,348199
2024-11-07,229.1199951171875,235.94000244140625,228.07000732421875,233.64999389648438,158807
2024-11-08,226.33999633789062,230.1199951171875,224.64999389648438,229.1199951171875,131405
2024-11-11,223.11000061035156,225.3000030517578,220.0,223.0,382739
2024-11-12,204.52000427246094,222.97000122070312,203.5,221.64999389648438,1018661
2024-11-13,204.02000427246094,209.97999572753906,200.10000610351562,204.52000427246094,972004
2024-11-14,210.2899932861328,212.27000427246094,204.50999450683594,204.9499969482422,328274
2024-11-18,207.7100067138672,210.8699951171875,204.10000610351562,210.2899932861328,266054
2024-11-19,209.91000366210938,211.80999755859375,207.85000610351562,207.94000244140625,126762
2024-11-21,206.4199981689453,210.0399932861328,204.0500030517578,209.91000366210938,132928
2024-11-22,203.4600067138672,207.47000122070312,202.10000610351562,207.0500030517578,286046
2024-11-25,206.63999938964844,208.89999389648438,204.42999267578125,208.89999389648438,217477
2024-11-26,211.3800048828125,212.57000732421875,205.22999572753906,206.63999938964844,193228
2024-11-27,212.1999969482422,213.58999633789062,208.77999877929688,211.02000427246094,146353
2024-11-28,212.02000427246094,214.89999389648438,210.77000427246094,212.3000030517578,248281
2024-11-29,210.35000610351562,212.85000610351562,209.75999450683594,212.0399932861328,124928
2024-12-02,207.91000366210938,210.69000244140625,207.0,210.35000610351562,184073
2024-12-03,211.47000122070312,213.75999450683594,207.8000030517578,207.91000366210938,145717
2024-12-04,208.3000030517578,217.0500030517578,207.5,212.92999267578125,428395
2024-12-05,202.00999450683594,211.6999969482422,200.6999969482422,209.25,1338306
2024-12-06,203.60000610351562,207.99000549316406,202.8000030517578,203.99000549316406,518309
2024-12-09,207.1999969482422,208.0,204.3800048828125,204.3800048828125,237820
2024-12-10,228.22999572753906,233.0,207.22000122070312,208.60000610351562,2608788
2024-12-11,222.16000366210938,232.5,221.25,230.0,713747
2024-12-12,220.02000427246094,225.0,217.5,223.0,203381
2024-12-13,214.49000549316406,224.38999938964844,212.0500030517578,220.0,611363
2024-12-16,215.52000427246094,218.92999267578125,213.0,214.8000030517578,426343
2024-12-17,210.22000122070312,218.6699981689453,209.6999969482422,216.0,446349
2024-12-18,204.55999755859375,211.13999938964844,203.19000244140625,210.1999969482422,604241
2024-12-19,203.4600067138672,211.7899932861328,202.5,204.55999755859375,938690
2024-12-20,202.50999450683594,206.0,201.0,203.89999389648438,365465
2024-12-23,203.61000061035156,208.72000122070312,199.0,204.0500030517578,509640
2024-12-24,201.36000061035156,205.8000030517578,200.1999969482422,205.8000030517578,261876
2024-12-26,201.25,202.55999755859375,200.2100067138672,201.89999389648438,210033
2024-12-27,201.30999755859375,204.5,200.80999755859375,201.27000427246094,219480
2024-12-30,196.94000244140625,202.49000549316406,196.0,202.05999755859375,286087
2024-12-31,197.44000244140625,198.5399932861328,195.2100067138672,196.0,207460
2025-01-01,201.47000122070312,201.89999389648438,197.52000427246094,197.75999450683594,104629
2025-01-02,203.47000122070312,204.0,200.1699981689453,201.75,187123
2025-01-03,203.99000549316406,205.86000061035156,203.3800048828125,204.10000610351562,189536
2025-01-06,196.42999267578125,204.5,195.30999755859375,203.85000610351562,259895
2025-01-07,195.25999450683594,202.10000610351562,194.47999572753906,199.39999389648438,440696
2025-01-08,193.75999450683594,197.24000549316406,192.75,195.39999389648438,385766
2025-01-09,195.24000549316406,198.0,193.52000427246094,193.89999389648438,216080
2025-01-10,190.6699981689453,194.85000610351562,190.0,194.0,296034
2025-01-13,184.1300048828125,190.60000610351562,183.0500030517578,190.60000610351562,305556
2025-01-14,187.2100067138672,188.38999938964844,183.41000366210938,185.10000610351562,272034
2025-01-15,187.11000061035156,190.3000030517578,186.61000061035156,187.60000610351562,212014
2025-01-16,189.2899932861328,190.88999938964844,188.0,188.4499969482422,146715
2025-01-17,188.24000549316406,190.0,187.00999450683594,190.0,200401
2025-01-20,189.9199981689453,190.7100067138672,188.1999969482422,189.38999938964844,109554
2025-01-21,188.3800048828125,191.74000549316406,187.5800018310547,189.50999450683594,139263
2025-01-22,186.25999450683594,188.89999389648438,184.0,188.39999389648438,218371
2025-01-23,186.5800018310547,189.0,185.3000030517578,186.25999450683594,164817
2025-01-24,183.33999633789062,187.9499969482422,182.39999389648438,187.9499969482422,198370
2025-01-27,178.77999877929688,183.35000610351562,175.33999633789062,183.33999633789062,314635
2025-01-28,181.05999755859375,182.0,175.60000610351562,178.99000549316406,239856
2025-01-29,188.00999450683594,188.89999389648438,179.39999389648438,180.25,220279
2025-01-30,185.44000244140625,188.92999267578125,184.89999389648438,188.25,137764
2025-01-31,189.33999633789062,190.5800018310547,185.1699981689453,186.0,205314
2025-02-01,188.2899932861328,191.66000366210938,186.02999877929688,189.6999969482422,816832
2025-02-03,185.86000061035156,192.75999450683594,185.0,189.64999389648438,529264
2025-02-04,187.47999572753906,190.02000427246094,187.0,187.0,312440
2025-02-05,186.8300018310547,189.25999450683594,186.0,188.8000030517578,205597
2025-02-06,186.3699951171875,187.9600067138672,186.0,186.6999969482422,143171
2025-02-07,185.22000122070312,187.85000610351562,184.0500030517578,187.14999389648438,282026
2025-02-10,184.52000427246094,188.97000122070312,182.41000366210938,185.22000122070312,363894
2025-02-11,179.89999389648438,184.99000549316406,178.30999755859375,184.8000030517578,431054
2025-02-12,179.8000030517578,184.1999969482422,171.3000030517578,179.1999969482422,278351
2025-02-13,179.24000549316406,181.14999389648438,178.0,180.0,115440
2025-02-14,172.9600067138672,182.67999267578125,171.82000732421875,180.5500030517578,145832
2025-02-17,166.88999938964844,172.63999938964844,165.1999969482422,172.5,544343
2025-02-18,161.14999389648438,173.5,160.0,167.0,605068
2025-02-19,162.4499969482422,165.0,159.7100067138672,161.0,359487
2025-02-20,162.3300018310547,164.5,161.32000732421875,162.83999633789062,279297
2025-02-21,161.57000732421875,163.99000549316406,158.91000366210938,163.1999969482422,328571
2025-02-24,164.17999267578125,164.64999389648438,158.3000030517578,161.57000732421875,305867
2025-02-25,163.3800048828125,166.64999389648438,162.10000610351562,166.6199951171875,170351
2025-02-27,159.6199951171875,164.35000610351562,158.0,164.19000244140625,280016
2025-02-28,155.5399932861328,159.4600067138672,154.6999969482422,159.0,339458
2025-03-03,156.7100067138672,157.41000366210938,152.0,153.4499969482422,352268
2025-03-04,158.61000061035156,161.6199951171875,154.41000366210938,156.7100067138672,283142
2025-03-05,158.61000061035156,162.5800018310547,157.50999450683594,158.5,565888
2025-03-06,162.55999755859375,164.7899932861328,159.8000030517578,159.8000030517578,227448
2025-03-07,165.5800018310547,167.22000122070312,162.0,162.9499969482422,277983
2025-03-10,160.39999389648438,167.75999450683594,160.0,166.75,298758
2025-03-11,160.5500030517578,161.7100067138672,158.0500030517578,161.0,197339
2025-03-12,160.30999755859375,162.75,158.85000610351562,160.25,360832
2025-03-13,158.80999755859375,162.1999969482422,158.02000427246094,160.33999633789062,608695
2025-03-17,157.0399932861328,162.0,156.16000366210938,159.05999755859375,407807
2025-03-18,157.0399932861328,157.0399932861328,157.0399932861328,157.0399932861328,0
2025-03-19,163.8800048828125,165.3300018310547,162.1699981689453,163.0,556661
2025-03-20,164.08999633789062,167.0,163.2100067138672,166.39999389648438,260680
