Price,Close,High,Low,Open,Volume
Ticker,HEADSUP.NS,HEADSUP.NS,HEADSUP.NS,HEADSUP.NS,HEADSUP.NS
Date,,,,,
2016-12-14,224.0500030517578,224.0500030517578,213.39999389648438,213.39999389648438,267510
2016-12-15,235.25,235.25,235.25,235.25,180613
2016-12-16,223.5,247.0,223.5,247.0,458987
2016-12-19,212.35000610351562,216.9499969482422,212.35000610351562,214.0,48372
2016-12-20,201.75,201.75,201.75,201.75,32587
2016-12-21,191.6999969482422,201.75,191.6999969482422,191.6999969482422,180437
2016-12-22,182.14999389648438,189.0,182.14999389648438,188.10000610351562,67852
2016-12-23,180.89999389648438,189.89999389648438,173.0500030517578,173.0500030517578,203756
2016-12-26,171.89999389648438,177.89999389648438,171.89999389648438,174.10000610351562,81324
2016-12-27,180.35000610351562,180.4499969482422,165.25,166.0,139260
2016-12-28,214.64999389648438,216.39999389648438,184.9499969482422,185.0,959981
2016-12-29,197.64999389648438,222.0,196.0,219.0,502457
2016-12-30,195.64999389648438,206.85000610351562,191.75,197.0,290910
2017-01-02,195.14999389648438,201.89999389648438,193.9499969482422,201.6999969482422,98967
2017-01-03,187.25,197.35000610351562,186.10000610351562,195.5,135278
2017-01-04,188.5500030517578,192.39999389648438,185.89999389648438,186.8000030517578,80954
2017-01-05,190.5500030517578,194.0,187.3000030517578,188.10000610351562,135960
2017-01-06,192.9499969482422,199.89999389648438,190.39999389648438,191.10000610351562,114422
2017-01-09,190.89999389648438,194.85000610351562,189.0,194.0,61521
2017-01-10,191.75,194.5,190.0,190.0,30735
2017-01-11,191.8000030517578,194.3000030517578,191.0500030517578,193.9499969482422,44827
2017-01-12,191.75,193.0500030517578,191.0,192.8000030517578,27886
2017-01-13,199.0500030517578,208.0,191.5,191.9499969482422,256687
2017-01-16,201.85000610351562,206.0,195.9499969482422,199.9499969482422,74705
2017-01-17,201.1999969482422,205.5,199.0,204.0,54795
2017-01-18,211.25,217.39999389648438,196.10000610351562,201.0,351529
2017-01-19,204.4499969482422,217.39999389648438,202.0,211.9499969482422,142605
2017-01-20,193.3000030517578,208.0,190.4499969482422,208.0,177730
2017-01-23,195.64999389648438,200.0,193.1999969482422,193.9499969482422,54821
2017-01-24,194.89999389648438,200.0,193.3000030517578,198.0,47320
2017-01-25,190.6999969482422,197.0,188.60000610351562,195.0,65019
2017-01-27,189.5,195.0,188.39999389648438,189.0500030517578,61864
2017-01-30,185.6999969482422,192.0,184.6999969482422,190.0500030517578,33511
2017-01-31,178.39999389648438,188.85000610351562,177.25,186.10000610351562,130446
2017-02-01,178.3000030517578,181.8000030517578,167.0,179.5500030517578,109921
2017-02-02,186.89999389648438,188.60000610351562,176.1999969482422,178.9499969482422,101700
2017-02-03,185.10000610351562,190.0,182.5,186.14999389648438,20340
2017-02-06,191.5,193.64999389648438,185.9499969482422,192.89999389648438,49935
2017-02-07,187.5500030517578,192.0,186.35000610351562,191.9499969482422,27775
2017-02-08,189.39999389648438,196.85000610351562,188.14999389648438,190.0,36733
2017-02-09,188.1999969482422,195.0,187.60000610351562,192.0,35668
2017-02-10,189.85000610351562,193.9499969482422,186.60000610351562,191.85000610351562,150218
2017-02-13,191.5500030517578,192.39999389648438,186.3000030517578,188.0,73360
2017-02-14,190.60000610351562,194.89999389648438,187.0,192.0,33433
2017-02-15,186.0500030517578,194.1999969482422,185.5,190.10000610351562,36352
2017-02-16,189.85000610351562,191.0,186.0,186.5,49602
2017-02-17,186.35000610351562,190.0,185.0500030517578,188.0500030517578,31826
2017-02-20,189.0500030517578,191.5,185.10000610351562,187.5500030517578,46525
2017-02-21,189.0500030517578,190.5,188.5500030517578,189.10000610351562,30258
2017-02-22,184.39999389648438,191.5,182.9499969482422,189.0500030517578,45277
2017-02-23,187.0500030517578,190.0,185.0,188.8000030517578,56784
2017-02-27,185.89999389648438,197.0,185.0,187.0500030517578,47949
2017-02-28,185.9499969482422,190.6999969482422,185.60000610351562,187.14999389648438,34491
2017-03-01,186.64999389648438,189.0,186.0500030517578,188.75,34326
2017-03-02,186.4499969482422,188.10000610351562,184.75,184.75,26948
2017-03-03,185.1999969482422,188.8000030517578,177.5,187.0,25742
2017-03-06,179.14999389648438,186.3000030517578,178.10000610351562,182.3000030517578,70398
2017-03-07,182.5,184.6999969482422,179.5,180.0500030517578,42388
2017-03-08,190.60000610351562,192.0,182.0,183.0,79807
2017-03-09,192.0,197.64999389648438,190.0,190.0,47829
2017-03-10,193.5500030517578,196.0,192.0500030517578,193.5,44106
2017-03-14,207.1999969482422,218.35000610351562,194.0,194.0,622987
2017-03-15,222.1999969482422,226.5,202.5500030517578,207.9499969482422,697375
2017-03-16,238.6999969482422,240.1999969482422,223.0,223.0,390972
2017-03-17,242.14999389648438,246.3000030517578,225.10000610351562,242.0,221241
2017-03-20,237.9499969482422,244.8000030517578,234.0500030517578,242.0,108042
2017-03-21,221.1999969482422,241.89999389648438,216.3000030517578,239.60000610351562,229856
2017-03-22,220.85000610351562,225.64999389648438,212.10000610351562,216.89999389648438,188809
2017-03-23,217.35000610351562,222.35000610351562,216.10000610351562,218.25,34517
2017-03-24,220.85000610351562,223.89999389648438,217.60000610351562,217.64999389648438,57269
2017-03-27,216.64999389648438,225.0,215.60000610351562,224.64999389648438,27704
2017-03-28,211.3000030517578,222.64999389648438,201.3000030517578,222.64999389648438,84553
2017-03-29,213.4499969482422,220.0,212.10000610351562,213.0,249954
2017-03-30,217.39999389648438,222.35000610351562,212.8000030517578,213.0500030517578,117275
2017-03-31,214.75,223.0,212.60000610351562,218.3000030517578,42389
2017-04-03,225.75,229.6999969482422,215.0,215.0500030517578,131274
2017-04-05,229.64999389648438,236.0,226.4499969482422,226.4499969482422,115668
2017-04-06,215.14999389648438,229.39999389648438,213.0,229.39999389648438,132787
2017-04-07,211.14999389648438,219.8000030517578,210.0,219.8000030517578,105857
2017-04-10,216.5,221.9499969482422,213.64999389648438,216.5500030517578,47489
2017-04-11,209.9499969482422,221.5,208.8000030517578,221.5,70096
2017-04-12,209.35000610351562,214.8000030517578,206.5,210.0,83245
2017-04-13,204.75,211.0,203.5,208.14999389648438,143077
2017-04-17,206.85000610351562,214.6999969482422,204.85000610351562,204.89999389648438,106414
2017-04-18,205.5500030517578,209.9499969482422,204.0,209.4499969482422,34642
2017-04-19,201.5,206.14999389648438,201.0500030517578,206.14999389648438,37093
2017-04-20,206.85000610351562,208.5,200.0,204.0500030517578,42714
2017-04-21,205.10000610351562,209.0,202.6999969482422,207.89999389648438,27369
2017-04-24,207.4499969482422,214.14999389648438,205.0500030517578,205.0500030517578,29652
2017-04-25,202.10000610351562,208.0,200.64999389648438,206.6999969482422,74824
2017-04-26,198.85000610351562,209.0,197.14999389648438,203.5500030517578,68210
2017-04-27,197.39999389648438,204.5,194.10000610351562,204.5,111137
2017-04-28,195.5,198.0500030517578,195.0,198.0500030517578,38521
2017-05-02,194.8000030517578,199.10000610351562,193.39999389648438,195.5500030517578,46794
2017-05-03,190.1999969482422,196.5,190.0,195.39999389648438,554873
2017-05-04,193.5500030517578,194.89999389648438,189.5,193.85000610351562,72031
2017-05-05,192.0,197.14999389648438,190.3000030517578,191.64999389648438,49381
2017-05-08,194.0500030517578,195.9499969482422,192.0,192.0,32739
2017-05-09,193.89999389648438,196.10000610351562,191.6999969482422,194.5,26925
2017-05-10,190.0,194.89999389648438,188.8000030517578,192.10000610351562,43750
2017-05-11,191.6999969482422,193.5500030517578,190.25,190.39999389648438,22596
2017-05-12,190.3000030517578,193.9499969482422,189.0,191.75,20888
2017-05-15,188.9499969482422,196.0,187.5,196.0,29551
2017-05-16,194.0,195.89999389648438,191.0,192.9499969482422,71282
2017-05-17,199.25,199.5,192.6999969482422,195.8000030517578,66508
2017-05-18,198.3000030517578,199.9499969482422,195.64999389648438,197.60000610351562,84240
2017-05-19,195.3000030517578,204.35000610351562,189.0,198.89999389648438,66340
2017-05-22,190.60000610351562,199.0,190.0,198.0,34896
2017-05-23,186.3000030517578,194.64999389648438,185.0500030517578,193.9499969482422,33809
2017-05-24,177.4499969482422,191.5,175.14999389648438,186.35000610351562,67801
2017-05-25,169.6999969482422,189.9499969482422,168.14999389648438,184.9499969482422,98820
2017-05-26,172.85000610351562,183.9499969482422,170.0,170.0,79455
2017-05-29,173.8000030517578,179.8000030517578,171.89999389648438,179.8000030517578,47142
2017-05-30,165.5,170.9499969482422,145.25,159.0,318240
2017-05-31,165.0,173.0,162.0,173.0,41933
2017-06-01,161.25,168.39999389648438,160.4499969482422,160.4499969482422,36246
2017-06-02,157.6999969482422,165.8000030517578,156.25,163.0,46660
2017-06-05,176.39999389648438,189.1999969482422,157.5,160.0,661476
2017-06-06,177.0,182.5,171.0,177.5,125499
2017-06-07,171.89999389648438,179.9499969482422,170.14999389648438,179.9499969482422,53670
2017-06-08,174.8000030517578,177.0,171.0,176.60000610351562,29898
2017-06-09,170.9499969482422,175.5,170.0,175.0,41562
2017-06-12,175.35000610351562,180.0,170.9499969482422,170.9499969482422,52315
2017-06-13,175.1999969482422,177.89999389648438,172.5500030517578,175.85000610351562,15007
2017-06-14,169.8000030517578,179.5,168.0,179.5,49562
2017-06-15,168.35000610351562,174.0,167.0,170.10000610351562,49062
2017-06-16,169.60000610351562,172.0,167.4499969482422,172.0,30205
2017-06-19,166.6999969482422,171.85000610351562,166.25,171.85000610351562,15657
2017-06-20,165.5,169.5500030517578,165.14999389648438,167.0,15348
2017-06-21,171.14999389648438,173.4499969482422,158.25,165.5,130099
2017-06-22,166.0,173.9499969482422,163.5,173.9499969482422,34665
2017-06-23,161.4499969482422,166.8000030517578,159.0,164.0,61006
2017-06-27,154.64999389648438,168.0,152.25,161.0,43673
2017-06-28,153.85000610351562,156.5500030517578,150.64999389648438,152.35000610351562,28975
2017-06-29,154.35000610351562,156.5500030517578,152.14999389648438,153.25,32915
2017-06-30,153.6999969482422,159.85000610351562,149.0,154.75,82299
2017-07-03,157.1999969482422,158.1999969482422,153.8000030517578,154.5,35214
2017-07-04,168.25,172.5,158.39999389648438,162.6999969482422,87666
2017-07-05,169.85000610351562,173.35000610351562,168.0500030517578,172.0,78662
2017-07-06,167.1999969482422,175.0,163.4499969482422,175.0,49605
2017-07-07,160.14999389648438,169.6999969482422,155.5,169.6999969482422,46032
2017-07-10,161.89999389648438,164.0,156.25,160.10000610351562,6195
2017-07-11,157.9499969482422,165.0,153.0,164.0,39467
2017-07-12,162.25,164.1999969482422,158.1999969482422,160.10000610351562,67716
2017-07-13,162.5500030517578,163.0,159.10000610351562,162.10000610351562,46012
2017-07-14,163.9499969482422,169.6999969482422,163.0,163.14999389648438,48018
2017-07-17,160.3000030517578,165.25,160.0,163.25,32730
2017-07-18,159.5500030517578,162.75,158.0,159.64999389648438,16703
2017-07-19,157.3000030517578,164.4499969482422,155.5,160.0,58414
2017-07-20,160.0500030517578,161.9499969482422,157.14999389648438,161.9499969482422,22770
2017-07-21,159.5500030517578,162.0,156.60000610351562,158.5,30887
2017-07-24,161.85000610351562,163.4499969482422,158.60000610351562,159.0,31947
2017-07-25,158.3000030517578,164.0,157.0,163.0500030517578,28286
2017-07-26,156.75,160.25,155.5,157.85000610351562,30653
2017-07-27,156.1999969482422,158.5500030517578,155.5500030517578,157.6999969482422,12986
2017-07-28,154.75,157.3000030517578,153.3000030517578,156.0,15223
2017-07-31,154.85000610351562,158.64999389648438,153.64999389648438,154.5500030517578,22028
2017-08-01,153.5500030517578,155.5,150.89999389648438,155.0,41803
2017-08-02,153.64999389648438,158.8000030517578,152.35000610351562,153.0,8842
2017-08-03,150.75,157.89999389648438,150.10000610351562,157.89999389648438,26190
2017-08-04,152.5,154.60000610351562,148.6999969482422,151.0,19519
2017-08-07,164.0,165.89999389648438,150.5,158.0,98005
2017-08-08,157.60000610351562,162.9499969482422,155.60000610351562,162.89999389648438,69357
2017-08-09,154.25,160.0,153.0,157.0,14517
2017-08-10,147.0,156.1999969482422,146.0,153.60000610351562,20916
2017-08-11,149.5,154.0,144.39999389648438,146.0,45518
2017-08-14,149.3000030517578,151.75,147.1999969482422,151.0,23435
2017-08-16,152.5,154.14999389648438,149.75,149.75,30930
2017-08-17,149.25,153.0,147.0,149.64999389648438,21824
2017-08-18,148.4499969482422,151.39999389648438,146.0,148.64999389648438,34767
2017-08-21,147.4499969482422,150.60000610351562,145.5500030517578,148.1999969482422,23635
2017-08-22,143.9499969482422,148.75,142.64999389648438,145.60000610351562,28286
2017-08-23,142.64999389648438,146.85000610351562,142.10000610351562,146.85000610351562,19496
2017-08-24,153.6999969482422,163.85000610351562,142.10000610351562,143.0,94364
2017-08-28,159.6999969482422,167.0,155.0500030517578,160.0,55235
2017-08-29,154.1999969482422,164.0,152.60000610351562,164.0,25590
2017-08-30,160.5,162.0500030517578,152.4499969482422,152.4499969482422,26250
2017-08-31,157.75,162.5,157.0,162.5,10175
2017-09-01,153.35000610351562,159.1999969482422,152.5,158.0,20601
2017-09-04,153.6999969482422,157.75,152.10000610351562,156.35000610351562,27423
2017-09-05,157.6999969482422,158.75,151.10000610351562,152.1999969482422,36109
2017-09-06,156.39999389648438,158.0500030517578,155.89999389648438,157.5,10558
2017-09-07,157.8000030517578,160.5,153.0,159.0,49463
2017-09-08,153.6999969482422,160.0,152.5,159.89999389648438,33153
2017-09-11,157.0,166.3000030517578,152.5500030517578,158.0,23111
2017-09-12,156.89999389648438,158.0,151.0,155.64999389648438,17772
2017-09-13,149.39999389648438,157.8000030517578,147.10000610351562,157.8000030517578,34149
2017-09-14,155.3000030517578,158.8000030517578,147.10000610351562,149.0,186407
2017-09-15,155.6999969482422,159.75,151.0,156.0,232287
2017-09-18,157.39999389648438,164.9499969482422,153.5,159.5,269627
2017-09-19,155.5500030517578,158.3000030517578,154.10000610351562,158.0,40111
2017-09-20,151.64999389648438,157.39999389648438,150.64999389648438,154.64999389648438,46765
2017-09-21,150.8000030517578,154.3000030517578,149.0,151.75,32718
2017-09-22,143.89999389648438,150.5500030517578,142.1999969482422,148.0,40620
2017-09-25,141.10000610351562,143.89999389648438,138.0,143.89999389648438,41691
2017-09-26,140.10000610351562,144.9499969482422,139.0500030517578,140.0,14274
2017-09-27,140.0500030517578,146.0,138.10000610351562,144.0,837620
2017-09-28,148.4499969482422,149.6999969482422,139.5,145.5,160103
2017-09-29,147.35000610351562,153.5,146.5,150.0,78981
2017-10-03,150.4499969482422,153.6999969482422,147.5500030517578,150.0,31944
2017-10-04,148.10000610351562,149.5,147.0,147.3000030517578,14863
2017-10-05,151.0500030517578,153.4499969482422,147.0,147.10000610351562,15937
2017-10-06,151.0500030517578,155.0,150.0,151.0,34519
2017-10-09,151.60000610351562,153.6999969482422,150.0,150.14999389648438,26875
2017-10-10,146.5500030517578,152.5,144.6999969482422,151.60000610351562,51526
2017-10-11,145.39999389648438,149.0500030517578,144.0,147.3000030517578,22302
2017-10-12,143.1999969482422,148.0,140.25,145.0,18539
2017-10-13,141.8000030517578,147.39999389648438,140.25,144.35000610351562,16864
2017-10-16,142.6999969482422,143.8000030517578,140.35000610351562,141.0,13707
2017-10-17,140.0,144.9499969482422,137.60000610351562,141.0,34769
2017-10-18,143.5,151.9499969482422,138.8000030517578,138.8000030517578,93078
2017-10-19,146.39999389648438,150.75,144.39999389648438,148.85000610351562,29644
2017-10-23,142.0,149.6999969482422,140.39999389648438,149.6999969482422,76499
2017-10-24,144.0,146.0,142.35000610351562,142.35000610351562,19494
2017-10-25,142.5,147.39999389648438,141.10000610351562,144.5500030517578,31243
2017-10-26,142.25,146.6999969482422,140.14999389648438,142.5,27598
2017-10-27,141.85000610351562,144.14999389648438,141.14999389648438,142.25,37416
2017-10-30,148.85000610351562,153.4499969482422,142.10000610351562,143.9499969482422,97550
2017-10-31,148.5500030517578,150.75,145.0,145.0,33639
2017-11-01,143.9499969482422,148.85000610351562,143.0,147.0,18812
2017-11-02,143.85000610351562,146.5,142.0,145.5,28342
2017-11-03,143.14999389648438,147.5500030517578,142.0,143.85000610351562,75278
2017-11-06,143.1999969482422,147.0,142.0,143.3000030517578,34242
2017-11-07,141.8000030517578,145.0,140.89999389648438,143.3000030517578,29340
2017-11-08,140.35000610351562,143.0,140.0,140.6999969482422,14150
2017-11-09,139.25,143.0,137.1999969482422,143.0,19457
2017-11-10,138.10000610351562,140.9499969482422,137.0500030517578,138.0,52316
2017-11-13,138.75,142.0,137.0,141.4499969482422,28768
2017-11-14,136.6999969482422,139.9499969482422,136.0,139.75,20978
2017-11-15,136.39999389648438,138.0,135.5,136.89999389648438,14319
2017-11-16,134.5,137.89999389648438,133.0,135.5,13347
2017-11-17,131.75,135.9499969482422,129.0,135.0,43472
2017-11-20,136.60000610351562,141.0,130.10000610351562,130.3000030517578,40199
2017-11-21,138.9499969482422,142.0,133.0,133.0,37818
2017-11-22,139.60000610351562,152.0,114.80000305175781,139.60000610351562,169334
2017-11-23,141.8000030517578,147.0,139.5,141.5,38079
2017-11-24,138.60000610351562,143.0,135.10000610351562,143.0,33472
2017-11-27,139.14999389648438,145.0500030517578,137.5,138.0,32293
2017-11-28,138.25,142.6999969482422,136.25,140.9499969482422,30069
2017-11-29,138.0,142.39999389648438,136.1999969482422,138.0500030517578,27819
2017-11-30,137.64999389648438,139.8000030517578,135.14999389648438,139.8000030517578,47640
2017-12-01,138.60000610351562,145.0,136.10000610351562,136.10000610351562,36965
2017-12-04,138.85000610351562,142.0,136.0500030517578,142.0,15835
2017-12-05,140.0,143.89999389648438,134.85000610351562,138.0,39900
2017-12-06,138.9499969482422,149.64999389648438,138.0,141.4499969482422,124899
2017-12-07,139.25,143.0,138.14999389648438,140.0,88567
2017-12-08,139.35000610351562,141.9499969482422,137.64999389648438,141.8000030517578,52537
2017-12-11,141.89999389648438,144.6999969482422,139.0,139.10000610351562,95103
2017-12-12,143.5,147.0,142.3000030517578,142.35000610351562,91922
2017-12-13,142.0,150.0,139.5,145.0,52627
2017-12-14,141.6999969482422,144.89999389648438,139.35000610351562,143.9499969482422,55383
2017-12-15,137.85000610351562,142.0,137.0,141.5,59061
2017-12-18,138.3000030517578,141.8000030517578,133.35000610351562,138.10000610351562,22671
2017-12-19,139.85000610351562,141.5,138.64999389648438,139.5500030517578,31330
2017-12-20,158.75,164.3000030517578,139.0,141.9499969482422,705283
2017-12-21,159.35000610351562,166.64999389648438,153.39999389648438,162.85000610351562,257034
2017-12-22,157.60000610351562,163.39999389648438,156.1999969482422,160.10000610351562,147833
2017-12-26,157.39999389648438,162.5,155.60000610351562,158.60000610351562,89651
2017-12-27,155.8000030517578,165.0,154.10000610351562,160.0,70809
2017-12-28,154.60000610351562,161.0,153.14999389648438,156.0,39774
2017-12-29,152.64999389648438,156.89999389648438,151.9499969482422,154.25,35418
2018-01-01,153.75,159.0,148.35000610351562,154.0,69599
2018-01-02,157.0,159.0,150.0,153.0,61732
2018-01-03,156.39999389648438,158.10000610351562,153.35000610351562,156.60000610351562,52578
2018-01-04,163.1999969482422,165.5500030517578,156.0500030517578,157.9499969482422,311619
2018-01-05,168.8000030517578,170.0,161.1999969482422,164.64999389648438,196140
2018-01-08,183.10000610351562,188.3000030517578,168.8000030517578,172.39999389648438,507137
2018-01-09,176.64999389648438,188.0,173.25,184.10000610351562,243914
2018-01-10,175.85000610351562,181.14999389648438,174.0,176.39999389648438,149747
2018-01-11,178.5500030517578,183.5,171.60000610351562,177.6999969482422,315363
2018-01-12,178.39999389648438,183.0,166.5500030517578,182.0,278725
2018-01-15,175.60000610351562,182.0,173.0500030517578,179.89999389648438,77271
2018-01-16,168.0500030517578,178.89999389648438,166.35000610351562,178.85000610351562,66918
2018-01-17,174.0,175.39999389648438,162.0,168.0,66332
2018-01-18,161.8000030517578,176.8000030517578,160.10000610351562,172.9499969482422,87412
2018-01-19,168.10000610351562,169.0,160.39999389648438,165.0,91696
2018-01-22,170.0,172.39999389648438,167.35000610351562,171.0,71166
2018-01-23,164.25,170.89999389648438,163.10000610351562,167.0500030517578,34583
2018-01-24,162.3000030517578,164.85000610351562,161.6999969482422,164.0500030517578,24998
2018-01-25,162.14999389648438,165.0,162.0,163.10000610351562,24228
2018-01-29,156.75,166.0,155.14999389648438,163.60000610351562,29663
2018-01-30,152.4499969482422,157.0,151.1999969482422,157.0,26823
2018-01-31,149.39999389648438,155.0,149.0500030517578,155.0,29278
2018-02-01,152.0,153.0,145.0500030517578,147.5500030517578,30942
2018-02-02,144.10000610351562,150.10000610351562,141.0,150.10000610351562,57010
2018-02-05,142.89999389648438,145.0,137.89999389648438,140.0,28175
2018-02-06,139.3000030517578,142.0,133.5,140.0,38295
2018-02-07,144.3000030517578,146.9499969482422,139.0,139.0,25018
2018-02-08,147.9499969482422,149.0,144.5500030517578,148.0,21497
2018-02-09,146.1999969482422,147.39999389648438,138.5,138.5,30452
2018-02-12,141.39999389648438,153.0,138.4499969482422,153.0,86360
2018-02-14,144.3000030517578,146.9499969482422,141.5500030517578,146.9499969482422,26898
2018-02-15,142.6999969482422,147.0,141.9499969482422,147.0,13577
2018-02-16,138.5,143.0,137.85000610351562,142.85000610351562,35512
2018-02-19,132.89999389648438,142.60000610351562,131.0,142.60000610351562,37219
2018-02-20,131.8000030517578,135.9499969482422,127.0,135.0500030517578,25315
2018-02-21,133.5500030517578,134.85000610351562,131.6999969482422,133.9499969482422,11787
2018-02-22,130.75,132.5,129.89999389648438,130.6999969482422,28189
2018-02-23,136.0500030517578,137.0,132.4499969482422,132.5,25537
2018-02-26,136.60000610351562,142.5,136.10000610351562,142.5,10078
2018-02-27,136.60000610351562,138.9499969482422,136.0,137.0500030517578,4525
2018-02-28,136.4499969482422,147.5,131.0500030517578,135.89999389648438,20876
2018-03-01,135.0,137.85000610351562,134.8000030517578,137.5,15470
2018-03-05,132.6999969482422,137.9499969482422,132.0,134.0500030517578,10177
2018-03-06,127.69999694824219,134.85000610351562,127.0,132.5500030517578,26288
2018-03-07,122.0999984741211,129.60000610351562,118.1500015258789,127.8499984741211,76515
2018-03-08,120.3499984741211,124.0,117.5999984741211,124.0,192801
2018-03-09,124.5999984741211,132.9499969482422,121.5,123.94999694824219,143270
2018-03-12,120.5999984741211,127.94999694824219,119.1500015258789,126.30000305175781,101066
2018-03-13,121.30000305175781,123.8499984741211,119.0999984741211,121.05000305175781,20344
2018-03-14,119.0,122.30000305175781,118.25,120.05000305175781,17508
2018-03-15,120.0999984741211,121.94999694824219,118.6500015258789,120.80000305175781,27078
2018-03-16,120.3499984741211,125.94999694824219,119.1500015258789,119.1500015258789,205261
2018-03-19,115.0999984741211,122.5,113.05000305175781,122.44999694824219,35991
2018-03-20,112.9000015258789,114.1500015258789,110.05000305175781,114.0,32691
2018-03-21,116.0,117.44999694824219,112.25,113.05000305175781,16320
2018-03-22,113.5999984741211,117.5,112.19999694824219,117.5,51568
2018-03-23,111.4000015258789,114.9000015258789,108.1500015258789,111.75,45253
2018-03-26,105.25,113.94999694824219,104.44999694824219,113.94999694824219,99114
2018-03-27,110.4000015258789,114.9000015258789,105.5,106.4000015258789,25873
2018-03-28,107.0999984741211,112.80000305175781,106.3499984741211,110.4000015258789,46921
2018-04-02,116.4000015258789,116.5,106.55000305175781,110.25,20027
2018-04-03,117.75,119.75,114.0999984741211,116.4000015258789,9334
2018-04-04,116.05000305175781,120.0,115.1500015258789,120.0,19700
2018-04-05,115.1500015258789,136.1999969482422,111.1500015258789,116.5999984741211,266451
2018-04-06,112.30000305175781,118.0,111.1500015258789,114.1500015258789,67006
2018-04-09,116.1500015258789,121.80000305175781,114.05000305175781,117.9000015258789,53349
2018-04-10,114.30000305175781,117.0,113.0,117.0,20001
2018-04-11,113.69999694824219,115.80000305175781,112.4000015258789,115.80000305175781,9257
2018-04-12,111.94999694824219,114.55000305175781,111.30000305175781,114.55000305175781,15750
2018-04-13,113.55000305175781,114.19999694824219,112.0,113.05000305175781,13651
2018-04-16,113.0999984741211,117.44999694824219,111.0,113.80000305175781,15789
2018-04-17,111.55000305175781,113.69999694824219,108.3499984741211,113.25,17364
2018-04-18,105.5,113.9000015258789,104.94999694824219,112.5999984741211,39485
2018-04-19,103.3499984741211,108.69999694824219,102.0,106.0999984741211,30983
2018-04-20,102.4000015258789,104.25,101.0999984741211,101.0999984741211,21167
2018-04-23,104.55000305175781,105.5,101.6500015258789,105.0,19076
2018-04-24,111.30000305175781,114.9000015258789,107.5999984741211,107.5999984741211,62965
2018-04-25,109.55000305175781,112.0,108.44999694824219,111.30000305175781,24919
2018-04-26,105.44999694824219,109.75,103.4000015258789,107.0999984741211,24145
2018-04-27,102.69999694824219,106.94999694824219,101.05000305175781,105.94999694824219,26713
2018-04-30,104.25,109.44999694824219,103.0999984741211,103.75,34693
2018-05-02,101.69999694824219,105.94999694824219,101.0,105.30000305175781,30772
2018-05-03,98.25,102.94999694824219,96.6500015258789,102.05000305175781,16036
2018-05-04,94.0999984741211,98.05000305175781,93.19999694824219,98.05000305175781,46491
2018-05-07,94.69999694824219,96.94999694824219,92.6500015258789,93.55000305175781,60805
2018-05-08,92.05000305175781,96.44999694824219,91.5,93.1500015258789,23854
2018-05-09,90.44999694824219,94.05000305175781,90.0,93.94999694824219,21364
2018-05-10,84.30000305175781,91.75,82.0999984741211,90.55000305175781,65744
2018-05-11,75.5,84.0,75.0,82.55000305175781,121018
2018-05-14,71.55000305175781,77.5,71.1500015258789,74.1500015258789,50265
2018-05-15,85.55000305175781,85.8499984741211,71.80000305175781,74.0,376164
2018-05-16,78.75,87.0,76.5999984741211,85.55000305175781,133201
2018-05-17,77.8499984741211,81.0,76.55000305175781,81.0,32343
2018-05-18,79.9000015258789,82.5,77.0999984741211,80.5,46666
2018-05-21,75.5999984741211,81.5,72.8499984741211,80.9000015258789,36348
2018-05-22,79.0,79.75,76.05000305175781,76.05000305175781,17375
2018-05-23,79.5,82.0,76.19999694824219,77.1500015258789,41040
2018-05-24,77.05000305175781,81.75,75.5999984741211,81.75,11189
2018-05-25,82.94999694824219,86.75,77.5,80.30000305175781,39021
2018-05-28,84.1500015258789,85.0,80.5999984741211,83.5,21476
2018-05-29,85.05000305175781,86.5,79.5,82.80000305175781,25560
2018-05-30,83.3499984741211,85.4000015258789,81.1500015258789,85.0,9205
2018-05-31,82.55000305175781,85.94999694824219,82.05000305175781,83.44999694824219,12834
2018-06-01,79.55000305175781,84.5999984741211,78.0,84.55000305175781,7386
2018-06-04,75.6500015258789,82.94999694824219,74.0,82.94999694824219,13841
2018-06-05,72.25,79.55000305175781,71.25,73.94999694824219,13167
2018-06-06,72.30000305175781,75.5999984741211,70.5999984741211,72.0,16623
2018-06-07,78.4000015258789,79.19999694824219,71.69999694824219,74.44999694824219,19438
2018-06-08,79.1500015258789,80.0,76.05000305175781,80.0,11841
2018-06-11,75.0999984741211,80.0,74.44999694824219,79.30000305175781,17196
2018-06-12,75.19999694824219,77.1500015258789,75.0,76.94999694824219,5074
2018-06-13,76.30000305175781,78.75,75.0,77.5,25976
2018-06-14,77.5999984741211,77.94999694824219,75.0,75.0,9293
2018-06-15,76.8499984741211,80.0999984741211,76.0,78.6500015258789,17682
2018-06-18,74.30000305175781,81.94999694824219,73.30000305175781,81.94999694824219,21663
2018-06-19,72.0,76.0,68.44999694824219,73.0999984741211,27334
2018-06-20,71.69999694824219,72.9000015258789,70.25,72.25,4100
2018-06-21,69.0999984741211,72.9000015258789,69.0,71.1500015258789,12912
2018-06-22,66.6500015258789,68.0999984741211,62.25,68.0999984741211,20895
2018-06-25,63.25,74.80000305175781,62.70000076293945,66.05000305175781,25701
2018-06-26,63.79999923706055,70.0,62.0,65.0,22200
2018-06-27,64.94999694824219,68.0,60.5,67.0,30133
2018-06-28,62.54999923706055,66.69999694824219,61.099998474121094,66.69999694824219,5899
2018-06-29,63.70000076293945,65.5,63.25,65.5,3012
2018-07-02,62.70000076293945,64.4000015258789,60.150001525878906,63.04999923706055,6735
2018-07-03,63.25,65.25,61.400001525878906,63.5,9668
2018-07-04,61.650001525878906,65.44999694824219,60.650001525878906,65.44999694824219,8675
2018-07-05,61.650001525878906,64.0999984741211,61.0,64.0999984741211,19004
2018-07-06,62.20000076293945,63.25,60.0,61.400001525878906,7314
2018-07-09,61.849998474121094,62.5,58.25,61.400001525878906,6902
2018-07-10,63.25,66.5,61.79999923706055,63.0,12610
2018-07-11,63.400001525878906,66.0,61.20000076293945,66.0,8089
2018-07-12,64.05000305175781,66.0,61.70000076293945,65.0,14572
2018-07-13,62.04999923706055,65.69999694824219,61.650001525878906,65.69999694824219,9404
2018-07-16,59.5,64.5,59.0,62.0,6019
2018-07-17,60.04999923706055,63.0,59.5,59.5,7098
2018-07-18,59.75,63.0,59.349998474121094,63.0,4978
2018-07-19,53.099998474121094,60.400001525878906,51.20000076293945,59.54999923706055,28861
2018-07-20,62.0,63.04999923706055,52.5,52.5,37594
2018-07-23,63.45000076293945,67.0,58.75,61.95000076293945,9825
2018-07-24,62.75,67.0,61.04999923706055,64.0,17242
2018-07-25,62.95000076293945,65.9000015258789,61.349998474121094,62.5,6401
2018-07-26,64.44999694824219,73.9000015258789,62.04999923706055,62.099998474121094,20642
2018-07-27,64.44999694824219,67.5,62.599998474121094,67.5,6309
2018-07-30,64.5999984741211,66.0,62.599998474121094,63.0,5262
2018-07-31,65.0999984741211,66.0,63.5,64.0,3863
2018-08-01,66.1500015258789,67.0,64.0999984741211,64.0999984741211,6221
2018-08-02,65.05000305175781,69.9000015258789,64.5999984741211,67.3499984741211,27998
2018-08-03,64.55000305175781,68.80000305175781,64.0,68.80000305175781,11463
2018-08-06,65.05000305175781,67.0,64.5999984741211,64.5999984741211,21973
2018-08-07,66.55000305175781,71.0,64.5,64.5,50657
2018-08-08,67.5999984741211,73.0,67.0,70.0,32322
2018-08-09,65.5999984741211,70.80000305175781,65.0,68.5999984741211,26406
2018-08-10,65.05000305175781,68.80000305175781,64.5,65.0,11435
2018-08-13,64.19999694824219,66.0,63.349998474121094,65.05000305175781,7620
2018-08-14,60.900001525878906,64.19999694824219,58.0,64.19999694824219,79806
2018-08-16,59.20000076293945,61.70000076293945,57.0,60.0,73069
2018-08-17,57.599998474121094,59.849998474121094,57.099998474121094,58.54999923706055,13895
2018-08-20,57.70000076293945,61.70000076293945,57.29999923706055,57.45000076293945,18309
2018-08-21,56.70000076293945,58.45000076293945,55.29999923706055,57.54999923706055,14678
2018-08-23,57.400001525878906,58.0,55.75,56.0,13181
2018-08-24,57.599998474121094,58.349998474121094,54.900001525878906,57.0,68879
2018-08-27,56.349998474121094,58.5,55.25,55.25,21005
2018-08-28,54.75,57.54999923706055,54.5,56.349998474121094,26306
2018-08-29,53.900001525878906,55.45000076293945,52.54999923706055,54.5,28449
2018-08-30,54.5,57.400001525878906,54.0,57.400001525878906,6676
2018-08-31,53.75,55.70000076293945,53.0,54.0,11910
2018-09-03,53.150001525878906,55.79999923706055,52.75,55.79999923706055,15403
2018-09-04,51.75,54.099998474121094,51.0,54.04999923706055,15802
2018-09-05,52.5,55.0,50.849998474121094,52.70000076293945,15229
2018-09-06,53.150001525878906,55.70000076293945,51.400001525878906,55.70000076293945,12022
2018-09-07,54.349998474121094,56.0,51.5,55.70000076293945,10426
2018-09-10,54.25,58.0,52.5,56.5,5614
2018-09-11,51.400001525878906,55.79999923706055,51.0,54.650001525878906,15689
2018-09-12,50.599998474121094,54.400001525878906,50.29999923706055,54.400001525878906,10645
2018-09-14,54.0,54.5,50.29999923706055,52.79999923706055,9769
2018-09-17,52.0,55.0,51.400001525878906,53.0,15577
2018-09-18,51.099998474121094,53.75,51.0,52.04999923706055,4297
2018-09-19,51.150001525878906,52.900001525878906,50.599998474121094,52.79999923706055,6699
2018-09-21,47.900001525878906,52.70000076293945,45.150001525878906,51.0,7022
2018-09-24,42.29999923706055,50.70000076293945,41.70000076293945,50.70000076293945,35083
2018-09-25,43.900001525878906,45.75,40.54999923706055,43.04999923706055,14298
2018-09-26,42.650001525878906,45.70000076293945,41.349998474121094,44.0,6759
2018-09-27,40.150001525878906,44.5,40.0,42.54999923706055,10744
2018-09-28,36.29999923706055,42.95000076293945,35.5,40.29999923706055,41250
2018-10-01,37.70000076293945,38.0,34.0,38.0,12516
2018-10-03,37.25,41.900001525878906,35.349998474121094,41.25,38395
2018-10-04,39.95000076293945,40.95000076293945,36.0,36.0,23825
2018-10-05,41.29999923706055,44.29999923706055,36.5,40.650001525878906,26781
2018-10-08,37.79999923706055,43.70000076293945,37.099998474121094,38.150001525878906,12058
2018-10-09,40.04999923706055,41.0,37.0,38.0,82684
2018-10-10,42.29999923706055,45.0,39.95000076293945,39.95000076293945,23371
2018-10-11,41.25,42.79999923706055,37.79999923706055,42.70000076293945,15161
2018-10-12,44.20000076293945,45.0,41.04999923706055,44.75,14875
2018-10-15,45.70000076293945,47.79999923706055,43.20000076293945,47.79999923706055,11119
2018-10-16,47.04999923706055,48.849998474121094,46.5,48.849998474121094,11088
2018-10-17,45.29999923706055,49.5,38.599998474121094,49.5,21426
2018-10-19,42.70000076293945,45.0,42.0,45.0,8603
2018-10-22,39.900001525878906,46.95000076293945,38.25,46.95000076293945,19417
2018-10-23,40.95000076293945,41.849998474121094,38.04999923706055,38.5,11473
2018-10-24,39.29999923706055,41.900001525878906,38.349998474121094,38.349998474121094,11464
2018-10-25,37.900001525878906,41.04999923706055,37.04999923706055,41.04999923706055,17172
2018-10-26,36.900001525878906,39.5,36.099998474121094,37.5,13063
2018-10-29,38.650001525878906,39.75,36.54999923706055,36.54999923706055,13804
2018-10-30,39.70000076293945,41.650001525878906,38.0,38.0,10137
2018-10-31,41.400001525878906,41.900001525878906,38.95000076293945,39.95000076293945,5495
2018-11-01,39.79999923706055,42.70000076293945,38.70000076293945,42.70000076293945,51896
2018-11-02,40.29999923706055,41.900001525878906,39.650001525878906,39.650001525878906,20637
2018-11-05,39.900001525878906,41.0,38.0,38.5,4635
2018-11-06,38.0,42.45000076293945,37.599998474121094,40.70000076293945,33579
2018-11-07,39.79999923706055,40.0,38.5,40.0,7034
2018-11-09,38.75,39.79999923706055,38.25,39.75,18552
2018-11-12,38.900001525878906,39.849998474121094,38.0,38.75,9494
2018-11-13,38.04999923706055,39.45000076293945,37.349998474121094,37.349998474121094,25040
2018-11-14,38.400001525878906,38.95000076293945,37.04999923706055,38.04999923706055,13124
2018-11-15,37.75,38.900001525878906,37.400001525878906,38.900001525878906,7853
2018-11-16,37.599998474121094,38.79999923706055,37.04999923706055,37.04999923706055,5505
2018-11-19,37.650001525878906,38.599998474121094,37.25,37.70000076293945,7148
2018-11-20,37.400001525878906,38.70000076293945,36.849998474121094,37.0,6329
2018-11-21,38.099998474121094,38.900001525878906,35.25,37.0,6378
2018-11-22,37.0,38.599998474121094,36.349998474121094,38.599998474121094,11116
2018-11-26,36.75,38.54999923706055,35.79999923706055,37.20000076293945,24869
2018-11-27,36.650001525878906,36.79999923706055,35.650001525878906,36.20000076293945,5870
2018-11-28,34.650001525878906,37.5,34.25,37.45000076293945,5536
2018-11-29,33.95000076293945,36.0,33.5,36.0,28846
2018-11-30,33.650001525878906,35.75,33.099998474121094,35.75,14009
2018-12-03,34.04999923706055,34.45000076293945,33.5,33.849998474121094,4205
2018-12-04,32.900001525878906,35.29999923706055,32.099998474121094,34.54999923706055,42268
2018-12-05,34.0,38.0,32.04999923706055,33.45000076293945,124476
2018-12-06,34.150001525878906,36.0,33.54999923706055,35.5,13049
2018-12-07,33.150001525878906,35.0,31.25,34.04999923706055,27627
2018-12-10,32.45000076293945,33.95000076293945,31.149999618530273,33.900001525878906,34962
2018-12-11,32.79999923706055,34.20000076293945,31.899999618530273,32.5,9101
2018-12-12,33.849998474121094,34.400001525878906,32.45000076293945,32.5,14316
2018-12-13,33.79999923706055,34.75,32.599998474121094,34.75,11369
2018-12-14,40.29999923706055,40.54999923706055,34.0,34.95000076293945,324365
2018-12-17,37.400001525878906,40.79999923706055,37.0,40.099998474121094,84027
2018-12-18,37.5,38.400001525878906,35.79999923706055,38.0,30915
2018-12-19,37.29999923706055,39.0,36.54999923706055,37.5,28087
2018-12-20,36.79999923706055,37.5,36.5,37.5,18270
2018-12-21,36.349998474121094,38.0,36.0,36.650001525878906,27092
2018-12-24,36.400001525878906,38.400001525878906,36.0,36.400001525878906,25541
2018-12-26,36.150001525878906,37.54999923706055,35.29999923706055,36.349998474121094,35269
2018-12-27,35.54999923706055,37.0,35.25,36.20000076293945,9961
2018-12-28,36.20000076293945,36.95000076293945,35.650001525878906,36.95000076293945,6966
2018-12-31,36.25,36.900001525878906,36.0,36.900001525878906,14181
2019-01-01,36.54999923706055,38.75,36.349998474121094,36.900001525878906,26871
2019-01-02,36.04999923706055,36.900001525878906,35.79999923706055,36.54999923706055,16276
2019-01-03,35.650001525878906,36.70000076293945,35.5,36.150001525878906,10514
2019-01-04,35.54999923706055,36.400001525878906,35.25,36.04999923706055,11537
2019-01-07,35.900001525878906,36.5,35.54999923706055,35.599998474121094,12413
2019-01-08,35.75,36.400001525878906,35.599998474121094,35.849998474121094,5020
2019-01-09,34.400001525878906,36.150001525878906,34.099998474121094,35.79999923706055,29293
2019-01-10,34.95000076293945,35.349998474121094,34.25,35.20000076293945,6269
2019-01-11,34.599998474121094,37.45000076293945,34.349998474121094,36.0,12428
2019-01-14,34.79999923706055,35.650001525878906,34.349998474121094,34.650001525878906,12510
2019-01-15,35.79999923706055,36.400001525878906,34.29999923706055,34.849998474121094,20128
2019-01-16,35.650001525878906,37.45000076293945,35.5,35.849998474121094,25317
2019-01-17,34.95000076293945,35.849998474121094,34.25,35.849998474121094,6136
2019-01-18,34.25,35.04999923706055,34.20000076293945,35.04999923706055,5974
2019-01-21,33.29999923706055,35.349998474121094,33.20000076293945,34.25,10589
2019-01-22,33.79999923706055,35.0,33.349998474121094,35.0,5747
2019-01-23,32.04999923706055,34.099998474121094,32.0,34.099998474121094,50978
2019-01-24,31.399999618530273,32.900001525878906,31.200000762939453,32.0,31694
2019-01-25,32.04999923706055,32.70000076293945,31.200000762939453,31.5,20484
2019-01-28,30.950000762939453,32.0,30.549999237060547,32.0,12700
2019-01-29,30.950000762939453,32.5,30.299999237060547,30.649999618530273,38105
2019-01-30,30.950000762939453,31.700000762939453,30.25,30.25,4978
2019-01-31,30.600000381469727,33.79999923706055,30.200000762939453,30.649999618530273,12672
2019-02-01,30.75,32.0,30.200000762939453,31.950000762939453,13059
2019-02-04,29.450000762939453,31.600000381469727,27.350000381469727,30.75,38892
2019-02-05,26.649999618530273,29.850000381469727,25.450000762939453,29.350000381469727,60416
2019-02-06,25.75,28.950000762939453,24.350000381469727,28.950000762939453,28594
2019-02-07,23.950000762939453,26.950000762939453,23.0,25.0,70033
2019-02-08,28.299999237060547,28.700000762939453,23.399999618530273,23.850000381469727,108635
2019-02-11,31.75,33.349998474121094,25.399999618530273,28.0,79835
2019-02-12,30.25,32.0,29.5,32.0,20650
2019-02-14,31.149999618530273,34.099998474121094,27.299999237060547,28.950000762939453,37151
2019-02-15,31.149999618530273,31.950000762939453,29.549999237060547,30.149999618530273,12560
2019-02-18,30.049999237060547,31.700000762939453,29.049999237060547,30.799999237060547,2893
2019-02-19,30.0,31.700000762939453,29.0,31.049999237060547,13434
2019-02-20,30.549999237060547,31.899999618530273,30.0,30.799999237060547,20320
2019-02-21,30.0,31.0,29.5,29.700000762939453,5396
2019-02-22,30.649999618530273,30.950000762939453,30.0,30.0,3241
2019-02-25,29.899999618530273,30.899999618530273,28.25,30.899999618530273,6442
2019-02-26,28.75,30.799999237060547,28.200000762939453,30.700000762939453,17472
2019-02-27,29.049999237060547,30.200000762939453,28.0,28.549999237060547,15575
2019-02-28,29.149999618530273,29.899999618530273,28.799999237060547,29.850000381469727,1639
2019-03-01,30.700000762939453,31.0,29.0,30.700000762939453,14868
2019-03-05,31.350000381469727,31.799999237060547,30.0,31.0,8262
2019-03-06,31.0,33.70000076293945,30.850000381469727,31.799999237060547,138777
2019-03-07,30.0,31.850000381469727,29.600000381469727,31.649999618530273,60700
2019-03-08,30.5,31.5,28.399999618530273,29.950000762939453,13798
2019-03-11,31.299999237060547,32.45000076293945,30.100000381469727,30.100000381469727,15665
2019-03-12,31.200000762939453,32.5,30.700000762939453,31.5,28914
2019-03-13,29.299999237060547,32.0,28.799999237060547,31.350000381469727,40187
2019-03-14,29.850000381469727,30.350000381469727,29.100000381469727,29.149999618530273,7950
2019-03-15,30.049999237060547,30.899999618530273,29.700000762939453,30.549999237060547,8939
2019-03-18,30.549999237060547,33.5,29.399999618530273,30.75,21075
2019-03-19,30.899999618530273,31.350000381469727,30.200000762939453,30.600000381469727,9655
2019-03-20,30.649999618530273,32.70000076293945,30.5,31.0,10966
2019-03-22,28.549999237060547,31.0,28.100000381469727,30.950000762939453,29526
2019-03-25,29.0,29.399999618530273,28.549999237060547,28.649999618530273,4381
2019-03-26,29.75,30.899999618530273,27.600000381469727,29.450000762939453,33707
2019-03-27,29.450000762939453,30.450000762939453,28.899999618530273,30.450000762939453,14172
2019-03-28,29.75,30.350000381469727,29.100000381469727,29.600000381469727,20112
2019-04-01,31.299999237060547,32.0,29.399999618530273,30.299999237060547,24283
2019-04-02,30.200000762939453,31.0,30.049999237060547,31.0,3698
2019-04-03,29.100000381469727,30.200000762939453,28.799999237060547,30.200000762939453,37261
2019-04-04,29.049999237060547,29.75,27.200000762939453,27.200000762939453,21923
2019-04-05,30.149999618530273,30.399999618530273,28.399999618530273,29.5,5238
2019-04-08,29.850000381469727,30.799999237060547,29.049999237060547,29.899999618530273,15582
2019-04-09,29.049999237060547,29.75,28.700000762939453,29.75,19567
2019-04-10,29.549999237060547,30.100000381469727,28.950000762939453,29.100000381469727,16334
2019-04-11,29.25,29.799999237060547,29.049999237060547,29.200000762939453,3466
2019-04-12,29.5,29.649999618530273,29.25,29.25,3253
2019-04-15,29.5,30.5,29.149999618530273,30.5,11510
2019-04-16,29.200000762939453,30.0,27.549999237060547,29.399999618530273,22458
2019-04-18,29.0,29.700000762939453,28.649999618530273,29.600000381469727,7715
2019-04-22,28.649999618530273,29.399999618530273,27.299999237060547,29.399999618530273,14523
2019-04-23,27.950000762939453,28.799999237060547,27.549999237060547,28.149999618530273,9566
2019-04-24,28.799999237060547,29.0,27.350000381469727,28.350000381469727,9768
2019-04-25,28.350000381469727,29.200000762939453,28.049999237060547,28.899999618530273,6903
2019-04-26,26.399999618530273,28.799999237060547,24.899999618530273,28.700000762939453,69331
2019-04-30,25.700000762939453,26.799999237060547,25.549999237060547,26.799999237060547,8872
2019-05-02,25.5,26.649999618530273,25.299999237060547,26.399999618530273,5995
2019-05-03,25.0,27.950000762939453,24.5,25.049999237060547,18441
2019-05-06,24.5,25.200000762939453,24.0,25.0,13118
2019-05-07,24.200000762939453,26.899999618530273,23.899999618530273,24.200000762939453,12437
2019-05-08,23.100000381469727,24.600000381469727,23.0,23.75,12279
2019-05-09,23.899999618530273,24.5,23.0,23.0,14221
2019-05-10,23.75,24.299999237060547,23.450000762939453,24.200000762939453,5089
2019-05-13,23.299999237060547,24.100000381469727,23.0,24.100000381469727,7045
2019-05-14,23.149999618530273,23.5,22.399999618530273,23.299999237060547,10102
2019-05-15,23.200000762939453,23.5,23.0,23.049999237060547,3604
2019-05-16,22.5,23.299999237060547,22.399999618530273,23.0,3951
2019-05-17,22.049999237060547,22.799999237060547,22.0,22.649999618530273,14975
2019-05-20,20.700000762939453,24.399999618530273,20.100000381469727,24.350000381469727,126667
2019-05-21,19.100000381469727,21.850000381469727,18.600000381469727,21.850000381469727,91451
2019-05-22,18.549999237060547,21.450000762939453,18.450000762939453,19.100000381469727,126372
2019-05-23,18.75,19.75,18.299999237060547,19.700000762939453,31800
2019-05-24,19.75,20.350000381469727,18.600000381469727,20.350000381469727,22972
2019-05-27,20.799999237060547,21.350000381469727,19.5,19.5,51564
2019-05-28,20.149999618530273,21.600000381469727,19.5,21.600000381469727,60315
2019-05-29,19.600000381469727,24.049999237060547,19.0,20.25,148366
2019-05-30,20.149999618530273,20.700000762939453,19.649999618530273,20.5,26514
2019-05-31,19.149999618530273,20.75,19.0,20.0,34557
2019-06-03,19.450000762939453,20.049999237060547,19.100000381469727,19.950000762939453,18029
2019-06-04,18.950000762939453,19.850000381469727,18.75,19.049999237060547,20838
2019-06-06,17.600000381469727,19.200000762939453,17.399999618530273,19.149999618530273,35410
2019-06-07,17.600000381469727,18.5,17.450000762939453,18.200000762939453,22692
2019-06-10,16.549999237060547,18.0,16.149999618530273,18.0,20898
2019-06-11,15.850000381469727,18.0,15.5,18.0,49693
2019-06-12,16.600000381469727,16.75,15.949999809265137,16.75,13821
2019-06-13,17.299999237060547,17.399999618530273,15.699999809265137,16.25,24417
2019-06-14,17.799999237060547,18.350000381469727,16.700000762939453,17.649999618530273,40430
2019-06-17,17.399999618530273,18.399999618530273,17.299999237060547,18.100000381469727,6178
2019-06-18,17.649999618530273,19.100000381469727,15.800000190734863,19.100000381469727,27022
2019-06-19,16.899999618530273,17.399999618530273,16.049999237060547,17.25,38988
2019-06-20,17.399999618530273,18.0,16.200000762939453,18.0,10303
2019-06-21,17.149999618530273,17.899999618530273,16.299999237060547,17.899999618530273,6637
2019-06-24,16.799999237060547,17.75,16.600000381469727,16.649999618530273,7719
2019-06-25,16.899999618530273,17.450000762939453,16.75,16.899999618530273,2229
2019-06-26,17.049999237060547,17.25,16.200000762939453,16.350000381469727,6376
2019-06-27,16.700000762939453,17.100000381469727,16.399999618530273,17.100000381469727,7079
2019-06-28,16.5,16.950000762939453,16.399999618530273,16.75,7533
2019-07-01,17.100000381469727,17.399999618530273,16.5,16.549999237060547,4304
2019-07-02,17.100000381469727,17.399999618530273,16.549999237060547,17.399999618530273,18686
2019-07-03,17.700000762939453,18.299999237060547,17.0,17.0,17619
2019-07-04,17.5,18.399999618530273,17.100000381469727,17.350000381469727,6724
2019-07-05,17.25,17.850000381469727,17.0,17.350000381469727,4339
2019-07-08,16.799999237060547,18.0,16.200000762939453,17.0,7609
2019-07-09,17.100000381469727,17.5,16.299999237060547,16.700000762939453,9309
2019-07-10,17.200000762939453,17.399999618530273,16.299999237060547,16.549999237060547,1681
2019-07-11,16.899999618530273,17.299999237060547,16.600000381469727,17.299999237060547,6065
2019-07-12,15.800000190734863,17.899999618530273,15.600000381469727,17.899999618530273,55467
2019-07-15,13.449999809265137,16.799999237060547,13.199999809265137,16.799999237060547,54851
2019-07-16,11.899999618530273,14.199999809265137,11.550000190734863,13.550000190734863,108979
2019-07-17,11.949999809265137,12.699999809265137,11.699999809265137,11.899999618530273,27841
2019-07-18,10.899999618530273,12.0,10.800000190734863,12.0,52154
2019-07-19,10.300000190734863,10.600000381469727,10.0,10.600000381469727,48269
2019-07-22,10.25,11.25,9.300000190734863,11.25,47398
2019-07-23,10.100000381469727,11.100000381469727,10.050000190734863,11.100000381469727,47003
2019-07-24,10.399999618530273,10.75,9.75,10.199999809265137,34920
2019-07-25,10.350000381469727,10.949999809265137,10.25,10.5,16635
2019-07-26,10.300000190734863,10.649999618530273,9.600000381469727,10.050000190734863,14049
2019-07-29,10.449999809265137,11.0,9.75,11.0,18219
2019-07-30,9.850000381469727,10.949999809265137,9.600000381469727,10.5,31919
2019-07-31,10.100000381469727,10.699999809265137,9.699999809265137,10.699999809265137,20541
2019-08-01,9.850000381469727,10.600000381469727,9.600000381469727,10.600000381469727,12052
2019-08-02,9.949999809265137,10.550000190734863,9.550000190734863,9.649999618530273,13110
2019-08-05,9.949999809265137,10.5,9.550000190734863,10.449999809265137,19261
2019-08-06,10.100000381469727,10.300000190734863,9.949999809265137,10.25,10639
2019-08-07,9.800000190734863,10.699999809265137,9.350000381469727,9.899999618530273,15693
2019-08-08,10.100000381469727,10.199999809265137,9.75,10.149999618530273,12615
2019-08-09,9.949999809265137,10.399999618530273,9.75,10.399999618530273,25390
2019-08-13,10.399999618530273,10.449999809265137,9.800000190734863,9.949999809265137,28731
2019-08-14,10.399999618530273,10.600000381469727,10.100000381469727,10.449999809265137,27473
2019-08-16,10.600000381469727,10.899999618530273,10.199999809265137,10.350000381469727,34210
2019-08-19,11.050000190734863,11.5,10.399999618530273,10.449999809265137,20263
2019-08-20,12.149999618530273,12.149999618530273,10.949999809265137,11.800000190734863,66559
2019-08-21,13.350000381469727,13.350000381469727,12.0,13.350000381469727,27504
2019-08-22,14.0,14.0,13.600000381469727,13.600000381469727,29501
2019-08-23,13.300000190734863,14.699999809265137,13.300000190734863,14.699999809265137,49584
2019-08-26,12.649999618530273,12.649999618530273,12.649999618530273,12.649999618530273,15310
2019-08-27,12.699999809265137,13.0,12.050000190734863,12.050000190734863,27023
2019-08-28,12.199999809265137,13.25,12.100000381469727,13.25,19823
2019-08-29,12.600000381469727,12.800000190734863,11.649999618530273,12.300000190734863,7638
2019-08-30,12.399999618530273,13.100000381469727,12.0,13.100000381469727,8558
2019-09-03,12.449999809265137,12.600000381469727,11.850000381469727,12.399999618530273,11354
2019-09-04,12.699999809265137,12.949999809265137,11.850000381469727,12.5,16914
2019-09-05,12.149999618530273,13.25,12.100000381469727,13.25,14436
2019-09-06,12.300000190734863,12.649999618530273,12.0,12.0,35819
2019-09-09,12.100000381469727,12.899999618530273,11.899999618530273,12.699999809265137,30057
2019-09-11,12.649999618530273,12.699999809265137,12.0,12.0,4446
2019-09-12,13.0,13.25,12.199999809265137,13.25,17993
2019-09-13,12.850000381469727,13.0,12.5,12.5,11321
2019-09-16,12.899999618530273,13.199999809265137,12.300000190734863,13.0,8699
2019-09-17,12.649999618530273,13.5,12.399999618530273,12.899999618530273,6312
2019-09-18,12.600000381469727,13.25,12.25,13.25,1977
2019-09-19,12.649999618530273,13.199999809265137,12.050000190734863,13.199999809265137,6968
2019-09-20,12.399999618530273,12.949999809265137,12.100000381469727,12.899999618530273,11541
2019-09-23,12.25,13.0,11.850000381469727,12.949999809265137,8972
2019-09-24,12.100000381469727,12.850000381469727,12.0,12.0,4899
2019-09-25,12.550000190734863,12.699999809265137,12.0,12.100000381469727,15262
2019-09-26,12.25,13.149999618530273,12.0,12.0,17222
2019-09-27,11.949999809265137,12.649999618530273,11.75,12.649999618530273,21654
2019-09-30,12.0,12.449999809265137,11.399999618530273,12.449999809265137,24918
2019-10-01,12.149999618530273,12.5,11.899999618530273,12.0,13442
2019-10-03,12.600000381469727,12.699999809265137,11.600000381469727,12.149999618530273,12741
2019-10-04,12.149999618530273,12.699999809265137,12.100000381469727,12.600000381469727,9479
2019-10-07,12.149999618530273,12.75,11.75,12.75,12058
2019-10-09,12.300000190734863,12.699999809265137,11.600000381469727,11.600000381469727,8712
2019-10-10,12.050000190734863,12.899999618530273,11.699999809265137,12.100000381469727,6879
2019-10-11,12.350000381469727,12.600000381469727,11.75,12.600000381469727,4585
2019-10-14,12.449999809265137,12.550000190734863,12.100000381469727,12.350000381469727,8963
2019-10-15,12.399999618530273,12.550000190734863,12.050000190734863,12.050000190734863,6255
2019-10-16,12.149999618530273,12.5,11.850000381469727,12.399999618530273,9497
2019-10-17,12.300000190734863,12.300000190734863,11.899999618530273,12.050000190734863,4470
2019-10-18,12.399999618530273,12.699999809265137,11.800000190734863,11.800000190734863,4380
2019-10-22,12.300000190734863,13.0,12.050000190734863,12.75,5857
2019-10-23,12.5,12.550000190734863,12.100000381469727,12.300000190734863,9176
2019-10-24,13.0,13.100000381469727,12.100000381469727,13.0,25812
2019-10-25,12.800000190734863,13.649999618530273,12.350000381469727,13.100000381469727,18292
2019-10-27,13.199999809265137,13.399999618530273,12.25,12.800000190734863,3504
2019-10-29,13.75,13.850000381469727,12.800000190734863,12.800000190734863,9087
2019-10-30,14.399999618530273,14.399999618530273,13.850000381469727,13.850000381469727,6327
2019-10-31,15.050000190734863,15.100000381469727,13.699999809265137,15.100000381469727,10417
2019-11-01,15.800000190734863,15.800000190734863,15.75,15.800000190734863,2157
2019-11-04,16.549999237060547,16.549999237060547,16.350000381469727,16.350000381469727,16763
2019-11-05,17.350000381469727,17.350000381469727,17.350000381469727,17.350000381469727,8226
2019-11-06,18.200000762939453,18.200000762939453,17.350000381469727,18.200000762939453,17824
2019-11-07,18.899999618530273,19.100000381469727,18.600000381469727,18.600000381469727,23768
2019-11-08,19.700000762939453,19.799999237060547,18.0,19.799999237060547,37432
2019-11-11,20.25,20.649999618530273,19.700000762939453,20.649999618530273,44827
2019-11-13,19.25,20.25,19.25,20.25,13803
2019-11-14,18.299999237060547,18.299999237060547,18.299999237060547,18.299999237060547,8180
2019-11-15,17.399999618530273,17.399999618530273,17.399999618530273,17.399999618530273,5852
2019-11-18,16.549999237060547,16.549999237060547,16.549999237060547,16.549999237060547,20495
2019-11-19,15.75,15.75,15.75,15.75,1664
2019-11-20,15.0,15.0,15.0,15.0,4434
2019-11-21,14.25,14.25,14.25,14.25,9422
2019-11-22,13.550000190734863,13.550000190734863,13.550000190734863,13.550000190734863,7028
2019-11-25,14.149999618530273,14.199999809265137,12.899999618530273,12.949999809265137,52271
2019-11-26,14.050000190734863,14.449999809265137,13.449999809265137,13.449999809265137,26454
2019-11-27,13.899999618530273,14.300000190734863,13.350000381469727,13.449999809265137,17082
2019-11-28,13.25,14.5,13.25,14.5,17904
2019-11-29,12.600000381469727,13.0,12.600000381469727,13.0,15133
2019-12-02,12.800000190734863,13.199999809265137,12.0,12.0,20568
2019-12-03,13.050000190734863,13.399999618530273,12.5,13.399999618530273,14266
2019-12-04,12.949999809265137,13.699999809265137,12.5,13.0,7488
2019-12-05,13.350000381469727,13.5,12.399999618530273,12.949999809265137,9373
2019-12-06,13.75,13.949999809265137,12.75,13.350000381469727,17451
2019-12-09,13.399999618530273,13.649999618530273,13.100000381469727,13.5,6123
2019-12-10,13.199999809265137,13.399999618530273,12.75,12.75,5373
2019-12-11,12.550000190734863,12.850000381469727,12.550000190734863,12.649999618530273,15504
2019-12-12,12.25,12.800000190734863,11.949999809265137,12.75,15987
2019-12-13,11.75,12.5,11.649999618530273,11.800000190734863,28873
2019-12-16,12.0,12.25,11.5,11.899999618530273,8546
2019-12-17,12.25,12.600000381469727,11.899999618530273,12.449999809265137,22548
2019-12-18,11.899999618530273,12.649999618530273,11.649999618530273,12.100000381469727,20289
2019-12-19,11.899999618530273,12.399999618530273,11.699999809265137,12.399999618530273,14886
2019-12-20,12.0,12.300000190734863,11.949999809265137,12.0,5167
2019-12-23,12.600000381469727,12.600000381469727,11.75,12.199999809265137,24652
2019-12-24,13.0,13.199999809265137,12.149999618530273,12.399999618530273,25523
2019-12-26,12.949999809265137,13.449999809265137,12.5,13.449999809265137,11159
2019-12-27,12.5,13.350000381469727,12.449999809265137,13.350000381469727,19372
2019-12-30,12.699999809265137,13.0,12.300000190734863,12.5,8033
2019-12-31,12.399999618530273,12.649999618530273,12.149999618530273,12.649999618530273,29462
2020-01-01,12.5,12.800000190734863,12.350000381469727,12.399999618530273,4572
2020-01-02,12.75,13.100000381469727,12.25,12.550000190734863,939326
2020-01-03,12.699999809265137,13.149999618530273,12.300000190734863,12.949999809265137,31186
2020-01-06,12.449999809265137,12.899999618530273,12.300000190734863,12.699999809265137,16641
2020-01-07,12.449999809265137,13.0,12.199999809265137,13.0,35813
2020-01-08,12.149999618530273,12.550000190734863,12.0,12.25,10194
2020-01-09,12.0,12.600000381469727,11.75,12.600000381469727,47580
2020-01-10,11.949999809265137,12.5,11.699999809265137,12.5,37645
2020-01-13,11.949999809265137,12.5,11.75,12.5,7428
2020-01-14,11.800000190734863,12.100000381469727,11.75,11.949999809265137,13575
2020-01-15,11.75,12.0,11.550000190734863,11.75,20281
2020-01-16,11.800000190734863,12.0,11.449999809265137,11.649999618530273,63755
2020-01-17,11.75,11.949999809265137,11.699999809265137,11.800000190734863,6171
2020-01-20,11.75,12.300000190734863,11.5,12.300000190734863,28485
2020-01-21,11.899999618530273,12.0,11.699999809265137,12.0,25882
2020-01-22,11.850000381469727,12.199999809265137,11.399999618530273,12.100000381469727,26483
2020-01-23,11.850000381469727,12.300000190734863,11.600000381469727,12.300000190734863,15110
2020-01-24,12.0,12.199999809265137,11.449999809265137,12.100000381469727,15515
2020-01-27,11.550000190734863,12.300000190734863,11.5,12.0,25477
2020-01-28,11.350000381469727,11.850000381469727,11.350000381469727,11.550000190734863,17215
2020-01-29,11.5,11.75,11.300000190734863,11.75,12770
2020-01-30,11.0,11.5,10.949999809265137,11.5,136805
2020-01-31,10.550000190734863,11.100000381469727,10.449999809265137,10.899999618530273,16596
2020-02-03,10.100000381469727,10.899999618530273,10.100000381469727,10.350000381469727,51782
2020-02-04,9.850000381469727,10.350000381469727,9.699999809265137,10.100000381469727,26957
2020-02-05,9.399999618530273,10.300000190734863,9.399999618530273,10.25,43541
2020-02-06,9.25,9.899999618530273,9.0,9.5,24761
2020-02-07,9.350000381469727,9.850000381469727,9.0,9.149999618530273,20597
2020-02-10,9.25,9.550000190734863,9.149999618530273,9.149999618530273,15020
2020-02-11,9.550000190734863,10.100000381469727,9.149999618530273,9.350000381469727,36426
2020-02-12,8.600000381469727,10.0,8.600000381469727,10.0,71467
2020-02-13,7.75,8.899999618530273,7.75,8.899999618530273,72056
2020-02-14,8.0,8.100000381469727,7.400000095367432,7.400000095367432,70631
2020-02-17,8.399999618530273,8.399999618530273,8.050000190734863,8.399999618530273,24593
2020-02-18,8.300000190734863,8.800000190734863,8.100000381469727,8.800000190734863,57229
2020-02-19,8.199999809265137,8.600000381469727,7.949999809265137,8.300000190734863,17935
2020-02-20,8.550000190734863,8.600000381469727,7.800000190734863,8.600000381469727,36537
2020-02-24,8.899999618530273,8.949999809265137,8.199999809265137,8.550000190734863,53297
2020-02-25,8.850000381469727,9.25,8.550000190734863,8.550000190734863,38349
2020-02-26,9.100000381469727,9.25,8.600000381469727,9.199999809265137,24018
2020-02-27,9.399999618530273,9.550000190734863,9.199999809265137,9.350000381469727,61937
2020-02-28,8.949999809265137,9.649999618530273,8.949999809265137,9.649999618530273,14917
2020-03-02,8.550000190734863,8.800000190734863,8.550000190734863,8.550000190734863,13174
2020-03-03,8.25,8.899999618530273,8.149999618530273,8.899999618530273,8080
2020-03-04,7.900000095367432,8.600000381469727,7.849999904632568,8.149999618530273,15877
2020-03-05,7.550000190734863,7.949999809265137,7.550000190734863,7.550000190734863,67288
2020-03-06,7.199999809265137,7.800000190734863,7.199999809265137,7.800000190734863,12030
2020-03-09,6.849999904632568,7.0,6.849999904632568,7.0,17491
2020-03-11,6.699999809265137,7.099999904632568,6.550000190734863,6.849999904632568,76321
2020-03-12,6.400000095367432,6.699999809265137,6.400000095367432,6.699999809265137,24204
2020-03-13,6.400000095367432,6.699999809265137,6.099999904632568,6.5,54842
2020-03-16,6.599999904632568,6.699999809265137,6.099999904632568,6.400000095367432,48984
2020-03-17,6.300000190734863,6.900000095367432,6.300000190734863,6.900000095367432,31344
2020-03-18,6.150000095367432,6.449999809265137,6.0,6.150000095367432,20335
2020-03-19,5.900000095367432,6.25,5.849999904632568,6.25,35664
2020-03-20,5.650000095367432,6.150000095367432,5.650000095367432,6.150000095367432,46994
2020-03-23,5.599999904632568,5.900000095367432,5.400000095367432,5.400000095367432,23827
2020-03-24,5.349999904632568,5.849999904632568,5.349999904632568,5.599999904632568,16058
2020-03-25,5.349999904632568,5.599999904632568,5.099999904632568,5.550000190734863,59062
2020-03-26,5.5,5.599999904632568,5.25,5.550000190734863,50727
2020-03-27,5.449999809265137,5.75,5.25,5.5,56110
2020-03-30,5.699999809265137,5.699999809265137,5.199999809265137,5.449999809265137,50999
2020-03-31,5.949999809265137,5.949999809265137,5.900000095367432,5.900000095367432,16478
2020-04-01,6.199999809265137,6.199999809265137,6.150000095367432,6.150000095367432,14016
2020-04-03,6.5,6.5,6.5,6.5,10686
2020-04-07,6.800000190734863,6.800000190734863,6.800000190734863,6.800000190734863,5328
2020-04-08,7.099999904632568,7.099999904632568,7.099999904632568,7.099999904632568,12425
2020-04-09,7.449999809265137,7.449999809265137,7.449999809265137,7.449999809265137,5246
2020-04-13,7.800000190734863,7.800000190734863,7.800000190734863,7.800000190734863,6652
2020-04-15,8.149999618530273,8.149999618530273,8.149999618530273,8.149999618530273,18954
2020-04-16,8.550000190734863,8.550000190734863,8.550000190734863,8.550000190734863,23251
2020-04-17,8.949999809265137,8.949999809265137,8.949999809265137,8.949999809265137,10064
2020-04-20,9.350000381469727,9.350000381469727,9.350000381469727,9.350000381469727,5953
2020-04-21,9.800000190734863,9.800000190734863,9.5,9.800000190734863,222598
2020-04-22,10.25,10.25,10.25,10.25,18793
2020-04-23,10.75,10.75,10.75,10.75,6118
2020-04-24,11.25,11.25,11.25,11.25,68684
2020-04-27,11.800000190734863,11.800000190734863,11.800000190734863,11.800000190734863,33161
2020-04-28,12.350000381469727,12.350000381469727,12.350000381469727,12.350000381469727,23442
2020-04-29,11.75,12.949999809265137,11.75,12.949999809265137,71951
2020-04-30,11.199999809265137,11.199999809265137,11.199999809265137,11.199999809265137,34200
2020-05-04,10.649999618530273,10.649999618530273,10.649999618530273,10.649999618530273,22226
2020-05-05,10.149999618530273,10.149999618530273,10.149999618530273,10.149999618530273,10641
2020-05-06,9.649999618530273,9.649999618530273,9.649999618530273,9.649999618530273,6065
2020-05-07,9.199999809265137,9.199999809265137,9.199999809265137,9.199999809265137,5521
2020-05-08,8.75,8.75,8.75,8.75,14162
2020-05-11,8.350000381469727,8.350000381469727,8.350000381469727,8.350000381469727,10147
2020-05-12,7.949999809265137,7.949999809265137,7.949999809265137,7.949999809265137,30981
2020-05-13,7.599999904632568,8.25,7.599999904632568,7.699999809265137,80059
2020-05-14,7.25,7.949999809265137,7.25,7.25,90401
2020-05-15,7.050000190734863,7.550000190734863,6.900000095367432,7.300000190734863,100593
2020-05-18,6.900000095367432,7.349999904632568,6.699999809265137,7.050000190734863,99303
2020-05-19,6.650000095367432,7.099999904632568,6.599999904632568,7.050000190734863,60765
2020-05-20,6.550000190734863,6.699999809265137,6.349999904632568,6.550000190734863,33620
2020-05-21,6.849999904632568,6.849999904632568,6.25,6.400000095367432,80809
2020-05-22,7.150000095367432,7.150000095367432,7.099999904632568,7.150000095367432,47726
2020-05-26,7.5,7.5,7.5,7.5,10392
2020-05-27,7.150000095367432,7.849999904632568,7.150000095367432,7.849999904632568,146353
2020-05-28,6.849999904632568,7.5,6.800000190734863,7.5,187146
2020-05-29,7.150000095367432,7.150000095367432,6.599999904632568,7.099999904632568,125190
2020-06-01,7.5,7.5,7.5,7.5,38815
2020-06-02,7.550000190734863,7.849999904632568,7.150000095367432,7.849999904632568,301622
2020-06-03,7.900000095367432,7.900000095367432,7.5,7.849999904632568,86806
2020-06-04,8.25,8.25,7.900000095367432,8.25,70308
2020-06-05,9.050000190734863,9.050000190734863,8.25,9.0,49324
2020-06-08,9.949999809265137,9.949999809265137,9.949999809265137,9.949999809265137,79982
2020-06-09,10.899999618530273,10.899999618530273,10.899999618530273,10.899999618530273,90250
2020-06-10,10.399999618530273,10.899999618530273,10.399999618530273,10.600000381469727,94774
2020-06-11,9.899999618530273,9.899999618530273,9.899999618530273,9.899999618530273,45091
2020-06-12,9.449999809265137,9.449999809265137,9.449999809265137,9.449999809265137,15614
2020-06-15,9.0,9.0,9.0,9.0,46186
2020-06-16,9.449999809265137,9.449999809265137,8.550000190734863,8.550000190734863,199440
2020-06-17,9.899999618530273,9.899999618530273,9.850000381469727,9.850000381469727,60879
2020-06-18,10.100000381469727,10.350000381469727,9.649999618530273,10.350000381469727,115589
2020-06-19,9.949999809265137,10.5,9.600000381469727,10.5,100998
2020-06-22,9.850000381469727,10.350000381469727,9.5,9.949999809265137,115310
2020-06-23,10.100000381469727,10.25,9.75,10.25,119357
2020-06-24,9.75,10.399999618530273,9.75,10.399999618530273,142555
2020-06-25,9.649999618530273,9.899999618530273,9.350000381469727,9.899999618530273,29779
2020-06-26,9.800000190734863,9.850000381469727,9.399999618530273,9.850000381469727,63100
2020-06-29,9.800000190734863,10.25,9.449999809265137,10.25,54624
2020-06-30,9.899999618530273,10.199999809265137,9.600000381469727,9.850000381469727,51646
2020-07-01,9.699999809265137,10.0,9.5,10.0,50713
2020-07-02,9.800000190734863,9.850000381469727,9.5,9.699999809265137,50152
2020-07-03,9.5,10.149999618530273,9.350000381469727,10.149999618530273,60812
2020-07-06,9.850000381469727,9.949999809265137,9.5,9.5,97411
2020-07-07,10.300000190734863,10.300000190734863,10.300000190734863,10.300000190734863,123374
2020-07-08,10.800000190734863,10.800000190734863,10.800000190734863,10.800000190734863,58473
2020-07-09,11.300000190734863,11.300000190734863,11.300000190734863,11.300000190734863,50503
2020-07-10,11.850000381469727,11.850000381469727,11.5,11.850000381469727,217797
2020-07-13,12.399999618530273,12.399999618530273,12.399999618530273,12.399999618530273,79098
2020-07-14,11.800000190734863,13.0,11.800000190734863,13.0,211690
2020-07-15,11.25,11.25,11.25,11.25,41041
2020-07-16,10.699999809265137,10.699999809265137,10.699999809265137,10.699999809265137,9758
2020-07-17,10.199999809265137,10.199999809265137,10.199999809265137,10.199999809265137,6702
2020-07-20,9.699999809265137,9.699999809265137,9.699999809265137,9.699999809265137,36356
2020-07-21,10.149999618530273,10.149999618530273,9.25,9.25,55517
2020-07-22,10.25,10.5,9.699999809265137,10.5,119549
2020-07-23,10.149999618530273,10.5,9.800000190734863,9.800000190734863,106233
2020-07-24,10.0,10.399999618530273,9.699999809265137,10.25,76900
2020-07-27,9.850000381469727,10.300000190734863,9.5,9.649999618530273,42351
2020-07-28,9.75,9.949999809265137,9.399999618530273,9.850000381469727,44688
2020-07-29,9.899999618530273,10.199999809265137,9.300000190734863,9.300000190734863,113718
2020-07-30,9.899999618530273,10.350000381469727,9.800000190734863,10.300000190734863,70155
2020-07-31,10.0,10.199999809265137,9.449999809265137,10.199999809265137,42503
2020-08-03,9.850000381469727,10.100000381469727,9.5,9.600000381469727,53165
2020-08-04,9.850000381469727,10.0,9.399999618530273,9.550000190734863,30901
2020-08-05,9.800000190734863,10.0,9.5,10.0,35981
2020-08-06,9.850000381469727,10.0,9.600000381469727,9.800000190734863,28511
2020-08-07,9.850000381469727,9.949999809265137,9.600000381469727,9.899999618530273,46403
2020-08-10,9.75,9.899999618530273,9.600000381469727,9.850000381469727,32927
2020-08-11,9.949999809265137,10.0,9.649999618530273,9.899999618530273,45456
2020-08-12,10.0,10.100000381469727,9.699999809265137,10.0,47406
2020-08-13,9.899999618530273,10.100000381469727,9.699999809265137,10.0,38637
2020-08-14,9.949999809265137,10.0,9.75,10.0,41611
2020-08-17,9.850000381469727,10.0,9.699999809265137,10.0,33902
2020-08-18,9.75,10.149999618530273,9.699999809265137,9.899999618530273,30623
2020-08-19,9.75,9.899999618530273,9.550000190734863,9.75,96279
2020-08-20,9.800000190734863,10.0,9.699999809265137,9.949999809265137,78798
2020-08-21,9.850000381469727,10.0,9.699999809265137,10.0,31859
2020-08-24,9.699999809265137,10.300000190734863,9.600000381469727,9.850000381469727,234531
2020-08-25,10.0,10.100000381469727,9.350000381469727,9.800000190734863,155445
2020-08-26,9.75,10.300000190734863,9.699999809265137,10.100000381469727,103405
2020-08-27,9.850000381469727,10.199999809265137,9.800000190734863,10.0,194045
2020-08-28,9.550000190734863,10.149999618530273,9.399999618530273,10.149999618530273,157589
2020-08-31,9.550000190734863,10.0,9.399999618530273,9.649999618530273,223839
2020-09-01,9.399999618530273,9.899999618530273,9.199999809265137,9.75,53684
2020-09-02,9.5,9.75,9.399999618530273,9.75,16463
2020-09-03,9.449999809265137,9.699999809265137,9.350000381469727,9.699999809265137,46296
2020-09-04,9.600000381469727,9.75,9.300000190734863,9.300000190734863,39594
2020-09-07,9.600000381469727,9.800000190734863,9.550000190734863,9.600000381469727,32319
2020-09-08,9.449999809265137,9.649999618530273,9.350000381469727,9.649999618530273,33108
2020-09-09,9.0,9.449999809265137,9.0,9.449999809265137,332058
2020-09-10,9.050000190734863,9.300000190734863,8.600000381469727,9.0,56994
2020-09-11,9.199999809265137,9.300000190734863,8.850000381469727,9.050000190734863,29767
2020-09-14,9.649999618530273,9.649999618530273,9.350000381469727,9.5,75809
2020-09-15,9.75,10.100000381469727,9.550000190734863,9.550000190734863,33921
2020-09-16,9.600000381469727,9.949999809265137,9.449999809265137,9.949999809265137,22204
2020-09-17,9.449999809265137,9.800000190734863,9.300000190734863,9.600000381469727,34868
2020-09-18,9.300000190734863,9.699999809265137,9.149999618530273,9.449999809265137,28502
2020-09-21,8.949999809265137,9.699999809265137,8.850000381469727,9.300000190734863,63997
2020-09-22,8.550000190734863,9.0,8.550000190734863,8.649999618530273,30058
2020-09-23,8.649999618530273,8.949999809265137,8.199999809265137,8.550000190734863,46379
2020-09-24,8.449999809265137,8.75,8.300000190734863,8.649999618530273,54295
2020-09-25,8.699999809265137,8.800000190734863,8.25,8.350000381469727,43641
2020-09-28,8.699999809265137,9.0,8.5,8.699999809265137,36171
2020-09-29,8.800000190734863,9.100000381469727,8.399999618530273,8.899999618530273,78938
2020-09-30,8.649999618530273,8.949999809265137,8.550000190734863,8.949999809265137,19880
2020-10-01,8.800000190734863,8.899999618530273,8.550000190734863,8.800000190734863,26877
2020-10-05,9.199999809265137,9.199999809265137,8.649999618530273,9.199999809265137,18473
2020-10-06,9.350000381469727,9.649999618530273,9.100000381469727,9.649999618530273,40955
2020-10-07,9.050000190734863,9.449999809265137,9.0,9.350000381469727,27182
2020-10-08,8.899999618530273,9.399999618530273,8.699999809265137,9.399999618530273,9361
2020-10-09,9.0,9.600000381469727,8.850000381469727,8.949999809265137,26266
2020-10-12,9.25,9.449999809265137,8.350000381469727,9.449999809265137,37469
2020-10-13,9.0,9.399999618530273,8.699999809265137,9.25,21806
2020-10-14,8.949999809265137,9.399999618530273,8.75,9.0,18050
2020-10-15,8.75,9.25,8.5,8.800000190734863,24413
2020-10-16,8.699999809265137,9.0,8.600000381469727,9.0,14300
2020-10-19,8.350000381469727,8.949999809265137,8.300000190734863,8.699999809265137,18442
2020-10-20,8.649999618530273,8.850000381469727,8.050000190734863,8.550000190734863,12151
2020-10-21,8.649999618530273,8.800000190734863,8.399999618530273,8.649999618530273,8791
2020-10-22,8.649999618530273,8.899999618530273,8.399999618530273,8.899999618530273,14275
2020-10-23,8.75,8.899999618530273,8.399999618530273,8.550000190734863,29517
2020-10-26,8.800000190734863,9.0,8.5,8.949999809265137,24528
2020-10-27,8.75,9.0,8.600000381469727,9.0,11102
2020-10-28,8.550000190734863,8.949999809265137,8.449999809265137,8.550000190734863,26436
2020-10-29,8.399999618530273,8.75,8.300000190734863,8.350000381469727,11627
2020-10-30,8.649999618530273,8.899999618530273,8.149999618530273,8.899999618530273,20664
2020-11-02,8.5,8.949999809265137,8.449999809265137,8.75,23319
2020-11-03,8.449999809265137,8.850000381469727,8.399999618530273,8.850000381469727,20368
2020-11-04,8.399999618530273,8.75,8.199999809265137,8.699999809265137,22213
2020-11-05,8.399999618530273,8.699999809265137,8.100000381469727,8.199999809265137,22150
2020-11-06,8.25,8.649999618530273,8.149999618530273,8.149999618530273,66502
2020-11-09,8.300000190734863,8.649999618530273,8.25,8.25,28729
2020-11-10,8.100000381469727,8.399999618530273,8.100000381469727,8.300000190734863,37150
2020-11-11,8.149999618530273,8.25,8.100000381469727,8.100000381469727,21509
2020-11-12,8.300000190734863,8.350000381469727,8.149999618530273,8.350000381469727,14703
2020-11-13,8.399999618530273,8.800000190734863,8.149999618530273,8.800000190734863,41907
2020-11-14,8.5,8.600000381469727,8.300000190734863,8.550000190734863,18097
2020-11-17,8.550000190734863,8.899999618530273,8.300000190734863,8.699999809265137,38832
2020-11-18,8.699999809265137,8.800000190734863,8.449999809265137,8.75,33837
2020-11-19,8.649999618530273,8.800000190734863,8.600000381469727,8.800000190734863,34406
2020-11-20,8.5,8.899999618530273,8.050000190734863,8.800000190734863,58518
2020-11-23,8.550000190734863,8.699999809265137,8.300000190734863,8.5,69887
2020-11-24,9.399999618530273,9.399999618530273,8.550000190734863,8.75,126339
2020-11-25,10.0,10.300000190734863,9.5,10.0,291131
2020-11-26,10.050000190734863,10.699999809265137,9.899999618530273,10.300000190734863,111921
2020-11-27,10.550000190734863,10.899999618530273,10.100000381469727,10.5,183311
2020-12-01,11.600000381469727,11.600000381469727,10.600000381469727,10.699999809265137,123900
2020-12-02,12.149999618530273,12.149999618530273,12.149999618530273,12.149999618530273,46761
2020-12-03,12.75,12.75,12.75,12.75,69866
2020-12-04,12.149999618530273,13.350000381469727,12.149999618530273,13.350000381469727,200837
2020-12-07,11.75,12.699999809265137,11.550000190734863,11.600000381469727,152740
2020-12-08,12.300000190734863,12.300000190734863,12.0,12.199999809265137,206912
2020-12-09,12.050000190734863,12.850000381469727,11.699999809265137,12.75,138066
2020-12-10,12.149999618530273,12.399999618530273,11.550000190734863,12.050000190734863,71193
2020-12-11,12.199999809265137,12.600000381469727,11.75,12.350000381469727,86619
2020-12-14,12.149999618530273,12.699999809265137,12.0,12.449999809265137,50876
2020-12-15,12.0,12.5,11.800000190734863,12.149999618530273,81639
2020-12-16,11.949999809265137,12.449999809265137,11.899999618530273,12.449999809265137,96795
2020-12-17,11.75,12.100000381469727,11.5,11.949999809265137,56441
2020-12-18,11.600000381469727,12.199999809265137,11.399999618530273,12.199999809265137,32465
2020-12-21,11.050000190734863,12.0,11.050000190734863,11.699999809265137,92646
2020-12-22,10.600000381469727,11.0,10.5,10.5,93258
2020-12-23,11.100000381469727,11.100000381469727,10.600000381469727,11.100000381469727,49128
2020-12-24,11.199999809265137,11.649999618530273,10.899999618530273,11.649999618530273,41728
2020-12-28,11.5,11.75,10.899999618530273,11.75,47885
2020-12-29,11.949999809265137,12.050000190734863,11.600000381469727,11.75,57934
2020-12-30,12.050000190734863,12.350000381469727,11.75,12.350000381469727,78369
2020-12-31,11.949999809265137,12.550000190734863,11.899999618530273,12.100000381469727,44604
2021-01-01,12.0,12.350000381469727,11.75,12.149999618530273,93437
2021-01-04,12.0,12.25,11.800000190734863,12.199999809265137,50031
2021-01-05,11.75,12.100000381469727,11.550000190734863,12.0,73475
2021-01-06,12.050000190734863,12.149999618530273,11.550000190734863,11.550000190734863,52444
2021-01-07,11.600000381469727,12.399999618530273,11.449999809265137,12.300000190734863,114725
2021-01-08,11.600000381469727,11.899999618530273,11.5,11.850000381469727,50261
2021-01-11,11.199999809265137,11.800000190734863,11.050000190734863,11.399999618530273,44049
2021-01-12,11.75,11.75,10.850000381469727,11.25,52443
2021-01-13,11.899999618530273,12.25,11.699999809265137,12.25,97774
2021-01-14,11.800000190734863,12.300000190734863,11.699999809265137,12.300000190734863,57574
2021-01-15,11.399999618530273,12.199999809265137,11.300000190734863,12.199999809265137,47357
2021-01-18,11.949999809265137,11.949999809265137,10.949999809265137,11.399999618530273,91337
2021-01-19,12.149999618530273,12.399999618530273,11.800000190734863,12.100000381469727,67108
2021-01-20,12.149999618530273,12.5,12.0,12.5,88239
2021-01-21,12.100000381469727,12.399999618530273,11.800000190734863,12.149999618530273,62221
2021-01-22,12.0,12.449999809265137,11.899999618530273,12.199999809265137,39836
2021-01-25,11.800000190734863,12.300000190734863,11.550000190734863,12.25,29025
2021-01-27,11.350000381469727,11.899999618530273,11.25,11.899999618530273,54140
2021-01-28,11.25,11.350000381469727,11.0,11.350000381469727,25654
2021-01-29,11.800000190734863,11.800000190734863,11.25,11.5,29513
2021-02-01,12.100000381469727,12.350000381469727,11.850000381469727,12.199999809265137,61460
2021-02-02,12.25,12.649999618530273,12.050000190734863,12.649999618530273,68660
2021-02-03,12.100000381469727,12.600000381469727,11.949999809265137,12.600000381469727,33166
2021-02-04,12.25,12.399999618530273,11.800000190734863,11.800000190734863,62056
2021-02-05,12.149999618530273,12.5,11.899999618530273,12.0,39079
2021-02-08,12.199999809265137,12.399999618530273,12.050000190734863,12.399999618530273,47254
2021-02-09,12.149999618530273,12.600000381469727,12.050000190734863,12.449999809265137,110565
2021-02-10,11.899999618530273,12.399999618530273,11.800000190734863,12.050000190734863,43440
2021-02-11,11.949999809265137,12.199999809265137,11.75,12.199999809265137,37043
2021-02-12,11.850000381469727,12.050000190734863,11.75,12.050000190734863,35834
2021-02-15,11.800000190734863,12.350000381469727,11.550000190734863,12.149999618530273,116110
2021-02-16,11.600000381469727,12.199999809265137,11.399999618530273,12.199999809265137,81197
2021-02-17,11.649999618530273,11.850000381469727,11.449999809265137,11.850000381469727,42794
2021-02-18,11.899999618530273,12.050000190734863,11.649999618530273,11.649999618530273,65115
2021-02-19,11.649999618530273,12.199999809265137,11.5,12.149999618530273,66938
2021-02-22,12.0,12.100000381469727,11.699999809265137,12.100000381469727,60543
2021-02-23,11.850000381469727,12.0,11.699999809265137,12.0,30975
2021-02-24,11.75,12.050000190734863,11.350000381469727,12.0,13680
2021-02-25,11.899999618530273,12.0,11.75,12.0,34823
2021-02-26,11.850000381469727,12.0,11.699999809265137,12.0,18867
2021-03-01,11.75,12.100000381469727,11.649999618530273,11.850000381469727,47332
2021-03-02,11.899999618530273,12.0,11.75,12.0,66564
2021-03-03,12.25,12.350000381469727,12.0,12.0,81349
2021-03-04,11.949999809265137,12.399999618530273,11.899999618530273,12.399999618530273,83485
2021-03-05,11.899999618530273,12.25,11.850000381469727,12.25,37424
2021-03-08,12.050000190734863,12.300000190734863,12.0,12.149999618530273,55793
2021-03-09,12.649999618530273,12.649999618530273,12.0,12.300000190734863,137490
2021-03-10,13.25,13.25,13.149999618530273,13.199999809265137,42455
2021-03-12,13.899999618530273,13.899999618530273,13.899999618530273,13.899999618530273,62777
2021-03-15,14.550000190734863,14.550000190734863,14.550000190734863,14.550000190734863,48717
2021-03-16,15.25,15.25,15.25,15.25,30566
2021-03-17,14.5,16.0,14.5,16.0,187946
2021-03-18,13.800000190734863,14.5,13.800000190734863,14.5,46131
2021-03-19,13.149999618530273,13.75,13.149999618530273,13.199999809265137,41088
2021-03-22,12.5,13.399999618530273,12.5,12.5,63544
2021-03-23,13.100000381469727,13.100000381469727,11.949999809265137,12.100000381469727,81080
2021-03-24,13.0,13.399999618530273,12.800000190734863,13.399999618530273,42947
2021-03-25,13.0,13.649999618530273,12.449999809265137,12.800000190734863,67793
2021-03-26,12.350000381469727,13.449999809265137,12.350000381469727,12.600000381469727,64724
2021-03-30,12.350000381469727,12.899999618530273,11.800000190734863,11.800000190734863,63830
2021-03-31,12.149999618530273,12.800000190734863,11.850000381469727,12.800000190734863,49697
2021-04-01,12.699999809265137,12.75,12.199999809265137,12.550000190734863,43974
2021-04-05,12.5,13.199999809265137,12.300000190734863,12.699999809265137,49627
2021-04-06,12.75,13.0,12.350000381469727,12.699999809265137,38453
2021-04-07,12.949999809265137,13.199999809265137,12.5,12.75,30702
2021-04-08,12.699999809265137,12.949999809265137,12.600000381469727,12.699999809265137,30065
2021-04-09,12.649999618530273,12.949999809265137,12.300000190734863,12.850000381469727,31584
2021-04-12,12.050000190734863,12.949999809265137,12.050000190734863,12.5,54145
2021-04-13,11.899999618530273,12.0,11.600000381469727,11.850000381469727,33446
2021-04-15,11.449999809265137,12.050000190734863,11.350000381469727,11.699999809265137,41687
2021-04-16,11.649999618530273,12.0,11.300000190734863,11.75,32687
2021-04-19,11.100000381469727,11.699999809265137,11.100000381469727,11.699999809265137,33228
2021-04-20,10.600000381469727,11.199999809265137,10.550000190734863,10.699999809265137,58770
2021-04-22,10.75,11.0,10.300000190734863,10.699999809265137,51889
2021-04-23,10.949999809265137,11.149999618530273,10.550000190734863,11.050000190734863,26018
2021-04-26,11.199999809265137,11.399999618530273,10.800000190734863,11.300000190734863,20659
2021-04-27,11.300000190734863,11.5,10.850000381469727,11.050000190734863,25806
2021-04-28,11.649999618530273,11.75,11.100000381469727,11.550000190734863,23994
2021-04-29,11.25,11.899999618530273,11.25,11.899999618530273,47899
2021-04-30,11.600000381469727,11.699999809265137,11.300000190734863,11.649999618530273,12019
2021-05-03,11.399999618530273,11.850000381469727,11.350000381469727,11.850000381469727,19397
2021-05-04,11.449999809265137,11.949999809265137,11.350000381469727,11.75,25920
2021-05-05,11.600000381469727,11.800000190734863,11.5,11.5,20606
2021-05-06,11.75,12.050000190734863,11.399999618530273,11.800000190734863,42328
2021-05-07,11.75,11.899999618530273,11.550000190734863,11.899999618530273,14524
2021-05-10,11.899999618530273,11.949999809265137,11.550000190734863,11.550000190734863,34328
2021-05-11,11.850000381469727,12.350000381469727,11.649999618530273,12.149999618530273,34294
2021-05-12,11.600000381469727,11.899999618530273,11.5,11.899999618530273,38971
2021-05-14,11.600000381469727,12.149999618530273,11.600000381469727,11.850000381469727,31438
2021-05-17,11.149999618530273,11.949999809265137,11.100000381469727,11.949999809265137,75276
2021-05-18,11.699999809265137,11.699999809265137,11.0,11.050000190734863,37031
2021-05-19,12.100000381469727,12.25,11.75,12.25,85755
2021-05-20,11.699999809265137,12.300000190734863,11.600000381469727,12.300000190734863,78782
2021-05-21,11.649999618530273,12.100000381469727,11.300000190734863,11.949999809265137,81223
2021-05-24,12.050000190734863,12.199999809265137,11.300000190734863,11.899999618530273,133537
2021-05-25,11.899999618530273,12.600000381469727,11.649999618530273,12.449999809265137,107782
2021-05-26,12.449999809265137,12.449999809265137,11.949999809265137,12.100000381469727,62815
2021-05-27,13.050000190734863,13.050000190734863,12.949999809265137,13.0,33827
2021-05-28,13.699999809265137,13.699999809265137,13.649999618530273,13.649999618530273,66400
2021-05-31,14.350000381469727,14.350000381469727,14.100000381469727,14.25,59719
2021-06-01,14.449999809265137,15.050000190734863,13.699999809265137,15.0,259047
2021-06-02,15.149999618530273,15.149999618530273,14.5,15.0,173009
2021-06-03,15.899999618530273,15.899999618530273,15.5,15.899999618530273,65835
2021-06-04,16.649999618530273,16.649999618530273,16.649999618530273,16.649999618530273,74242
2021-06-07,17.450000762939453,17.450000762939453,17.450000762939453,17.450000762939453,28125
2021-06-08,18.299999237060547,18.299999237060547,18.299999237060547,18.299999237060547,111432
2021-06-09,19.200000762939453,19.200000762939453,18.350000381469727,19.200000762939453,390722
2021-06-10,20.149999618530273,20.149999618530273,20.0,20.149999618530273,61763
2021-06-11,21.149999618530273,21.149999618530273,21.149999618530273,21.149999618530273,22922
2021-06-14,22.200000762939453,22.200000762939453,22.200000762939453,22.200000762939453,121795
2021-06-15,23.299999237060547,23.299999237060547,23.299999237060547,23.299999237060547,124719
2021-06-16,24.450000762939453,24.450000762939453,24.450000762939453,24.450000762939453,32779
2021-06-17,23.25,25.600000381469727,23.25,25.0,103425
2021-06-18,22.100000381469727,22.100000381469727,22.100000381469727,22.100000381469727,22284
2021-06-21,21.0,21.0,21.0,21.0,25278
2021-06-22,19.950000762939453,19.950000762939453,19.950000762939453,19.950000762939453,51761
2021-06-23,19.0,19.0,19.0,19.0,52301
2021-06-24,18.049999237060547,18.049999237060547,18.049999237060547,18.049999237060547,22790
2021-06-25,17.149999618530273,17.149999618530273,17.149999618530273,17.149999618530273,39185
2021-06-28,18.0,18.0,16.299999237060547,16.299999237060547,195695
2021-06-29,18.899999618530273,18.899999618530273,18.5,18.700000762939453,36263
2021-06-30,18.700000762939453,19.799999237060547,18.0,19.799999237060547,139332
2021-07-01,18.299999237060547,19.399999618530273,17.799999237060547,19.399999618530273,105118
2021-07-02,18.200000762939453,18.950000762939453,18.0,18.700000762939453,39848
2021-07-05,18.25,18.5,17.299999237060547,18.200000762939453,78748
2021-07-06,17.649999618530273,18.450000762939453,17.350000381469727,18.25,79013
2021-07-07,18.25,18.5,17.299999237060547,17.5,48554
2021-07-08,18.149999618530273,18.5,17.75,18.25,26720
2021-07-09,17.950000762939453,18.549999237060547,17.549999237060547,18.549999237060547,49114
2021-07-12,18.200000762939453,18.350000381469727,17.700000762939453,18.0,66072
2021-07-13,18.049999237060547,18.5,17.950000762939453,18.5,75797
2021-07-14,18.450000762939453,18.549999237060547,17.75,18.399999618530273,55068
2021-07-15,18.200000762939453,18.799999237060547,17.600000381469727,18.5,42892
2021-07-16,18.0,18.700000762939453,17.799999237060547,18.700000762939453,41534
2021-07-19,18.149999618530273,18.5,17.5,18.0,50104
2021-07-20,18.950000762939453,19.049999237060547,17.75,18.0,201925
2021-07-22,19.850000381469727,19.850000381469727,19.350000381469727,19.799999237060547,109478
2021-07-23,20.75,20.799999237060547,20.5,20.75,115171
2021-07-26,20.200000762939453,21.700000762939453,19.75,21.600000381469727,256281
2021-07-27,19.600000381469727,20.799999237060547,19.350000381469727,20.75,104739
2021-07-28,18.850000381469727,19.799999237060547,18.649999618530273,19.600000381469727,73718
2021-07-29,19.450000762939453,19.700000762939453,18.5,18.5,45021
2021-07-30,19.649999618530273,20.0,18.600000381469727,20.0,52296
2021-08-02,19.549999237060547,20.600000381469727,19.299999237060547,20.0,81969
2021-08-03,19.399999618530273,20.350000381469727,19.200000762939453,19.950000762939453,73938
2021-08-04,18.75,20.0,18.649999618530273,20.0,51087
2021-08-05,17.899999618530273,18.950000762939453,17.850000381469727,18.25,88127
2021-08-06,18.299999237060547,19.649999618530273,17.5,17.899999618530273,60823
2021-08-09,18.75,20.100000381469727,18.0,18.0,78499
2021-08-10,18.549999237060547,19.700000762939453,18.049999237060547,19.5,73937
2021-08-11,17.600000381469727,19.350000381469727,17.100000381469727,19.350000381469727,60821
2021-08-12,17.799999237060547,18.549999237060547,16.149999618530273,17.950000762939453,97317
2021-08-13,17.950000762939453,18.450000762939453,17.600000381469727,18.200000762939453,59497
2021-08-16,17.649999618530273,18.700000762939453,17.25,18.700000762939453,61274
2021-08-17,16.799999237060547,18.0,16.5,18.0,70295
2021-08-18,16.200000762939453,17.450000762939453,16.049999237060547,16.799999237060547,40341
2021-08-20,16.200000762939453,16.649999618530273,16.0,16.649999618530273,38644
2021-08-23,15.800000190734863,17.25,15.0,16.549999237060547,46718
2021-08-24,16.899999618530273,17.0,15.149999618530273,16.0,83471
2021-08-25,16.600000381469727,17.350000381469727,16.100000381469727,16.899999618530273,60518
2021-08-26,16.450000762939453,17.200000762939453,16.299999237060547,17.200000762939453,29631
2021-08-27,16.600000381469727,16.899999618530273,16.149999618530273,16.899999618530273,17003
2021-08-30,16.399999618530273,17.350000381469727,15.850000381469727,17.350000381469727,71225
2021-08-31,15.850000381469727,16.649999618530273,15.649999618530273,16.649999618530273,88071
2021-09-01,15.5,16.25,15.399999618530273,15.850000381469727,78754
2021-09-02,15.300000190734863,15.600000381469727,15.149999618530273,15.5,46157
2021-09-03,15.350000381469727,15.5,15.100000381469727,15.449999809265137,64598
2021-09-06,15.449999809265137,16.399999618530273,15.25,15.699999809265137,48050
2021-09-07,15.149999618530273,16.399999618530273,15.100000381469727,16.399999618530273,51816
2021-09-08,15.149999618530273,16.0,15.100000381469727,16.0,58326
2021-09-09,15.050000190734863,15.5,14.850000381469727,15.149999618530273,41498
2021-09-13,15.149999618530273,15.5,15.0,15.399999618530273,89414
2021-09-14,15.149999618530273,15.550000190734863,15.149999618530273,15.550000190734863,67720
2021-09-15,15.100000381469727,15.449999809265137,15.050000190734863,15.449999809265137,106236
2021-09-16,15.100000381469727,15.699999809265137,14.100000381469727,15.100000381469727,105089
2021-09-17,14.699999809265137,15.5,14.350000381469727,15.399999618530273,138310
2021-09-20,14.75,15.300000190734863,14.5,15.0,53582
2021-09-21,15.300000190734863,16.100000381469727,14.899999618530273,16.100000381469727,683665
2021-09-22,14.800000190734863,15.449999809265137,14.699999809265137,15.399999618530273,206483
2021-09-23,14.5,15.149999618530273,14.399999618530273,15.0,233500
2021-09-24,13.649999618530273,14.949999809265137,13.5,14.949999809265137,296828
2021-09-27,13.350000381469727,14.0,13.050000190734863,13.899999618530273,145779
2021-09-28,13.149999618530273,13.649999618530273,13.0,13.199999809265137,119134
2021-09-29,12.949999809265137,13.300000190734863,12.850000381469727,13.300000190734863,105872
2021-09-30,12.949999809265137,13.25,12.899999618530273,13.25,198758
2021-10-01,13.0,13.199999809265137,12.850000381469727,13.199999809265137,75751
2021-10-04,12.899999618530273,13.300000190734863,12.850000381469727,13.300000190734863,177734
2021-10-05,12.800000190734863,13.100000381469727,12.75,13.100000381469727,169807
2021-10-06,12.800000190734863,13.0,12.75,12.800000190734863,151361
2021-10-07,14.699999809265137,15.350000381469727,12.75,12.800000190734863,2572290
2021-10-08,13.949999809265137,14.699999809265137,13.350000381469727,14.699999809265137,673028
2021-10-11,13.550000190734863,14.0,13.5,13.949999809265137,368630
2021-10-12,13.199999809265137,13.899999618530273,13.100000381469727,13.800000190734863,324741
2021-10-13,13.350000381469727,13.850000381469727,12.949999809265137,13.399999618530273,331439
2021-10-14,13.550000190734863,13.75,12.949999809265137,13.649999618530273,243023
2021-10-18,15.100000381469727,15.550000190734863,13.850000381469727,14.0,1003451
2021-10-19,18.100000381469727,18.100000381469727,15.550000190734863,16.0,1969958
2021-10-20,20.25,21.399999618530273,18.049999237060547,19.799999237060547,3904966
2021-10-21,18.25,20.200000762939453,18.25,20.200000762939453,747862
2021-10-22,16.75,18.25,16.5,18.25,543897
2021-10-25,18.399999618530273,18.399999618530273,16.850000381469727,17.25,788937
2021-10-26,18.100000381469727,19.899999618530273,17.600000381469727,18.600000381469727,647693
2021-10-27,17.450000762939453,18.450000762939453,17.200000762939453,18.25,217763
2021-10-28,17.0,17.950000762939453,16.5,17.5,187346
2021-10-29,16.200000762939453,17.299999237060547,15.699999809265137,17.299999237060547,279670
2021-11-01,16.75,17.200000762939453,16.049999237060547,16.700000762939453,155068
2021-11-02,17.200000762939453,17.5,16.600000381469727,17.100000381469727,98181
2021-11-03,16.950000762939453,18.0,16.700000762939453,18.0,91577
2021-11-04,17.299999237060547,17.75,17.049999237060547,17.299999237060547,55945
2021-11-08,16.950000762939453,18.0,16.799999237060547,17.899999618530273,173522
2021-11-09,16.950000762939453,17.200000762939453,16.5,17.200000762939453,111939
2021-11-10,16.899999618530273,17.200000762939453,16.549999237060547,16.950000762939453,116936
2021-11-11,16.600000381469727,17.049999237060547,15.75,17.049999237060547,95257
2021-11-12,16.700000762939453,18.0,16.049999237060547,16.950000762939453,167056
2021-11-15,16.649999618530273,17.149999618530273,16.200000762939453,17.149999618530273,74774
2021-11-16,16.850000381469727,17.049999237060547,16.299999237060547,16.75,87041
2021-11-17,16.149999618530273,17.0,16.0,16.950000762939453,96964
2021-11-18,15.850000381469727,16.649999618530273,15.800000190734863,16.450000762939453,126983
2021-11-22,16.299999237060547,16.899999618530273,15.75,16.0,113409
2021-11-23,16.100000381469727,16.850000381469727,15.75,16.850000381469727,99622
2021-11-24,16.100000381469727,16.600000381469727,16.0,16.100000381469727,59844
2021-11-25,16.549999237060547,16.899999618530273,15.899999618530273,16.399999618530273,128676
2021-11-26,16.049999237060547,16.850000381469727,15.600000381469727,16.850000381469727,121626
2021-11-29,15.0,16.25,14.899999618530273,15.600000381469727,126939
2021-11-30,15.350000381469727,15.600000381469727,14.800000190734863,15.0,87412
2021-12-01,15.449999809265137,16.700000762939453,15.050000190734863,16.700000762939453,55639
2021-12-02,15.949999809265137,16.100000381469727,15.5,15.949999809265137,72216
2021-12-03,16.399999618530273,16.899999618530273,16.0,16.100000381469727,195998
2021-12-06,15.75,16.899999618530273,14.800000190734863,16.799999237060547,134145
2021-12-07,15.699999809265137,16.350000381469727,15.449999809265137,16.0,49361
2021-12-08,15.850000381469727,16.5,15.600000381469727,15.699999809265137,75968
2021-12-09,16.149999618530273,16.399999618530273,15.75,15.949999809265137,70375
2021-12-10,16.100000381469727,16.450000762939453,15.75,16.450000762939453,55350
2021-12-13,16.299999237060547,17.0,14.800000190734863,16.549999237060547,170155
2021-12-14,16.350000381469727,16.799999237060547,16.049999237060547,16.799999237060547,117324
2021-12-15,15.649999618530273,16.700000762939453,15.25,16.700000762939453,383644
2021-12-16,16.049999237060547,16.299999237060547,15.699999809265137,15.800000190734863,94261
2021-12-17,15.699999809265137,16.350000381469727,15.5,16.350000381469727,100211
2021-12-20,15.550000190734863,16.5,15.199999809265137,16.5,116663
2021-12-21,15.949999809265137,16.549999237060547,15.25,15.25,114062
2021-12-22,15.949999809265137,16.549999237060547,15.850000381469727,16.549999237060547,69325
2021-12-23,16.0,16.5,15.699999809265137,16.5,78481
2021-12-24,15.800000190734863,16.399999618530273,15.699999809265137,15.800000190734863,56251
2021-12-27,16.0,16.149999618530273,15.649999618530273,16.100000381469727,56503
2021-12-28,16.100000381469727,16.299999237060547,16.0,16.299999237060547,52690
2021-12-29,16.049999237060547,16.299999237060547,15.25,16.100000381469727,54696
2021-12-30,15.75,16.149999618530273,15.5,16.049999237060547,95158
2021-12-31,15.899999618530273,16.100000381469727,15.649999618530273,16.0,90028
2022-01-03,16.649999618530273,17.0,15.5,16.0,437221
2022-01-04,17.100000381469727,17.850000381469727,16.700000762939453,17.0,315474
2022-01-05,16.600000381469727,17.5,16.350000381469727,17.299999237060547,163451
2022-01-06,16.600000381469727,17.0,15.699999809265137,16.649999618530273,127659
2022-01-07,16.450000762939453,17.0,16.350000381469727,17.0,157646
2022-01-10,17.299999237060547,17.450000762939453,16.450000762939453,16.5,312910
2022-01-11,17.450000762939453,18.0,15.800000190734863,17.5,477074
2022-01-12,16.899999618530273,17.899999618530273,16.75,17.5,192673
2022-01-13,16.649999618530273,17.700000762939453,16.25,17.700000762939453,202593
2022-01-14,17.149999618530273,17.450000762939453,16.5,16.899999618530273,259443
2022-01-17,17.399999618530273,17.850000381469727,17.0,17.850000381469727,271925
2022-01-18,16.75,17.600000381469727,16.649999618530273,17.600000381469727,134929
2022-01-19,16.600000381469727,17.200000762939453,16.049999237060547,16.049999237060547,115302
2022-01-20,18.25,18.25,16.549999237060547,16.950000762939453,603613
2022-01-21,18.600000381469727,19.850000381469727,17.100000381469727,18.149999618530273,857151
2022-01-24,17.399999618530273,19.5,16.850000381469727,18.899999618530273,198886
2022-01-25,16.700000762939453,17.299999237060547,16.049999237060547,17.299999237060547,299540
2022-01-27,17.149999618530273,17.75,16.549999237060547,16.75,128711
2022-01-28,17.0,17.899999618530273,16.850000381469727,17.700000762939453,87904
2022-01-31,16.799999237060547,17.5,16.549999237060547,17.350000381469727,106301
2022-02-01,16.600000381469727,17.350000381469727,16.5,16.799999237060547,110883
2022-02-02,16.950000762939453,17.399999618530273,16.25,16.649999618530273,128507
2022-02-03,17.149999618530273,17.5,16.5,17.25,392727
2022-02-04,18.399999618530273,18.799999237060547,17.0,17.200000762939453,341150
2022-02-07,22.049999237060547,22.049999237060547,20.399999618530273,21.75,1501399
2022-02-08,19.899999618530273,21.850000381469727,19.399999618530273,21.850000381469727,794410
2022-02-09,19.049999237060547,20.700000762939453,18.649999618530273,19.649999618530273,174050
2022-02-10,19.0,19.799999237060547,18.600000381469727,19.0,267672
2022-02-11,18.700000762939453,19.600000381469727,18.149999618530273,19.350000381469727,193653
2022-02-14,17.200000762939453,18.350000381469727,16.399999618530273,18.149999618530273,197358
2022-02-15,17.649999618530273,18.049999237060547,16.649999618530273,16.75,154558
2022-02-16,17.950000762939453,18.950000762939453,17.799999237060547,18.75,159875
2022-02-17,17.5,18.5,17.299999237060547,18.399999618530273,75889
2022-02-18,17.25,18.100000381469727,17.100000381469727,18.100000381469727,64742
2022-02-21,16.5,17.0,16.200000762939453,16.5,131498
2022-02-22,15.949999809265137,16.399999618530273,15.800000190734863,16.299999237060547,64587
2022-02-23,16.25,17.850000381469727,15.600000381469727,15.949999809265137,126409
2022-02-24,14.75,16.100000381469727,14.100000381469727,14.100000381469727,211354
2022-02-25,15.399999618530273,16.399999618530273,14.0,14.800000190734863,133136
2022-02-28,15.949999809265137,16.200000762939453,15.050000190734863,15.25,51585
2022-03-02,15.899999618530273,16.75,15.600000381469727,15.649999618530273,62573
2022-03-03,16.149999618530273,16.899999618530273,15.649999618530273,15.899999618530273,64413
2022-03-04,15.850000381469727,16.5,15.649999618530273,16.5,114847
2022-03-07,15.550000190734863,15.899999618530273,14.550000190734863,15.649999618530273,51904
2022-03-08,15.800000190734863,16.100000381469727,15.25,15.25,25362
2022-03-09,16.149999618530273,16.549999237060547,15.699999809265137,15.699999809265137,74473
2022-03-10,16.299999237060547,17.200000762939453,16.200000762939453,16.200000762939453,81401
2022-03-11,16.799999237060547,17.25,16.100000381469727,16.5,138769
2022-03-14,16.25,17.149999618530273,16.200000762939453,16.799999237060547,46690
2022-03-15,15.850000381469727,16.850000381469727,15.649999618530273,16.600000381469727,109052
2022-03-16,16.700000762939453,16.899999618530273,15.649999618530273,16.350000381469727,128993
2022-03-17,16.549999237060547,17.0,16.149999618530273,17.0,91174
2022-03-21,16.200000762939453,16.799999237060547,16.149999618530273,16.549999237060547,20916
2022-03-22,15.949999809265137,16.600000381469727,15.800000190734863,16.100000381469727,80531
2022-03-23,16.100000381469727,16.399999618530273,15.949999809265137,16.0,47624
2022-03-24,15.899999618530273,16.950000762939453,15.800000190734863,16.100000381469727,100851
2022-03-25,14.399999618530273,16.200000762939453,14.100000381469727,15.850000381469727,364284
2022-03-28,14.550000190734863,15.449999809265137,14.25,14.800000190734863,183119
2022-03-29,14.699999809265137,15.300000190734863,14.550000190734863,14.899999618530273,81704
2022-03-30,14.600000381469727,15.149999618530273,14.550000190734863,15.0,106066
2022-03-31,14.699999809265137,15.0,14.550000190734863,14.850000381469727,75588
2022-04-01,14.899999618530273,15.350000381469727,13.649999618530273,14.949999809265137,184765
2022-04-04,15.449999809265137,15.899999618530273,15.0,15.25,70466
2022-04-05,15.699999809265137,16.0,15.300000190734863,15.850000381469727,71452
2022-04-06,15.949999809265137,16.299999237060547,15.5,16.299999237060547,84983
2022-04-07,16.100000381469727,16.799999237060547,15.449999809265137,16.0,148935
2022-04-08,16.299999237060547,16.700000762939453,15.800000190734863,16.700000762939453,107408
2022-04-11,16.200000762939453,16.649999618530273,15.899999618530273,16.649999618530273,92475
2022-04-12,16.100000381469727,16.399999618530273,15.75,15.899999618530273,61507
2022-04-13,16.299999237060547,16.649999618530273,16.100000381469727,16.100000381469727,65020
2022-04-18,16.149999618530273,16.549999237060547,15.699999809265137,15.699999809265137,76757
2022-04-19,16.0,16.549999237060547,15.850000381469727,16.100000381469727,83682
2022-04-20,15.899999618530273,16.399999618530273,15.649999618530273,15.800000190734863,47079
2022-04-21,15.850000381469727,16.200000762939453,15.5,16.200000762939453,48065
2022-04-22,15.699999809265137,16.049999237060547,15.600000381469727,15.850000381469727,41227
2022-04-25,15.75,15.949999809265137,15.649999618530273,15.949999809265137,23654
2022-04-26,15.699999809265137,16.0,15.600000381469727,15.600000381469727,23443
2022-04-27,15.199999809265137,15.899999618530273,15.100000381469727,15.899999618530273,74308
2022-04-28,14.899999618530273,15.5,14.800000190734863,15.5,40035
2022-04-29,14.850000381469727,15.300000190734863,14.699999809265137,14.899999618530273,28581
2022-05-02,14.899999618530273,15.149999618530273,14.75,15.149999618530273,14921
2022-05-04,14.149999618530273,15.600000381469727,13.949999809265137,15.600000381469727,63231
2022-05-05,14.5,15.100000381469727,14.149999618530273,14.149999618530273,27908
2022-05-06,14.050000190734863,14.949999809265137,13.699999809265137,14.949999809265137,50619
2022-05-09,14.25,14.5,13.25,14.0,24547
2022-05-10,13.699999809265137,14.5,13.550000190734863,14.5,45391
2022-05-11,13.25,15.0,12.600000381469727,15.0,53209
2022-05-12,12.800000190734863,13.899999618530273,12.600000381469727,13.899999618530273,51838
2022-05-13,13.550000190734863,14.899999618530273,12.850000381469727,12.850000381469727,81021
2022-05-16,13.649999618530273,14.399999618530273,13.149999618530273,14.399999618530273,35594
2022-05-17,13.949999809265137,14.399999618530273,13.600000381469727,13.699999809265137,33255
2022-05-18,14.050000190734863,14.649999618530273,14.0,14.649999618530273,35019
2022-05-19,13.75,14.300000190734863,13.5,13.949999809265137,33770
2022-05-20,13.75,14.199999809265137,13.550000190734863,13.550000190734863,16343
2022-05-23,13.800000190734863,14.350000381469727,13.75,14.350000381469727,20533
2022-05-24,13.550000190734863,13.949999809265137,13.300000190734863,13.699999809265137,12231
2022-05-25,13.899999618530273,14.800000190734863,13.300000190734863,13.300000190734863,54907
2022-05-26,13.649999618530273,14.899999618530273,13.300000190734863,14.0,38970
2022-05-27,13.550000190734863,14.050000190734863,13.25,13.649999618530273,23998
2022-05-30,13.600000381469727,14.100000381469727,13.25,13.550000190734863,27717
2022-05-31,13.850000381469727,14.0,13.5,14.0,21048
2022-06-01,14.199999809265137,14.399999618530273,13.550000190734863,13.600000381469727,29039
2022-06-02,13.949999809265137,14.75,13.899999618530273,14.300000190734863,34519
2022-06-03,14.399999618530273,15.0,13.600000381469727,14.550000190734863,116590
2022-06-06,14.300000190734863,14.949999809265137,14.0,14.949999809265137,48559
2022-06-07,14.100000381469727,14.649999618530273,13.850000381469727,14.600000381469727,18066
2022-06-08,14.199999809265137,14.899999618530273,14.149999618530273,14.899999618530273,24544
2022-06-09,14.100000381469727,14.399999618530273,13.800000190734863,14.199999809265137,25141
2022-06-10,13.850000381469727,14.5,13.550000190734863,13.850000381469727,23510
2022-06-13,13.300000190734863,14.199999809265137,13.149999618530273,14.199999809265137,33886
2022-06-14,13.149999618530273,13.550000190734863,12.949999809265137,13.050000190734863,25681
2022-06-15,13.5,14.300000190734863,12.75,13.350000381469727,60112
2022-06-16,12.850000381469727,13.949999809265137,12.600000381469727,13.899999618530273,58476
2022-06-17,12.899999618530273,13.350000381469727,12.699999809265137,13.0,16266
2022-06-20,12.550000190734863,13.25,12.25,12.899999618530273,37858
2022-06-21,12.800000190734863,13.050000190734863,12.5,13.050000190734863,42239
2022-06-22,12.5,12.850000381469727,12.149999618530273,12.850000381469727,15260
2022-06-23,12.449999809265137,12.899999618530273,12.199999809265137,12.5,30967
2022-06-24,12.649999618530273,13.050000190734863,12.25,12.25,33748
2022-06-27,12.850000381469727,13.0,12.649999618530273,12.699999809265137,16348
2022-06-28,12.649999618530273,13.0,12.550000190734863,13.0,17024
2022-06-29,12.649999618530273,12.899999618530273,12.600000381469727,12.800000190734863,13272
2022-06-30,13.399999618530273,13.800000190734863,12.399999618530273,12.399999618530273,86222
2022-07-01,12.949999809265137,13.600000381469727,12.300000190734863,13.399999618530273,35487
2022-07-04,13.050000190734863,13.350000381469727,12.949999809265137,13.149999618530273,16800
2022-07-05,13.050000190734863,13.649999618530273,12.899999618530273,13.25,28747
2022-07-06,13.050000190734863,13.350000381469727,12.850000381469727,13.25,24392
2022-07-07,13.050000190734863,13.300000190734863,12.850000381469727,13.050000190734863,19426
2022-07-08,12.949999809265137,13.449999809265137,12.75,13.0,9865
2022-07-11,13.199999809265137,14.399999618530273,12.649999618530273,12.699999809265137,24844
2022-07-12,13.350000381469727,13.75,12.899999618530273,13.449999809265137,59083
2022-07-13,13.399999618530273,13.649999618530273,13.149999618530273,13.300000190734863,23140
2022-07-14,13.800000190734863,15.399999618530273,13.050000190734863,13.050000190734863,59451
2022-07-15,14.149999618530273,14.699999809265137,13.300000190734863,14.0,47030
2022-07-18,14.449999809265137,15.050000190734863,13.550000190734863,14.0,35902
2022-07-19,14.300000190734863,14.800000190734863,14.149999618530273,14.699999809265137,16961
2022-07-20,14.0,14.899999618530273,13.75,14.649999618530273,24941
2022-07-21,13.800000190734863,14.350000381469727,13.600000381469727,13.800000190734863,22841
2022-07-22,13.699999809265137,14.449999809265137,13.600000381469727,13.800000190734863,25249
2022-07-25,13.649999618530273,13.949999809265137,13.5,13.5,14848
2022-07-26,13.399999618530273,13.850000381469727,13.25,13.600000381469727,7352
2022-07-27,13.699999809265137,14.149999618530273,13.199999809265137,13.199999809265137,23762
2022-07-28,13.800000190734863,14.850000381469727,13.550000190734863,13.899999618530273,46168
2022-07-29,13.600000381469727,14.149999618530273,13.25,13.699999809265137,36066
2022-08-01,13.350000381469727,14.0,13.149999618530273,13.949999809265137,30849
2022-08-02,13.550000190734863,13.899999618530273,13.5,13.899999618530273,27810
2022-08-03,13.699999809265137,13.800000190734863,13.300000190734863,13.600000381469727,30639
2022-08-04,13.850000381469727,14.399999618530273,13.050000190734863,13.050000190734863,53514
2022-08-05,13.800000190734863,14.25,13.25,14.25,38470
2022-08-08,13.550000190734863,14.25,13.300000190734863,13.300000190734863,20192
2022-08-10,13.600000381469727,14.149999618530273,13.050000190734863,13.550000190734863,71639
2022-08-11,13.850000381469727,14.600000381469727,13.449999809265137,14.600000381469727,32226
2022-08-12,13.600000381469727,14.5,13.25,14.25,73326
2022-08-16,13.600000381469727,14.350000381469727,13.300000190734863,13.5,48181
2022-08-17,13.649999618530273,14.149999618530273,13.5,13.649999618530273,53468
2022-08-18,13.550000190734863,13.850000381469727,13.5,13.850000381469727,24737
2022-08-19,13.600000381469727,13.850000381469727,13.5,13.600000381469727,18310
2022-08-22,13.449999809265137,13.75,13.399999618530273,13.399999618530273,16485
2022-08-23,13.600000381469727,14.0,13.25,14.0,25300
2022-08-24,13.5,13.850000381469727,13.300000190734863,13.600000381469727,52583
2022-08-25,13.600000381469727,13.75,13.449999809265137,13.449999809265137,27771
2022-08-26,13.550000190734863,14.0,13.449999809265137,13.449999809265137,19140
2022-08-29,13.350000381469727,13.75,13.0,13.5,147658
2022-08-30,13.199999809265137,13.649999618530273,13.100000381469727,13.350000381469727,69340
2022-09-01,13.050000190734863,13.699999809265137,12.649999618530273,13.100000381469727,59139
2022-09-02,13.0,13.649999618530273,12.850000381469727,13.350000381469727,54381
2022-09-05,13.100000381469727,13.25,12.75,13.25,66566
2022-09-06,13.0,13.550000190734863,12.699999809265137,13.300000190734863,59403
2022-09-07,13.449999809265137,13.600000381469727,12.800000190734863,12.800000190734863,40087
2022-09-08,13.550000190734863,14.25,13.100000381469727,13.699999809265137,88480
2022-09-09,13.649999618530273,13.949999809265137,13.449999809265137,13.949999809265137,60392
2022-09-12,13.649999618530273,13.75,13.050000190734863,13.600000381469727,92626
2022-09-13,13.5,13.800000190734863,13.199999809265137,13.699999809265137,133593
2022-09-14,13.399999618530273,13.5,13.199999809265137,13.5,52563
2022-09-15,13.25,13.5,13.199999809265137,13.5,28952
2022-09-16,13.149999618530273,13.350000381469727,12.800000190734863,13.25,87794
2022-09-19,13.0,13.300000190734863,12.75,13.0,83701
2022-09-20,12.800000190734863,13.25,12.75,13.25,49904
2022-09-21,13.0,13.199999809265137,12.800000190734863,13.0,21715
2022-09-22,13.0,13.100000381469727,12.850000381469727,13.0,28804
2022-09-23,12.850000381469727,13.300000190734863,12.75,13.300000190734863,40380
2022-09-26,12.449999809265137,12.899999618530273,12.25,12.75,30424
2022-09-27,12.399999618530273,12.800000190734863,12.100000381469727,12.5,148097
2022-09-28,12.050000190734863,12.449999809265137,11.75,12.199999809265137,205938
2022-09-29,11.75,12.399999618530273,11.350000381469727,12.300000190734863,66128
2022-09-30,11.600000381469727,12.100000381469727,11.5,12.0,136847
2022-10-03,11.550000190734863,12.0,11.300000190734863,11.600000381469727,92812
2022-10-04,11.649999618530273,11.949999809265137,11.449999809265137,11.800000190734863,54647
2022-10-06,11.550000190734863,11.800000190734863,11.25,11.449999809265137,39717
2022-10-07,13.850000381469727,13.850000381469727,11.600000381469727,11.699999809265137,292519
2022-10-10,15.449999809265137,16.600000381469727,13.600000381469727,14.899999618530273,1503160
2022-10-11,15.199999809265137,16.399999618530273,14.800000190734863,16.399999618530273,470631
2022-10-12,14.25,15.449999809265137,14.0,15.449999809265137,224672
2022-10-13,13.100000381469727,14.649999618530273,11.699999809265137,14.25,250186
2022-10-14,13.850000381469727,14.350000381469727,12.800000190734863,13.699999809265137,225650
2022-10-17,14.0,14.699999809265137,13.699999809265137,14.0,118787
2022-10-18,14.350000381469727,15.149999618530273,14.199999809265137,14.649999618530273,175032
2022-10-19,14.050000190734863,14.699999809265137,13.899999618530273,14.399999618530273,130551
2022-10-20,13.350000381469727,14.350000381469727,12.800000190734863,14.050000190734863,266262
2022-10-21,13.699999809265137,14.0,13.350000381469727,14.0,121966
2022-10-24,13.850000381469727,14.949999809265137,13.5,14.949999809265137,109285
2022-10-25,13.649999618530273,14.0,13.350000381469727,13.550000190734863,290771
2022-10-27,13.699999809265137,14.600000381469727,13.600000381469727,14.600000381469727,91302
2022-10-28,13.5,15.699999809265137,13.100000381469727,14.100000381469727,134760
2022-10-31,13.399999618530273,14.050000190734863,13.25,14.0,171900
2022-11-01,13.300000190734863,13.75,13.199999809265137,13.75,127747
2022-11-02,13.899999618530273,14.0,13.199999809265137,13.5,273853
2022-11-03,13.800000190734863,14.350000381469727,13.449999809265137,14.350000381469727,119071
2022-11-04,13.800000190734863,14.300000190734863,13.600000381469727,13.899999618530273,76549
2022-11-07,13.699999809265137,14.25,13.300000190734863,13.550000190734863,143584
2022-11-09,13.550000190734863,13.699999809265137,13.350000381469727,13.350000381469727,64672
2022-11-10,13.5,13.949999809265137,13.399999618530273,13.399999618530273,72555
2022-11-11,13.350000381469727,14.0,13.350000381469727,13.850000381469727,117258
2022-11-14,13.350000381469727,13.899999618530273,13.300000190734863,13.5,121600
2022-11-15,13.550000190734863,13.699999809265137,13.0,13.449999809265137,249379
2022-11-16,13.75,14.0,13.449999809265137,13.550000190734863,116136
2022-11-17,13.399999618530273,13.949999809265137,13.199999809265137,13.449999809265137,147615
2022-11-18,13.350000381469727,13.649999618530273,13.100000381469727,13.399999618530273,80370
2022-11-21,13.5,13.699999809265137,13.350000381469727,13.350000381469727,77383
2022-11-22,13.300000190734863,13.649999618530273,13.300000190734863,13.350000381469727,37233
2022-11-23,13.300000190734863,13.75,13.300000190734863,13.300000190734863,23751
2022-11-24,13.300000190734863,13.550000190734863,13.300000190734863,13.350000381469727,41980
2022-11-25,13.350000381469727,13.550000190734863,13.300000190734863,13.5,24996
2022-11-28,13.300000190734863,13.600000381469727,13.300000190734863,13.600000381469727,35809
2022-11-29,13.300000190734863,13.5,13.300000190734863,13.5,23777
2022-11-30,13.350000381469727,13.449999809265137,12.899999618530273,13.449999809265137,165743
2022-12-01,13.0,13.449999809265137,11.600000381469727,13.350000381469727,118258
2022-12-02,13.050000190734863,13.25,13.0,13.0,27480
2022-12-05,13.050000190734863,13.199999809265137,12.949999809265137,13.050000190734863,24806
2022-12-06,13.050000190734863,13.199999809265137,12.949999809265137,13.199999809265137,23498
2022-12-07,12.949999809265137,13.199999809265137,12.899999618530273,12.949999809265137,19877
2022-12-08,12.75,13.399999618530273,12.5,13.199999809265137,85258
2022-12-09,13.649999618530273,14.5,12.300000190734863,12.850000381469727,263073
2022-12-12,13.75,14.75,13.5,13.649999618530273,90269
2022-12-13,13.449999809265137,14.199999809265137,13.350000381469727,13.600000381469727,54227
2022-12-14,16.100000381469727,16.100000381469727,16.100000381469727,16.100000381469727,242487
2022-12-15,19.299999237060547,19.299999237060547,17.0,19.299999237060547,2615325
2022-12-16,19.350000381469727,20.200000762939453,18.0,19.399999618530273,1011325
2022-12-19,17.450000762939453,19.799999237060547,17.450000762939453,19.600000381469727,447835
2022-12-20,18.5,19.149999618530273,15.75,17.549999237060547,817329
2022-12-21,18.149999618530273,20.350000381469727,17.600000381469727,20.0,762089
2022-12-22,17.0,18.649999618530273,16.399999618530273,18.049999237060547,285983
2022-12-23,15.300000190734863,16.850000381469727,15.300000190734863,16.850000381469727,169415
2022-12-26,16.649999618530273,16.799999237060547,15.300000190734863,15.300000190734863,163217
2022-12-27,16.350000381469727,17.0,15.75,17.0,98911
2022-12-28,16.799999237060547,17.25,16.049999237060547,16.399999618530273,71173
2022-12-29,16.75,17.299999237060547,16.549999237060547,17.299999237060547,32154
2022-12-30,16.700000762939453,17.25,16.600000381469727,16.700000762939453,90378
2023-01-02,16.5,17.450000762939453,16.049999237060547,16.049999237060547,93571
2023-01-03,16.649999618530273,17.100000381469727,16.299999237060547,16.5,131000
2023-01-04,16.350000381469727,16.899999618530273,16.200000762939453,16.200000762939453,75151
2023-01-05,16.25,16.799999237060547,16.149999618530273,16.399999618530273,134936
2023-01-06,16.049999237060547,16.399999618530273,15.550000190734863,16.200000762939453,202475
2023-01-09,15.899999618530273,16.649999618530273,15.600000381469727,16.100000381469727,111819
2023-01-10,15.75,16.399999618530273,15.449999809265137,15.850000381469727,101483
2023-01-11,15.899999618530273,16.200000762939453,15.699999809265137,16.0,71889
2023-01-12,15.899999618530273,16.25,15.75,16.25,134729
2023-01-13,15.800000190734863,16.5,15.600000381469727,15.699999809265137,88309
2023-01-16,15.699999809265137,16.5,15.5,15.800000190734863,161007
2023-01-17,15.649999618530273,15.949999809265137,15.399999618530273,15.75,97056
2023-01-18,15.649999618530273,15.949999809265137,15.5,15.649999618530273,40846
2023-01-19,15.600000381469727,16.25,15.100000381469727,15.100000381469727,329230
2023-01-20,15.649999618530273,16.200000762939453,15.300000190734863,15.600000381469727,145216
2023-01-23,15.350000381469727,16.0,15.199999809265137,15.699999809265137,199921
2023-01-24,15.300000190734863,15.699999809265137,15.100000381469727,15.100000381469727,26575
2023-01-25,14.899999618530273,15.75,14.699999809265137,15.300000190734863,104532
2023-01-27,14.600000381469727,15.800000190734863,13.800000190734863,15.0,251863
2023-01-30,14.449999809265137,14.850000381469727,13.699999809265137,14.600000381469727,120529
2023-01-31,14.600000381469727,14.899999618530273,14.199999809265137,14.550000190734863,82973
2023-02-01,14.149999618530273,15.100000381469727,14.0,14.600000381469727,189911
2023-02-02,14.449999809265137,14.699999809265137,14.25,14.399999618530273,48426
2023-02-03,13.300000190734863,14.699999809265137,13.100000381469727,14.550000190734863,146559
2023-02-06,14.050000190734863,14.25,13.0,13.300000190734863,154229
2023-02-07,13.850000381469727,14.600000381469727,13.350000381469727,14.050000190734863,507295
2023-02-08,13.699999809265137,14.199999809265137,13.300000190734863,13.550000190734863,162263
2023-02-09,14.100000381469727,14.199999809265137,13.25,13.25,114331
2023-02-10,14.399999618530273,14.949999809265137,14.050000190734863,14.300000190734863,405975
2023-02-13,14.050000190734863,14.800000190734863,13.850000381469727,14.399999618530273,307741
2023-02-14,13.649999618530273,14.300000190734863,13.550000190734863,13.850000381469727,67469
2023-02-15,13.550000190734863,13.949999809265137,13.350000381469727,13.899999618530273,120637
2023-02-16,13.100000381469727,13.899999618530273,12.949999809265137,13.449999809265137,195302
2023-02-17,13.449999809265137,13.649999618530273,13.100000381469727,13.149999618530273,237262
2023-02-20,13.350000381469727,13.699999809265137,13.149999618530273,13.699999809265137,62342
2023-02-21,12.399999618530273,13.550000190734863,12.050000190734863,13.350000381469727,333134
2023-02-22,11.899999618530273,12.699999809265137,11.399999618530273,11.800000190734863,677150
2023-02-23,11.949999809265137,12.300000190734863,11.800000190734863,12.300000190734863,63099
2023-02-24,10.850000381469727,12.149999618530273,10.75,12.149999618530273,147193
2023-02-27,11.050000190734863,11.5,10.699999809265137,11.050000190734863,208830
2023-02-28,12.100000381469727,12.149999618530273,10.949999809265137,11.199999809265137,184306
2023-03-01,13.300000190734863,13.300000190734863,12.199999809265137,12.199999809265137,66422
2023-03-02,13.449999809265137,14.149999618530273,12.699999809265137,13.5,382356
2023-03-03,13.649999618530273,14.199999809265137,13.149999618530273,13.699999809265137,299769
2023-03-06,14.100000381469727,14.300000190734863,13.550000190734863,13.75,156575
2023-03-08,13.800000190734863,14.649999618530273,13.75,14.350000381469727,434846
2023-03-09,13.850000381469727,14.300000190734863,13.699999809265137,13.75,39179
2023-03-10,13.850000381469727,14.300000190734863,13.699999809265137,14.300000190734863,77921
2023-03-13,13.300000190734863,14.050000190734863,13.149999618530273,14.050000190734863,57240
2023-03-14,12.899999618530273,13.300000190734863,12.649999618530273,13.300000190734863,22903
2023-03-15,13.100000381469727,13.199999809265137,12.350000381469727,13.050000190734863,116736
2023-03-16,12.699999809265137,13.5,12.550000190734863,13.5,191727
2023-03-17,12.800000190734863,13.100000381469727,12.699999809265137,12.699999809265137,134544
2023-03-20,12.800000190734863,13.199999809265137,12.5,12.949999809265137,136566
2023-03-21,13.149999618530273,13.350000381469727,12.600000381469727,12.699999809265137,134891
2023-03-22,13.699999809265137,13.800000190734863,13.0,13.0,172840
2023-03-23,13.699999809265137,14.350000381469727,13.550000190734863,13.800000190734863,52109
2023-03-24,13.5,13.949999809265137,13.5,13.699999809265137,37139
2023-03-27,13.25,13.800000190734863,12.850000381469727,13.5,38908
2023-03-28,13.0,13.350000381469727,12.800000190734863,13.149999618530273,68018
2023-03-29,12.800000190734863,13.300000190734863,12.600000381469727,13.0,54036
2023-03-31,12.699999809265137,13.399999618530273,12.5,13.100000381469727,80805
2023-04-03,12.75,13.0,12.649999618530273,12.949999809265137,29242
2023-04-05,13.25,13.300000190734863,12.699999809265137,12.949999809265137,136687
2023-04-06,13.199999809265137,13.300000190734863,13.0,13.25,21782
2023-04-10,12.75,13.149999618530273,12.649999618530273,13.100000381469727,47809
2023-04-11,12.899999618530273,13.25,12.449999809265137,12.449999809265137,71468
2023-04-12,12.699999809265137,13.0,12.449999809265137,13.0,20702
2023-04-13,12.800000190734863,13.300000190734863,12.699999809265137,12.699999809265137,235494
2023-04-17,12.600000381469727,13.0,12.449999809265137,13.0,97333
2023-04-18,12.75,13.199999809265137,12.600000381469727,12.75,83925
2023-04-19,12.850000381469727,13.0,12.550000190734863,12.550000190734863,106243
2023-04-20,12.75,12.850000381469727,12.550000190734863,12.600000381469727,81673
2023-04-21,12.600000381469727,13.149999618530273,12.449999809265137,12.550000190734863,136532
2023-04-24,12.699999809265137,12.899999618530273,12.449999809265137,12.5,127210
2023-04-25,12.550000190734863,12.949999809265137,12.449999809265137,12.949999809265137,36787
2023-04-26,12.649999618530273,12.899999618530273,12.25,12.550000190734863,81871
2023-04-27,12.449999809265137,12.899999618530273,12.100000381469727,12.75,54646
2023-04-28,12.800000190734863,12.949999809265137,12.449999809265137,12.699999809265137,138753
2023-05-02,13.199999809265137,13.300000190734863,12.75,12.899999618530273,166412
2023-05-03,13.149999618530273,13.800000190734863,13.0,13.199999809265137,109858
2023-05-04,13.199999809265137,13.449999809265137,12.899999618530273,13.449999809265137,114731
2023-05-05,13.75,13.800000190734863,13.0,13.300000190734863,206910
2023-05-08,13.149999618530273,13.75,13.0,13.75,108688
2023-05-09,12.949999809265137,13.699999809265137,12.550000190734863,13.149999618530273,151169
2023-05-10,12.850000381469727,13.149999618530273,12.600000381469727,13.149999618530273,134148
2023-05-11,13.25,13.449999809265137,12.800000190734863,12.850000381469727,318053
2023-05-12,13.5,13.649999618530273,13.149999618530273,13.600000381469727,71021
2023-05-15,13.149999618530273,13.649999618530273,13.100000381469727,13.5,46304
2023-05-16,13.050000190734863,13.550000190734863,12.899999618530273,13.449999809265137,179405
2023-05-17,13.800000190734863,14.350000381469727,13.050000190734863,13.25,184430
2023-05-18,14.199999809265137,14.75,13.800000190734863,14.199999809265137,353004
2023-05-19,13.899999618530273,14.75,13.300000190734863,14.75,251728
2023-05-22,14.100000381469727,14.550000190734863,13.649999618530273,13.899999618530273,199895
2023-05-23,14.0,14.449999809265137,13.75,14.199999809265137,181265
2023-05-24,14.0,14.449999809265137,13.350000381469727,14.0,214661
2023-05-25,13.800000190734863,14.399999618530273,13.649999618530273,14.300000190734863,164294
2023-05-26,13.649999618530273,14.300000190734863,13.449999809265137,13.600000381469727,188591
2023-05-29,12.899999618530273,13.899999618530273,12.800000190734863,13.899999618530273,241116
2023-05-30,12.800000190734863,13.100000381469727,12.699999809265137,13.100000381469727,24719
2023-05-31,12.600000381469727,12.899999618530273,12.300000190734863,12.75,135091
2023-06-01,13.100000381469727,13.300000190734863,12.199999809265137,12.850000381469727,289854
2023-06-02,13.050000190734863,13.199999809265137,12.800000190734863,13.050000190734863,40743
2023-06-05,12.800000190734863,13.25,12.649999618530273,13.25,136100
2023-06-06,12.800000190734863,12.949999809265137,12.699999809265137,12.75,26491
2023-06-07,12.800000190734863,13.100000381469727,12.5,12.699999809265137,29377
2023-06-08,12.949999809265137,13.149999618530273,12.649999618530273,12.75,96802
2023-06-09,12.75,13.0,12.699999809265137,12.699999809265137,28351
2023-06-12,13.25,13.300000190734863,12.75,12.949999809265137,36652
2023-06-13,12.949999809265137,13.199999809265137,12.850000381469727,13.199999809265137,37742
2023-06-14,12.850000381469727,13.100000381469727,12.800000190734863,12.949999809265137,67150
2023-06-15,12.949999809265137,13.25,12.800000190734863,12.899999618530273,48892
2023-06-16,12.850000381469727,13.050000190734863,12.75,13.050000190734863,48818
2023-06-19,12.75,12.899999618530273,12.699999809265137,12.800000190734863,27365
2023-06-20,12.850000381469727,12.949999809265137,12.75,12.850000381469727,14276
2023-06-21,12.800000190734863,13.0,12.800000190734863,13.0,11915
2023-06-22,12.800000190734863,12.899999618530273,12.649999618530273,12.800000190734863,36972
2023-06-23,12.800000190734863,12.850000381469727,12.699999809265137,12.850000381469727,9568
2023-06-26,12.399999618530273,12.899999618530273,11.149999618530273,12.850000381469727,69189
2023-06-27,11.949999809265137,12.800000190734863,11.399999618530273,12.800000190734863,153534
2023-06-28,12.300000190734863,12.399999618530273,12.050000190734863,12.25,33483
2023-06-30,12.5,12.75,12.300000190734863,12.550000190734863,20895
2023-07-03,12.5,12.75,12.25,12.75,12508
2023-07-04,12.5,12.75,12.449999809265137,12.75,25414
2023-07-05,12.550000190734863,13.0,12.350000381469727,12.600000381469727,56753
2023-07-06,12.449999809265137,12.800000190734863,12.399999618530273,12.399999618530273,32498
2023-07-07,12.449999809265137,12.800000190734863,12.100000381469727,12.699999809265137,137817
2023-07-10,12.449999809265137,12.699999809265137,12.25,12.699999809265137,34495
2023-07-11,12.300000190734863,12.899999618530273,12.199999809265137,12.300000190734863,50607
2023-07-12,12.649999618530273,12.800000190734863,12.25,12.25,43471
2023-07-13,12.449999809265137,12.800000190734863,12.399999618530273,12.75,19511
2023-07-14,12.300000190734863,12.699999809265137,12.300000190734863,12.699999809265137,57069
2023-07-17,12.100000381469727,12.75,11.949999809265137,12.350000381469727,110426
2023-07-18,12.100000381469727,12.25,11.899999618530273,12.0,17845
2023-07-19,12.149999618530273,12.550000190734863,12.100000381469727,12.25,31036
2023-07-20,12.100000381469727,12.399999618530273,11.949999809265137,12.300000190734863,46802
2023-07-21,11.949999809265137,12.800000190734863,11.800000190734863,12.100000381469727,164679
2023-07-24,12.100000381469727,12.25,11.949999809265137,12.149999618530273,66999
2023-07-25,12.149999618530273,12.25,12.0,12.050000190734863,44900
2023-07-26,12.050000190734863,12.300000190734863,12.0,12.25,59027
2023-07-27,12.050000190734863,12.149999618530273,11.949999809265137,12.0,24925
2023-07-28,11.949999809265137,12.300000190734863,11.800000190734863,12.050000190734863,51635
2023-07-31,12.649999618530273,13.800000190734863,11.899999618530273,11.949999809265137,118008
2023-08-01,12.25,13.149999618530273,12.0,13.149999618530273,87981
2023-08-02,12.149999618530273,12.5,12.0,12.449999809265137,44620
2023-08-03,12.149999618530273,12.449999809265137,12.0,12.300000190734863,24467
2023-08-04,12.199999809265137,12.399999618530273,12.149999618530273,12.350000381469727,24516
2023-08-07,12.050000190734863,12.350000381469727,12.050000190734863,12.350000381469727,29482
2023-08-08,12.100000381469727,12.350000381469727,12.0,12.0,12841
2023-08-09,12.050000190734863,12.399999618530273,11.949999809265137,12.300000190734863,32012
2023-08-10,12.149999618530273,12.300000190734863,12.100000381469727,12.149999618530273,19524
2023-08-11,12.100000381469727,12.600000381469727,12.0,12.149999618530273,12941
2023-08-14,12.149999618530273,12.300000190734863,11.899999618530273,12.0,38862
2023-08-16,12.149999618530273,12.600000381469727,11.949999809265137,12.399999618530273,79316
2023-08-17,12.25,12.399999618530273,12.100000381469727,12.199999809265137,9761
2023-08-18,12.149999618530273,12.5,12.050000190734863,12.050000190734863,36896
2023-08-21,12.050000190734863,12.300000190734863,12.0,12.149999618530273,32122
2023-08-22,12.050000190734863,12.25,12.050000190734863,12.100000381469727,15548
2023-08-23,11.899999618530273,12.25,11.899999618530273,12.050000190734863,93004
2023-08-24,11.949999809265137,12.149999618530273,11.850000381469727,12.050000190734863,56407
2023-08-25,11.75,12.0,11.600000381469727,11.899999618530273,39973
2023-08-28,11.699999809265137,12.0,11.550000190734863,11.800000190734863,53551
2023-08-29,10.399999618530273,11.800000190734863,10.0,11.5,438469
2023-08-30,12.449999809265137,12.449999809265137,10.600000381469727,10.600000381469727,882085
2023-08-31,12.199999809265137,13.300000190734863,12.100000381469727,13.050000190734863,577630
2023-09-01,12.449999809265137,12.800000190734863,12.100000381469727,12.399999618530273,177542
2023-09-04,12.300000190734863,12.550000190734863,12.199999809265137,12.449999809265137,60718
2023-09-05,12.300000190734863,12.75,12.149999618530273,12.449999809265137,107932
2023-09-06,12.350000381469727,12.550000190734863,11.850000381469727,12.399999618530273,85116
2023-09-07,12.25,12.5,12.199999809265137,12.5,36073
2023-09-08,12.199999809265137,12.5,12.100000381469727,12.399999618530273,34279
2023-09-11,12.300000190734863,12.699999809265137,12.100000381469727,12.699999809265137,58895
2023-09-12,11.899999618530273,12.399999618530273,11.550000190734863,12.199999809265137,52832
2023-09-13,12.0,12.199999809265137,11.800000190734863,12.050000190734863,45739
2023-09-14,12.0,12.149999618530273,11.949999809265137,12.100000381469727,33476
2023-09-15,12.100000381469727,12.199999809265137,12.0,12.149999618530273,26426
2023-09-18,12.050000190734863,12.25,12.0,12.25,23782
2023-09-20,11.949999809265137,12.100000381469727,11.850000381469727,12.0,18222
2023-09-21,11.850000381469727,12.050000190734863,11.800000190734863,11.800000190734863,31536
2023-09-22,12.25,14.199999809265137,11.800000190734863,11.949999809265137,776177
2023-09-25,11.850000381469727,12.5,11.800000190734863,12.5,153502
2023-09-26,11.949999809265137,12.199999809265137,11.850000381469727,11.850000381469727,39203
2023-09-27,12.050000190734863,12.199999809265137,11.949999809265137,12.100000381469727,31360
2023-09-28,12.050000190734863,12.300000190734863,12.0,12.100000381469727,29884
2023-09-29,11.949999809265137,12.199999809265137,11.149999618530273,12.199999809265137,85804
2023-10-03,11.850000381469727,12.350000381469727,11.75,12.149999618530273,100346
2023-10-04,11.550000190734863,11.949999809265137,11.350000381469727,11.949999809265137,184862
2023-10-05,11.449999809265137,11.75,11.0,11.699999809265137,75977
2023-10-06,11.649999618530273,11.75,11.399999618530273,11.449999809265137,17129
2023-10-09,11.5,11.649999618530273,11.300000190734863,11.5,9865
2023-10-10,11.649999618530273,11.699999809265137,11.449999809265137,11.649999618530273,13541
2023-10-11,11.550000190734863,11.649999618530273,11.550000190734863,11.600000381469727,30107
2023-10-12,12.050000190734863,12.300000190734863,11.449999809265137,11.550000190734863,136508
2023-10-13,12.300000190734863,12.399999618530273,11.899999618530273,12.199999809265137,62331
2023-10-16,11.699999809265137,12.350000381469727,11.199999809265137,12.300000190734863,171247
2023-10-17,12.449999809265137,12.949999809265137,11.699999809265137,11.850000381469727,249751
2023-10-18,13.0,13.350000381469727,12.100000381469727,12.149999618530273,604916
2023-10-19,13.149999618530273,13.449999809265137,12.600000381469727,12.899999618530273,219110
2023-10-20,12.850000381469727,13.449999809265137,12.649999618530273,13.050000190734863,143165
2023-10-23,12.600000381469727,13.449999809265137,12.399999618530273,13.050000190734863,717402
2023-10-25,12.449999809265137,13.149999618530273,12.149999618530273,12.850000381469727,240669
2023-10-26,12.399999618530273,13.350000381469727,12.0,12.449999809265137,881329
2023-10-27,12.25,12.699999809265137,12.0,12.5,162199
2023-10-30,11.699999809265137,12.75,11.25,12.050000190734863,259088
2023-10-31,11.899999618530273,12.050000190734863,11.699999809265137,11.699999809265137,41354
2023-11-01,11.800000190734863,12.050000190734863,11.600000381469727,11.850000381469727,29133
2023-11-02,11.899999618530273,12.149999618530273,11.800000190734863,11.949999809265137,37107
2023-11-03,12.050000190734863,12.199999809265137,12.0,12.050000190734863,30122
2023-11-06,12.0,12.25,11.899999618530273,12.25,38464
2023-11-07,11.800000190734863,12.149999618530273,11.600000381469727,12.149999618530273,159968
2023-11-08,11.75,12.0,11.699999809265137,12.0,52620
2023-11-09,11.800000190734863,12.0,11.649999618530273,11.899999618530273,43947
2023-11-10,11.850000381469727,11.949999809265137,11.800000190734863,11.899999618530273,23021
2023-11-13,12.0,12.199999809265137,11.949999809265137,12.050000190734863,23356
2023-11-15,11.899999618530273,12.149999618530273,11.800000190734863,12.0,50583
2023-11-16,11.800000190734863,12.149999618530273,11.75,12.050000190734863,80022
2023-11-17,11.949999809265137,12.0,11.850000381469727,11.899999618530273,127861
2023-11-20,13.350000381469727,14.300000190734863,11.949999809265137,12.100000381469727,1921098
2023-11-21,13.899999618530273,14.25,13.100000381469727,13.399999618530273,1099932
2023-11-22,13.0,14.25,12.649999618530273,14.149999618530273,538723
2023-11-23,13.199999809265137,13.5,12.649999618530273,13.199999809265137,605507
2023-11-24,13.0,14.699999809265137,12.850000381469727,13.449999809265137,355692
2023-11-28,12.850000381469727,13.600000381469727,12.600000381469727,13.25,439113
2023-11-29,12.800000190734863,13.25,12.699999809265137,13.25,89174
2023-11-30,12.649999618530273,13.0,12.5,12.75,80806
2023-12-01,12.699999809265137,12.949999809265137,12.600000381469727,12.850000381469727,65368
2023-12-04,12.75,12.949999809265137,12.600000381469727,12.899999618530273,47842
2023-12-05,12.649999618530273,12.949999809265137,12.5,12.949999809265137,59558
2023-12-06,12.850000381469727,13.050000190734863,12.350000381469727,12.850000381469727,139207
2023-12-07,12.899999618530273,13.800000190734863,12.699999809265137,12.699999809265137,157423
2023-12-08,12.899999618530273,13.300000190734863,12.800000190734863,13.050000190734863,55013
2023-12-11,13.050000190734863,13.199999809265137,12.899999618530273,12.899999618530273,25377
2023-12-12,13.0,13.25,12.100000381469727,13.25,93811
2023-12-13,14.25,14.699999809265137,12.899999618530273,13.100000381469727,739507
2023-12-14,13.850000381469727,14.449999809265137,13.699999809265137,14.399999618530273,146453
2023-12-15,15.199999809265137,15.600000381469727,13.949999809265137,13.949999809265137,882353
2023-12-18,14.850000381469727,15.399999618530273,14.399999618530273,15.199999809265137,200190
2023-12-19,14.850000381469727,15.5,14.649999618530273,15.0,155415
2023-12-20,13.75,15.350000381469727,12.199999809265137,15.25,186488
2023-12-21,14.0,14.199999809265137,13.399999618530273,13.800000190734863,123267
2023-12-22,15.050000190734863,15.449999809265137,13.899999618530273,13.899999618530273,222193
2023-12-26,15.050000190734863,15.649999618530273,14.850000381469727,15.449999809265137,316129
2023-12-27,16.200000762939453,17.0,14.600000381469727,15.300000190734863,746170
2023-12-28,15.949999809265137,16.5,15.699999809265137,16.5,669229
2023-12-29,15.399999618530273,16.200000762939453,14.800000190734863,16.0,323277
2024-01-01,15.300000190734863,15.949999809265137,15.100000381469727,15.649999618530273,118394
2024-01-02,15.050000190734863,15.350000381469727,14.75,15.350000381469727,114315
2024-01-03,15.75,16.399999618530273,15.0,15.300000190734863,501101
2024-01-04,16.700000762939453,16.950000762939453,15.699999809265137,15.949999809265137,445696
2024-01-05,16.600000381469727,17.200000762939453,16.100000381469727,16.700000762939453,278578
2024-01-08,17.899999618530273,18.799999237060547,16.149999618530273,16.600000381469727,1316713
2024-01-09,16.899999618530273,18.799999237060547,16.350000381469727,18.299999237060547,790550
2024-01-10,17.25,17.799999237060547,16.5,17.100000381469727,206436
2024-01-11,17.25,17.450000762939453,16.799999237060547,17.450000762939453,101757
2024-01-12,16.950000762939453,17.450000762939453,16.600000381469727,17.450000762939453,150682
2024-01-15,16.950000762939453,16.950000762939453,16.950000762939453,16.950000762939453,0
2024-01-16,17.149999618530273,17.950000762939453,17.049999237060547,17.75,163547
2024-01-17,16.899999618530273,17.399999618530273,16.600000381469727,17.299999237060547,105204
2024-01-18,16.549999237060547,17.149999618530273,16.25,16.600000381469727,98720
2024-01-19,16.600000381469727,17.149999618530273,16.399999618530273,16.600000381469727,52378
2024-01-23,15.800000190734863,16.950000762939453,15.0,16.75,75115
2024-01-24,15.949999809265137,16.5,15.600000381469727,16.350000381469727,77274
2024-01-25,15.899999618530273,16.299999237060547,15.699999809265137,16.299999237060547,48463
2024-01-29,18.75,19.049999237060547,15.949999809265137,15.949999809265137,1199756
2024-01-30,20.299999237060547,22.5,20.049999237060547,21.0,4419250
2024-01-31,18.799999237060547,19.700000762939453,18.600000381469727,19.049999237060547,489900
2024-02-01,19.100000381469727,19.25,18.649999618530273,19.100000381469727,240504
2024-02-02,18.149999618530273,19.850000381469727,18.0,19.399999618530273,375825
2024-02-05,18.049999237060547,18.649999618530273,17.899999618530273,18.5,584159
2024-02-06,18.600000381469727,19.100000381469727,18.049999237060547,18.299999237060547,408409
2024-02-07,18.049999237060547,18.899999618530273,17.600000381469727,18.899999618530273,576147
2024-02-08,18.399999618530273,18.850000381469727,17.700000762939453,18.299999237060547,624373
2024-02-09,18.75,19.399999618530273,17.850000381469727,18.399999618530273,1014932
2024-02-12,18.200000762939453,19.200000762939453,17.899999618530273,19.049999237060547,643382
2024-02-13,17.200000762939453,18.950000762939453,16.899999618530273,18.549999237060547,477394
2024-02-14,17.5,17.75,16.950000762939453,17.100000381469727,428255
2024-02-15,17.649999618530273,17.899999618530273,17.450000762939453,17.899999618530273,494463
2024-02-16,17.899999618530273,18.0,17.399999618530273,17.850000381469727,557480
2024-02-19,17.0,17.850000381469727,16.75,17.600000381469727,456996
2024-02-20,17.299999237060547,17.850000381469727,17.0,17.25,579462
2024-02-21,17.049999237060547,17.600000381469727,17.0,17.049999237060547,274466
2024-02-22,16.850000381469727,17.299999237060547,16.399999618530273,17.299999237060547,299911
2024-02-23,16.899999618530273,17.399999618530273,16.5,17.149999618530273,81975
2024-02-26,15.850000381469727,17.100000381469727,15.149999618530273,17.0,423030
2024-02-27,17.049999237060547,17.799999237060547,16.0,16.100000381469727,666989
2024-02-28,15.899999618530273,17.350000381469727,15.5,17.350000381469727,539415
2024-02-29,16.049999237060547,16.549999237060547,15.5,16.149999618530273,218745
2024-03-01,16.149999618530273,16.700000762939453,16.0,16.350000381469727,268734
2024-03-04,16.049999237060547,16.450000762939453,16.049999237060547,16.299999237060547,44490
2024-03-05,15.800000190734863,16.299999237060547,15.449999809265137,16.299999237060547,52059
2024-03-06,14.899999618530273,15.899999618530273,14.5,15.850000381469727,113540
2024-03-07,14.600000381469727,15.449999809265137,14.5,14.75,62266
2024-03-11,13.350000381469727,14.800000190734863,13.149999618530273,14.75,147868
2024-03-12,13.949999809265137,14.899999618530273,12.5,13.699999809265137,342163
2024-03-13,12.649999618530273,14.0,12.100000381469727,13.949999809265137,192106
2024-03-14,13.350000381469727,13.899999618530273,12.149999618530273,12.199999809265137,88690
2024-03-15,13.300000190734863,13.949999809265137,13.149999618530273,13.550000190734863,59195
2024-03-18,13.399999618530273,13.699999809265137,13.199999809265137,13.550000190734863,105864
2024-03-19,13.199999809265137,13.600000381469727,13.0,13.550000190734863,34364
2024-03-20,14.0,14.850000381469727,12.899999618530273,13.050000190734863,303231
2024-03-21,14.800000190734863,16.5,13.899999618530273,13.949999809265137,225501
2024-03-22,13.800000190734863,14.899999618530273,13.449999809265137,14.800000190734863,164461
2024-03-26,13.350000381469727,13.899999618530273,13.100000381469727,13.899999618530273,103743
2024-03-27,12.899999618530273,13.75,12.800000190734863,13.550000190734863,93023
2024-03-28,14.350000381469727,15.449999809265137,12.5,12.850000381469727,1065582
2024-04-01,15.600000381469727,16.149999618530273,14.5,14.699999809265137,590693
2024-04-02,16.549999237060547,17.100000381469727,15.0,15.199999809265137,718834
2024-04-03,16.700000762939453,17.450000762939453,16.049999237060547,16.049999237060547,320840
2024-04-04,16.299999237060547,16.850000381469727,16.100000381469727,16.549999237060547,93799
2024-04-05,16.049999237060547,16.5,15.850000381469727,16.350000381469727,46302
2024-04-08,15.350000381469727,16.399999618530273,15.199999809265137,16.049999237060547,81373
2024-04-09,15.350000381469727,15.949999809265137,15.149999618530273,15.949999809265137,46793
2024-04-10,15.050000190734863,16.299999237060547,14.699999809265137,15.449999809265137,537473
2024-04-12,14.5,15.0,14.350000381469727,15.0,164522
2024-04-15,14.0,14.699999809265137,13.800000190734863,14.699999809265137,102520
2024-04-16,13.850000381469727,14.300000190734863,13.5,14.25,143422
2024-04-18,13.75,14.149999618530273,13.600000381469727,13.850000381469727,60135
2024-04-19,13.5,14.199999809265137,13.149999618530273,13.850000381469727,107242
2024-04-22,16.200000762939453,16.200000762939453,13.649999618530273,13.949999809265137,689893
2024-04-23,16.049999237060547,17.0,15.800000190734863,16.5,389430
2024-04-24,15.25,15.600000381469727,15.25,15.600000381469727,53196
2024-04-25,14.5,14.5,14.5,14.5,53793
2024-04-26,14.949999809265137,15.199999809265137,13.800000190734863,14.050000190734863,173081
2024-04-29,14.600000381469727,15.149999618530273,14.350000381469727,14.949999809265137,149499
2024-04-30,14.199999809265137,14.75,14.100000381469727,14.75,74764
2024-05-02,14.350000381469727,14.600000381469727,13.649999618530273,14.550000190734863,64969
2024-05-03,14.050000190734863,14.550000190734863,13.899999618530273,14.550000190734863,67939
2024-05-06,13.899999618530273,14.5,13.699999809265137,14.050000190734863,59161
2024-05-07,13.75,14.350000381469727,13.199999809265137,14.199999809265137,60335
2024-05-08,13.75,14.100000381469727,13.5,13.600000381469727,16498
2024-05-09,13.649999618530273,14.399999618530273,13.5,14.100000381469727,45448
2024-05-10,13.800000190734863,14.300000190734863,13.25,13.649999618530273,40437
2024-05-13,13.199999809265137,14.100000381469727,13.149999618530273,14.100000381469727,80790
2024-05-14,13.300000190734863,13.649999618530273,13.0,13.649999618530273,13015
2024-05-15,13.25,13.699999809265137,13.0,13.0,12256
2024-05-16,13.149999618530273,13.600000381469727,12.899999618530273,13.25,45097
2024-05-17,12.949999809265137,13.600000381469727,12.899999618530273,13.600000381469727,39204
2024-05-21,13.149999618530273,13.399999618530273,12.800000190734863,13.399999618530273,11270
2024-05-22,13.100000381469727,13.199999809265137,12.899999618530273,13.199999809265137,44858
2024-05-23,13.0,13.399999618530273,12.850000381469727,12.850000381469727,43131
2024-05-24,12.649999618530273,13.0,12.350000381469727,13.0,313205
2024-05-27,12.100000381469727,12.550000190734863,12.050000190734863,12.550000190734863,133035
2024-05-28,11.550000190734863,12.25,11.5,12.050000190734863,185421
2024-05-29,11.5,11.649999618530273,11.25,11.25,114771
2024-05-30,11.350000381469727,11.600000381469727,11.199999809265137,11.600000381469727,17547
2024-05-31,11.699999809265137,11.75,11.199999809265137,11.449999809265137,61255
2024-06-03,11.5,12.0,11.350000381469727,11.899999618530273,25712
2024-06-04,11.100000381469727,11.850000381469727,10.949999809265137,11.850000381469727,32908
2024-06-05,11.449999809265137,11.5,11.0,11.149999618530273,19962
2024-06-06,11.550000190734863,11.800000190734863,11.100000381469727,11.800000190734863,28126
2024-06-07,11.75,11.800000190734863,11.649999618530273,11.699999809265137,31107
2024-06-10,11.90999984741211,12.09000015258789,11.800000190734863,11.899999618530273,12305
2024-06-11,11.609999656677246,12.300000190734863,11.40999984741211,12.010000228881836,85229
2024-06-12,11.729999542236328,12.0,11.020000457763672,12.0,48808
2024-06-13,12.010000228881836,12.029999732971191,11.40999984741211,11.75,29136
2024-06-14,12.260000228881836,12.420000076293945,11.619999885559082,12.029999732971191,25907
2024-06-18,11.949999809265137,12.289999961853027,11.850000381469727,12.289999961853027,36576
2024-06-19,11.9399995803833,12.289999961853027,11.699999809265137,12.289999961853027,38611
2024-06-20,12.0,12.199999809265137,11.640000343322754,11.800000190734863,20503
2024-06-21,12.0,12.350000381469727,11.649999618530273,12.350000381469727,18782
2024-06-24,11.90999984741211,12.050000190734863,11.779999732971191,11.850000381469727,35586
2024-06-25,11.84000015258789,11.989999771118164,11.649999618530273,11.65999984741211,39168
2024-06-26,11.550000190734863,12.0,11.5,12.0,91444
2024-06-27,11.329999923706055,11.84000015258789,11.3100004196167,11.84000015258789,23069
2024-06-28,11.710000038146973,11.789999961853027,11.350000381469727,11.600000381469727,27270
2024-07-01,11.600000381469727,11.710000038146973,11.119999885559082,11.710000038146973,32822
2024-07-02,11.979999542236328,12.0,11.420000076293945,11.600000381469727,19881
2024-07-03,11.630000114440918,11.9399995803833,11.520000457763672,11.9399995803833,23248
2024-07-04,11.800000190734863,12.0,11.5,11.890000343322754,28350
2024-07-05,11.90999984741211,11.970000267028809,11.520000457763672,11.970000267028809,41751
2024-07-08,11.819999694824219,12.239999771118164,11.609999656677246,12.239999771118164,27543
2024-07-09,11.6899995803833,11.989999771118164,11.300000190734863,11.989999771118164,37352
2024-07-10,11.529999732971191,11.850000381469727,11.359999656677246,11.850000381469727,48473
2024-07-11,11.539999961853027,11.850000381469727,11.5,11.75,17454
2024-07-12,11.5,11.930000305175781,11.0,11.930000305175781,53630
2024-07-15,11.420000076293945,11.59000015258789,11.0600004196167,11.59000015258789,41054
2024-07-16,11.359999656677246,11.489999771118164,11.0,11.390000343322754,23863
2024-07-18,11.619999885559082,11.680000305175781,11.199999809265137,11.5600004196167,43928
2024-07-19,11.539999961853027,11.8100004196167,11.300000190734863,11.699999809265137,38768
2024-07-22,11.329999923706055,11.699999809265137,11.100000381469727,11.699999809265137,24776
2024-07-23,11.25,11.399999618530273,11.079999923706055,11.329999923706055,10937
2024-07-24,11.739999771118164,11.800000190734863,11.25,11.25,125360
2024-07-25,12.149999618530273,12.199999809265137,11.75,11.789999961853027,92444
2024-07-26,12.5,12.600000381469727,12.050000190734863,12.600000381469727,104119
2024-07-29,12.699999809265137,14.800000190734863,12.569999694824219,13.149999618530273,547009
2024-07-30,12.90999984741211,13.199999809265137,12.300000190734863,12.880000114440918,212479
2024-07-31,13.039999961853027,13.279999732971191,12.949999809265137,12.949999809265137,161414
2024-08-01,12.75,13.25,12.600000381469727,13.25,51564
2024-08-02,12.1899995803833,12.850000381469727,12.100000381469727,12.850000381469727,57305
2024-08-05,11.640000343322754,12.0,11.430000305175781,12.0,62444
2024-08-06,11.890000343322754,13.0,11.539999961853027,11.75,71178
2024-08-07,12.3100004196167,12.989999771118164,12.0,12.050000190734863,205868
2024-08-08,12.279999732971191,12.550000190734863,12.199999809265137,12.3100004196167,25984
2024-08-09,12.09000015258789,12.430000305175781,12.020000457763672,12.300000190734863,27747
2024-08-12,11.920000076293945,12.420000076293945,11.850000381469727,12.210000038146973,57215
2024-08-13,11.510000228881836,12.140000343322754,11.15999984741211,11.8100004196167,36791
2024-08-14,11.369999885559082,11.649999618530273,11.170000076293945,11.649999618530273,32935
2024-08-16,11.989999771118164,12.880000114440918,11.300000190734863,11.300000190734863,168029
2024-08-19,11.8100004196167,12.90999984741211,11.399999618530273,11.989999771118164,64209
2024-08-20,12.4399995803833,12.770000457763672,11.770000457763672,12.109999656677246,52754
2024-08-21,13.210000038146973,13.489999771118164,12.100000381469727,12.640000343322754,420126
2024-08-22,13.020000457763672,13.449999809265137,12.15999984741211,13.449999809265137,89243
2024-08-23,12.890000343322754,13.25,12.699999809265137,13.25,27049
2024-08-26,12.989999771118164,13.949999809265137,12.569999694824219,12.899999618530273,464795
2024-08-27,13.6899995803833,14.350000381469727,13.119999885559082,13.119999885559082,462683
2024-08-28,14.3100004196167,14.630000114440918,13.399999618530273,13.6899995803833,805964
2024-08-29,13.579999923706055,14.579999923706055,13.399999618530273,14.109999656677246,139026
2024-08-30,13.5,13.699999809265137,13.25,13.40999984741211,55041
2024-09-02,13.260000228881836,13.970000267028809,13.109999656677246,13.220000267028809,48276
2024-09-03,13.0600004196167,13.300000190734863,13.010000228881836,13.050000190734863,22408
2024-09-04,12.829999923706055,13.390000343322754,12.520000457763672,13.390000343322754,33730
2024-09-05,14.069999694824219,14.279999732971191,12.619999885559082,12.619999885559082,399774
2024-09-06,13.5600004196167,14.289999961853027,13.489999771118164,14.289999961853027,212620
2024-09-09,14.369999885559082,14.729999542236328,13.210000038146973,13.600000381469727,521368
2024-09-10,14.399999618530273,14.720000267028809,13.699999809265137,14.329999923706055,749742
2024-09-11,14.75,15.649999618530273,14.380000114440918,14.59000015258789,395728
2024-09-12,15.539999961853027,16.09000015258789,14.699999809265137,14.899999618530273,1157422
2024-09-13,15.5600004196167,16.290000915527344,15.399999618530273,15.989999771118164,382778
2024-09-16,16.65999984741211,17.0,15.0,15.0,787804
2024-09-17,15.729999542236328,17.329999923706055,15.520000457763672,16.65999984741211,899071
2024-09-18,14.890000343322754,16.3700008392334,14.5,15.979999542236328,293378
2024-09-19,14.670000076293945,15.399999618530273,14.40999984741211,15.399999618530273,236333
2024-09-20,15.069999694824219,16.420000076293945,14.109999656677246,14.109999656677246,157105
2024-09-23,14.880000114440918,15.430000305175781,14.859999656677246,15.430000305175781,102088
2024-09-24,14.739999771118164,15.09000015258789,14.609999656677246,14.989999771118164,33988
2024-09-25,15.460000038146973,15.899999618530273,14.3100004196167,15.0,230657
2024-09-26,14.960000038146973,15.989999771118164,14.800000190734863,15.050000190734863,116107
2024-09-27,14.800000190734863,15.800000190734863,14.25,15.359999656677246,123512
2024-09-30,14.699999809265137,15.119999885559082,14.569999694824219,15.0,37099
2024-10-01,14.5,15.289999961853027,14.40999984741211,14.979999542236328,95904
2024-10-03,14.25,14.84000015258789,14.050000190734863,14.399999618530273,51290
2024-10-04,13.670000076293945,14.539999961853027,13.550000190734863,14.0,81558
2024-10-07,13.34000015258789,14.229999542236328,13.050000190734863,13.640000343322754,102274
2024-10-08,13.529999732971191,13.75,13.289999961853027,13.75,38679
2024-10-09,13.5,13.899999618530273,13.369999885559082,13.899999618530273,80513
2024-10-10,14.420000076293945,15.5,13.5,13.5,984969
2024-10-11,14.510000228881836,14.9399995803833,14.260000228881836,14.399999618530273,88016
2024-10-14,13.649999618530273,14.84000015258789,13.1899995803833,14.84000015258789,79838
2024-10-15,13.899999618530273,14.800000190734863,13.399999618530273,13.979999542236328,105791
2024-10-16,14.359999656677246,14.890000343322754,13.550000190734863,13.550000190734863,111745
2024-10-17,13.970000267028809,14.550000190734863,13.720000267028809,14.069999694824219,67386
2024-10-18,14.050000190734863,14.449999809265137,13.720000267028809,14.449999809265137,13576
2024-10-21,13.399999618530273,14.470000267028809,13.140000343322754,13.850000381469727,27510
2024-10-22,13.140000343322754,13.899999618530273,13.029999732971191,13.869999885559082,71577
2024-10-23,12.4399995803833,13.579999923706055,12.289999961853027,13.510000228881836,40243
2024-10-24,12.829999923706055,13.460000038146973,12.210000038146973,12.949999809265137,44586
2024-10-25,12.350000381469727,13.300000190734863,12.130000114440918,13.1899995803833,46108
2024-10-28,12.609999656677246,12.9399995803833,12.100000381469727,12.100000381469727,34220
2024-10-29,13.010000228881836,13.109999656677246,12.550000190734863,12.979999542236328,16276
2024-10-30,12.949999809265137,13.449999809265137,12.710000038146973,13.449999809265137,36737
2024-10-31,12.569999694824219,13.470000267028809,12.25,13.0,38077
2024-11-01,12.9399995803833,13.390000343322754,12.510000228881836,12.9399995803833,15744
2024-11-04,12.600000381469727,13.220000267028809,12.520000457763672,12.949999809265137,24342
2024-11-05,12.75,13.25,12.510000228881836,12.979999542236328,28272
2024-11-06,12.729999542236328,13.199999809265137,12.670000076293945,13.199999809265137,36001
2024-11-07,12.739999771118164,12.989999771118164,12.619999885559082,12.989999771118164,36220
2024-11-08,12.890000343322754,13.130000114440918,12.739999771118164,12.8100004196167,18345
2024-11-11,12.869999885559082,13.180000305175781,12.260000228881836,13.149999618530273,18347
2024-11-12,12.949999809265137,13.369999885559082,12.539999961853027,13.149999618530273,69195
2024-11-13,12.149999618530273,13.0,12.039999961853027,12.760000228881836,57182
2024-11-14,11.609999656677246,12.319999694824219,11.350000381469727,12.0,86426
2024-11-18,11.100000381469727,11.699999809265137,11.010000228881836,11.5,73214
2024-11-19,11.319999694824219,11.829999923706055,11.0,11.470000267028809,69768
2024-11-21,11.300000190734863,11.970000267028809,11.109999656677246,11.550000190734863,50627
2024-11-22,11.640000343322754,11.789999961853027,11.180000305175781,11.180000305175781,9002
2024-11-25,11.850000381469727,12.399999618530273,11.710000038146973,11.869999885559082,16879
2024-11-26,11.8100004196167,12.489999771118164,11.75,12.289999961853027,37372
2024-11-27,11.970000267028809,12.069999694824219,11.710000038146973,11.800000190734863,14896
2024-11-28,12.020000457763672,12.380000114440918,11.970000267028809,12.369999885559082,18562
2024-11-29,12.15999984741211,12.350000381469727,11.850000381469727,12.350000381469727,23643
2024-12-02,12.0,12.3100004196167,11.949999809265137,12.270000457763672,38133
2024-12-03,11.829999923706055,12.300000190734863,11.300000190734863,11.970000267028809,32010
2024-12-04,12.180000305175781,13.199999809265137,12.020000457763672,12.079999923706055,99708
2024-12-05,12.029999732971191,12.489999771118164,11.90999984741211,12.029999732971191,38916
2024-12-06,12.100000381469727,12.25,11.9399995803833,12.0600004196167,48792
2024-12-09,12.350000381469727,12.770000457763672,11.899999618530273,11.899999618530273,47793
2024-12-10,12.380000114440918,12.59000015258789,12.210000038146973,12.59000015258789,50046
2024-12-11,12.260000228881836,12.789999961853027,12.0,12.75,71769
2024-12-12,12.649999618530273,13.1899995803833,12.1899995803833,12.510000228881836,125497
2024-12-13,12.1899995803833,12.779999732971191,12.149999618530273,12.5,36272
2024-12-16,11.1899995803833,12.420000076293945,11.130000114440918,12.420000076293945,370149
2024-12-17,11.859999656677246,12.899999618530273,11.210000038146973,11.210000038146973,446065
2024-12-18,11.920000076293945,12.329999923706055,11.760000228881836,11.949999809265137,63447
2024-12-19,11.970000267028809,12.34000015258789,11.510000228881836,11.949999809265137,91316
2024-12-20,11.720000267028809,12.1899995803833,11.5,11.90999984741211,74243
2024-12-23,11.800000190734863,12.180000305175781,11.600000381469727,11.970000267028809,40826
2024-12-24,11.680000305175781,12.229999542236328,11.609999656677246,11.65999984741211,42444
2024-12-26,11.6899995803833,12.050000190734863,11.609999656677246,11.609999656677246,20139
2024-12-27,11.739999771118164,11.979999542236328,11.59000015258789,11.800000190734863,20710
2024-12-30,11.640000343322754,12.350000381469727,11.350000381469727,12.119999885559082,45232
2024-12-31,11.550000190734863,11.869999885559082,11.449999809265137,11.800000190734863,22731
2025-01-01,12.0,12.220000267028809,11.760000228881836,11.949999809265137,46738
2025-01-02,11.979999542236328,12.279999732971191,11.800000190734863,12.279999732971191,34607
2025-01-03,11.979999542236328,12.1899995803833,11.90999984741211,11.949999809265137,17545
2025-01-06,11.75,12.300000190734863,11.3100004196167,12.300000190734863,77438
2025-01-07,11.529999732971191,12.140000343322754,11.449999809265137,11.579999923706055,17584
2025-01-08,11.460000038146973,11.970000267028809,11.369999885559082,11.460000038146973,25516
2025-01-09,11.359999656677246,11.890000343322754,11.3100004196167,11.460000038146973,22484
2025-01-10,11.319999694824219,11.600000381469727,11.199999809265137,11.4399995803833,17629
2025-01-13,11.050000190734863,11.979999542236328,11.0,11.329999923706055,46125
2025-01-14,11.170000076293945,11.720000267028809,11.119999885559082,11.270000457763672,37633
2025-01-15,11.510000228881836,11.989999771118164,11.210000038146973,11.5,60733
2025-01-16,11.65999984741211,11.979999542236328,11.510000228881836,11.979999542236328,25843
2025-01-17,11.4399995803833,11.930000305175781,11.399999618530273,11.510000228881836,35182
2025-01-20,11.460000038146973,11.880000114440918,11.399999618530273,11.449999809265137,16088
2025-01-21,11.319999694824219,11.579999923706055,11.3100004196167,11.329999923706055,13025
2025-01-22,11.289999961853027,11.859999656677246,11.100000381469727,11.859999656677246,9225
2025-01-23,11.4399995803833,11.640000343322754,11.3100004196167,11.430000305175781,28577
2025-01-24,11.5,11.649999618530273,11.260000228881836,11.640000343322754,195385
2025-01-27,10.670000076293945,11.619999885559082,10.40999984741211,11.579999923706055,37358
2025-01-28,10.829999923706055,11.039999961853027,10.609999656677246,10.850000381469727,17427
2025-01-29,11.199999809265137,11.399999618530273,10.8100004196167,10.949999809265137,14581
2025-01-30,11.319999694824219,11.350000381469727,11.199999809265137,11.350000381469727,4449
2025-01-31,10.649999618530273,11.489999771118164,10.569999694824219,11.34000015258789,356249
2025-02-01,10.449999809265137,11.300000190734863,10.25,10.84000015258789,67790
2025-02-03,10.359999656677246,10.649999618530273,10.199999809265137,10.649999618530273,49643
2025-02-04,10.59000015258789,10.789999961853027,10.329999923706055,10.539999961853027,36175
2025-02-05,10.470000267028809,10.739999771118164,10.40999984741211,10.739999771118164,20274
2025-02-06,11.180000305175781,11.5,10.210000038146973,10.40999984741211,113928
2025-02-07,10.609999656677246,11.350000381469727,10.539999961853027,11.34000015258789,24859
2025-02-10,10.609999656677246,10.989999771118164,10.449999809265137,10.609999656677246,11241
2025-02-11,10.359999656677246,10.710000038146973,10.15999984741211,10.699999809265137,46553
2025-02-12,9.5600004196167,10.5,9.140000343322754,10.5,52356
2025-02-13,9.670000076293945,10.100000381469727,9.5600004196167,9.739999771118164,11730
2025-02-14,9.460000038146973,9.819999694824219,9.369999885559082,9.630000114440918,25990
2025-02-17,9.34000015258789,9.5,9.0,9.149999618530273,20651
2025-02-18,9.109999656677246,9.449999809265137,9.0600004196167,9.449999809265137,15928
2025-02-19,9.300000190734863,9.989999771118164,9.109999656677246,9.109999656677246,20350
2025-02-20,9.220000267028809,9.84000015258789,8.65999984741211,9.449999809265137,24242
2025-02-21,9.210000038146973,9.949999809265137,8.850000381469727,9.34000015258789,44466
2025-02-24,11.050000190734863,11.050000190734863,9.65999984741211,10.300000190734863,762167
2025-02-25,13.260000228881836,13.260000228881836,12.899999618530273,12.989999771118164,339544
2025-02-27,13.180000305175781,14.479999542236328,12.510000228881836,13.75,1094948
2025-02-28,12.109999656677246,13.100000381469727,11.859999656677246,13.100000381469727,365624
2025-03-03,11.770000457763672,13.25,11.5,12.149999618530273,164785
2025-03-04,11.630000114440918,11.819999694824219,11.479999542236328,11.5,43113
2025-03-05,12.729999542236328,12.789999961853027,11.109999656677246,12.279999732971191,323184
2025-03-06,12.359999656677246,13.0,12.130000114440918,13.0,34062
2025-03-07,12.270000457763672,12.5,11.760000228881836,11.760000228881836,8569
2025-03-10,11.8100004196167,12.489999771118164,11.649999618530273,12.489999771118164,16585
2025-03-11,12.399999618530273,12.399999618530273,12.399999618530273,12.399999618530273,114885
2025-03-12,12.960000038146973,13.020000457763672,11.859999656677246,11.859999656677246,102610
2025-03-13,12.680000305175781,13.199999809265137,12.3100004196167,13.0,52947
2025-03-17,12.75,13.149999618530273,12.100000381469727,12.609999656677246,11292
2025-03-18,12.75,12.75,12.75,12.75,0
2025-03-19,11.649999618530273,12.699999809265137,11.5,12.149999618530273,31586
2025-03-20,11.789999961853027,12.010000228881836,11.649999618530273,11.710000038146973,11605
