Price,Close,High,Low,Open,Volume
Ticker,PFIZER.NS,PFIZER.NS,PFIZER.NS,PFIZER.NS,PFIZER.NS
Date,,,,,
2002-07-01,251.85195922851562,261.2755658141405,250.74003004869877,261.2755658141405,7836
2002-07-02,250.48985290527344,255.0765610230375,249.12774976546885,255.0765610230375,4550
2002-07-03,249.8504638671875,254.8541447869577,249.15550818388607,251.29597508179273,3146
2002-07-04,246.79275512695312,252.74158488314606,245.34724334849804,250.32313476855555,4702
2002-07-05,239.23150634765625,250.15622183383502,236.8964657371418,249.0720843229856,20908
2002-07-08,243.9850616455078,246.26451983851342,242.40055918410803,246.2089199866464,3755
2002-07-09,242.5117645263672,245.18038781110332,240.34348901998936,240.34348901998936,3100
2002-07-10,246.20887756347656,247.3485979802528,243.7904286408621,245.01355730441347,6530
2002-07-11,244.81900024414062,248.23817893467282,243.67926270283513,245.65294709386515,4170
2002-07-12,244.06849670410156,246.29235544400225,243.51253201912638,244.79124400789098,1599
2002-07-15,249.7670440673828,261.3033070933109,244.06840811481592,247.40419501387947,11411
2002-07-16,248.59963989257812,261.30343809545195,245.8754159525822,255.18782571449458,26231
2002-07-17,253.79791259765625,255.74378925503152,247.12633548665545,250.0729419240016,12933
2002-07-18,256.2162780761719,258.52352767173164,252.96388191535033,252.96388191535033,12081
2002-07-19,258.60699462890625,260.0802977920732,254.0758854050657,258.4958118612638,9534
2002-07-22,258.02313232421875,263.80515983129254,250.2118207835519,263.80515983129254,9569
2002-07-23,259.0239562988281,259.63552087624424,255.7993677512836,255.82715920024484,3227
2002-07-24,258.5235595703125,259.6354888587869,254.63180706065185,259.07952421454974,13188
2002-07-25,258.2733459472656,259.35748369472464,244.6244219199975,244.6244219199975,6669
2002-07-26,252.96385192871094,258.5234970260452,250.9623763003325,257.41156800657836,6555
2002-07-29,250.0172119140625,255.74363877829256,247.57095483935456,255.74363877829256,3094
2002-07-30,250.15631103515625,254.57621999898925,248.7941908016312,251.29603182645207,9111
2002-07-31,249.6558380126953,251.57392221738192,247.40418869996677,248.7940998724385,4747
2002-08-01,254.2982177734375,258.52355234488624,250.76783898786206,251.29601217180343,2677
2002-08-02,257.8008117675781,258.52355901686144,251.15702749648852,251.87977474577187,4876
2002-08-05,251.7685546875,258.52352070616126,250.18405229628513,255.74369790286923,5775
2002-08-06,251.74078369140625,252.57473065632922,250.18408947689446,251.10142774497086,11186
2002-08-07,250.6566162109375,256.29965289766716,250.18404295867728,256.29965289766716,1764
2002-08-08,249.1277313232422,251.96315407039123,247.54322887924485,251.96315407039123,1714
2002-08-09,246.26454162597656,249.35013856061758,244.06847453313517,248.51619160890985,2472
2002-08-12,245.31935119628906,250.12844103320103,244.62439552717774,245.73632459775584,1059
2002-08-13,246.76487731933594,249.62809145606144,245.79193932368312,247.40423318028363,3764
2002-08-14,245.0136260986328,247.9324404879856,244.62444406004133,246.29233799681433,2023
2002-08-15,245.0136260986328,245.0136260986328,245.0136260986328,245.0136260986328,0
2002-08-16,245.51397705078125,247.68223565305854,245.20818633292185,246.54251498050192,1569
2002-08-19,246.09771728515625,248.90534858665913,244.09624140917327,245.76413514471034,6632
2002-08-20,244.79119873046875,247.40423905321344,243.62368668132453,245.76413674921736,21673
2002-08-21,244.8747100830078,246.7093871897957,242.4562597391876,242.48405119331784,636
2002-08-22,240.9828643798828,252.8526951014064,240.23230877117717,252.8526951014064,3365
2002-08-23,241.121826171875,249.62807679030237,241.01062647794228,249.62807679030237,2055
2002-08-26,243.20668029785156,244.62438300358258,241.84456046945095,243.7904362433431,1360
2002-08-27,242.20596313476562,244.20743899338856,241.84458955520552,243.79046556312096,661
2002-08-28,242.87315368652344,243.2067358601665,240.732686452899,242.40058035442024,768
2002-08-29,243.03994750976562,243.5125208636848,241.87241833146376,242.6785738744256,814
2002-08-30,242.67857360839844,244.04069380937327,241.28866196115678,242.40059127895012,1341
2002-09-02,244.51318359375,247.29300613104454,243.56805411108405,244.62438328191791,1869
2002-09-03,242.73414611816406,246.54250699584773,242.6785462652,246.5146985860192,2047
2002-09-04,243.09555053710938,244.6244533706761,241.95582975694677,242.40059470366992,839
2002-09-05,242.90097045898438,245.84759350560142,242.40060562969347,243.3735438403631,6033
2002-09-06,243.12326049804688,245.73630034266503,241.92794025849625,242.98426937794355,1990
2002-09-09,242.6508331298828,247.34872530431454,242.1504512584168,247.34872530431454,1051
2002-09-10,242.6508331298828,242.65083312988278,242.65083312988278,242.65083312988278,0
2002-09-11,242.9564971923828,243.92943511020127,242.53952379903203,242.53952379903203,237
2002-09-12,240.8716583251953,242.56734353596045,239.14816470494827,242.56734353596045,2420
2002-09-13,240.03773498535156,242.81755820463763,239.75975266342297,241.8446200778875,621
2002-09-16,238.5088348388672,241.28865808873744,238.09186135138665,240.2045202346102,880
2002-09-17,237.73048400878906,238.5088311132557,237.3969018306764,238.5088311132557,658
2002-09-18,233.50514221191406,239.03699701051673,228.0844871248518,239.03699701051673,3317
2002-09-19,232.4488067626953,236.1737594685312,227.97328147355867,234.08889218167377,2830
2002-09-20,231.47579956054688,233.505066387001,229.085142272286,230.16927972432956,861
2002-09-23,229.78016662597656,233.5051363012694,229.05741941934048,233.5051363012694,1005
2002-09-24,229.0295867919922,229.5855513022612,227.94544921029149,227.94544921029149,1926
2002-09-25,229.50221252441406,233.44956513555536,227.52854470219114,229.61341224680498,2785
2002-09-26,231.36465454101562,233.4773301064703,230.72529867297115,230.78089852382118,489
2002-09-27,233.14378356933594,234.61708652502853,231.1145159536314,234.61708652502853,1047
2002-09-30,228.86277770996094,235.17297803156913,228.3346216272561,231.28122662206326,1380
2002-10-01,229.89134216308594,231.14226240460212,228.1678486592142,230.7252889907634,692
2002-10-02,229.89134216308594,229.89134216308594,229.89134216308594,229.89134216308594,0
2002-10-03,228.2512664794922,231.197889126469,227.9454927271454,228.50145734355306,1156
2002-10-04,234.28346252441406,236.28493833660366,230.58630158848558,230.72529272868357,2819
2002-10-07,233.03257751464844,233.53294230171556,229.6689981997079,233.53294230171556,399
2002-10-08,233.3105010986328,233.72747447732692,231.55921630145568,233.50509206869478,721
2002-10-09,234.0054931640625,234.58926616514088,232.94916383357344,233.50512842506166,856
2002-10-10,231.97628784179688,232.94922613711898,231.55931428665883,231.8650881070811,293
2002-10-11,231.8927764892578,233.50507000787925,230.7252477458807,232.94910555547952,971
2002-10-14,230.72535705566406,233.1438069627194,229.11306277319272,230.72535705566406,2989
2002-10-15,230.72535705566406,230.72535705566406,230.72535705566406,230.72535705566406,0
2002-10-16,225.1100616455078,232.39320125027857,222.99740296627337,231.80944521084862,10203
2002-10-17,224.80433654785156,230.16939266963786,224.08157223626225,230.16939266963786,1368
2002-10-18,225.1378631591797,227.63970376586263,224.60969002220295,225.3324371885677,1929
2002-10-21,224.2760772705078,227.38948188277874,223.4977303591126,227.38948188277874,2234
2002-10-22,221.6630859375,224.60969143950962,220.1619747773411,222.41362455088688,1477
2002-10-23,222.27456665039062,225.610353145194,221.2738374886246,225.58256171107897,1098
2002-10-24,221.8299102783203,222.27467524157345,221.32954545298654,222.27467524157345,1067
2002-10-25,221.38516235351562,222.3858920812022,220.71799789059318,221.8299273509992,1651
2002-10-28,219.7172088623047,222.9417966405028,218.0771065641826,222.9417966405028,1450
2002-10-29,221.8299102783203,223.21982199685613,219.8840338723701,223.21982199685613,5139
2002-10-30,222.38584899902344,222.38584899902344,219.60602588653566,222.38584899902344,3296
2002-10-31,216.79835510253906,222.3857913228499,216.27018206147156,222.3857913228499,10538
2002-11-01,216.79835510253906,241.8445480635993,216.35357333987974,221.96881796411958,10158
2002-11-04,220.30099487304688,225.11008575264637,219.80063007613794,221.2739330207512,2081
2002-11-05,220.1063690185547,225.13785853761425,219.49480460058106,225.13785853761425,498
2002-11-06,220.1063690185547,220.1063690185547,220.1063690185547,220.1063690185547,0
2002-11-07,221.8299102783203,222.38587496573464,221.27394559090595,222.21909234618863,3910
2002-11-08,223.1085662841797,226.27757099386622,221.27389006279793,226.27757099386622,1810
2002-11-11,221.77426147460938,224.55408429822364,219.63379450708794,224.02592814175216,5724
2002-11-12,221.77426147460938,222.4414257389536,220.16196763025147,222.3858258891429,3218
2002-11-13,220.07852172851562,221.1626421806959,219.60594857242725,219.68933984310453,275
2002-11-14,217.88250732421875,221.27389452816467,214.1297465501858,221.27389452816467,2235
2002-11-15,218.16050720214844,224.05373539750585,215.71426633804532,222.24685043462273,3426
2002-11-18,221.051513671875,222.9417897929909,219.05003785146735,222.27462553062435,1446
2002-11-19,221.051513671875,221.051513671875,221.051513671875,221.051513671875,0
2002-11-20,221.19052124023438,222.38584174628198,218.66087211035446,221.55189483973342,2901
2002-11-21,220.662353515625,222.24685607044154,220.21758860785255,221.27391798883235,1269
2002-11-22,219.9395751953125,224.27609181625834,216.82617038111718,220.27315731231403,2914
2002-11-25,220.38442993164062,222.83067150961762,219.6894739738802,220.71801218470526,861
2002-11-26,218.96664428710938,222.33022307211556,218.4940710200635,221.27389380657831,1492
2002-11-27,220.2175750732422,221.57967812376376,219.60601063762167,221.55188668124617,812
2002-11-28,219.35581970214844,230.14154619879037,217.54893480520587,229.58558161511573,5903
2002-11-29,220.16200256347656,220.69017577044565,217.99374381035705,219.66163776917125,1903
2002-12-02,218.60528564453125,222.91401125782824,217.96591278662316,220.16197972459364,4317
2002-12-03,218.79986572265625,220.16198580535158,217.99372721727391,218.52188341734646,1596
2002-12-04,218.52188110351562,221.5241035424269,218.35509850877312,219.60601886942175,25893
2002-12-05,217.85475158691406,227.88990673693147,217.38217824087758,227.88990673693147,2629
2002-12-06,216.35360717773438,219.43922069494468,215.71425132102337,217.93810958206484,9281
2002-12-09,215.2694549560547,219.57817970634574,215.15825527259716,219.57817970634574,11775
2002-12-10,214.99143981933594,218.38280907892982,214.04629355462774,218.38280907892982,17965
2002-12-11,211.4889373779297,225.16567037950503,210.71059030575904,225.16567037950503,9408
2002-12-12,209.014892578125,217.93811738328927,208.7091018762706,217.93811738328927,24029
2002-12-13,213.68496704101562,214.57451366795928,208.20871311579347,209.07045133667253,22210
2002-12-16,210.0433807373047,216.74276312394645,208.76466917748743,216.27018990690442,13512
2002-12-17,209.7932586669922,213.49042010092194,209.12609431749914,211.32216141511077,4620
2002-12-18,211.6279296875,213.90738802798555,211.26655607702278,213.74060542828647,8165
2002-12-19,210.82177734375,218.4106905329643,210.3492040533294,213.40700926974264,34801
2002-12-20,210.37701416015625,215.65867818435868,210.15463169984443,213.46262805957522,11772
2002-12-23,209.48744201660156,213.99075840173023,208.48671258288059,213.99075840173023,9797
2002-12-24,211.8225555419922,213.43484981550793,210.3492524466536,213.1568674591536,4967
2002-12-25,211.8225555419922,211.8225555419922,211.8225555419922,211.8225555419922,0
2002-12-26,212.2394561767578,213.7405671721499,211.8780826309607,212.18385633124504,4163
2002-12-27,211.37779235839844,212.93448678055935,210.18245464253923,211.2665926282312,9545
2002-12-30,210.40481567382812,211.26655404179485,209.32067788614674,211.26655404179485,5037
2002-12-31,211.7947235107422,212.93444416673273,210.26582084374866,211.23875890456273,6077
2003-01-01,212.0727081298828,213.7961848545066,211.6001348161306,213.7961848545066,3859
2003-01-02,211.93370056152344,214.0185676959822,211.26653629181976,213.87957655368493,3932
2003-01-03,210.32138061523438,212.9344207637639,208.48670440316312,212.37845621868883,5530
2003-01-06,211.57235717773438,212.93447746254128,209.79328033978814,210.65501882743598,11979
2003-01-07,209.9878387451172,214.04637358750156,209.40406572804437,211.82251516061842,10860
2003-01-08,211.65565490722656,212.37840184410499,210.4881262681493,212.32280201049423,3320
2003-01-09,211.46115112304688,213.4626271910983,211.23876866363983,213.4626271910983,8928
2003-01-10,210.43260192871094,212.37847803637405,209.93223718007906,212.37847803637405,4144
2003-01-13,210.48817443847656,225.1656346362415,210.15459232715875,225.1656346362415,3480
2003-01-14,211.32212829589844,212.600839970879,210.76616374735187,211.2665284477055,3031
2003-01-15,210.79403686523438,212.54532247839484,210.6550456742423,212.54532247839484,8280
2003-01-16,205.03973388671875,213.04563755144204,203.48303982229635,213.04563755144204,27249
2003-01-17,207.81956481933594,209.04269375029696,206.59645285506835,208.43112928481645,5932
2003-01-20,205.92930603027344,210.01564966190494,205.706923560304,210.01564966190494,4217
2003-01-21,200.28623962402344,207.902961144494,198.47935474191914,205.79028556386422,63076
2003-01-22,201.7317352294922,203.20503785617825,200.14723290895805,203.20503785617825,6348
2003-01-23,200.2306671142578,207.37481632468027,199.59131115431694,207.1246254432407,11645
2003-01-24,197.8121795654297,202.92706019819786,196.14428591996503,200.53641942637515,11764
2003-01-27,195.58834838867188,198.4793712268327,192.36376034869502,197.92340660154747,12748
2003-01-28,186.58169555664062,196.25547477248443,185.69214893487197,196.25547477248443,24527
2003-01-29,192.4749298095703,195.97749961169868,186.80408473625747,195.97749961169868,7298
2003-01-30,193.7536163330078,194.58756303171515,191.41855878995162,194.58756303171515,4814
2003-01-31,193.7536163330078,194.58756303171515,192.91966963430045,194.58756303171515,4366
2003-02-03,194.42083740234375,196.2277224452403,193.47569074707414,194.53202014804407,6312
2003-02-04,191.36302185058594,195.67174749481978,186.74850549674542,186.74850549674542,5893
2003-02-05,189.80633544921875,191.8078116598783,188.58322335198454,191.2518469884004,5332
2003-02-06,188.0550079345703,190.13987498484272,187.38784369180655,190.13987498484272,6767
2003-02-07,179.076171875,190.11207078016977,177.90864301189634,188.77774238422828,33301
2003-02-10,180.07691955566406,183.24592436892104,179.35417240645418,180.68848397167582,16309
2003-02-11,178.96502685546875,185.41422052804418,177.93648880552732,179.57659139597683,21342
2003-02-12,179.7433624267578,181.99502941257222,179.15960633785838,180.68850910722725,13532
2003-02-13,179.7433624267578,179.7433624267578,179.7433624267578,179.7433624267578,0
2003-02-14,182.71774291992188,184.55243608436922,180.68847573956958,181.18884043289475,7658
2003-02-17,186.58169555664062,188.47197152371734,185.69214893487197,188.47197152371734,10886
2003-02-18,186.74847412109375,187.83261169417395,185.69214495332008,186.8040739650166,6456
2003-02-19,195.31031799316406,196.0608734458609,188.47196157234768,189.5838905491757,25006
2003-02-20,197.2840576171875,201.81516607934913,195.69955498603554,196.92268399137603,24226
2003-02-21,197.8956298828125,199.03535066277882,195.9775449961719,196.8114919961556,6492
2003-02-24,198.25697326660156,202.37110777865325,197.61761739085915,201.25917861503427,8273
2003-02-25,197.0338897705078,198.14581919016834,191.80782489144258,191.80782489144258,14379
2003-02-26,194.39300537109375,196.72806331410004,193.503458680106,194.72658750105063,4490
2003-02-27,190.7236328125,194.5875932362974,190.13987681946776,194.5875932362974,14605
2003-02-28,192.1414031982422,197.2840766594556,191.39084746191506,192.3637856843068,9418
2003-03-03,190.94606018066406,205.65131455814048,190.2788958337221,205.65131455814048,9928
2003-03-04,190.39007568359375,194.03163686676584,189.33372941669586,194.03163686676584,7692
2003-03-05,186.16476440429688,191.80780214657457,185.1362264197372,191.80780214657457,4809
2003-03-06,187.61029052734375,189.0279936933657,186.24817025669856,186.24817025669856,2002
2003-03-07,184.88600158691406,185.85893953505354,183.8018809104306,185.85893953505354,2708
2003-03-10,183.32931518554688,188.2773964173832,182.3563771974507,186.80409371446171,6964
2003-03-11,188.1939697265625,188.47195195658696,182.13396050536693,182.13396050536693,18227
2003-03-12,188.3929901123047,193.3110471051957,187.62542807268997,193.3110471051957,4431
2003-03-13,188.99000549316406,191.60539416565226,187.90974116245718,188.19402216270296,1469
2003-03-14,188.99000549316406,188.99000549316406,188.99000549316406,188.99000549316406,0
2003-03-17,187.93817138671875,188.7057335946307,186.48834515599094,188.19403123973476,3493
2003-03-18,187.93817138671875,187.93817138671875,187.93817138671875,187.93817138671875,0
2003-03-19,189.92811584472656,201.8394958501391,187.08530604402037,198.82612440184414,6574
2003-03-20,187.54019165039062,189.33115859934634,186.88634877710663,189.10373725443927,4373
2003-03-21,186.34619140625,188.70572018418758,185.91976991561785,188.0518773687786,3226
2003-03-24,185.9481964111328,190.95155245549074,184.81107240347902,190.95155245549074,3121
2003-03-25,185.18064880371094,186.7441942907357,184.8395081363149,185.35121046184142,2900
2003-03-26,183.02012634277344,186.48835843014695,182.53684511441907,186.48835843014695,2345
2003-03-27,182.5936737060547,184.10035946054256,181.37126893736203,181.96825206707828,4262
2003-03-28,172.3879852294922,193.3110574481307,171.13714203496275,193.3110574481307,17360
2003-03-31,175.71408081054688,178.41475033592224,171.70572561333867,172.01842777582272,19051
2003-04-01,175.5718994140625,179.58027102875468,173.97993311036788,176.82274247491637,6298
2003-04-02,179.09701538085938,179.12543653808535,176.53848658970426,177.22076787446582,2493
2003-04-03,181.20069885253906,182.28096307805433,179.66557466024182,179.66557466024182,4894
2003-04-04,183.61712646484375,184.78267176165465,179.09705109206527,181.37129935990103,4074
2003-04-07,181.769287109375,185.91978296914928,180.80272472229197,185.0669399280064,7556
2003-04-08,174.15052795410156,181.9398340393658,172.27428035602446,181.9398340393658,16588
2003-04-09,174.80438232421875,178.38631574778438,173.97996053807816,178.38631574778438,10659
2003-04-10,173.26927185058594,176.25422239108005,171.76258600037318,175.11709837565374,13881
2003-04-11,177.2491912841797,182.50838942172152,173.4113980486762,181.9398274609062,7817
2003-04-15,178.75588989257812,182.50840257461982,177.7040467190394,182.50840257461982,2927
2003-04-16,177.5334930419922,180.23416267193443,176.99335217554932,180.20574151102105,14098
2003-04-17,176.22581481933594,181.3428732833138,175.7140950920287,181.3428732833138,4914
2003-04-18,176.22581481933594,176.22581481933594,176.22581481933594,176.22581481933594,0
2003-04-21,176.79437255859375,179.0970418707633,176.25423168233849,178.98332252277174,2056
2003-04-22,175.5150604248047,178.47157180913257,174.5484982821382,176.25418393310375,3132
2003-04-23,175.65725708007812,179.94989373423127,175.17397585416634,177.39136443943178,9733
2003-04-24,175.03182983398438,177.78935923523076,174.74754881016796,177.73249956024014,5259
2003-04-25,174.946533203125,176.7090615107586,174.32111153696383,175.14551602092322,6414
2003-04-28,170.7960205078125,176.22579799236271,170.02845834127936,175.2308144971511,8760
2003-04-29,174.63380432128906,176.2542093940092,172.27427563349931,172.27427563349931,15227
2003-04-30,179.8646240234375,180.63218632959635,176.25425121382975,177.3913754152093,16869
2003-05-01,179.8646240234375,179.8646240234375,179.8646240234375,179.8646240234375,0
2003-05-02,184.95323181152344,185.35123219534253,180.54687583141944,180.8880165388162,17710
2003-05-05,189.5301513671875,192.17396126945434,183.0769690200127,183.0769690200127,15784
2003-05-06,190.58200073242188,193.02681053810537,190.04185985968104,191.6054054531414,10284
2003-05-07,191.8896942138672,202.37967110468006,190.46828907154224,202.37967110468006,10265
2003-05-08,184.58360290527344,193.16889039296473,184.21404116944979,191.60534529044625,9678
2003-05-09,186.28936767578125,187.0569299772224,183.70241707399833,187.0569299772224,8647
2003-05-12,189.87130737304688,193.31110090457042,187.7107611287253,191.5485550437425,11116
2003-05-13,195.7274627685547,196.15388425606787,189.4164212831325,192.74251235596233,12734
2003-05-14,197.68898010253906,198.99666553560587,197.29097983101497,198.42810363407557,14580
2003-05-15,196.66558837890625,198.99669600230308,195.0736217513418,197.85957202514706,10527
2003-05-16,197.34786987304688,198.76927484569757,196.15388622579334,197.80271252384114,6113
2003-05-19,196.4097442626953,198.71241335684866,196.15388442950726,198.71241335684866,9349
2003-05-20,198.17227172851562,201.83950344996174,196.15388363446988,196.15388363446988,21728
2003-05-21,208.40635681152344,209.7424807423068,194.44816915339214,194.44816915339214,49638
2003-05-22,218.21405029296875,220.34615741809992,202.4933172272283,202.4933172272283,54010
2003-05-23,229.926513671875,231.68905968201497,210.3679805701731,210.3679805701731,47831
2003-05-26,226.4014129638672,238.2274965439725,223.1606023711437,233.1104381456533,29565
2003-05-27,224.29769897460938,228.24921163844348,219.52178185830468,222.87629403814162,80216
2003-05-28,224.58204650878906,226.85629508102997,223.47334338936577,224.58204650878906,7690
2003-05-29,225.77597045898438,227.42479676530584,220.09035053985173,224.58198680573952,27382
2003-05-30,224.9515838623047,226.28770822279245,223.7291788584644,225.71914614183066,17876
2003-06-02,224.6673583984375,226.28776420025062,222.0235475381856,224.6673583984375,11123
2003-06-03,225.80438232421875,232.54184512130996,222.30772968809828,222.30772968809828,15156
2003-06-04,226.54351806640625,230.0970302876064,223.58698895791414,224.58197237985019,8541
2003-06-05,223.27435302734375,227.9934117159209,221.73922835214253,224.58203897204177,8892
2003-06-06,219.6354217529297,226.17388261229775,218.61201742843693,222.87623103237263,8641
2003-06-09,219.23744201660156,222.73409375140727,218.6120205422236,220.6019869190709,8576
2003-06-10,220.34619140625,221.68231554765424,219.0953654439139,221.1706132289197,6061
2003-06-11,217.92982482910156,221.39805677257257,216.76427957772844,219.4933704522852,6240
2003-06-12,220.57363891601562,221.73918409709742,218.4699525366915,219.74921706032862,4562
2003-06-13,220.2324981689453,224.01343206736794,219.4649359847818,221.73918402607487,4536
2003-06-16,218.5268096923828,225.15055356829365,218.35623068051348,218.35623068051348,6638
2003-06-17,217.16226196289062,222.3077411016434,216.05355912691687,220.60205510853615,13669
2003-06-18,220.60206604003906,224.58200022117381,217.19069388478073,217.19069388478073,12879
2003-06-19,215.8545379638672,221.73915753798659,214.91641422912548,221.73915753798659,16027
2003-06-20,214.97329711914062,218.89637147535498,213.77931344086616,218.89637147535498,10292
2003-06-23,212.3294219970703,224.58192247252435,211.05015788172048,224.58192247252435,12924
2003-06-24,210.51011657714844,213.69406779303992,209.2592730223252,213.15392686001664,19617
2003-06-25,209.5435028076172,211.7609083260701,208.71909837869725,209.51508165015352,9116
2003-06-26,209.0886688232422,214.9164291371463,208.94652832778112,213.2107431916134,11673
2003-06-27,209.5435028076172,227.39636218055918,207.58197446200714,227.39636218055918,25579
2003-06-30,208.00840759277344,214.91643230373805,205.81944046019356,213.21074633307344,41051
2003-07-01,217.0485076904297,220.31773865105828,208.66221957403457,210.3679052926234,124227
2003-07-02,230.7223663330078,237.4882654824031,221.9096586303498,222.3076588218891,202738
2003-07-03,229.7843475341797,235.9532492065543,227.82281888519276,235.89638953169887,78126
2003-07-04,226.57192993164062,232.5418302184216,210.45319568710528,229.6990205580497,38729
2003-07-07,234.67398071289062,242.77598973810854,228.27765779824492,230.2676249272458,75076
2003-07-08,237.57363891601562,245.05022586367082,233.67898568438213,233.67898568438213,78090
2003-07-09,232.22918701171875,238.68235269699508,230.9499223400078,237.94322893823934,28517
2003-07-10,226.60035705566406,234.8160841309661,225.15053103114425,232.5702574996717,20886
2003-07-11,234.3043975830078,237.65890982563067,227.9933560767414,229.13048004719897,42632
2003-07-14,236.06695556640625,241.6388563729036,234.24755017796772,235.95323622295294,29631
2003-07-15,235.5836944580078,238.7960666462357,231.5753215000494,238.7960666462357,19333
2003-07-16,241.38299560546875,242.20741746452293,232.5418632464551,232.5418632464551,41002
2003-07-17,241.07034301757812,243.3445915366119,236.52184597951063,240.5017808878197,32571
2003-07-18,235.6973419189453,238.79601138812546,234.27593708925409,236.5217636606195,15191
2003-07-21,233.6505126953125,237.60200737040128,232.00166935415874,236.52174326322347,11208
2003-07-22,231.2909698486328,235.10034145104936,230.32442504657485,232.0016722109395,11194
2003-07-23,230.4666290283203,236.37967084193204,229.69906679528694,231.97331498137888,12189
2003-07-24,231.4615936279297,236.52179195677792,230.40975045789486,236.52179195677792,4916
2003-07-25,229.64224243164062,235.95328558869878,227.42485357946867,232.54191278500673,13223
2003-07-28,234.13381958007812,238.34119216970856,225.1505471154218,225.1505471154218,24342
2003-07-29,235.5552215576172,237.03348617699928,233.28097363583998,235.95322188438203,16085
2003-07-30,240.0753173828125,244.48167311926437,235.15725928912897,236.52180469212553,34617
2003-07-31,247.63714599609375,253.57862520881645,241.63882447028473,243.88465107346192,66456
2003-08-01,248.74586486816406,250.16726981026787,204.0000303502828,204.0000303502828,23265
2003-08-04,234.98667907714844,247.32448201707535,234.58869606849225,247.32448201707535,84013
2003-08-05,230.8646240234375,236.52182362019283,230.26764078408195,233.11045116413234,57232
2003-08-06,229.10203552246094,235.66891884164832,227.48163055959571,232.54182824181945,42235
2003-08-07,230.4381561279297,232.82612330743393,228.56190859484354,230.2675944798797,30347
2003-08-08,229.926513671875,237.6589618333307,229.13053018859392,237.6589618333307,26985
2003-08-11,229.55685424804688,233.05350626667635,228.5618709788603,228.5618709788603,50355
2003-08-12,227.33956909179688,233.02519034030428,225.57702303453175,231.97334693910258,47388
2003-08-13,227.5384979248047,230.12544784086995,226.31607585894938,227.99334054154133,24728
2003-08-14,226.23080444335938,231.06358118944001,225.74752329852444,227.99335002098036,24298
2003-08-15,226.23080444335938,226.23080444335938,226.23080444335938,226.23080444335938,0
2003-08-18,226.9414825439453,230.3244328434972,225.71907790962348,227.42476363690022,22790
2003-08-19,224.9515838623047,229.41479966808228,224.52516230158335,227.424832384716,23619
2003-08-20,225.94650268554688,228.81775078139677,225.49166009171557,225.71908138863122,15927
2003-08-21,228.07862854003906,230.21073590645682,226.28766182247492,229.64217394207876,14405
2003-08-22,223.41644287109375,233.11041794518968,222.59202103790673,230.26760797024835,38929
2003-08-25,217.90139770507812,226.28768763632382,216.0535711100579,224.6957208949147,50062
2003-08-26,221.5117645263672,222.9331695639451,218.8963757869967,218.8963757869967,27749
2003-08-27,225.60536193847656,227.70904797381888,223.5301144096908,225.71908126243721,28671
2003-08-28,229.50003051757812,231.97327850123722,223.44484914457408,224.58197305879582,104169
2003-08-29,237.65887451171875,242.747510463846,229.6990079012784,232.5418174050071,148489
2003-09-01,236.26588439941406,243.91304869402683,233.11037287774124,240.95651995122228,109334
2003-09-02,234.92979431152344,239.93313231024115,232.54182728646595,239.93313231024115,35641
2003-09-03,230.49497985839844,237.31772233482542,229.244154148399,235.8963176522365,41139
2003-09-04,226.7424774169922,233.05351793929393,225.20737070689637,232.826096650887,55216
2003-09-05,227.45318603515625,234.24750782639924,226.5719220116993,229.2441699394923,47304
2003-09-08,262.2208251953125,267.22416431002415,228.56194479282917,228.56194479282917,701206
2003-09-09,250.0535430908203,272.9097408254013,248.2910148955635,272.9097408254013,397006
2003-09-10,243.2876434326172,250.7358080957095,240.07527203721847,250.7358080957095,135352
2003-09-11,248.31947326660156,254.68737511395017,242.20743128007388,242.77599332533228,120766
2003-09-12,246.07362365722656,252.44152491998656,244.59537635617073,252.44152491998656,80117
2003-09-15,239.62046813964844,249.03016254655842,237.80106275136544,247.94989818838724,66882
2003-09-16,239.9615478515625,241.58195276985737,232.54182184559733,239.36456478483245,56216
2003-09-17,240.98501586914062,249.59872700984545,239.50675114555216,243.34454478408622,82852
2003-09-18,236.4932861328125,243.25916803916823,235.95314548582704,243.25916803916823,37927
2003-09-19,238.5117645263672,240.786012579062,236.01009513863005,238.11376417669135,75416
2003-09-22,235.32778930664062,242.207392420743,234.24752506419273,242.207392420743,30642
2003-09-23,240.50173950195312,242.49170661367143,233.678995118919,235.38468121467753,41652
2003-09-24,242.4633026123047,244.45326986485827,239.0519301793557,244.45326986485827,31001
2003-09-25,244.45321655273438,251.2759599306792,241.12712568575955,242.7759518652028,76568
2003-09-26,246.4431915283203,250.16726547159146,245.05020776876344,247.8930176036679,46464
2003-09-29,231.0066680908203,235.9531630272657,214.34781315970886,235.9531630272657,135893
2003-09-30,236.69229125976562,237.57357253811236,232.54179669442496,233.11035854453357,79482
2003-10-01,233.96331787109375,238.79609600451855,233.11047467107764,237.65897173783037,22828
2003-10-02,233.96331787109375,233.96331787109378,233.96331787109378,233.96331787109378,0
2003-10-03,232.62709045410156,237.48830495387503,227.9933145879396,227.9933145879396,43254
2003-10-06,231.3478546142578,235.95320989201548,230.26759037654523,232.54183818273333,40514
2003-10-07,231.71743774414062,235.384669609673,230.8930332491841,233.11042159412062,47486
2003-10-08,230.69398498535156,234.70233933669607,230.26756357133056,234.19063711009724,34461
2003-10-09,230.21075439453125,233.11042411595685,229.69905205572334,232.99670477349486,54004
2003-10-10,230.0401611328125,232.5418301631182,229.1304585714832,232.45654934355395,45764
2003-10-13,239.6565399169922,256.0507312489516,231.7780523427945,256.0507312489516,130028
2003-10-14,235.77528381347656,243.10343099082877,234.61668291021624,242.72688923303852,61702
2003-10-15,234.4138946533203,237.22350502516258,232.38634332831893,233.16840237515981,39286
2003-10-16,234.5877227783203,236.9338825140726,234.0373802828492,235.77528162158325,29476
2003-10-17,234.44290161132812,238.61385428715928,234.03738422059527,234.93529285584341,31456
2003-10-20,232.21255493164062,236.93384937236266,231.14084572022665,234.06630549301767,32321
2003-10-21,229.5477752685547,235.48560415562773,228.8236497945214,234.61665358678778,43828
2003-10-22,228.33120727539062,234.50075186885945,228.21535782393082,234.50075186885945,22088
2003-10-23,226.3616485595703,229.40297589146473,225.92717322644256,228.24437500312402,27799
2003-10-24,229.92434692382812,233.16843300576465,225.28994328644646,230.56158095973746,31939
2003-10-27,237.10765075683594,240.40967016558824,231.7201640150248,234.61666606521263,66427
2003-10-28,245.2467803955078,253.1542257888417,234.6166165777595,234.6166165777595,157168
2003-10-29,243.5089111328125,249.67845646324687,242.1475517439378,249.67845646324687,46411
2003-10-30,240.20687866210938,244.17508946438096,238.17932750404213,241.71306305815648,26806
2003-10-31,245.9999542236328,248.46198135298042,238.7007643749738,238.7007643749738,53165
2003-11-03,244.0302734375,248.2012430461295,243.30614799703264,245.62334940652818,31320
2003-11-04,259.3817443847656,264.16097250575797,243.33511683425962,246.14472720479372,214917
2003-11-05,256.9196472167969,268.7953017104707,255.50035460821218,259.3816731484122,111061
2003-11-06,253.5308837890625,263.5817519314493,252.5750414112349,260.68524916297184,43625
2003-11-07,253.64666748046875,260.1058629922811,252.31426603823527,257.73072796816405,30559
2003-11-10,254.57350158691406,257.75965295756964,253.1542089048131,257.75965295756964,11747
2003-11-11,254.4287109375,260.6851474036504,253.55976044615448,256.05074478314106,27840
2003-11-12,272.9953308105469,275.16770744829654,258.36799478303215,259.1790118586894,192351
2003-11-13,273.7483215332031,278.3537655159818,269.37461178965987,272.8504132321071,92062
2003-11-14,263.0022888183594,270.53319136161633,261.84368842708903,269.9538911659812,27640
2003-11-17,273.0242614746094,275.16767994784624,261.8437712345821,266.4781742652827,36299
2003-11-18,272.0105285644531,276.9056246065472,269.3747184980009,274.58842272699445,28519
2003-11-19,269.11395263671875,271.66288815040156,266.24642670208937,269.37464484843167,16342
2003-11-20,261.5540771484375,272.85043263989826,259.7292847971237,272.2711323582849,16470
2003-11-21,265.4354553222656,266.9126642983908,255.5873483378432,263.5816869360126,24149
2003-11-24,266.10162353515625,268.79536666967624,265.31956451446496,265.4354316578429,13979
2003-11-25,266.3623046875,268.79537332795456,264.82716223335706,268.21607295440293,20049
2003-11-26,266.3623046875,266.3623046875,266.3623046875,266.3623046875,0
2003-11-27,260.9458312988281,269.22981864720515,258.5996544397288,268.79534341539147,44806
2003-11-28,261.7278747558594,267.05744471542664,261.20650800910323,263.5237092647685,19753
2003-12-01,263.9292297363281,266.7677977729536,261.5540948848829,264.740246649815,24711
2003-12-02,263.3499450683594,266.47816345136755,261.87271855496397,266.47816345136755,43746
2003-12-03,270.6491394042969,274.5883748410271,264.30579329371017,266.1885194925147,84149
2003-12-04,278.527587890625,286.75365953883164,271.6918511590142,272.27115148131486,115106
2003-12-05,282.9303283691406,288.49161607011695,280.96071042973233,282.69861173135956,87965
2003-12-08,300.8886413574219,302.39480825161434,283.85719548523184,283.85719548523184,105533
2003-12-09,310.9683532714844,312.5324709483224,304.1326176976261,307.02911881855584,59073
2003-12-10,304.6540832519531,314.994580866994,302.39479763231424,311.0843033114037,51696
2003-12-11,304.5382080078125,312.24289576688636,302.3947895924206,307.02919249805154,43622
2003-12-12,305.8416748046875,311.08433672260816,304.13273143271743,311.08433672260816,35504
2003-12-15,320.3241882324219,322.670347963852,307.02923594406025,311.66363950548003,54344
2003-12-16,325.30609130859375,333.03977188279,318.6151796083555,333.03977188279,50244
2003-12-17,330.2591552734375,333.15565737321396,324.4082351749656,327.30473727474214,33105
2003-12-18,331.5915222167969,335.9941905708578,329.62188695658296,329.62188695658296,28771
2003-12-19,332.9239196777344,338.86174829129544,330.7805013017895,335.99420447467236,39024
2003-12-22,333.3873596191406,341.7582569539217,331.9391087085449,335.994211258213,33703
2003-12-23,331.8812255859375,344.10445033524053,330.288149426978,338.31144612084256,48754
2003-12-24,326.4647216796875,338.57211375001117,324.78477179434793,334.19840295787805,42059
2003-12-25,326.4647216796875,326.4647216796875,326.4647216796875,326.4647216796875,0
2003-12-26,322.6992492675781,328.8977700144203,318.6151889175362,324.98749269588694,35024
2003-12-29,331.0122375488281,333.09770468727334,322.1489138162166,324.4081993476053,51175
2003-12-30,318.9917907714844,334.83564313306033,316.35594557139433,332.5184414504786,68634
2003-12-31,310.8525695800781,324.40821260709305,308.76710235639393,312.82220501398257,35932
2004-01-01,322.6992492675781,329.6218954437783,315.13938685661765,315.6607713088302,33498
2004-01-02,319.9476318359375,334.8356604898085,316.06631174488024,328.52127143438,91561
2004-01-05,323.1916809082031,375.96592889508537,304.7119855143527,375.96592889508537,39301
2004-01-06,319.8896179199219,327.15982927675776,317.4565497010416,324.9874532523437,32162
2004-01-07,314.53118896484375,318.61525009912106,313.459461908985,318.61525009912106,22347
2004-01-08,316.8772888183594,319.33931528541245,315.71868812798147,318.0358895087373,19467
2004-01-09,315.0235595703125,333.0977396452082,307.0292208903658,330.2012375613368,45351
2004-01-12,313.0249328613281,318.55727954091225,311.66359116936974,318.55727954091225,20565
2004-01-13,312.93804931640625,316.00833403290636,307.17400388808176,307.17400388808176,17871
2004-01-14,312.6773681640625,316.2979954007932,311.6635925377779,313.9807939692855,24132
2004-01-15,314.4731750488281,318.03588627863064,311.6635825462719,315.13938458210396,29934
2004-01-16,313.9228210449219,315.1393374323787,308.1877344007821,315.1393374323787,26322
2004-01-19,313.1697692871094,315.197320604175,308.76710057027117,315.197320604175,18946
2004-01-20,312.88006591796875,314.96556813280023,310.5049489219005,314.5600508667761,19677
2004-01-21,292.894287109375,314.270468430936,289.650201318835,314.270468430936,49995
2004-01-22,277.1951904296875,312.8221584786442,273.7483466119508,309.9256570112493,40154
2004-01-23,288.9840393066406,290.80883222807927,275.16771973772444,285.01582760202194,26535
2004-01-26,288.9840393066406,288.9840393066406,288.9840393066406,288.9840393066406,0
2004-01-27,299.2665710449219,301.23620653844165,290.80879938903405,292.6046341560899,14635
2004-01-28,292.4598083496094,299.67208766986954,288.63642220163604,299.67208766986954,18635
2004-01-29,290.5770263671875,295.44314522333286,289.50531730462865,295.44314522333286,10687
2004-01-30,282.9303283691406,292.5467191072471,280.38140999585664,292.5467191072471,9803
2004-02-02,282.9303283691406,282.9303283691406,282.9303283691406,282.9303283691406,0
2004-02-03,268.96917724609375,283.79927149590856,266.6519755720241,273.4297975402161,13099
2004-02-04,267.08642578125,274.5883725674468,261.2934221405866,270.82292020101556,12738
2004-02-05,273.6615295410156,275.10978066864465,261.38037058602936,261.38037058602936,12651
2004-02-06,273.458740234375,277.4848849900059,267.6657363723707,267.6657363723707,8256
2004-02-09,279.077880859375,280.38130635378826,272.90833705492014,275.16760437613516,15849
2004-02-10,275.0807800292969,286.69574519887806,273.8642457351067,286.69574519887806,12490
2004-02-11,277.7166442871094,279.22282905846396,273.5746494250199,276.3263266823388,8876
2004-02-12,276.9055480957031,280.0048082890281,275.7469474760558,278.06414871535037,7490
2004-02-13,286.34814453125,292.5466651009661,272.8504539852575,278.0351989828415,45401
2004-02-16,293.357666015625,299.4982526818136,287.3329464800378,298.33965209116826,27144
2004-02-17,296.71771240234375,301.2362490668068,294.28464331911124,294.8349858456762,33332
2004-02-18,301.6417541503906,306.4209829066812,298.2818185811432,298.3397344835965,25917
2004-02-19,292.63360595703125,304.0168557648897,289.65021230604816,304.0168557648897,19623
2004-02-20,295.55902099609375,296.71762159948287,290.2584090925149,291.9673520540507,15907
2004-02-23,295.4142761230469,296.8914852218804,286.8116607715801,295.4721920258662,30203
2004-02-24,292.3149719238281,298.33969227080956,290.3743121373656,298.33969227080956,14455
2004-02-25,294.5742492675781,296.0225002472614,291.44603068723126,293.12599828789484,22025
2004-02-26,287.5357666015625,304.10376212621384,283.8572054039261,292.5467116918014,69079
2004-02-27,261.8437194824219,277.4848266196462,249.09911366690574,264.74022080413005,126597
2004-03-01,266.5072326660156,275.16778366555627,261.40939448227846,267.0575753048872,68570
2004-03-02,266.5072326660156,266.5072326660156,266.5072326660156,266.5072326660156,0
2004-03-03,262.9154052734375,268.21599868798285,261.84369634334394,268.042215695574,28690
2004-03-04,257.0354919433594,265.7249944745231,256.1375660745029,263.5236432259921,20901
2004-03-05,256.25347900390625,261.8437230961871,254.31281955581002,261.8437230961871,34395
2004-03-08,255.35560607910156,262.7127281393263,254.31287244358157,262.7127281393263,21148
2004-03-09,251.64808654785156,258.3390166774095,249.09916836085827,258.3390166774095,17798
2004-03-10,258.2230529785156,260.6850787220012,246.08670724203378,250.25767557312113,44663
2004-03-11,258.9761962890625,266.47814236858466,249.1280910276148,249.1280910276148,32264
2004-03-12,256.4852600097656,260.6851880392875,255.0370089651029,259.5265872035573,16514
2004-03-15,256.282470703125,263.5816586317736,255.47145375079594,260.6851568885673,31622
2004-03-16,257.00665283203125,258.8314457970136,254.89220962883428,256.3404608199072,20172
2004-03-17,256.5142517089844,263.00242431426767,255.47151789117189,256.63011887934044,13177
2004-03-18,256.0218200683594,259.5265804334787,252.314283347662,258.3390216793726,12357
2004-03-19,256.39837646484375,258.252127252414,249.67848787264143,255.99285908817563,15516
2004-03-22,252.05360412597656,253.55978868113084,249.09916859064413,249.09916859064413,14707
2004-03-23,243.47999572753906,252.28537049488142,240.40971011567345,249.15715129661584,12702
2004-03-24,246.75299072265625,247.94054936654263,243.30614657464463,246.20264831958087,26228
2004-03-25,249.1860809326172,252.86464226537416,246.23164515044834,246.23164515044834,12033
2004-03-26,249.67845153808594,256.0507554056473,246.3185165703638,256.0507554056473,15401
2004-03-29,250.1998291015625,253.70460698707214,248.66468663944082,253.70460698707214,16457
2004-03-30,252.08255004882812,253.443909441023,250.8949913732707,250.8949913732707,6956
2004-03-31,263.958251953125,272.21328353595555,254.95013684129435,254.95013684129435,21158
2004-04-01,278.0062561035156,279.8020908642936,265.92783932857367,271.662927383775,36587
2004-04-02,276.992431640625,280.3813418914031,272.3000957302278,280.3813418914031,10119
2004-04-05,277.22418212890625,283.85717836844117,275.28354005252385,277.89039169060135,10939
2004-04-06,272.27117919921875,279.22278377451795,271.17051201056535,278.0641830119681,7189
2004-04-07,272.9372863769531,275.7468958897489,272.27109468105454,275.7468958897489,5885
2004-04-08,270.47528076171875,273.42971554597085,265.8698544228568,272.3580065573213,15458
2004-04-09,270.47528076171875,270.47528076171875,270.47528076171875,270.47528076171875,0
2004-04-12,273.40087890625,274.29878761253417,267.057531339764,267.057531339764,8556
2004-04-13,273.719482421875,274.64636674468164,269.4036866856946,274.64636674468164,9914
2004-04-14,273.719482421875,273.719482421875,273.719482421875,273.719482421875,0
2004-04-15,270.4463806152344,277.97728540699416,269.95397176615813,277.97728540699416,14014
2004-04-16,268.3562927246094,274.3322097842195,266.4133955901764,274.3322097842195,24438
2004-04-19,267.9146728515625,271.947674045905,266.17784524921234,270.24027719525037,10765
2004-04-20,264.529296875,267.91465965789894,262.58640020398485,262.58640020398485,16504
2004-04-21,273.8611755371094,279.6310230487248,264.5882236478111,267.85584604644134,17830
2004-04-22,276.392822265625,279.42492645283784,272.65420034056984,276.363373545511,29439
2004-04-23,280.5141296386719,283.5462337807724,277.12876663290604,280.3080604709094,22909
2004-04-27,271.2411804199219,279.0422343494558,263.99943655767055,264.3526954234498,14097
2004-04-28,269.0922546386719,275.45086169466947,268.4740649655523,275.27422323985235,7873
2004-04-29,272.0359802246094,273.77282576863286,268.47399688278836,273.77282576863286,8114
2004-04-30,268.8567810058594,272.59540407205344,267.8853322954305,272.53652458134604,6690
2004-05-03,263.3223876953125,271.41782163787383,262.58643915507963,266.4722510410078,8141
2004-05-04,267.2375793457031,269.6514936905797,265.5890621171236,266.11894137148914,6185
2004-05-05,267.7086486816406,272.44815010258657,266.53113101507086,272.44815010258657,3961
2004-05-06,272.5364074707031,274.9503218124475,270.416872488501,271.94764875161866,11027
2004-05-07,274.5382995605469,288.4330147972849,272.0066431854305,279.66050976857036,14694
2004-05-10,269.79876708984375,270.7702156855388,266.1190239489566,266.1190239489566,21008
2004-05-11,265.47137451171875,270.8290838953208,261.99770072482124,265.53025399302106,9903
2004-05-12,263.9700622558594,267.5909259775682,263.1752341297535,264.9415108688794,5804
2004-05-13,260.8790588378906,266.03069894935174,259.20109246523003,262.58645596704736,11593
2004-05-14,250.4874725341797,262.8514090068341,247.33760893455207,254.93259488854073,17425
2004-05-17,231.6471405029297,247.30810909044075,206.06556528294976,237.3286589236613,19287
2004-05-18,238.82998657226562,240.80233200492404,227.8790700807439,227.8790700807439,14579
2004-05-19,244.62930297851562,248.45623551608566,241.3911292928794,241.3911292928794,14603
2004-05-20,248.54454040527344,253.1663008870592,246.10119481579244,250.22250669069805,8905
2004-05-21,248.54454040527344,250.22250669069805,241.47943433400664,250.22250669069805,7699
2004-05-24,251.66497802734375,253.16630591027914,247.8674762516919,247.8674762516919,9358
2004-05-25,250.57579040527344,253.16632596114417,247.2787369853036,253.16632596114417,5600
2004-05-26,251.017333984375,254.90314590572595,250.22250596017918,254.90314590572595,4430
2004-05-27,246.04226684570312,251.98873354385765,244.92362886505788,248.75056056607443,5634
2004-05-28,234.9442138671875,246.10120135484132,233.73726540160766,246.10120135484132,21747
2004-05-31,227.1725616455078,235.50349415784336,224.90583692074043,235.50349415784336,10989
2004-06-01,232.41256713867188,234.23772325434916,228.67394466909795,230.20472134571423,10438
2004-06-02,231.73545837402344,233.14847584625994,229.61592318192265,229.91030257061743,7322
2004-06-03,229.67481994628906,238.44732279641144,228.43842282717935,234.3260110443747,5555
2004-06-04,228.46786499023438,230.79346963915725,222.60972520208395,229.61595193691667,12205
2004-06-07,229.49815368652344,232.55970637516768,228.43839512294952,232.55970637516768,4053
2004-06-08,228.93887329101562,232.2653570674307,226.87821739814868,232.2653570674307,3809
2004-06-09,230.6462860107422,231.4411140742207,228.49731974096298,229.615957994102,2341
2004-06-10,229.96920776367188,231.97098423719456,228.7328105993657,231.94155348203006,4371
2004-06-11,228.52674865722656,231.85323263352439,227.8496795595279,230.79347386908253,3680
2004-06-14,223.84617614746094,229.61600708726985,223.49291715844237,229.61600708726985,4670
2004-06-15,225.0824432373047,227.55523695786596,223.78718488116894,224.90582281476014,5789
2004-06-16,223.3162078857422,226.67214026629225,222.02094929328766,226.67214026629225,3649
2004-06-17,224.72927856445312,225.9656578763163,214.9558772636819,214.9558772636819,2544
2004-06-18,226.84878540039062,228.58563125370776,223.78725005720617,226.67216492640694,15223
2004-06-21,226.8192901611328,227.6729974668403,225.49458308037342,225.49458308037342,3947
2004-06-22,229.32151794433594,229.79251772616013,226.23053471145334,226.67210374472228,7966
2004-06-23,225.81846618652344,230.7934860185647,223.78725878650022,229.0272093398512,17253
2004-06-24,228.4973602294922,229.08611920046872,224.46435768480336,224.46435768480336,8544
2004-06-25,239.50704956054688,241.21446428991788,226.6721161450446,226.6721161450446,28657
2004-06-28,244.51153564453125,245.51243284552726,238.50620634103612,242.98077705594014,11781
2004-06-29,253.5195770263672,258.111889098023,242.56865827761655,244.33493491556035,34184
2004-06-30,265.1180725097656,275.53911014453666,256.11007032665265,256.11007032665265,181961
2004-07-01,264.7353820800781,269.3571421008813,257.0815179329493,269.0627627106071,97707
2004-07-02,262.99859619140625,264.735424089134,259.6426634227536,259.6426634227536,28347
2004-07-05,261.9976806640625,263.4695777464448,259.05388649929773,263.4695777464448,16136
2004-07-06,264.5588073730469,265.53025593540906,260.5258054355178,261.9388231596351,13489
2004-07-07,270.2697448730469,272.1243496380436,261.99769015732454,261.99769015732454,22972
2004-07-08,261.614990234375,278.77730657016974,259.0538857251841,272.0065800114433,38377
2004-07-09,261.1144714355469,263.17512679073155,250.81119465962337,256.1100227158126,18204
2004-07-12,265.8540344238281,276.7166416943592,262.1154303408881,276.7166416943592,13701
2004-07-13,267.9441833496094,268.7095627450828,263.1752325884009,267.82642438069223,7849
2004-07-14,265.3241882324219,282.5453856381873,261.4089452362341,273.7728818352452,18260
2004-07-15,270.9468078613281,273.5667737496738,265.61852992285185,265.61852992285185,11394
2004-07-16,270.62298583984375,273.7728490949727,266.70774331187664,273.18409027971467,58023
2004-07-19,271.2411804199219,274.9503535918732,268.945006776103,270.8290420819307,9332
2004-07-20,272.4481201171875,274.27327589299443,268.6211881220244,273.5962069027331,11060
2004-07-21,275.5097351074219,279.66047817544865,269.82819733470296,276.01016579963397,10911
2004-07-22,274.9209899902344,285.54808150673375,273.77290288789936,279.07173326637485,100430
2004-07-23,269.1216735839844,282.0154887889796,268.0324661193799,276.6577796673394,5844
2004-07-26,266.5605773925781,272.5364763071624,265.5302493739431,268.50347446929203,13313
2004-07-27,260.6141052246094,269.65155729965795,256.7871726428457,269.6221265437191,22462
2004-07-28,259.96649169921875,263.17523497257184,259.05392256807966,261.99771714271697,12221
2004-07-29,257.2582092285156,264.3527468054498,254.81484541299872,264.3527468054498,15091
2004-07-30,256.90496826171875,264.9415242367336,254.9915016977868,264.9415242367336,9219
2004-08-02,257.5819396972656,260.82011265345983,252.57749058314732,252.57749058314732,9373
2004-08-03,257.4347839355469,261.3500263412968,256.757714912634,261.3500263412968,33784
2004-08-04,254.3732452392578,259.6426439531965,253.5195557165065,259.6426439531965,11046
2004-08-05,255.40359497070312,256.1101128137391,253.78450805061627,254.9325950536759,16210
2004-08-06,253.69615173339844,255.99230735497292,253.16627243111077,254.9325487503976,23383
2004-08-09,256.2867126464844,257.8763686815186,252.57753918806276,253.16629802066896,16573
2004-08-10,257.08160400390625,261.9977450609083,256.13958604614265,261.9977450609083,14433
2004-08-11,254.1376953125,257.8763167400142,253.04848809806813,257.8468859913093,10034
2004-08-12,252.93077087402344,256.6988234038849,252.5775120189601,254.93254709605998,5142
2004-08-13,254.3732452392578,255.52133214441565,253.63729670197552,254.34381448476395,2909
2004-08-16,254.6676483154297,261.7327549297613,253.13688958965406,261.7327549297613,24067
2004-08-17,259.5248718261719,261.70328657294374,256.16895744701446,258.46511317327855,15998
2004-08-18,262.2037658691406,270.24032083646466,260.23142006474376,261.40893780259324,43972
2004-08-19,265.2947082519531,267.29648449830995,260.4079996271056,260.4079996271056,18828
2004-08-20,263.6168212890625,267.88532369966146,261.9977341678008,267.26713398581506,12545
2004-08-23,264.9414978027344,265.5302566867404,259.6426678466797,263.7639800347222,10961
2004-08-24,263.6461486816406,267.296459947211,261.99763144605487,261.99763144605487,13959
2004-08-25,262.9691467285156,263.7639747996475,261.40893931036493,263.7639747996475,7854
2004-08-26,263.2635803222656,264.85323679154743,262.6748213288277,264.3527880536255,12427
2004-08-27,264.70599365234375,266.678339476041,260.82018148591686,261.99769923528896,10145
2004-08-30,267.9146728515625,274.7737269408603,262.5864131352542,262.5864131352542,22948
2004-08-31,265.7657775878906,271.9771950840813,264.94151867883363,271.9771950840813,7418
2004-09-01,266.17791748046875,270.1225915551857,265.5302790599938,267.8853147944505,12700
2004-09-02,265.3241882324219,269.592690153509,265.00037803230305,269.592690153509,6650
2004-09-03,265.23590087890625,267.0021776883107,262.0860369753022,265.5302803471403,6091
2004-09-06,269.91650390625,272.0065906517495,265.55967401099275,265.5891227342006,19897
2004-09-07,289.1983642578125,295.49807338907806,269.6515625782432,270.82908031875957,211322
2004-09-08,290.2286682128906,294.0261518306439,288.52125325673734,293.7317724199269,62359
2004-09-09,283.9289855957031,292.61317955638043,282.6631575271375,291.4356617312038,30728
2004-09-10,289.7282409667969,300.1787108171851,283.3107729338602,285.4891699531627,63205
2004-09-13,290.0815734863281,295.49814563652444,289.11010673888876,290.2581940035903,27531
2004-09-14,287.7853088378906,292.6131384295609,285.7246529334571,291.43562076988457,18243
2004-09-15,286.04852294921875,290.72914555120116,285.10650509006314,289.61050720423344,20014
2004-09-16,283.1341247558594,289.66935152398463,280.86739961080093,289.66935152398463,21799
2004-09-17,293.2607727050781,296.7050154057897,285.6069080223828,286.1367873684554,100780
2004-09-20,295.4980773925781,299.9726484606621,294.37943911743093,297.2054745459602,64481
2004-09-21,298.4124450683594,303.1519648828363,294.46775334376326,296.64616840973343,55160
2004-09-22,304.24114990234375,304.8887702935003,298.50075084758254,298.50075084758254,47524
2004-09-23,307.7441711425781,317.046551157607,303.65229110405903,304.09386011681335,113734
2004-09-24,312.6309509277344,364.4417299892045,308.3035877323911,364.4417299892045,85436
2004-09-27,314.1617126464844,320.81471649817007,312.6898154996493,314.868230463963,85439
2004-09-28,299.8254699707031,317.28218573818293,297.79424457771773,314.98601165307053,65740
2004-09-29,298.38299560546875,306.6845174414705,296.14571903040815,304.9182407872136,47556
2004-09-30,301.88604736328125,303.1224263573291,298.5006845698364,300.85571955658065,35313
2004-10-01,303.3874206542969,306.0368354132447,300.4141957229196,302.0038517652858,24474
2004-10-04,300.9735412597656,307.18494014567005,299.7665747968564,307.18494014567005,22940
2004-10-05,300.2376403808594,304.2706249035726,299.0895532159644,300.26707114201145,15495
2004-10-06,297.9708557128906,302.0332881589567,297.3526481437647,300.9735294225896,20337
2004-10-07,297.882568359375,300.23760392551696,296.14572244234716,300.23760392551696,17111
2004-10-08,301.5328674316406,303.21081582483083,295.73357104370604,297.79422707358356,20380
2004-10-11,297.58819580078125,304.8887846637864,288.4918635290407,299.8549032116556,14584
2004-10-12,291.671142578125,300.1787154941903,290.5525043110546,297.9119902358533,12207
2004-10-14,289.5516662597656,293.3785997233768,286.7256302736368,292.0244612232523,15317
2004-10-15,294.821044921875,297.32327046539564,291.4356809512294,295.4098038732916,9611
2004-10-18,296.7933349609375,298.5007320041488,293.31966139699153,298.5007320041488,13685
2004-10-19,302.6515197753906,303.7996068720803,295.6158613657309,299.0895354477069,13044
2004-10-20,298.88336181640625,307.5675709388184,297.32315479563016,304.3882594640412,26186
2004-10-21,301.03240966796875,302.03330695599055,297.32323589234943,301.738927514513,16190
2004-10-22,301.03240966796875,301.03240966796875,301.03240966796875,301.03240966796875,0
2004-10-25,293.76123046875,300.85576730529215,291.43562586324776,300.85576730529215,9747
2004-10-26,298.88336181640625,301.4444658522033,294.37936118379224,298.88336181640625,11069
2004-10-27,303.8879089355469,306.1251854826066,295.61583592781017,295.61583592781017,27222
2004-10-28,301.650634765625,307.3321730279753,300.91470404292124,306.68455255459617,14217
2004-10-29,308.03863525390625,313.77903399941914,301.44452899513993,303.7112361770652,28307
2004-11-01,308.89239501953125,312.3366204754704,303.21085682350093,303.21085682350093,19219
2004-11-02,319.607666015625,320.8735116742039,308.83338831521223,312.012699869096,116048
2004-11-03,337.97698974609375,341.18573246707814,318.01808752687157,323.2285886530214,140316
2004-11-04,338.2124938964844,345.6014095194867,334.4444232687857,340.8913392023557,82627
2004-11-05,337.59423828125,340.30251380954945,331.05899543430144,340.30251380954945,23246
2004-11-08,345.1304626464844,350.3115336035387,337.38826900041005,337.38826900041005,114755
2004-11-09,339.9493103027344,347.33822529084324,338.56570570497274,346.1901385626951,26835
2004-11-10,344.04119873046875,346.19018277645995,337.94755937702047,340.8913534482488,17367
2004-11-11,340.4498291015625,344.4239516202578,338.5952242188417,341.480157161965,8521
2004-11-12,343.27587890625,345.48372484201826,339.74332540902077,341.48017139882364,8852
2004-11-15,343.27587890625,343.27587890625,343.27587890625,343.27587890625,0
2004-11-16,356.9056396484375,359.08405468780654,343.246426468194,353.19646589761453,116268
2004-11-17,360.7325439453125,365.03047623658455,357.43547292153806,359.142887910188,60100
2004-11-18,354.60943603515625,362.67543919117827,352.84315954558883,360.320403871755,41981
2004-11-19,344.1295471191406,357.37662121696894,342.12775265925126,355.0804473326834,35353
2004-11-22,342.9814147949219,346.7789160541585,335.6513609103457,335.6513609103457,24253
2004-11-23,348.0448303222656,382.6344149234004,344.42394879427826,382.6344149234004,32868
2004-11-24,349.6049499511719,353.37302044790744,348.54519135364734,353.37302044790744,18910
2004-11-25,346.6318054199219,352.0778252927614,345.0715799472198,352.0778252927614,8868
2004-11-26,346.6318054199219,346.6318054199219,346.6318054199219,346.6318054199219,0
2004-11-29,345.0421447753906,347.36774960807,341.4801606316621,342.6576784269437,12828
2004-11-30,341.3329772949219,350.3115506519681,337.7120956326736,350.3115506519681,22232
2004-12-01,346.9556579589844,350.2232630943341,335.65147841358896,346.1902784758839,19169
2004-12-02,346.278564453125,350.3115485795823,342.06892390712153,346.7789951485277,18515
2004-12-03,343.54083251953125,349.13404230348243,341.48017628333866,349.13404230348243,21734
2004-12-06,356.9644775390625,359.8199794743277,341.4801272325826,341.4801272325826,46881
2004-12-07,358.43634033203125,360.9091344105852,353.8734597583248,356.1990641409527,32594
2004-12-08,358.43634033203125,359.73161684317705,352.07775265502437,354.4327877898406,35425
2004-12-09,357.70037841796875,359.6727418302903,348.07418703993955,353.84401571654047,26804
2004-12-10,353.46136474609375,359.14290207921124,352.0777958088005,353.31417503212685,9515
2004-12-13,359.2017517089844,361.4979255449096,353.8440606718089,356.19909601737834,22523
2004-12-14,362.3221740722656,363.3819327082406,355.1393096406816,355.1393096406816,13978
2004-12-15,356.7584533691406,369.74057958971116,355.0216074722864,369.74057958971116,22104
2004-12-16,359.4372253417969,362.0572090280089,356.1990521405194,362.02777827681206,19207
2004-12-17,376.48187255859375,385.04830706548375,359.14291637606283,361.4979518932829,78499
2004-12-20,406.9206848144531,411.9839964417428,359.73164962615914,367.9742733491808,144845
2004-12-21,401.3275146484375,409.18743151285344,396.38192556263107,409.18743151285344,60302
2004-12-22,395.4398498535156,407.83321501349104,391.55402033575467,397.41217739697356,23793
2004-12-23,393.8797302246094,399.4729401455866,391.5246944684084,395.4104890921425,13859
2004-12-24,403.6235656738281,406.2435493749093,389.75830389302894,389.75830389302894,33211
2004-12-27,410.1882629394531,420.9331110340166,403.8885365956436,403.8885365956436,33147
2004-12-28,410.482666015625,415.07497773118536,409.1873893945728,414.4862188975241,25606
2004-12-29,395.763671875,414.9571943484157,389.16956613919956,410.36488290321046,26953
2004-12-30,395.4398498535156,412.1311469301948,386.343519494988,412.1311469301948,42017
2004-12-31,407.2739562988281,409.18742266380275,392.1134150994139,392.1134150994139,26096
2005-01-03,418.4015808105469,420.69771925672933,407.71559101851796,411.2187141139073,53339
2005-01-04,424.0830383300781,453.2560353154678,418.60758761993816,441.45142628336674,42763
2005-01-05,421.6691589355469,429.7645943398229,406.24366756003656,412.8672056180806,64615
2005-01-06,433.5325012207031,439.4789862942976,408.59858195521053,408.59858195521053,56507
2005-01-07,444.1596984863281,447.45673372928513,433.5325723122664,435.6815565258829,82156
2005-01-10,440.36212158203125,447.4566574506669,432.7376884555792,441.56906985263186,33377
2005-01-11,430.5593566894531,436.27032494523485,420.96259424540204,420.96259424540204,25090
2005-01-12,419.3729553222656,429.7939949905414,412.1312280731219,418.0188170455951,36314
2005-01-13,426.20245361328125,429.67610851521846,412.8670541739901,423.906280221423,29918
2005-01-14,424.0535583496094,429.79395709158604,418.0187801849673,423.90636863827666,16422
2005-01-17,406.214111328125,420.9330802440293,402.18109228417757,420.9330802440293,14250
2005-01-18,395.08660888671875,412.07232283088194,391.52462512334597,404.4773194883288,14684
2005-01-19,402.91705322265625,405.00717562150635,394.46837917696405,395.08656870360284,11512
2005-01-20,405.0955505371094,406.2436375694125,394.5273211843562,403.8297404737936,11561
2005-01-24,397.794921875,408.4514424314693,388.580831718587,408.4514424314693,8661
2005-01-25,389.14007568359375,397.412128353436,383.95900623427826,397.412128353436,23636
2005-01-27,391.17138671875,395.9403189371579,389.1990230485537,391.5246276478959,24980
2005-01-28,394.02679443359375,400.3559510120938,393.025897369067,394.29174305876,13715
2005-01-31,396.9412536621094,407.7155342391196,394.174079672333,397.41225359047763,21659
2005-02-01,395.4104309082031,399.59064032134575,388.6102733498027,397.412225380411,38500
2005-02-02,396.4407958984375,400.3266262480241,394.4684679327704,395.4104678105534,4991
2005-02-03,409.0990905761719,412.10178240448374,396.8234823867211,396.8234823867211,16903
2005-02-04,406.9795837402344,435.09282080872794,403.3587021835943,412.13122404074363,26411
2005-02-07,404.7717590332031,416.72355796747587,403.29986172762784,416.72355796747587,6953
2005-02-08,401.2685546875,409.15793701559625,398.0009505203727,409.15793701559625,3943
2005-02-09,400.9153137207031,412.131161720529,399.20789881958103,412.131161720529,12800
2005-02-10,401.79852294921875,409.12857852253063,397.5300208768675,406.1553172965546,7833
2005-02-11,406.1258544921875,409.7173050996335,398.5897482702355,400.3560248504581,15358
2005-02-14,401.15087890625,411.51305754031006,400.3560687320292,409.1874526011181,8102
2005-02-15,405.4192810058594,410.3060076214806,401.8278668265316,410.3060076214806,10897
2005-02-16,400.2382507324219,413.1320836536886,398.0304050907657,413.1320836536886,6601
2005-02-17,399.8850402832031,405.0366805063948,395.6459691411216,400.9447990849759,17098
2005-02-18,392.7315673828125,404.477313139134,388.63968635838137,404.477313139134,19135
2005-02-21,387.22674560546875,399.7673033087142,385.637089347876,398.0010265636094,19269
2005-02-22,387.4622497558594,391.4658393549156,385.63711138893245,385.63711138893245,17592
2005-02-23,387.7270812988281,390.935823786482,386.6967534499933,388.87516808881225,13068
2005-02-24,392.2899169921875,396.8233661965626,388.5807443467823,390.93577916100526,73339
2005-02-25,382.5460510253906,400.3560056902895,377.68879066223633,391.52462321182725,35012
2005-02-28,389.699462890625,391.46573928517086,384.4594952128116,388.5808068000852,52414
2005-03-01,391.3185729980469,392.70214188255864,388.5808300487087,388.5808300487087,47108
2005-03-02,397.5594482421875,400.59157095894204,389.6112030718513,391.49523874367003,46216
2005-03-03,403.0053405761719,405.0659960794832,397.4121327814697,400.3559263576288,28550
2005-03-04,402.03399658203125,405.06611926154653,377.4533127460289,377.4533127460289,23248
2005-03-07,404.683349609375,405.65481601009884,392.5843633725586,392.7021223203714,18261
2005-03-08,408.1275939941406,409.570060193944,403.8885235858347,407.42107627025894,19383
2005-03-09,420.46209716796875,422.1400453172025,408.03926534729493,409.77611093552713,37681
2005-03-10,429.9706115722656,438.6253744702883,420.9626077130955,438.5076155049088,35508
2005-03-11,433.41485595703125,435.0928043603385,429.205215668047,432.7377688834219,33070
2005-03-14,430.4710998535156,433.326566248958,424.5540439441056,432.7378073274241,23031
2005-03-15,427.2328796386719,435.6815548761255,423.90637771731133,435.6815548761255,17033
2005-03-16,426.9974060058594,429.79401087111665,424.08304216980326,429.79401087111665,8625
2005-03-17,418.9020080566406,426.90911569187676,416.54697217157167,426.2614951974811,11369
2005-03-18,399.8850402832031,417.9304784754461,395.0572102584711,415.6637711512379,24136
2005-03-21,407.68603515625,412.1311568755536,403.299774942506,407.42108651126154,43656
2005-03-22,405.0660705566406,413.89745290889294,402.7698967710603,413.89745290889294,11056
2005-03-23,402.7698974609375,408.9813318073169,399.17848300553146,405.06607125045076,15356
2005-03-24,400.8564147949219,407.36222828597624,394.4978269389223,405.06605459089997,19204
2005-03-28,397.3827819824219,403.29980107395465,396.2935565791129,401.53352457290083,10102
2005-03-29,391.64239501953125,397.41222457450414,388.58084180618187,397.41222457450414,10150
2005-03-30,408.9813232421875,435.68152099973065,387.992057214625,391.55404084120664,49203
2005-03-31,421.7572937011719,425.0837948353018,409.21674018180795,420.9624838050426,28058
2005-04-01,420.34442138671875,426.85020000671943,413.8975042823776,423.023267179073,10957
2005-04-04,419.1963195800781,423.87695982980307,415.1044382061678,418.93137089896345,6872
2005-04-05,412.8082580566406,418.01875920228014,412.13117104450157,415.1927240735437,6646
2005-04-06,415.7814636230469,418.3131192265838,414.19180770711006,417.4299810438394,10511
2005-04-07,412.513916015625,417.60665867242915,410.95369063848875,417.43003819869415,4477
2005-04-08,408.6280517578125,417.9893313680617,407.71548277398,417.9893313680617,4711
2005-04-11,406.36138916015625,432.14902110735744,389.7583814347011,400.94480023720763,8003
2005-04-12,408.3042297363281,411.4835416453997,405.6548151237636,405.6548151237636,4375
2005-04-13,411.8885192871094,415.1740694772168,406.8407121574326,406.8407121574326,5034
2005-04-15,418.7582702636719,424.13462466078033,405.1979024365953,418.1011748660977,11086
2005-04-18,415.532470703125,419.35567089098515,395.6698267471061,419.35567089098515,13903
2005-04-19,416.3388977050781,420.8191928167748,410.51451405987245,420.8191928167748,9866
2005-04-20,410.0665588378906,412.2768454522317,396.0581596253582,409.79773379034043,14035
2005-04-21,410.39508056640625,412.18719882215476,397.3126027151465,398.44762552808294,5275
2005-04-22,418.3700256347656,421.14782373733,412.1872317429187,412.1872317429187,10763
2005-04-25,425.23980712890625,427.1215460067993,415.2039515218739,415.2039515218739,21078
2005-04-26,425.80718994140625,430.0485573570678,419.35557303304404,424.7319265334677,8242
2005-04-27,414.5468444824219,428.9136524282968,412.18721472914314,413.3819602790827,7481
2005-04-28,418.5193176269531,420.90880853309784,412.2469039983232,415.77141766918174,2885
2005-04-29,418.4296875,419.89325781093356,413.6805675550551,413.6805675550551,8146
2005-05-02,424.4034118652344,427.6889614818886,418.1608603014447,418.1608603014447,10594
2005-05-03,424.19439697265625,427.7189109629321,424.1346742788852,427.0020563339745,5998
2005-05-04,427.1513671875,430.10836952009834,421.38674216690276,430.10836952009834,5391
2005-05-05,428.82403564453125,430.10840170614455,426.07613544014947,427.12153780540746,4967
2005-05-06,429.9888916015625,430.4070598123343,418.84791186037893,424.4333324034192,6574
2005-05-09,433.4835205078125,438.47156803949855,406.870537175518,406.870537175518,10881
2005-05-10,435.8132629394531,437.84434478272624,433.09522434090945,433.6925970641383,6399
2005-05-11,439.7261047363281,442.0558732471981,433.09528122191705,433.09528122191705,10923
2005-05-12,430.10833740234375,442.0557912190755,425.329355875651,440.86104583740234,8218
2005-05-13,439.9053649902344,442.02603123684315,430.10843602970465,430.10843602970465,8212
2005-05-16,435.8132629394531,439.6663242964267,431.3329675152369,431.3329675152369,3567
2005-05-17,432.5277099609375,439.78580308210826,430.436905444142,438.71053947990373,4965
2005-05-18,438.0833435058594,439.0690232443788,431.900549395491,438.47165042363815,9556
2005-05-19,437.63531494140625,439.5170539155562,436.14188288596773,439.5170539155562,2791
2005-05-20,432.4380187988281,438.94935794730964,430.22773299363683,436.08197689820685,1928
2005-05-23,434.8873596191406,444.98297362316623,427.27085709833835,444.98297362316623,4129
2005-05-24,430.4369201660156,435.48472710707244,430.1083724514296,431.3031179304613,2062
2005-05-25,438.0533447265625,441.458376028673,429.18237570594897,439.0688854953649,8632
2005-05-26,443.2803649902344,449.19436877417115,433.0951686607724,433.0951686607724,19713
2005-05-27,443.0714111328125,447.4322252617735,440.26375169282653,445.6401068695368,8671
2005-05-30,432.19915771484375,454.0032617322477,430.1083532200242,442.05580747613595,7855
2005-05-31,450.0307922363281,452.7488676928813,430.10842358910224,430.10842358910224,93100
2005-06-01,446.62567138671875,448.6268551576563,443.3102240475268,445.0426192975418,10413
2005-06-02,445.1023864746094,448.0295273039564,430.8550620906381,448.0295273039564,8559
2005-06-03,443.2206726074219,446.83477007322,440.56235685695157,446.83477007322,1593
2005-06-06,435.33538818359375,449.8216772586568,433.2744449199422,449.8216772586568,6042
2005-06-07,445.669921875,449.7619469882166,418.81801013132326,446.2374332656783,7401
2005-06-08,446.0881042480469,448.62693845367687,443.25058366528395,448.62693845367687,3044
2005-06-09,443.4595031738281,448.02941781988187,441.45831969185696,448.02941781988187,2541
2005-06-10,442.2947998046875,446.2374453803791,440.56240424100343,442.0259747743587,7191
2005-06-13,445.1919860839844,447.4918562986484,442.6531522150049,442.6531522150049,7090
2005-06-14,442.44415283203125,453.4059284817809,439.09884347271765,453.4059284817809,5738
2005-06-15,445.1023864746094,446.2374091947406,443.2505456793809,443.84791838245286,7644
2005-06-16,444.62445068359375,449.4930523060465,440.86101032661065,449.2242273246764,6591
2005-06-17,436.828857421875,450.0307816396615,436.11200277395733,450.0307816396615,9820
2005-06-20,442.9817199707031,453.5253627475528,436.14179523919285,453.5253627475528,7018
2005-06-21,443.1907653808594,445.0426059353582,439.15850015929743,445.0426059353582,10042
2005-06-22,435.78338623046875,447.5516357552963,433.72244311584706,437.87419068805156,9242
2005-06-23,437.0677490234375,441.4285624261659,434.8873240917053,436.0820694875616,7817
2005-06-24,442.1155700683594,445.04271120960453,419.38554358664777,436.08211970874004,7224
2005-06-27,445.7295227050781,453.40574504279044,439.1882862848454,445.042529719208,22668
2005-06-28,457.16937255859375,471.864764543921,449.22432202764645,455.7954224828381,29456
2005-06-29,455.974609375,462.8443959486567,442.77268628296383,454.03314795201004,36819
2005-06-30,475.8669738769531,477.89805519582666,455.9744746215725,455.9744746215725,38151
2005-07-01,501.5241394042969,501.792964355919,468.9673339788236,475.86697994657175,68561
2005-07-04,505.1683349609375,510.126522027124,500.5984183475723,500.5984183475723,35252
2005-07-05,493.2507629394531,504.780051498089,489.8755917978012,504.780051498089,15791
2005-07-06,496.0881042480469,501.7332828524134,492.3545253378484,492.3545253378484,26954
2005-07-07,489.8457336425781,498.8063263311618,486.8588694130502,498.8063263311618,21734
2005-07-08,489.1885070800781,495.52064296648297,477.9280100741395,477.9280100741395,14655
2005-07-11,487.9938049316406,501.7333779246495,483.8719184494426,489.8456458377073,16326
2005-07-12,503.01751708984375,509.4392716021725,484.4691078603323,484.4691078603323,45994
2005-07-13,508.27447509765625,519.057079971429,502.98774203702266,503.58511465226854,55422
2005-07-14,509.40948486328125,514.0391225152197,507.76671021259347,508.9614554130937,26054
2005-07-15,512.6951293945312,516.7273951951873,507.9161477048648,513.1132975845244,7816
2005-07-18,512.9938354492188,517.9221605059362,508.6628831266489,508.6628831266489,8572
2005-07-19,513.7705078125,516.7275106860316,510.75378223879414,511.9485279282416,30549
2005-07-20,513.7405395507812,518.3403167900694,496.59593518292746,496.59593518292746,11659
2005-07-21,502.45013427734375,513.7404922375557,490.4728196283708,513.7404922375557,3166
2005-07-22,502.5398254394531,519.5350874522576,496.41675475802145,519.5350874522576,5679
2005-07-25,501.91265869140625,502.9580611431424,494.80390743530296,494.80390743530296,6259
2005-07-26,502.7190246582031,504.77996791402353,495.8492381126277,496.4167495107142,12302
2005-07-27,497.073974609375,507.02024796073914,488.0536584199397,488.0536584199397,773
2005-07-28,508.27447509765625,508.27447509765625,508.27447509765625,508.27447509765625,0
2005-07-29,484.49908447265625,504.7201707178017,443.25050994326335,496.5361580533872,59438
2005-08-01,489.4871826171875,492.20522098595063,480.8850015456181,481.4823742183455,3781
2005-08-02,496.80511474609375,501.1957903393823,495.8194350198895,501.1957903393823,6109
2005-08-03,499.01519775390625,503.55525148976926,479.09283569190785,479.09283569190785,34812
2005-08-04,505.1683349609375,510.7537561899455,491.63782613371365,493.01177631435667,8317
2005-08-05,494.47528076171875,504.69033993281505,491.1001102290046,501.79309675607817,9304
2005-08-08,489.4573974609375,498.8062965250149,455.5863882906475,455.5863882906475,5453
2005-08-09,469.4752197265625,506.57204982904096,460.12632238304104,506.57204982904096,17476
2005-08-10,484.97698974609375,488.05347359478543,469.53492074112773,469.53492074112773,17453
2005-08-11,500.4490051269531,513.7405483845774,482.10965500293753,490.68197556463457,20246
2005-08-12,508.21484375,513.7405414340288,491.36892568059716,501.79308698207467,23085
2005-08-16,504.60076904296875,519.714292320604,501.7931098267901,519.5948104784975,9716
2005-08-17,497.282958984375,507.76684358026677,496.44662254006465,504.7799797945005,3956
2005-08-18,494.4156188964844,507.7967479130407,491.4884775543432,507.7967479130407,37542
2005-08-19,487.9938049316406,505.82536660131547,486.85878214357496,497.014118703625,10934
2005-08-22,481.60186767578125,495.4609213099034,477.89814972327883,489.8456034663608,6250
2005-08-23,476.643798828125,489.8457238750951,474.9114030252446,481.48250419917883,6075
2005-08-24,465.32354736328125,477.89823744387485,460.5744263365344,474.3140006630458,5732
2005-08-25,472.4322204589844,488.5911823681971,465.95074076469405,488.5911823681971,47434
2005-08-26,481.034423828125,510.87320103050575,462.99375885251294,510.87320103050575,6857
2005-08-29,478.0476379394531,480.1085816275925,471.92456603832295,477.8982947223524,5855
2005-08-30,478.0774230957031,480.8850824218671,471.3271180507492,480.8850824218671,4476
2005-08-31,484.1407470703125,564.5172423843121,472.5517012666989,472.5517012666989,8634
2005-09-01,479.989013671875,492.83252803895067,479.1825750284708,492.2351552776913,6847
2005-09-02,477.06182861328125,501.79307323561693,474.3139287489046,501.79307323561693,13490
2005-09-05,477.86834716796875,481.4824450777068,472.58157635984037,477.8982085138529,5848
2005-09-06,475.5982971191406,480.85516966911683,474.9411652624332,475.5982971191406,3020
2005-09-08,477.15142822265625,478.4955167528609,471.9244172718603,471.9244172718603,5228
2005-09-09,472.85028076171875,479.66034307996847,471.9243605110899,479.66034307996847,5027
2005-09-12,473.50750732421875,486.82891186339685,471.9244550110889,486.4107436617458,13105
2005-09-13,468.4297790527344,471.92439447818464,465.95066796580255,470.7296491757082,6399
2005-09-14,468.2207946777344,482.9759101717916,467.1455309268287,482.9759101717916,8454
2005-09-15,465.831298828125,473.41794062620755,463.2028804033016,473.41794062620755,10578
2005-09-16,466.7571105957031,474.9112619416359,462.3664361544984,465.9506720936805,16622
2005-09-19,466.1299133300781,467.74282692195624,462.963845293124,467.74282692195624,8569
2005-09-20,466.27923583984375,468.9375515452087,453.734409620163,464.7559428053151,10526
2005-09-21,463.0237121582031,476.10619302512487,451.6139045508085,459.9771250054531,52910
2005-09-22,463.0237121582031,468.9377183497152,460.5744978950706,460.5744978950706,44156
2005-09-23,463.80029296875,467.14556632746195,460.57446501083524,462.9639563986995,19815
2005-09-26,475.628173828125,478.49555563340607,462.9638646890009,468.93759197531057,21233
2005-09-27,479.95916748046875,494.6246619402943,477.86836275004487,483.63298820176914,35422
2005-09-28,478.0774230957031,484.7680054476337,446.4166661163752,480.8850824218671,15825
2005-09-29,463.6508483886719,483.2446661931985,460.5743643151127,471.92444592599094,37550
2005-09-30,487.7547607421875,492.8025668442195,464.21826413310316,469.534895215382,28405
2005-10-03,503.226806640625,516.637795375245,480.94477445244627,489.8456427898746,53970
2005-10-04,504.75018310546875,510.7537727917492,498.80631611825805,503.2268896717475,29466
2005-10-05,499.2543029785156,504.18262843418154,492.8922682605414,504.18262843418154,12080
2005-10-06,488.8299255371094,496.7451114224663,486.85860351441073,489.84546611265864,6709
2005-10-07,487.1574401855469,491.30918777112095,484.4692630171411,489.8456173539528,4761
2005-10-10,483.30438232421875,495.81934785437716,482.67714827269486,486.8587572305029,9405
2005-10-11,478.1371765136719,486.85880431339496,476.703467290907,486.85880431339496,3179
2005-10-13,486.5003967285156,513.1432075907228,479.39164620669965,495.2220245549583,39220
2005-10-14,476.6138916015625,487.4562229086441,475.0010141502391,487.4562229086441,8027
2005-10-17,472.3126525878906,478.4954443064348,469.56471679908145,474.91120876855894,5877
2005-10-18,469.8037414550781,492.83245048562316,468.93754379541116,473.1191524661982,3323
2005-10-19,463.23272705078125,471.92449366086805,451.6138192501472,451.6138192501472,3599
2005-10-20,460.6041259765625,471.8646211194745,459.97689205227346,463.5611275747587,6350
2005-10-21,463.91961669921875,465.35332574022226,445.04265427017407,448.0295177216517,5284
2005-10-24,463.2028503417969,471.327105252345,461.470454762277,470.7297324953712,1363
2005-10-25,467.5039978027344,469.5350801638231,459.97711415539925,459.97711415539925,2109
2005-10-26,472.76080322265625,474.0152713982048,462.96387565672177,463.1430801874089,2551
2005-10-27,490.65216064453125,497.01419588529325,470.72979129520564,470.72979129520564,11132
2005-10-28,470.2817077636719,482.0798198352279,466.5481279941921,468.93761904665917,10475
2005-10-31,462.60546875,476.52424642952184,451.01642290173925,471.9244689965219,3017
2005-11-02,466.8765869140625,474.31388369231655,455.1979589087471,455.1979589087471,4431
2005-11-04,466.8765869140625,466.8765869140625,466.8765869140625,466.8765869140625,0
2005-11-07,466.9961853027344,471.3271380925583,448.686694441458,462.36654611361234,3608
2005-11-08,476.8825988769531,482.0797484385115,466.5480588977416,470.69980627867125,8862
2005-11-09,478.3462829589844,483.87198151330296,471.32715236295803,471.32715236295803,5414
2005-11-10,478.4359130859375,480.82540440071654,474.97112151091267,477.89826295581463,2042
2005-11-11,480.168212890625,481.4824402429894,477.898203715126,477.898203715126,3956
2005-11-14,484.2900695800781,486.32111494401937,480.1681832432401,483.8420400417582,4567
2005-11-16,483.24468994140625,488.650905998014,480.2876875579502,488.650905998014,3192
2005-11-17,488.6508483886719,498.8061838686321,471.9244134805022,471.9244134805022,12764
2005-11-18,482.22906494140625,489.84556612196116,480.88497649777895,481.7810354601972,3461
2005-11-21,485.0667724609375,487.4562639508929,479.7202779600131,481.4825352260045,3275
2005-11-22,497.4621276855469,507.7070843170432,479.18253721769184,489.1885301792444,13507
2005-11-23,505.9747009277344,507.76681911283856,497.1933145285766,498.17899411467897,11974
2005-11-24,502.36065673828125,514.8158648675251,497.61153574960304,514.8158648675251,6894
2005-11-25,506.7214660644531,513.1432235182614,483.8719569846237,513.1432235182614,8519
2005-11-28,549.3140869140625,566.7872392772092,544.9532732745529,549.2842255696918,40895
2005-11-29,545.3713989257812,555.5565958916477,539.576876601216,550.777614421612,12323
2005-11-30,534.857666015625,548.9258231544264,531.6617364538216,544.80393668077,15718
2005-12-01,527.4799194335938,551.4345421871152,516.8168348537954,538.8299969752,25366
2005-12-02,540.4132080078125,542.4143918958214,527.4800749383373,542.3845305540534,17466
2005-12-05,543.8182373046875,551.912666773267,521.8050673093053,541.8170532908299,11605
2005-12-06,545.9689331054688,552.569895921353,542.4444186444828,552.569895921353,6588
2005-12-07,543.0117797851562,549.5530180879166,535.7536869562089,549.5530180879166,9175
2005-12-08,537.515869140625,566.9066089516558,535.2458605065159,553.7644114838619,3979
2005-12-09,540.3236694335938,546.0883312373859,535.2460008982864,539.4276102803042,3500
2005-12-12,541.9365234375,543.6091597137026,538.2328053868638,543.6091597137026,6400
2005-12-13,541.3092651367188,551.6438051430952,540.0248992985621,546.5959987369296,5061
2005-12-14,539.0094604492188,548.3882205326111,537.6355103260893,548.3882205326111,3185
2005-12-15,536.7393188476562,545.6999084778341,532.2888853725213,532.5278490136192,3938
2005-12-16,535.63427734375,543.0118160356262,532.8863408867087,532.8863408867087,2566
2005-12-19,553.525634765625,582.0203252802983,549.6128501267981,563.9199363115979,32316
2005-12-20,569.8936157226562,571.0883612482803,546.5960779729879,560.3356515176641,44460
2005-12-21,561.082275390625,590.8015654632186,556.1539509062251,578.2567395029279,50165
2005-12-22,559.3201904296875,572.880561374817,556.5722899125004,569.8936971340725,28667
2005-12-23,584.9473266601562,591.3392215311815,564.5171740224356,567.5040373770516,30150
2005-12-26,594.1768798828125,626.315493298835,570.4910333887118,590.8017089229696,40123
2005-12-27,610.1266479492188,613.9797459668939,582.438435374922,591.3990266883824,42841
2005-12-28,611.172119140625,615.294006193598,603.3465497626544,610.5150236212205,18976
2005-12-29,594.2963256835938,612.3071304966459,591.3990821382239,612.3071304966459,13456
2005-12-30,607.2891845703125,614.0992491943131,594.9833192583034,597.3728105003046,16880
2006-01-02,614.3978881835938,625.4492843249612,609.917592450607,625.4492843249612,30645
2006-01-03,679.4816284179688,715.5331334432266,613.5018351060689,613.5018351060689,159977
2006-01-04,674.5831909179688,704.8401358719748,671.4469839201213,675.0312204890898,97658
2006-01-05,682.7074584960938,686.978688403945,658.3047953227368,679.8102151336429,32669
2006-01-06,674.224853515625,686.6203396342845,672.0444281200935,686.6203396342845,12581
2006-01-09,664.3082275390625,703.9737097547473,660.694094148419,703.9737097547473,17226
2006-01-10,657.6775512695312,698.9261720446941,651.6739984163967,671.4470234002018,13907
2006-01-12,642.7432250976562,655.9153243034918,635.0669993201133,635.0669993201133,10211
2006-01-13,642.8031005859375,653.5259143446592,640.3837113139622,648.1495585593741,9802
2006-01-16,633.215087890625,654.1231332455042,627.3608060226687,642.7730514814268,6691
2006-01-17,635.0669555664062,645.1625696197517,612.3070683891161,612.3070683891161,82932
2006-01-18,629.2424926757812,639.1887622995968,614.09910994765,638.5913896245505,8096
2006-01-19,649.7323608398438,669.0573509917868,630.8255023636848,630.8255023636848,9249
2006-01-20,651.5543823242188,669.0574318070459,648.1493870630757,657.1099776676343,11067
2006-01-23,640.950927734375,680.3476960389562,622.1934856784674,622.1934856784674,9292
2006-01-24,638.5317993164062,663.0838067664342,627.2713366416516,645.1626227997738,16120
2006-01-25,636.6798095703125,650.9271329130046,633.2150189771338,642.1756088683196,4842
2006-01-27,656.423095703125,670.7302182123376,642.1757688119204,656.184131995549,25092
2006-01-30,645.1924438476562,694.7444824515103,639.1888187645022,681.0049097117127,33328
2006-01-31,641.6976318359375,651.136148291686,639.1886960294532,639.2185938286935,12914
2006-02-01,639.8161010742188,657.1100126942633,639.1888305298744,639.1888305298744,10022
2006-02-02,644.4755859375,648.1494429866511,637.9941060919294,639.1888516089555,14514
2006-02-03,639.3382568359375,642.1757777142096,636.2020495494263,639.188913631818,8251
2006-02-06,646.7456665039062,686.918986682721,634.4696264851325,668.4004301690667,58973
2006-02-07,641.8770141601562,661.2916283623015,637.9940913197271,651.7336644473992,7613
2006-02-08,638.322509765625,648.7466322852343,636.2018079040281,641.8768475050499,13808
2006-02-10,664.9356079101562,672.0443583741431,638.3525199566901,638.3525199566901,31118
2006-02-13,684.6190795898438,686.9786728191962,664.8758807371872,664.8758807371872,38419
2006-02-14,672.3131103515625,698.9260946630937,666.0705944866236,686.3812673229869,18191
2006-02-15,672.7611694335938,675.0312150776679,670.5509194023736,675.0312150776679,17192
2006-02-16,629.8399047851562,686.9188966281432,624.2544845080631,678.3167149845987,61382
2006-02-17,618.8780517578125,648.149310962574,612.9342231899212,645.7598204152465,39030
2006-02-20,605.258056640625,624.254502140899,577.0919178688242,624.254502140899,28976
2006-02-21,598.089599609375,624.2545185492434,581.0047172252682,592.5937630630137,11498
2006-02-22,593.9677124023438,617.5937971487328,591.9963896381787,600.9569808032369,14321
2006-02-23,591.2197875976562,608.1254282621077,587.6355512817695,603.3464465075921,10726
2006-02-24,595.55078125,602.6893930346464,579.4515780521756,597.2532790342078,29239
2006-02-27,619.0274658203125,639.1887946226628,600.3595687810993,606.3332958336475,64305
2006-02-28,602.4505004882812,633.2152013064731,596.1780857583586,624.2546088351551,24950
2006-03-01,617.0263061523438,621.2676379424635,600.6582787991798,606.3333197226927,15274
2006-03-02,621.4766845703125,628.436091229535,618.8781278648272,628.436091229535,17196
2006-03-03,628.7349243164062,632.0204749897937,624.2546279436052,632.0204749897937,17842
2006-03-06,661.1721801757812,664.8161393185763,630.8256157061736,636.2019703854876,25699
2006-03-07,646.2676391601562,697.7014139065428,638.5615167667355,697.7014139065428,13421
2006-03-08,638.2926635742188,660.694137494699,633.2149961522432,656.5125290295427,10567
2006-03-09,632.3787841796875,645.162575727472,624.2545292918595,639.18884817444,5402
2006-03-10,623.0000610351562,671.4469769016848,618.2808016843807,651.1363032231641,10502
2006-03-13,618.0717163085938,650.5389099480607,615.2939185000023,650.5389099480607,86140
2006-03-14,614.7561645507812,627.0919240569857,609.9174607879804,621.26754086141,9849
2006-03-16,613.2030029296875,633.2149859770763,609.3798035244012,633.2149859770763,6538
2006-03-17,607.2294311523438,618.2808275874823,602.1517625199829,618.2808275874823,11097
2006-03-20,607.1099853515625,615.2940002194455,602.9283756413333,609.3202720619752,10352
2006-03-21,607.0501098632812,612.2770842247254,603.3463920457053,603.3463920457053,11558
2006-03-22,598.5673828125,624.2544062266094,597.3726375374252,609.3200902881737,6685
2006-03-23,601.8829956054688,616.4290460865078,596.7754651329661,615.2940231100652,11079
2006-03-24,607.528076171875,609.9175671302698,597.3727395986972,598.5674850778946,11465
2006-03-27,602.6893920898438,633.2151255385874,598.5675054619477,633.2151255385874,4660
2006-03-28,610.5746459960938,626.6439868396711,603.3464506273287,624.2544959460976,25544
2006-03-29,636.5604248046875,713.8604777307019,626.9427375551227,626.9427375551227,138689
2006-03-30,640.323974609375,657.1101371653929,630.5569430639875,648.7469172378333,43458
2006-03-31,689.1591186523438,701.9130128548136,628.7348476848437,640.3238941409556,66933
2006-04-03,703.16748046875,716.2499588553245,689.965556695496,707.2893672099284,65792
2006-04-04,711.142333984375,713.7409636850863,698.9260908807336,709.6787999712063,38834
2006-04-05,713.5020141601562,728.7947416967098,705.497204871979,710.87355952384,25343
2006-04-07,694.2069702148438,722.8211441416071,665.3240076757974,716.8474156776268,22309
2006-04-10,693.302978515625,717.0437701543066,669.7731409469935,707.4028455135765,8418
2006-04-12,672.002685546875,706.7401625503209,664.0489508357451,698.9671510731899,7660
2006-04-13,656.396240234375,674.8646491381904,645.3393207383946,673.3280975241923,10687
2006-04-17,645.5804443359375,674.8647388277582,631.1792981447113,656.3963274694897,13474
2006-04-18,640.3079833984375,667.6339616108893,637.5060752566072,651.364902979577,16872
2006-04-19,644.0137939453125,686.9158790763864,641.87468437379,686.9158790763864,11417
2006-04-20,648.3221435546875,660.4034588802456,639.4344145232244,660.4034588802456,12949
2006-04-21,636.511962890625,654.3476603367002,634.493408826989,648.3220819052948,7061
2006-04-24,640.4586791992188,655.5226237021902,632.6856691248022,655.5226237021902,16068
2006-04-25,638.9822998046875,653.172563422578,631.4804856705366,653.172563422578,6736
2006-04-26,635.7587280273438,644.6766130007426,624.2498886141635,625.4550042292487,46021
2006-04-27,622.1409301757812,656.7578464572568,617.6217466636085,656.7578464572568,13744
2006-04-28,619.4295043945312,626.6601989983584,603.16044153592,603.16044153592,20184
2006-05-02,624.280029296875,638.7112589813371,617.6217362791231,624.280029296875,8639
2006-05-03,625.9371948242188,630.0044607719146,623.6474453133721,624.2801605492316,28101
2006-05-04,625.3345336914062,632.6857096580455,623.6473423772163,632.6857096580455,5851
2006-05-05,624.4307861328125,656.7881161970795,623.6474314348415,647.74974762556,12985
2006-05-08,624.6114501953125,632.0831822174426,610.9936575486053,611.6263359332279,21735
2006-05-09,619.3088989257812,626.6299169108873,614.6089189473593,623.7075264679519,6256
2006-05-10,623.8882446289062,625.4548799062296,611.0236159286752,620.6344184040621,5174
2006-05-11,620.7247924804688,626.0574130977064,603.1602218583292,603.7627795225234,7706
2006-05-12,621.5685424804688,650.7021980777502,602.5578140261747,650.7021980777502,14975
2006-05-15,612.3795166015625,618.5858549085793,608.5834096197725,614.6089879328396,24503
2006-05-16,599.9065551757812,609.7885182054094,579.088189701187,609.7885182054094,11065
2006-05-17,607.2277221679688,614.5488153450824,602.5578984549429,605.5706879472176,18845
2006-05-18,594.9052734375,608.5833420448403,588.6989358196129,608.5833420448403,7174
2006-05-19,555.3173217773438,601.955315919858,551.4006955976851,593.5195056867469,8866
2006-05-22,542.4226684570312,567.0070252128348,524.8279691396166,567.0070252128348,14919
2006-05-23,532.9624633789062,566.4044268809179,500.1230577778317,566.4044268809179,60431
2006-05-24,538.8373413085938,593.5194645669162,536.909148890599,586.8913284143923,9698
2006-05-25,532.9924926757812,539.2892290180823,498.0742609386658,512.1741281177318,8627
2006-05-26,538.1444091796875,548.2975311704988,527.2381266423146,542.3020731178093,17629
2006-05-29,541.0367431640625,584.4811522436588,527.8407106860259,584.4811522436588,15258
2006-05-30,538.6566162109375,545.9174312020563,537.5418620831039,545.3148733309723,5265
2006-05-31,529.6784057617188,540.9462435310058,515.186898600958,515.2471396676889,47896
2006-06-01,518.2901000976562,533.2335260010552,512.7766815836115,527.2380686082962,2003
2006-06-02,510.75811767578125,516.3920182161476,494.79033648239977,506.14853594114817,11048
2006-06-05,497.77301025390625,513.3792728120103,491.23527248825286,513.3792728120103,13987
2006-06-06,486.83648681640625,494.0671790046996,485.05893429801034,494.0671790046996,9534
2006-06-07,460.41448974609375,485.05912326641703,445.9229791952547,474.2130807585965,38647
2006-06-08,425.04425048828125,469.9950438139651,421.3385056242501,451.9183113595818,22269
2006-06-09,434.8057861328125,436.8544977988943,397.71835301994986,421.7905495989324,19514
2006-06-12,434.9261779785156,450.71319843419195,413.35461781531507,439.86715889967934,16164
2006-06-13,408.5643005371094,448.84531070551714,394.67535088801856,434.4140443366891,8270
2006-06-14,414.1982727050781,421.73024568286024,406.7265408002336,406.7265408002336,38624
2006-06-15,440.1383361816406,451.5869339606779,415.1623089345624,431.4012484029017,6131
2006-06-16,469.1214904785156,476.02078644766294,448.9659194437372,455.53381589168754,61587
2006-06-19,463.1259765625,482.0463088976174,451.91841459151635,451.91841459151635,56995
2006-06-20,474.3334045410156,482.0461353511944,458.0643474729128,466.9821936214696,6443
2006-06-21,471.9232482910156,482.01609084166796,468.880338937156,482.01609084166796,17124
2006-06-22,471.56182861328125,491.0847205586472,468.72983572017756,489.87960467997567,5254
2006-06-23,463.4573974609375,471.74256812051397,460.9868881433902,469.9951355977906,3213
2006-06-26,458.99835205078125,470.2963095183916,454.9310873624416,465.17456879974156,2957
2006-06-27,458.9081115722656,482.0463511377656,439.8672954132111,482.0463511377656,3455
2006-06-28,462.3426818847656,485.0591226878251,441.1025153322863,469.9951747782653,92172
2006-06-29,447.9717102050781,469.99519567249297,427.6655001648101,469.93495458906324,50075
2006-06-30,466.8015441894531,471.92328559011025,457.97405753508343,457.97405753508343,24411
2006-07-03,463.4573974609375,486.866755850019,459.14909400707234,486.866755850019,9175
2006-07-04,455.7748107910156,466.9823730329195,452.5209834164162,463.96958352948127,8569
2006-07-05,454.81060791015625,463.9694935804324,451.9183379030186,454.93112682237205,9711
2006-07-06,454.8407897949219,462.7644404324833,451.91839885984695,451.91839885984695,5528
2006-07-07,448.3030700683594,471.2002698836788,442.45825118111117,471.2002698836788,9596
2006-07-10,445.5312805175781,454.93116808771106,443.48256915570244,445.8928005098095,2848
2006-07-11,446.0434875488281,450.71331129553994,445.89284807312777,445.89284807312777,4672
2006-07-12,443.21136474609375,445.2901964285699,435.07683477074096,435.07683477074096,3587
2006-07-13,451.70758056640625,453.6960144399671,443.5428909467494,444.0852078110017,10486
2006-07-14,445.7120361328125,451.3158166205898,443.1812858804323,448.9055852901728,2891
2006-07-17,437.24609375,450.08056787121086,436.2518586430371,450.08056787121086,3608
2006-07-18,436.2518310546875,442.8197255424991,433.93199832142636,434.74543661043793,12077
2006-07-19,431.43133544921875,439.86714368425936,427.81598906277276,439.86714368425936,27200
2006-07-20,431.82305908203125,437.96911917758155,429.6538289507701,432.63649739549845,31037
2006-07-21,421.5193786621094,431.82314099132253,418.7777475265514,431.82314099132253,5184
2006-07-24,409.7995910644531,424.80329667933194,406.72656065042423,421.79050734118067,7145
2006-07-25,409.28741455078125,419.9828162560096,407.35922209918493,419.9225751826396,14696
2006-07-26,411.3361511230469,418.7777262234703,407.38936759082407,418.7777262234703,15059
2006-07-27,405.1297302246094,419.62127502631154,403.7137340771631,416.5783286536633,20833
2006-07-28,410.6431884765625,415.10213142622507,403.71377297035497,409.739351671405,38458
2006-07-31,420.88665771484375,421.7904944887482,413.4149256730152,415.16235814678214,7550
2006-08-01,420.67572021484375,424.8032262125508,416.0661385812288,418.777648535777,6359
2006-08-02,421.0673828125,424.8032485237536,416.9699971325354,421.79045952713125,14790
2006-08-03,430.3166809082031,453.7260374523295,427.81605124987243,433.54035052715943,47322
2006-08-04,422.4833984375,433.8415977795965,421.7904422857188,433.2390400049026,13462
2006-08-07,426.43011474609375,430.8287788389384,418.7776241861009,424.80320151251965,20160
2006-08-08,424.4416809082031,430.76853709087186,421.1878544462342,430.76853709087186,17731
2006-08-09,429.5635681152344,444.0550791485894,422.3931139520934,422.3931139520934,18941
2006-08-10,430.19622802734375,439.264717234842,426.00844318934605,432.63658021209403,11741
2006-08-11,431.82305908203125,436.25184417039117,418.7776680917429,433.20893465696497,13046
2006-08-14,439.7165222167969,442.2773926784912,430.7986747879853,430.7986747879853,26846
2006-08-16,445.29022216796875,450.71324246500757,442.2774331140582,442.87999092484034,30717
2006-08-17,446.1639404296875,450.71324456686557,442.27743517657666,450.71324456686557,66907
2006-08-18,482.5284423828125,496.50779543496964,447.09803909314013,447.09803909314013,267021
2006-08-21,486.5352783203125,501.93062197502945,482.79941279410843,489.72882714310344,68532
2006-08-22,497.3815002441406,499.5205737533822,488.07197194238796,491.41616143173417,57414
2006-08-23,492.3499450683594,500.1229551055824,483.2513373429844,499.52039732834675,96409
2006-08-24,503.6479797363281,515.1869776303973,488.071873544587,493.3442548946057,60024
2006-08-25,512.8370361328125,523.6228377196272,510.969121273008,510.969121273008,32756
2006-08-28,510.90875244140625,518.0791679019045,509.1613201819696,518.0791679019045,10463
2006-08-29,507.6549072265625,515.1868791438706,503.19596514063346,515.1868791438706,10937
2006-08-30,499.8217468261719,511.8126629979865,497.83331323583235,511.57162514215787,9042
2006-08-31,494.0071716308594,510.6076742900773,491.6873379945925,510.6076742900773,10523
2006-09-01,510.2759704589844,513.3490367767868,491.68708023689004,494.7902670840703,16245
2006-09-04,538.2951049804688,539.2893402627898,512.2043543097906,536.6380706947451,50246
2006-09-05,535.8245239257812,542.241779209968,535.0713266753936,541.699462478805,20437
2006-09-06,537.9334716796875,554.3531715993419,531.5162164497461,537.541794401913,17406
2006-09-07,540.0422973632812,543.3864849873293,530.2808560136596,536.2763120260198,12907
2006-09-08,554.7750854492188,558.5711929976429,542.241888042687,542.241888042687,20510
2006-09-11,541.006591796875,572.399880220674,530.9137470466327,566.4044218046394,42737
2006-09-12,535.3726806640625,540.3437832138413,527.2381492189699,539.2893069154035,17667
2006-09-13,544.7423095703125,559.7761323201428,542.3019581142395,542.3019581142395,89249
2006-09-14,544.89306640625,548.9904525060539,542.3321954967208,546.4898594489594,8103
2006-09-15,542.03076171875,545.9172661677691,533.4443146515417,545.9172661677691,7554
2006-09-18,545.6160888671875,590.2354866808404,542.3020209613129,555.5582925848116,15492
2006-09-19,548.11669921875,557.3659464297001,542.3622429987091,542.3622429987091,23431
2006-09-20,549.2916259765625,552.5454525124912,539.2891821141545,539.2891821141545,5556
2006-09-21,558.6915893554688,560.9813015983877,549.5327036065839,552.5454925517955,24207
2006-09-22,564.08447265625,566.404305366282,551.6717604936005,551.9429188462918,18651
2006-09-25,571.9478149414062,580.2631044092756,566.4042763704248,572.4298537786208,23484
2006-09-26,560.7704467773438,571.9478869207818,554.353191319124,567.6094632854509,17433
2006-09-27,554.8352661132812,578.4555414096164,551.3404379060407,568.8146157194562,34710
2006-09-28,555.1668090820312,571.797432262691,551.9732589771158,554.4437688901428,30310
2006-09-29,554.9859619140625,562.4878153336775,553.1180470828663,559.7763047080733,21564
2006-10-03,542.5430908203125,563.6928561754439,540.4943794648565,557.3659988907383,24447
2006-10-04,535.4027099609375,548.3275817431828,531.4559638433925,548.3275817431828,11553
2006-10-05,536.3970947265625,541.9406352249115,530.4317563075488,536.8791337313714,37055
2006-10-06,535.9752197265625,545.1039860719137,533.8662672037485,544.9533466059984,4912
2006-10-09,537.150146484375,542.3020082068988,531.4559680427609,535.6437520171337,5577
2006-10-10,536.3367919921875,542.3021301345544,533.8964397620255,539.2893405226957,8749
2006-10-11,533.6251831054688,542.3020303011715,530.2508740722566,542.3020303011715,6908
2006-10-12,532.5104370117188,535.0713075716054,530.4617258529262,533.2636342352148,12896
2006-10-13,530.431640625,535.6739010048996,527.8406493591586,535.6739010048996,15400
2006-10-16,531.0341186523438,535.6738205161928,529.6482432325461,535.6738205161928,28216
2006-10-17,524.2554321289062,535.643789815774,513.3792706633699,513.3792706633699,9841
2006-10-18,525.4906616210938,531.4258782314748,522.4176314411478,524.2253049063421,12632
2006-10-19,523.6529541015625,531.4259659964955,523.0202756396998,531.4259659964955,5271
2006-10-20,520.5195922851562,530.2207958906822,519.4048749558231,530.2207958906822,4871
2006-10-23,518.3804321289062,534.4687316315429,517.0246771726819,534.4687316315429,5094
2006-10-26,515.8195190429688,523.622648724044,512.1740522617231,512.1740522617231,4331
2006-10-27,518.7420043945312,521.212476566797,514.8856199148302,518.1996876849081,15944
2006-10-30,513.56005859375,523.0202243856614,510.9690671417522,523.0202243856614,14911
2006-10-31,517.5669555664062,521.2124223790502,511.66189732726366,513.4394131610127,14417
2006-11-01,516.2112426757812,518.6817147920414,506.47992009700585,518.6817147920414,3208
2006-11-02,506.9319763183594,518.1998169017835,506.0884172874077,518.1998169017835,56747
2006-11-03,504.94342041015625,515.18690268578,504.3408626292372,515.18690268578,62632
2006-11-06,496.0256652832031,511.571651580015,488.0718937335832,506.2088716169945,35249
2006-11-07,498.9479675292969,501.9005153926895,494.0973847056164,501.8703948588199,9470
2006-11-08,490.6026306152344,500.0627966358439,487.4994428390233,494.09745894501236,6124
2006-11-09,495.6942443847656,504.34093507206916,487.4693147829199,494.0974513250857,17101
2006-11-10,495.4231262207031,504.31085548762434,494.0974914491767,494.7602904463316,4109
2006-11-13,499.1590270996094,509.76403244912916,494.398804520698,500.1231051214861,110153
2006-11-14,496.1763610839844,500.1231083790013,494.03728767467464,499.5205504170989,7514
2006-11-15,485.0589599609375,497.11011424568125,482.0461713897515,497.11011424568125,14975
2006-11-16,474.48431396484375,492.28989586625084,471.86316454597886,492.28989586625084,17361
2006-11-17,473.5501708984375,479.0334319494919,471.5014597490282,479.0334319494919,5096
2006-11-20,474.1225280761719,479.0333882133923,452.5208484883744,479.0333882133923,4748
2006-11-21,472.0136413574219,480.3289684797611,468.8502128843784,474.8155498587157,7270
2006-11-22,465.7469787597656,476.0205801273261,464.8732627445976,476.0205801273261,6997
2006-11-23,481.44378662109375,497.11029281902677,465.1747224924711,472.40541766074784,19715
2006-11-24,471.1399841308594,479.03347702887834,468.9105127942764,476.6232456979154,11092
2006-11-27,464.51177978515625,476.02061799024034,459.9323188622176,471.20015603590883,18783
2006-11-28,456.58819580078125,464.57208705034947,451.9183726170715,464.57208705034947,19022
2006-11-29,474.4238586425781,479.0334404216701,456.7388023139949,456.7388023139949,77623
2006-11-30,467.04266357421875,490.4520625614334,464.5721906306504,473.6105600981728,24951
2006-12-01,472.88726806640625,478.430806173479,468.7898831271621,468.7898831271621,4868
2006-12-04,468.45867919921875,476.0207740132257,466.9824048863923,469.9951945953368,9437
2006-12-05,467.34381103515625,473.0078690183617,439.26463250240215,466.98229106908326,41444
2006-12-06,460.92657470703125,469.9950618135041,459.14902192550016,469.9950618135041,9837
2006-12-07,454.2080993652344,463.9695438775819,452.85234420455316,463.33686549137315,10255
2006-12-08,456.91973876953125,459.45048980653314,453.1838716936926,453.1838716936926,11590
2006-12-11,447.12799072265625,455.53367906076676,443.72356135155604,455.53367906076676,8293
2006-12-12,429.6537780761719,449.9599807461705,426.61086892305156,449.9599807461705,10257
2006-12-13,437.03515625,439.86718520884114,427.2134716617375,439.86718520884114,8613
2006-12-14,454.56964111328125,459.1490659048599,439.8672153681729,439.8672153681729,10563
2006-12-15,452.189453125,466.9822379524395,449.5381844180009,466.9822379524395,22746
2006-12-18,457.8835754394531,459.1489318004639,452.58103866881595,454.9310282274938,34249
2006-12-19,459.75164794921875,460.956763671235,445.89281714603123,445.89281714603123,8159
2006-12-20,461.1375427246094,463.9695721437871,456.3170796374012,456.3170796374012,65636
2006-12-21,466.1086730957031,466.9823894378367,457.94402061000756,460.95681021928397,32167
2006-12-22,461.04730224609375,465.7773681823338,460.95690382857094,461.5594618727913,8244
2006-12-26,470.47711181640625,474.8155352297851,461.58938447549343,462.7643795132931,7342
2006-12-27,466.1386413574219,473.0078141334262,461.25793849571687,466.9822368833189,8501
2006-12-28,459.3901062011719,468.18743584463954,457.94395269231154,468.18743584463954,6137
2006-12-29,459.75164794921875,469.9348905111417,456.1363007831698,469.9348905111417,7969
2007-01-02,464.0899353027344,469.9949932470647,461.01686904979755,469.9949932470647,5678
2007-01-03,498.58660888671875,518.1998638188364,463.9997660558291,468.6695904100105,68389
2007-01-04,507.4742431640625,521.8151130494713,502.62365968804073,502.62365968804073,106678
2007-01-05,506.5101623535156,521.2125900079798,503.13585278226947,512.1742213951246,28693
2007-01-08,505.9979248046875,512.1741424042684,503.1357751853696,506.14856425833585,19415
2007-01-09,499.94219970703125,510.3664419932462,494.69993964162353,494.69993964162353,20348
2007-01-10,486.65594482421875,504.34100601109174,482.0463617788213,500.12310034552706,26749
2007-01-11,491.2955322265625,494.69999881724965,486.2641888495986,490.421852758826,22606
2007-01-12,498.8576965332031,501.3281691945498,491.6872428638854,494.0070760513154,52710
2007-01-15,503.46722412109375,505.5460561412413,498.3153616553118,500.72559315062165,7998
2007-01-16,509.2215576171875,518.1996831169574,501.0569071746816,505.5459699245666,12528
2007-01-17,520.7906494140625,531.4559288102537,515.1868697650418,517.9586206692696,61409
2007-01-18,545.7064819335938,556.1608449694268,520.6099350526379,520.790695035756,99768
2007-01-19,542.302001953125,555.2569942220052,536.9392230007053,555.2569942220052,106887
2007-01-22,524.4362182617188,549.412248891378,513.3792962516902,549.412248891378,31193
2007-01-23,516.2413940429688,525.4304004732637,514.5843600965221,525.4304004732637,12721
2007-01-24,501.5088195800781,521.2124658166821,499.5203863144849,521.2124658166821,10520
2007-01-25,506.6006774902344,510.9391027795832,503.0154497588551,503.0154497588551,9001
2007-01-29,491.8076171875,511.5112619375848,472.40525129666054,482.6487325110014,44316
2007-01-31,477.2861022949219,499.5205037215188,473.0681969558982,474.81562959295155,22789
2007-02-01,465.1444091796875,484.21533771604436,462.1918618320571,484.21533771604436,20737
2007-02-02,471.53155517578125,482.0461951632202,466.9822515643696,470.95911796358376,27905
2007-02-05,480.6603088378906,483.1910586607082,473.61037603761486,478.25007791657964,10611
2007-02-06,467.5246887207031,480.8412035827219,464.0298234834172,464.0298234834172,11328
2007-02-07,481.9256896972656,484.4564396478825,469.99505338973677,473.00784219351715,28556
2007-02-08,475.50848388671875,488.07179881192013,469.99506552258975,488.07179881192013,13072
2007-02-09,473.06817626953125,481.86554337256104,466.9823564002333,481.8052655183098,4810
2007-02-12,453.45489501953125,468.789999399016,450.5325042071702,468.789999399016,11660
2007-02-13,448.6946105957031,459.69128873294613,446.52538078723984,454.5092703937313,8492
2007-02-14,447.6402282714844,466.3797621428244,441.0723331893378,466.3797621428244,6654
2007-02-15,459.8118896484375,461.5593221586178,453.1235120930556,461.5593221586178,4217
2007-02-19,462.10162353515625,465.7470911221925,455.5337283493927,458.5465175580527,5282
2007-02-20,456.9497375488281,462.16187773877516,451.9183941383069,457.9439727268176,14928
2007-02-21,445.95306396484375,456.9497450698729,444.0851492825462,454.9311909203832,6998
2007-02-22,446.88702392578125,454.87091507672494,445.8927888074209,454.87091507672494,3380
2007-02-23,446.9772644042969,453.72591754527093,439.9273324336114,439.9273324336114,9353
2007-02-26,446.4049072265625,451.1350077665442,439.86717016175373,445.8927478352024,10901
2007-02-27,445.5914306640625,451.88816614721054,442.8799209439972,446.40486886920036,10044
2007-02-28,442.3076171875,448.9056335188238,412.2098428598888,421.79052813849216,5443
2007-03-01,433.3896484375,448.75487059273985,430.22622034671537,444.68760590458817,5663
2007-03-02,429.4429626464844,442.1569178481033,426.64105409232343,437.45697424062956,8480
2007-03-05,423.959716796875,435.01667614741007,421.79052310323004,435.01667614741007,10394
2007-03-06,422.66412353515625,436.8543506027423,421.1878497535405,433.2390042529265,8715
2007-03-07,420.3744812011719,436.79418192769714,417.57257260484374,436.79418192769714,8780
2007-03-08,429.4429626464844,431.4313960830451,421.79047103091006,421.79047103091006,5753
2007-03-09,438.71380615234375,445.4958106388324,436.78499869896694,445.4958106388324,5541
2007-03-12,440.5491943359375,442.3846939807292,438.6825922516306,441.76249328596026,2809
2007-03-13,440.6114501953125,449.85111559488485,439.33590835249646,444.8735098898239,7900
2007-03-14,437.1271057128906,441.57585602561096,431.8072971828785,440.5181072125042,1914
2007-03-15,436.5671691894531,441.14032948805624,429.3185152986725,440.5181287412466,6085
2007-03-16,437.4693298339844,451.0955413777747,432.46062141804816,451.0955413777747,25928
2007-03-19,456.5086975097656,466.65056213153366,444.90463834098017,447.9845396462723,32327
2007-03-20,457.50421142578125,463.53956639555145,454.82875575187666,461.672964114764,20314
2007-03-21,452.55767822265625,462.20178937671295,451.74882488237836,459.18413107701986,23452
2007-03-22,451.562255859375,459.1220111926999,451.0956052332716,458.84201322181286,15284
2007-03-23,467.1171569824219,469.7615098524522,454.23759540846265,460.4284997229333,36778
2007-03-26,483.7921142578125,491.47631517335697,471.0992436143744,478.47230622465975,52283
2007-03-28,498.5071716308594,502.11592782920457,484.1032112988448,484.1032112988448,132421
2007-03-29,496.5784606933594,503.9826656633071,490.294247583563,503.92046077157624,43465
2007-03-30,499.191650390625,507.0936074516601,466.6816614466382,466.6816614466382,7812
2007-04-02,482.29901123046875,497.1384865328962,479.0946616149312,479.7168624741714,5491
2007-04-03,491.8807373046875,493.4051365576233,482.8588274937347,488.4275311446838,5925
2007-04-04,507.56024169921875,510.2045947819299,471.00594908526944,471.00594908526944,16297
2007-04-05,516.4888305664062,517.6710271891372,503.98261060480905,504.2937109817256,18197
2007-04-09,516.4888305664062,522.5864283348668,514.5600234199717,517.6710271891372,9287
2007-04-10,512.8178100585938,520.1597705161099,506.5335603803253,516.4265664214967,13560
2007-04-11,515.02685546875,518.2934105774312,511.4491998735276,516.36460275133,4190
2007-04-12,512.569091796875,515.8045440593003,499.7828709476875,510.2047359814551,26842
2007-04-13,516.239990234375,517.639941977099,510.20463512607404,513.3156389987939,11050
2007-04-16,522.9286499023438,528.8706597192594,505.22703022592776,525.7596558385578,10352
2007-04-17,522.0264282226562,524.8574340343608,515.8044207349011,516.4266214836766,8374
2007-04-18,510.51568603515625,523.8930013913487,508.33798353531097,517.1421388322755,3952
2007-04-19,535.6837158203125,544.4256283140169,510.2045888199929,512.6622892516056,32393
2007-04-20,524.8573608398438,541.2523710693677,522.6796585228232,538.203572635093,13580
2007-04-23,521.0932006835938,528.8085062483442,512.6934893889926,528.8085062483442,7885
2007-04-24,519.9420776367188,522.6486357384878,516.4266281701724,516.4266281701724,5433
2007-04-25,516.3954467773438,522.6485558322568,513.0044455758282,522.6485558322568,4598
2007-04-26,522.2130737304688,525.7596255453476,516.4266144409924,517.0488151812827,9494
2007-04-27,529.9283447265625,532.6038001460917,516.4265819173553,516.4265819173553,12388
2007-04-30,531.3595581054688,532.6039598808915,518.0133414688353,522.6487456775103,8882
2007-05-03,546.3855590820312,548.1588158839446,531.981597708028,531.981597708028,14880
2007-05-04,546.852294921875,550.27439930067,542.5590942380287,546.8833973664576,4958
2007-05-07,537.8614501953125,553.0120233874338,535.7148499955766,547.5366643392653,2911
2007-05-08,537.8302612304688,541.936770361939,522.6485500620308,522.6485500620308,10737
2007-05-09,528.9951171875,538.8258820358864,524.0175108869375,529.4928702223318,3739
2007-05-10,522.6797485351562,533.8482599367496,519.5376422461375,528.8706537834931,4979
2007-05-11,526.1951293945312,528.870584757493,511.2000700292667,514.5599689346432,5734
2007-05-14,521.9642944335938,528.2174052152833,513.3156876571625,525.7908067740902,5040
2007-05-15,516.0843505859375,524.0485115244189,507.4046436903101,508.3379446903536,2002
2007-05-16,518.9154052734375,521.4042081764276,513.9377994674572,514.8711005560785,9916
2007-05-17,521.6219482421875,527.2839974693645,517.6709889377371,517.6709889377371,3180
2007-05-18,519.4754028320312,525.292964446529,513.4400481771316,525.292964446529,13031
2007-05-21,513.3156127929688,527.5328845750292,512.3823116787997,527.3151295055043,6604
2007-05-22,516.4578247070312,547.5989706648784,511.449115297217,525.759735311616,18203
2007-05-23,522.7731323242188,525.7596886407997,513.3156723416092,514.5600739715283,44998
2007-05-24,515.7423095703125,525.7597282554991,513.6579138974696,522.6487239462949,11329
2007-05-25,517.950927734375,519.5375317630995,512.0711241209951,516.4265285788894,3812
2007-05-28,537.1459350585938,539.4480855795905,516.52000163093,516.52000163093,12142
2007-05-29,530.9860229492188,553.7585503929093,528.2483250377303,536.9591336955963,14473
2007-05-30,529.243896484375,534.9059455999778,521.4041829102993,527.6261898662694,7338
2007-05-31,539.8837280273438,544.4257869979292,528.8707645122741,534.47057260711,8903
2007-06-01,538.1103515625,547.5367089583112,532.6038896230846,547.5367089583112,9400
2007-06-04,529.9283447265625,543.8034127659861,528.8705959394601,535.0926029505126,4615
2007-06-05,526.1951293945312,534.4703909490429,524.515179941843,534.4703909490429,1844
2007-06-06,523.2086181640625,528.279531416249,516.5510626418346,522.7108271904938,2318
2007-06-07,523.42626953125,531.9815280228455,513.3155094957281,520.781916906575,4554
2007-06-08,525.85302734375,528.8706860679234,517.1422160438077,522.6486779965361,7057
2007-06-11,527.6883544921875,531.9815541547592,522.6485444327459,527.6261496178197,3358
2007-06-12,529.4617309570312,535.0615376557283,520.7820229788268,527.6262311661233,22938
2007-06-13,529.5238037109375,531.2970981753799,522.6484947972199,522.6484947972199,2001
2007-06-14,524.7642211914062,530.7373342646611,523.8931247958319,530.7373342646611,3381
2007-06-15,515.9598999023438,528.7461159344866,513.3777519598993,522.7107619068818,4964
2007-06-18,514.2489013671875,522.0264104622751,513.315600275777,521.404209734668,2938
2007-06-19,510.2357177734375,522.6175278969217,508.9602138303336,514.5600205839681,149823
2007-06-20,510.20458984375,520.6264518923875,507.0935862471418,520.4709017125572,16608
2007-06-21,503.0804138183594,516.4266276337571,500.87160872912585,515.1822261213866,29027
2007-06-22,499.28509521484375,510.08026510782526,497.91624570702163,503.98270418330213,10063
2007-06-25,503.85809326171875,508.8979414572929,499.62713631529294,508.8979414572929,73301
2007-06-26,504.4492492675781,553.7586578453833,501.83599856791534,509.58240536558304,126169
2007-06-27,504.0137634277344,516.1155768946912,502.3338136292357,516.1155768946912,7590
2007-06-28,513.0045776367188,522.4931401703269,502.4271636648276,510.2046739382769,64601
2007-06-29,500.8714294433594,522.2129001461594,498.0715270427444,515.1820417131697,22222
2007-07-02,509.1779479980469,516.4266016331035,507.4046911226456,512.6933972839485,25524
2007-07-03,513.6578369140625,517.048838698101,507.0936264006647,512.6934333179726,19065
2007-07-04,509.02239990234375,516.4266037489508,507.15579772011864,516.4266037489508,118342
2007-07-05,501.99169921875,514.4979606099823,500.87174514780713,510.20475903254885,106898
2007-07-06,501.0271911621094,509.0846990684787,497.2006410748618,509.0846990684787,25381
2007-07-09,502.7382507324219,508.9602587860409,499.9694495533367,508.9602587860409,8663
2007-07-10,501.86712646484375,503.9826242757088,500.03166457214405,502.7382227342873,5872
2007-07-11,504.0137634277344,507.71586587832195,499.6583577155429,502.11605853407576,3256
2007-07-12,501.9292907714844,505.78694254136076,500.8715420315983,500.8715420315983,5410
2007-07-13,499.689453125,505.1026077434402,492.19194099266747,504.07599919712516,9799
2007-07-16,503.7336730957031,506.4713713746616,499.03606539132124,500.2493643553169,7005
2007-07-17,503.04931640625,504.1381677404627,498.631706183607,504.1381677404627,17549
2007-07-18,503.64044189453125,505.0714961300416,494.6496327975153,499.6272391652891,19722
2007-07-19,503.0804138183594,507.09361629097833,499.6272072167553,503.36041175386686,10989
2007-07-20,503.3603515625,503.98255224428306,499.00494679001855,501.0270990058135,227910
2007-07-23,490.82305908203125,502.7693213847811,489.67200285534824,498.38281357958573,6896
2007-07-24,493.5605773925781,496.51602995181514,490.91622510273453,491.53842564152126,17529
2007-07-25,489.391845703125,493.80949249033904,486.5608407339738,491.53844524276127,5299
2007-07-26,487.30755615234375,497.1383188165726,486.0942572909229,488.4275097259193,4547
2007-07-27,481.02325439453125,491.5384594129224,462.91723266229656,491.5384594129224,3545
2007-07-30,476.5748291015625,482.20574014937057,469.76172104874166,469.76172104874166,100319
2007-07-31,477.8813171386719,481.5834194961733,475.9836122927294,480.9612186957906,2700
2007-08-01,462.5440673828125,490.9164072905236,460.428569575396,490.9164072905236,5233
2007-08-02,463.44622802734375,475.98358872472454,461.89072610340673,475.98358872472454,3968
2007-08-03,462.60614013671875,469.7614469444824,461.9839395447393,469.6992420757286,4721
2007-08-06,457.7843017578125,463.53965995184547,454.85994999913225,463.53965995184547,3351
2007-08-07,453.98883056640625,465.6861980538486,451.1577865351814,465.6861980538486,4175
2007-08-08,458.8108215332031,463.5395317674983,454.3620712392156,459.7752250443415,2890
2007-08-09,457.75299072265625,462.9172481266969,457.31744270580947,460.4284457174136,2486
2007-08-10,451.219970703125,459.1530299000717,449.82001908013444,452.526577027469,4076
2007-08-13,452.2776794433594,458.5307885433376,451.09548298715396,454.20648631809985,5584
2007-08-14,450.62884521484375,456.6641994425612,446.2734404285077,456.6641994425612,7853
2007-08-16,437.40716552734375,447.9845792029694,435.540563113998,447.9845792029694,10266
2007-08-17,443.56689453125,447.36230361346264,432.42948680299935,447.36230361346264,8486
2007-08-20,442.8203125,454.144374541293,441.76256355541744,446.74016990533767,2486
2007-08-21,437.967041015625,444.65569782429196,434.29604208833007,443.0068509554312,3129
2007-08-22,434.57611083984375,439.8959195274483,432.42951070944355,439.8959195274483,1778
2007-08-23,425.7408142089844,439.83367476564695,421.5409596296484,436.784876250942,2984
2007-08-24,429.3495788574219,434.91828263227154,421.47876290875945,423.09646951351164,1744
2007-08-27,428.540771484375,436.1627307594147,423.09651485934666,431.807325459392,8276
2007-08-28,419.6122741699219,431.80739580627676,418.7411777775566,429.31859237223483,15980
2007-08-29,422.6608581542969,424.96300795954875,415.6299989999686,419.98540318110605,9072
2007-08-30,425.77191162109375,432.3983639584838,423.71865700177074,426.20745968606894,17674
2007-08-31,428.322998046875,429.3185040251815,425.58529964235385,425.58529964235385,39654
2007-09-03,429.4429626464844,434.2961208718919,424.96310967836985,428.3230088984857,7859
2007-09-04,425.398681640625,432.42954287195175,423.71873193640164,431.807342090841,9066
2007-09-05,429.1629333496094,454.82871225598325,424.9630786194754,454.82871225598325,7174
2007-09-06,426.1141052246094,429.94065445981323,424.96304919833926,429.318453802129,6901
2007-09-07,426.5807800292969,429.1629280962924,425.02527829643606,429.1629280962924,5562
2007-09-10,423.68756103515625,427.45186755743305,421.85206143222655,427.45186755743305,5276
2007-09-11,417.96337890625,426.2075393387142,415.6301259536658,426.2075393387142,11078
2007-09-12,422.1010437011719,423.09654980437983,418.18114822649716,422.38100368411415,6874
2007-09-13,427.8563232421875,429.3184796854522,415.63006439113343,427.4518775998632,10841
2007-09-14,426.4874267578125,432.42943514187766,425.27412794168833,431.1850338896708,5130
2007-09-17,425.6475524902344,441.63812066051173,423.7187451988679,441.63812066051173,2438
2007-09-18,424.8386535644531,427.8252094923202,396.4040724264683,416.874491764768,7621
2007-09-19,421.3232727050781,428.0741359670162,419.9855258397325,425.5853328509289,15148
2007-09-20,412.861328125,426.8297435070063,410.6525229076154,426.207542714722,22788
2007-09-21,411.27471923828125,419.98553023576375,411.27471923828125,415.007923951488,11183
2007-09-24,414.7901306152344,419.89214620521363,413.7634842233306,416.8744878641075,159810
2007-09-25,423.1275939941406,435.54050601066837,416.87448432449685,419.3632872159864,62163
2007-09-26,445.9001770019531,466.6505565598674,426.8297090667587,429.318512035078,68789
2007-09-27,448.2645568847656,466.028381453073,419.985524006441,419.985524006441,26428
2007-09-28,447.2689514160156,454.2065043092681,442.41579362272887,451.095500855095,20710
2007-10-01,444.500244140625,451.09555709529394,439.49149757404933,451.09555709529394,22848
2007-10-03,435.0738220214844,449.2288873786367,429.2873633388386,442.4157823917293,17404
2007-10-04,436.6604309082031,438.6514806852601,427.91851892381226,435.0738267647775,27437
2007-10-05,435.66497802734375,438.0293333107858,428.07412119008615,436.78493179569836,93953
2007-10-08,425.55426025390625,438.6515799756859,423.71876023183273,438.02937915302533,7613
2007-10-09,424.403076171875,429.31847682158315,422.972022177693,424.96307198426274,11364
2007-10-10,436.349365234375,438.0293148039891,423.0964972538531,423.1275996951921,24844
2007-10-11,435.6339111328125,441.76257390427446,429.6607605873059,436.16276662943153,19578
2007-10-12,432.3050231933594,446.11788583105016,429.3184675361571,430.5939713299906,19197
2007-10-15,436.6916198730469,438.65156759957944,407.66597510053595,429.31855552299265,20174
2007-10-16,427.3274230957031,437.40708179342056,426.2074694573159,435.54047973740313,9018
2007-10-17,422.5676574707031,429.3185204643687,407.54149406400217,423.0965129214068,6778
2007-10-18,423.0343017578125,430.25181521007886,420.1721555448574,424.3409081319939,13472
2007-10-19,414.5722961425781,426.20745619149596,404.43043288244144,423.0342479854797,5563
2007-10-22,412.14581298828125,419.8610798956835,410.03031514005374,414.3857206119511,5204
2007-10-23,416.3456115722656,419.98547045913136,413.7634634893665,415.63006558029593,6567
2007-10-24,413.6080017089844,419.98556021596755,412.3324976028127,416.3457005512125,83237
2007-10-25,416.22119140625,428.6963086117005,412.5190894188061,416.25229384793556,12746
2007-10-26,415.3812561035156,420.60775823055826,411.89694666957035,416.2523524500643,31752
2007-10-29,431.2162170410156,436.7849212822165,416.8744975200642,416.9055999619687,45005
2007-10-30,426.4252624511719,437.4071207150487,417.49669701251446,431.1851133080067,21751
2007-10-31,429.5362548828125,434.2961056147395,426.2385986388412,429.3184998197281,10957
2007-11-01,425.5231018066406,435.54051854267436,424.3409052087199,435.54051854267436,5214
2007-11-02,424.1231384277344,425.7719475595852,419.98548842539236,424.6519938523412,5250
2007-11-05,424.1231384277344,425.58529493773096,419.3632877017992,424.1231384277344,15745
2007-11-06,423.25201416015625,475.0191185258682,419.3632598955462,424.34086535424706,18724
2007-11-07,421.75872802734375,438.02929147351847,419.98547122816046,431.8072844923605,5368
2007-11-08,418.3367004394531,429.31855995334695,416.87454372281513,423.0654493927295,7590
2007-11-12,410.310302734375,421.2299185824628,405.05269866644505,418.7411155184601,7992
2007-11-13,416.25225830078125,419.98546241110216,411.89685350540685,411.89685350540685,6685
2007-11-14,412.5812072753906,417.49660726070783,411.3057036263737,415.63000543987005,7353
2007-11-15,417.2478332519531,419.98553190966504,407.54151614937865,413.9501766707017,8158
2007-11-16,416.9989929199219,419.9855492303351,413.6079908901707,416.25234434828764,6249
2007-11-19,418.7411193847656,423.1587296737106,416.8745170695289,422.7854244011118,30470
2007-11-20,417.4966735839844,423.09647993607956,412.58127281780946,416.87447287819606,11059
2007-11-21,412.5191345214844,420.918845405406,411.3369377992238,420.60774500229775,9855
2007-11-22,403.5904541015625,416.81221749763324,401.31940661014534,412.5190179574052,9496
2007-11-23,405.08380126953125,410.6525057226612,404.4927029463729,410.6525057226612,4495
2007-11-26,405.9859924316406,419.36330865735755,405.0526912996139,419.36330865735755,4197
2007-11-27,405.7060241699219,410.03032732648035,405.08382336972994,408.16372492590455,3930
2007-11-28,403.18603515625,416.2522492585359,401.94163381317514,406.91923918547457,8224
2007-11-29,404.0882873535156,409.8436443290552,400.63508076341594,400.63508076341594,4481
2007-11-30,405.9237976074219,410.65250826977683,402.0039023748588,406.91930364914253,3673
2007-12-03,409.2525329589844,412.98573736453955,405.67487873699406,405.67487873699406,6364
2007-12-04,421.6343688964844,429.9407340232727,407.5415062015103,409.2525583267838,33505
2007-12-05,440.8291931152344,447.362300423223,423.0964732792652,423.0964732792652,175045
2007-12-06,453.61541748046875,496.51616378904384,447.9845086818441,451.03330733415356,39957
2007-12-07,455.2642822265625,469.76155165595287,451.0955297358488,459.8063399652307,14847
2007-12-10,446.6156311035156,454.2064868348832,439.6781164532819,451.7176841672948,4398
2007-12-11,482.88995361328125,512.6933826752635,460.42852327632886,466.6194279074976,92699
2007-12-12,479.3433837890625,498.3827080055717,475.98348517386063,480.33888961336004,42766
2007-12-13,471.2860412597656,485.3166628270401,466.6506373336924,485.3166628270401,41223
2007-12-14,474.1480407714844,478.9389938065394,466.6505298537246,469.7615333860828,19862
2007-12-17,458.9664306640625,480.96121353094713,454.8287801955011,475.3614063876373,9570
2007-12-18,459.4952392578125,471.5659486142743,435.3849609622942,438.68261723716716,23806
2007-12-19,459.93072509765625,477.22789546045254,457.9396754353234,466.65048447893014,9282
2007-12-20,453.61541748046875,466.0283291704183,451.09551221435686,466.0283291704183,7654
2007-12-24,478.9700622558594,482.205513295127,456.10418791573557,459.1218839136384,18271
2007-12-26,476.4502258300781,482.1744803435349,470.38376849825545,475.9835752660918,8573
2007-12-27,477.0101013183594,488.427467045475,470.57030237483235,477.8500569311144,5858
2007-12-28,496.7339172363281,497.7605635891777,472.8725354097188,479.0945424545835,26846
2007-12-31,502.1160583496094,545.6701154555235,475.98362408606096,475.98362408606096,216575
2008-01-01,492.658447265625,512.693314985272,491.5384937358796,512.693314985272,37312
2008-01-02,486.7786560058594,497.69830762979365,484.6942990501967,492.6584596550286,13452
2008-01-03,482.2678527832031,503.98267714960537,480.3701478286673,503.98267714960537,12957
2008-01-04,480.6501159667969,491.5386299207372,479.7790196600325,491.5386299207372,9763
2008-01-07,486.2499084472656,487.80541039367404,475.9835956009702,476.60579637953356,8802
2008-01-08,483.1077575683594,490.294168302957,476.0146541562703,490.2630658621208,15093
2008-01-09,476.13922119140625,482.2056797430119,474.8014741152165,477.85027360339757,5465
2008-01-10,463.5084228515625,485.3165499697221,460.52186706235693,476.6057400984707,9269
2008-01-11,458.2818908691406,466.49494721832406,457.1930397085777,461.67289207868816,5599
2008-01-14,460.52178955078125,465.40604907320414,457.3174412684559,457.3174412684559,3185
2008-01-15,460.1796875,466.6505908840409,454.2065751271332,460.42858300558703,6527
2008-01-16,445.24688720703125,458.87310022099234,443.1936321165214,452.9621924893321,4533
2008-01-17,449.85113525390625,459.8063470990826,440.51812414905345,440.51812414905345,2942
2008-01-18,439.27374267578125,456.6953641983335,439.27374267578125,456.6953641983335,12211
2008-01-21,391.7375183105469,438.589258146052,379.5424006283442,432.42945645360527,13535
2008-01-22,404.5860595703125,428.69633993686324,314.61582245648776,391.7375981974308,17609
2008-01-23,403.0616455078125,428.07412370313244,385.7644719417763,428.07412370313244,11448
2008-01-24,389.74652099609375,411.2435468867983,387.00882281467545,405.0526425278999,7621
2008-01-25,414.7590637207031,418.11896343878635,392.1731808801723,392.1731808801723,14555
2008-01-28,405.9859924316406,410.6524980917745,398.2084829980843,407.5414943183519,2883
2008-01-29,406.8881530761719,414.94565969116474,404.4304527297447,409.31471300688025,4051
2008-01-30,405.9859924316406,413.51460637287505,404.4304905449294,413.35905618420395,4337
2008-01-31,399.6083984375,407.51035490023014,398.208446866485,405.70595768491967,2561
2008-02-01,397.2440185546875,411.9590413625521,395.0974186847209,411.8968364870633,2685
2008-02-04,405.9859924316406,410.5280503456135,401.31948677150683,404.3682856599091,2946
2008-02-05,404.80377197265625,413.11017434428993,399.57730872671,410.03027319472056,4148
2008-02-06,396.18634033203125,404.4305005352498,392.7331336534545,404.4305005352498,54037
2008-02-07,395.6886291503906,406.8882441955875,393.23092825358066,401.2573342264219,6996
2008-02-08,398.2084655761719,402.40832048654556,391.9864583015442,398.2084655761719,4861
2008-02-11,383.30682373046875,403.8083492092774,378.2981145134679,400.69734497808116,5303
2008-02-12,372.4182434082031,386.3866575442789,370.20943838783563,386.3866575442789,5200
2008-02-13,367.75177001953125,378.29808102490733,361.4986596636039,367.0984667840384,5884
2008-02-14,372.6048889160156,378.92024146419965,370.17832887457604,378.92024146419965,8090
2008-02-15,387.724365234375,388.8754212909501,363.9873943283293,372.6048584736906,41346
2008-02-18,383.2756652832031,389.49767283650186,379.6046656363087,389.49767283650186,3882
2008-02-19,388.43988037109375,391.36423118823217,383.30672471560416,385.76442501860726,8858
2008-02-20,390.8975830078125,394.7552348762526,385.7644273216773,385.7644273216773,55920
2008-02-21,392.0174865722656,398.45728566875465,386.3865786493294,391.3641835272596,25263
2008-02-22,394.0396728515625,396.9329211291354,391.9864182559211,393.2308195837177,3089
2008-02-25,393.9775085449219,406.2970753634758,392.01756106137344,398.2084658998844,32388
2008-02-26,408.44366455078125,410.65246948079533,398.20845525410454,398.20845525410454,65177
2008-02-27,415.8166809082031,434.9182481877819,409.4080218992282,409.4080218992282,13506
2008-02-28,409.28363037109375,419.9854904640685,405.05267302534605,411.89688101809384,11682
2008-02-29,417.99444580078125,421.1676923320907,405.2082283032871,409.4080832607492,9876
2008-03-03,409.656982421875,426.20750691605053,407.54148471534756,410.7146932990193,11837
2008-03-04,409.8436584472656,417.4967203912551,405.0527048803384,417.4967203912551,35265
2008-03-05,411.5546875,419.98549994062114,409.408087349524,417.49669697801005,23441
2008-03-07,405.20819091796875,407.5414434568438,404.4304400716771,405.6748414257438,10261
2008-03-10,395.0352783203125,400.69729005454803,386.38667255259986,387.00887331355415,3554
2008-03-11,415.2568054199219,416.874512217182,393.2308831660582,393.2308831660582,10820
2008-03-12,404.4926452636719,416.87445393671607,398.2084336111915,416.87445393671607,155417
2008-03-13,391.23980712890625,407.6036785528375,387.63105052979154,405.0526707783215,3190
2008-03-14,393.01312255859375,398.2084836786404,392.01757856372495,395.097479899901,3041
2008-03-17,377.1780700683594,391.92423418059576,364.0496125776692,364.0496125776692,16660
2008-03-18,364.174072265625,385.7333423120066,355.2766096028439,373.9426311231334,7698
2008-03-19,363.738525390625,382.03124173242963,360.87641727167625,365.2318223077137,8367
2008-03-24,372.8848876953125,376.4314394306264,365.2318263566574,376.4314394306264,8312
2008-03-25,383.2756652832031,385.7333658619802,374.56485470858485,377.67585848523424,3866
2008-03-26,395.8752136230469,405.0526743710861,373.3204372083743,383.2756488672643,23973
2008-03-27,398.0218200683594,404.3682751971552,389.5598672379252,399.4217717301767,6758
2008-03-28,411.8969421386719,423.71875769854313,398.8307249409195,401.3195282166818,18233
2008-03-31,426.3941650390625,431.8073191422659,412.519095952914,415.0078989450884,33502
2008-04-01,432.2428894042969,435.5405459426382,419.98552644468685,435.5405459426382,14215
2008-04-02,435.7582092285156,447.98446716877567,429.9406483522555,432.4916558220766,16497
2008-04-03,443.01177978515625,448.0309177934945,433.3296927537459,437.1507297584871,11378
2008-04-04,435.4344482421875,443.3031763882037,433.2649013932919,435.85542397262395,14869
2008-04-07,444.2099609375,449.7795697479913,428.82873015058163,435.43453238173566,5877
2008-04-08,442.2021484375,444.274574181896,430.67433211510325,430.67433211510325,13471
2008-04-09,440.6155090332031,444.274638117625,438.705030185755,442.94700315426235,3448
2008-04-10,437.5393371582031,444.04805809007064,433.9126206180668,439.1584141008079,2502
2008-04-11,436.8268737792969,443.62699560981224,428.73149064773094,442.97936495928695,5458
2008-04-15,435.240234375,443.52990000732063,433.2649685079295,440.38890670462195,6259
2008-04-16,432.7145080566406,444.2747013100429,430.70682898391965,444.2747013100429,19052
2008-04-17,433.4915466308594,459.81774756693716,430.6743692000186,459.81774756693716,7058
2008-04-21,432.4230651855469,446.21759243050724,427.4363004414148,446.1528451659806,4226
2008-04-22,434.1716003417969,437.1506854983424,423.7447232374124,429.37911775614964,24152
2008-04-23,433.9449462890625,436.4383482220354,427.53342602193504,430.0267884266666,6341
2008-04-24,431.6134033203125,435.2077450951391,427.63045948471097,433.9124839490226,19553
2008-04-25,428.82867431640625,435.1430735015226,425.1047978739017,433.91255938748594,2487
2008-04-28,425.7847900390625,431.3220243377507,420.99230729068074,429.37913233622925,53056
2008-04-29,424.26287841796875,430.02680776710827,421.51044779596543,421.51044779596543,15338
2008-04-30,424.2952575683594,427.436250568056,421.3485063395786,423.61521372895464,3108
2008-05-02,420.70086669921875,430.51248714418784,419.66467344029144,426.1409801291848,7549
2008-05-05,412.73504638671875,437.02119817702754,406.7120886483706,426.01147603208756,10154
2008-05-06,406.1615905761719,418.33703926875364,402.2433933993631,417.72178222649313,12166
2008-05-07,404.898681640625,411.1807067171446,403.4738863353983,406.38822419817404,5702
2008-05-08,399.4585876464844,409.91783873366666,396.3499683493918,402.1786443545299,10931
2008-05-09,399.84716796875,413.5121584913107,398.29283864080827,398.29283864080827,7635
2008-05-12,400.7538757324219,411.1807538879139,395.7023640964138,401.5310404906327,3515
2008-05-13,412.73504638671875,413.1883957924529,401.5310429331047,403.4739350763294,17298
2008-05-14,406.51776123046875,419.01702469517187,404.7691505942541,412.5407182856638,7394
2008-05-15,409.3997497558594,413.771256841402,402.21102549824536,402.21102549824536,10232
2008-05-16,412.96173095703125,418.95231492174236,407.3597096003564,411.89312449257017,7935
2008-05-20,424.7485656738281,428.6991365388383,408.03970203519583,408.65495908685415,10944
2008-05-21,430.4153747558594,433.91259656935756,398.29290580620136,398.29290580620136,17600
2008-05-22,429.0877685546875,431.32210266785034,421.64001452964203,421.80192222583867,3818
2008-05-23,418.466552734375,433.26489700772356,416.4265004125056,426.1409599866698,3987
2008-05-26,407.74822998046875,417.07412688992326,405.54630954923425,417.07412688992326,1420
2008-05-27,404.0243835449219,413.5121888097219,402.85865622761366,410.59785075233157,1846
2008-05-28,402.0491027832031,420.95992581790114,395.0546996137226,406.71205140560295,5197
2008-05-29,402.89105224609375,409.3026121399627,401.46629629478235,401.46629629478235,2391
2008-05-30,402.76153564453125,410.597851060092,401.5957687981096,408.00732834047,3444
2008-06-02,399.58819580078125,407.9426487690167,398.3576814934998,407.9426487690167,2852
2008-06-03,394.277587890625,402.7615743292058,391.8165989762576,400.2357986236813,4862
2008-06-04,384.6278991699219,401.40151104649135,382.84691469570697,401.40151104649135,3837
2008-06-05,384.7897644042969,388.54601424810556,380.77444649060993,383.39734270311715,5612
2008-06-06,386.8621520996094,404.67199493471423,385.34023588681373,388.57838912956004,3400
2008-06-09,379.3172607421875,391.81652375978643,369.14945213731943,375.62575831516716,11217
2008-06-10,377.2124938964844,380.1592055569079,370.6390267454908,378.86394420918424,10608
2008-06-11,383.0411376953125,387.2507367208139,378.89628592044744,380.80680415305295,3943
2008-06-12,383.55926513671875,387.8660249128252,364.35699991840966,380.80683478326824,4305
2008-06-13,401.4015197753906,417.7218221269285,391.8165928477391,391.8165928477391,47688
2008-06-16,403.2796630859375,413.12365807804883,396.70619537150895,405.41683658721837,19148
2008-06-17,402.4053649902344,410.53316281393995,398.97292979900067,403.4739715769772,6084
2008-06-18,405.8377990722656,409.30260754956106,400.39768531252554,407.359715425117,17415
2008-06-19,399.75,440.3888213851762,396.99756986634264,417.7217496962333,93368
2008-06-20,387.08880615234375,413.83594124082214,382.10204277321606,413.83594124082214,11931
2008-06-23,372.5818786621094,387.0888200063736,369.149444365759,387.0888200063736,11282
2008-06-24,367.2389831542969,375.5934350553091,364.6484603357804,370.15332132512793,6584
2008-06-25,373.456298828125,376.9534812644613,362.6732307108698,362.6732307108698,6084
2008-06-26,380.96881103515625,386.8946485565639,370.574344793565,371.7400723062978,23514
2008-06-27,371.9666442871094,375.399118320288,356.2292275555301,356.2292275555301,16652
2008-06-30,369.8943176269531,380.15924917410456,366.0732804014695,380.15924917410456,16164
2008-07-01,357.0387878417969,363.9036968025698,350.3681997086299,362.02555200947154,12867
2008-07-02,362.1875,362.64084943448216,349.5587002682164,360.08270004470273,5853
2008-07-03,356.8121337890625,362.5112759111376,354.99877577679865,358.1397687876,5433
2008-07-04,359.6293029785156,368.33994339162246,352.958714986258,354.90160699535664,3249
2008-07-07,363.25604248046875,382.1020783291363,362.6731590920616,369.1494655044198,5284
2008-07-08,362.9646301269531,363.32081910277833,356.3911627757403,363.32081910277833,1929
2008-07-09,366.7208557128906,369.1494706513866,364.25986714752895,364.68080335325885,1959
2008-07-10,368.0809326171875,371.5457809564491,362.7379787603475,369.1495391998536,1581
2008-07-11,367.2713317871094,379.5115670828165,365.94369683862783,370.44473783510415,1399
2008-07-14,360.66552734375,372.3876263802504,359.49976054292557,370.44473441652735,1628
2008-07-15,353.9300842285156,363.96835743170317,351.69575099699875,363.96835743170317,3023
2008-07-16,352.1492004394531,359.82360858256106,349.72058526400866,353.05589924958247,2131
2008-07-17,355.8406982421875,360.63314173516244,347.1300573671581,354.2539951116334,1261
2008-07-18,357.42730712890625,369.14940396999447,349.7528615925916,367.20651237015244,4266
2008-07-21,357.71881103515625,360.7303096831254,350.4977522512633,350.4977522512633,27317
2008-07-22,361.34552001953125,369.0199272184516,351.01580350519765,357.49210984293194,3199
2008-07-23,373.1324462890625,404.70444314021427,361.4426804477353,372.3876551674311,32911
2008-07-24,368.4371337890625,387.8012686721086,365.91135816037536,384.6926491101999,4260
2008-07-25,360.37408447265625,368.4370940015571,359.43501212092696,360.0826427733971,17104
2008-07-28,365.0369873046875,375.6257313335734,360.7302281944834,362.6731199082778,5590
2008-07-29,364.6160888671875,367.8542424095249,359.4350431994477,365.263719575655,1994
2008-07-30,364.3246765136719,367.78952480024515,362.6732259795923,365.91137978298156,2022
2008-07-31,364.93988037109375,366.55895703644904,363.9684343718805,365.91132637030694,1712
2008-08-01,381.00115966796875,388.5137000326355,357.1683561394697,357.1683561394697,4310
2008-08-04,382.5230407714844,385.34021815171934,375.6257588705836,381.0010851004982,4313
2008-08-05,383.8507080078125,389.8736653644392,377.568682570545,382.10209728408495,6174
2008-08-06,380.1592102050781,388.578409068223,375.69054268949765,385.37262928776215,2942
2008-08-07,382.8144836425781,387.28315119847196,378.21632157175185,382.10210569748904,3776
2008-08-08,387.83367919921875,388.57847041214046,378.9287559189405,385.3403164920393,2754
2008-08-11,394.5366516113281,404.7692093172188,387.2831794747149,387.9308102096225,16309
2008-08-12,384.66021728515625,401.53098714588026,383.4620769130211,401.53098714588026,3964
2008-08-13,375.9819641113281,384.0449735700053,374.97814451438967,384.0449735700053,21147
2008-08-14,377.4067687988281,382.0697174772799,371.092369835656,375.62578447588214,3686
2008-08-18,375.7877197265625,378.5725238757598,372.74384748189675,375.62581204895514,2631
2008-08-19,381.2602233886719,386.6355506087393,368.50188994367284,373.68293584797755,3519
2008-08-20,386.0526428222656,387.283156958346,379.5115885912889,379.5115885912889,6239
2008-08-21,377.3744201660156,382.8144943776569,375.04292590824826,382.8144943776569,1464
2008-08-22,377.3744201660156,378.9287101429526,373.1000337908961,374.9781786489664,5526
2008-08-25,374.97821044921875,388.4489223662706,374.330579688512,388.4489223662706,1426
2008-08-26,374.0714416503906,378.05438589553137,372.38761779859624,378.05438589553137,731
2008-08-27,377.5687255859375,384.0450330573944,369.18189950475204,376.92109483879176,2734
2008-08-28,381.5840148925781,383.39737294002464,373.1000290379405,377.5686966622202,2950
2008-08-29,380.1592102050781,384.62787772065866,376.305799742837,381.4544715686389,6663
2008-09-01,374.7839050292969,382.1021242490973,372.7114788226364,381.454493530031,2602
2008-09-02,373.456298828125,380.15926147728675,371.09243070951504,375.62584609340087,6332
2008-09-04,368.7933044433594,379.47921083175567,368.5018627271187,376.9210616997945,7609
2008-09-05,362.8027038574219,371.05999477742387,362.0902864140472,369.14947642361886,4915
2008-09-08,364.4865417480469,377.56868949556525,363.968445105502,377.56868949556525,3319
2008-09-09,361.5722351074219,365.6199272421733,360.1798527300135,365.26373823996386,2743
2008-09-10,359.1435852050781,372.3876404989045,352.084434519521,365.9113337076192,5222
2008-09-11,367.49798583984375,372.3875888838897,358.1397159178974,365.8789093664355,2993
2008-09-12,367.8542785644531,370.4124280199783,360.95699503007154,369.14954010869417,3733
2008-09-15,368.3723449707031,368.3723449707031,343.24428098534867,363.3855805299845,4224
2008-09-16,359.3055114746094,365.9113526493252,329.15830970622926,350.36821554563704,7485
2008-09-17,360.2768859863281,364.356950760026,354.93393366813865,358.78734354872205,4131
2008-09-18,350.49774169921875,359.4026637976326,343.2766436044813,343.2766436044813,4612
2008-09-19,363.061767578125,371.09240435629465,349.7529641233514,353.6063748316525,4498
2008-09-22,358.4959411621094,364.6160587573791,352.95870696762273,364.6160587573791,5160
2008-09-23,350.17388916015625,360.08262988257246,349.72053981400927,356.1968461068613,2111
2008-09-24,349.97967529296875,356.1969147204276,349.1053500580721,349.7206071800562,2002
2008-09-25,354.7396240234375,356.1967927209322,347.77759580207385,349.29951174149824,2177
2008-09-26,352.31109619140625,356.1968803405762,347.1300506591797,356.1968803405762,3381
2008-09-29,345.77001953125,351.0158119801752,336.8650981018636,346.5795578430124,7088
2008-09-30,364.0656433105469,380.8068824505177,324.4630069859003,324.4630069859003,20145
2008-10-01,365.9437255859375,367.78949683044823,353.50920802089894,362.67319839888165,4689
2008-10-03,375.3343200683594,377.9896293425325,356.90922091802145,367.85419427009884,10022
2008-10-06,357.91314697265625,372.3876783095654,353.0235032261705,372.3876783095654,7438
2008-10-07,347.42144775390625,361.3455058333872,345.2518614989994,357.2978145312125,4161
2008-10-08,357.13592529296875,361.37789809071586,330.42116132120884,340.0060869133079,16084
2008-10-10,353.2177429199219,361.34549899523074,325.11055923823113,361.34549899523074,14137
2008-10-13,346.4176330566406,355.452048546732,340.3298894418199,346.4823803070859,4524
2008-10-14,347.5510559082031,354.90164906942005,347.0005460567514,348.4253416046496,1643
2008-10-15,337.4156188964844,349.7206030788897,327.1506676125481,340.5890253653496,8280
2008-10-16,330.5506896972656,347.77766945552133,323.8153346885673,347.77766945552133,50900
2008-10-17,323.2000427246094,333.5297586906763,320.5771467026889,328.34871389548135,3125
2008-10-20,324.2038879394531,332.7526001493474,314.1008464512891,332.7526001493474,3523
2008-10-21,330.3564147949219,332.88217050154543,319.54097450138323,319.6057415223982,2784
2008-10-22,327.7982482910156,330.93926088432664,323.8800907791482,324.46295440909523,1103
2008-10-23,317.5980529785156,328.3487252532402,316.0437434390162,328.3487252532402,1529
2008-10-24,303.7712097167969,314.71618571958726,297.942532691742,313.45329779184283,7496
2008-10-27,302.3463439941406,310.50649335666867,282.36693639930235,297.9100705130254,4768
2008-10-29,304.2569274902344,314.10092308855565,294.18627693397195,294.18627693397195,1247
2008-10-31,304.5807189941406,314.10089846140266,301.1482840918603,301.1482840918603,3641
2008-11-03,316.0437316894531,318.6342540803503,307.23595160757935,318.6342540803503,2966
2008-11-04,317.662841796875,319.9295491287589,314.10087313248596,314.10087313248596,7473
2008-11-05,324.3658447265625,343.24427595104584,310.86274048396604,343.24427595104584,2222
2008-11-06,314.6837463378906,322.52008159040105,308.30458012871026,308.30458012871026,1044
2008-11-07,324.81915283203125,330.2916398688392,304.3864132124597,304.3864132124597,5981
2008-11-10,332.16986083984375,338.06328544531146,319.2819918094608,329.64408484993015,4608
2008-11-11,320.8038635253906,327.05349567809856,317.3390354104323,324.59250698260445,3254
2008-11-12,319.89715576171875,323.16768251883724,312.48177718504803,312.48177718504803,942
2008-11-14,318.4399719238281,330.2916039236779,315.42847384146546,321.22477558067493,1290
2008-11-17,313.777099609375,319.92959175857845,308.919868965267,319.92959175857845,2994
2008-11-18,304.48358154296875,313.420897410464,299.2053950846674,304.3540672563832,6405
2008-11-19,298.6872863769531,307.592208490961,295.02815711517354,304.38642862427,1540
2008-11-20,299.2054443359375,299.3349784079665,291.43387435318584,292.14627222109635,2367
2008-11-21,292.8585510253906,310.8626729267517,291.43375586882973,291.43375586882973,1501
2008-11-24,288.9728088378906,300.79206840089694,287.87182880856557,300.79206840089694,1836
2008-11-25,294.6072082519531,301.14828242519553,290.1709339021126,301.14828242519553,2794
2008-11-26,287.5155944824219,294.08904070136185,285.9936587164318,292.2756632782678,2064
2008-11-27,287.5155944824219,287.5155944824219,287.5155944824219,287.5155944824219,0
2008-11-28,302.5406799316406,323.8153525467888,281.7193567157062,323.8153525467888,5124
2008-12-01,300.4682922363281,314.10091152145594,297.91014288632937,302.54069876315117,1410
2008-12-02,300.72735595703125,303.09120434579245,283.01465021177626,297.91015811765925,2742
2008-12-03,297.9424743652344,304.3864072759799,295.77292748637103,297.9101007381931,365
2008-12-04,314.5218811035156,323.8153866532896,298.55778649433296,298.8816018809863,4093
2008-12-05,311.5751037597656,321.710519287255,309.2760031373896,314.1008592940487,2932
2008-12-08,309.76171875,316.7237479399398,307.68931261704694,312.3198676138112,877
2008-12-10,311.80181884765625,315.3637878167725,309.01699488605624,309.76176626313816,1168
2008-12-11,321.2248229980469,323.81534576416016,309.5674705505371,313.93897771835327,2502
2008-12-12,322.6496276855469,326.9239745610173,310.86274085578344,319.897197167553,5303
2008-12-15,326.08203125,356.19685638033764,317.6952064532154,323.81532398212516,3721
2008-12-16,322.0667724609375,328.34879880526717,318.69910433166467,328.34879880526717,1853
2008-12-17,317.56573486328125,325.11062897328316,317.3390601532047,323.78299387216833,1668
2008-12-18,322.6496276855469,323.81535505810774,314.78089874633827,317.9866786670618,3449
2008-12-19,329.3201599121094,333.4973851853731,314.74847142042313,317.0151785191299,3665
2008-12-22,327.6363525390625,330.2268752233233,324.5925002435278,330.2268752233233,1744
2008-12-23,323.4267883300781,328.2192518640249,316.1085688572791,325.7582629521425,3581
2008-12-24,316.3028259277344,325.758237981001,314.4894678963113,325.758237981001,1698
2008-12-26,315.2666320800781,321.71056576193456,314.16567169537984,321.71056576193456,1512
2008-12-29,317.56573486328125,320.2533984607341,312.19038790425407,314.7485372131785,63959
2008-12-30,326.8267822265625,330.93924053832615,312.1903265395586,317.5656724419981,5184
2008-12-31,323.5238342285156,332.2344730554001,320.05902658786613,323.8152758824562,3633
2009-01-02,330.19451904296875,332.1698045525639,327.76590389814567,327.76590389814567,3738
2009-01-05,328.4783020019531,336.05558916810367,327.3773218960609,330.939290779203,3507
2009-01-06,335.47271728515625,339.35850165525454,329.9678560941836,330.29167145835845,2980
2009-01-07,315.2018737792969,336.7679684698937,298.5577566627327,336.7679684698937,3850
2009-01-09,310.0856018066406,317.33907426696305,304.38645899076045,317.33907426696305,8011
2009-01-12,316.75616455078125,320.5771815497626,307.00931111185713,313.4532441819901,1317
2009-01-13,312.6761169433594,318.63432772516984,311.54276313539384,315.39617398812544,1283
2009-01-14,314.7808837890625,317.30665924979644,310.8627260846847,316.8856834969275,1429
2009-01-15,318.24566650390625,320.57714056996576,306.03782598594375,314.10083469986546,1050
2009-01-16,318.05145263671875,319.2819470599878,311.51037836887247,311.51037836887247,1257
2009-01-19,319.6705322265625,323.78299131418873,312.25515246367263,323.78299131418873,800
2009-01-20,314.6837463378906,319.89718521805486,312.19036424425724,313.4532519874581,1122
2009-01-21,322.03436279296875,323.815347202583,311.51036400888484,311.51036400888484,3763
2009-01-22,312.611328125,322.5200693375542,310.8627174337872,314.7485014017096,2047
2009-01-23,333.1088562011719,350.1091631717703,312.15801751727463,312.80564825901166,25295
2009-01-27,340.5889892578125,355.54924210332314,336.76795244759205,336.76795244759205,27481
2009-01-28,346.3204650878906,348.42526454845284,338.06317489645426,341.3013279127038,9317
2009-01-29,343.373779296875,347.194776423403,343.2442452609402,347.194776423403,3437
2009-01-30,341.49560546875,343.2442159841274,338.19270523944186,341.9489547917345,1969
2009-02-02,334.4688720703125,340.0061064700337,330.9716505924677,338.64609785544945,1479
2009-02-03,329.25543212890625,334.3717105227496,327.0534917806329,334.2098028535513,1476
2009-02-04,335.0516662597656,356.1320733562349,328.6725208293467,349.78526202108117,1047
2009-02-05,336.5736999511719,341.3013963979041,324.5925313869191,333.52982759946985,2845
2009-02-06,340.815673828125,343.2119154499999,333.56220170038614,339.3585046763658,2766
2009-02-09,339.7470397949219,343.2442612872578,335.60222714915176,340.45945726170726,1570
2009-02-10,342.8556213378906,343.8918143834977,336.120247956752,338.71077009900057,1750
2009-02-11,340.07086181640625,341.3013759470562,336.76796108627934,336.76796108627934,1101
2009-02-12,331.03643798828125,342.3375821737728,329.06117220143165,341.94901955375855,1692
2009-02-13,339.9413757324219,346.4824300967841,328.4783042516089,346.4824300967841,4163
2009-02-16,333.07647705078125,340.0061337781949,331.2631189096128,334.40411214369516,1190
2009-02-17,327.50677490234375,339.1641247262325,326.5029356979283,331.0039758966872,2099
2009-02-18,328.9963684082031,334.9869518880769,323.8153232364204,323.8153232364204,3315
2009-02-19,333.8212585449219,338.7108625169077,327.0535096960581,330.29166325740516,1673
2009-02-20,328.7049865722656,335.4727359660324,325.75827449983456,330.2916898507269,1535
2009-02-24,327.5391540527344,334.79262419345866,320.577125568173,322.5200172382832,2998
2009-02-25,338.06317138671875,343.24421615892896,327.2801259073796,327.2801259073796,3307
2009-02-26,332.4288330078125,342.5966429830913,318.69907391875836,339.3584894577312,9022
2009-02-27,324.98101806640625,332.3963961342292,323.815290924724,327.9601226957371,2095
2009-03-02,325.7906188964844,330.29166021088884,319.2819382038592,330.29166021088884,4999
2009-03-03,331.133544921875,339.7794378550264,319.3466788975752,320.188590840697,22462
2009-03-04,344.4099426269531,346.1261795155531,327.24773185389205,336.7679095091238,17262
2009-03-05,334.0155029296875,343.24423955934924,333.529779949179,343.24423955934924,3336
2009-03-06,330.2916564941406,335.4727020862056,325.3048922061299,335.4727020862056,2685
2009-03-09,327.3773498535156,330.1945476181359,326.5678114018501,326.8268597535586,1368
2009-03-12,329.64404296875,330.9069308032573,327.0535200377579,327.1830540899561,2532
2009-03-13,328.2839660644531,333.529778178926,327.05347180651967,331.5868862672041,1390
2009-03-16,327.765869140625,333.49740422743815,326.4382144771055,328.9963633973583,1212
2009-03-17,328.7049865722656,331.42504368845,324.8192019857865,324.8192019857865,1614
2009-03-18,340.55657958984375,349.72056958565264,328.34875699986276,336.76795589729517,19869
2009-03-19,338.1278991699219,349.7205019916797,331.5868463328519,340.00604360302196,9119
2009-03-20,336.12030029296875,343.8918679298004,331.71641987107824,343.8918679298004,3182
2009-03-23,350.2062683105469,362.6731581209547,332.68786741767326,336.12030190138483,7812
2009-03-24,352.4082336425781,356.1968571298459,346.5471446435786,356.06732309433295,3600
2009-03-25,354.57781982421875,368.08090454869347,344.2481019163853,347.1300665311073,8440
2009-03-26,357.71881103515625,361.0864986721372,354.9016332250498,359.3055141988363,1363
2009-03-27,362.3817138671875,375.6257682570713,349.72054286003186,356.2615964614895,58449
2009-03-30,377.24493408203125,380.8069034167114,358.13982583238334,364.4865996503459,12549
2009-03-31,386.6098327636719,396.4380384263912,374.2997125087045,380.5540435645658,7988
2009-04-01,385.5508728027344,392.66557878415887,375.259375950482,387.83420512695324,6640
2009-04-02,388.99237060546875,393.3935764947251,381.24891593166865,393.3935764947251,3821
2009-04-06,395.6107482910156,408.08628647055576,392.79795752524933,397.09987281406836,8645
2009-04-08,396.5041809082031,403.1887192336686,387.2054342404657,390.48151605588384,15371
2009-04-09,411.3623352050781,414.30750043575495,397.09984067324757,397.09984067324757,25281
2009-04-13,454.05059814453125,463.2831781305796,423.5731914336728,463.2831781305796,201728
2009-04-15,462.0587463378906,482.4431955954631,453.3887094024867,462.389662853095,112607
2009-04-16,456.1023254394531,472.9790705409204,453.0247851746793,465.2686982875085,45994
2009-04-17,459.8085021972656,475.82486976267853,456.9957117915969,469.90145600584185,27258
2009-04-20,467.0887451171875,467.9160365538102,459.31220561293395,460.6358719115303,41839
2009-04-21,464.1434631347656,466.59225325212606,456.6647585020808,456.6647585020808,13113
2009-04-22,467.8168029785156,470.563427044054,461.66176201181065,463.283261506101,7341
2009-04-23,472.548828125,474.53432740283614,466.6584974427183,467.8167053547894,8509
2009-04-24,473.14453125,479.8290298526704,469.90153268330477,476.5198641295485,18306
2009-04-27,474.4018859863281,479.1340080910222,463.28309967318773,463.9449326727209,5923
2009-04-28,476.18890380859375,508.94964145769086,471.52298864667887,477.3140281301051,28491
2009-04-29,477.2476501464844,483.1379786469206,470.66244563029915,477.8433158672283,16928
2009-04-30,475.7586669921875,475.7586669921875,475.7586669921875,475.7586669921875,0
2009-05-04,475.6925354003906,482.41015744964454,472.2840788147916,476.51982676630433,9457
2009-05-05,474.83209228515625,481.8144223319674,472.2178438651906,476.5197583502975,6842
2009-05-06,473.1114196777344,478.50537610584337,470.5633781621779,478.0751683925253,6732
2009-05-07,478.47216796875,481.6820418106699,469.9014226733677,473.21058762177165,11449
2009-05-08,474.9645690917969,476.1889442427941,472.2179454026874,473.0783204056927,4407
2009-05-11,476.02337646484375,479.99437439155776,473.2105862667546,473.2105862667546,8859
2009-05-12,477.8766174316406,479.82903330133297,473.24378538597256,475.1962012556649,10635
2009-05-13,478.7369689941406,482.4763422629931,474.0710535985983,479.1671766781989,8725
2009-05-14,476.7514953613281,479.7959521006228,466.65853978324765,466.65853978324765,5816
2009-05-15,477.34716796875,478.80320900379064,473.2107107073224,474.2696276082117,11422
2009-05-18,516.2297973632812,516.2297973632812,516.2297973632812,516.2297973632812,75
2009-05-19,478.17449951171875,485.05758112985575,473.3762086861686,473.3762086861686,16354
2009-05-20,474.69976806640625,482.34393192348824,473.21064366327005,476.5198090035726,6372
2009-05-21,482.0461730957031,514.7076642644142,477.2810065889202,495.7130442109575,14189
2009-05-22,483.4691467285156,486.44739609234625,478.6377725062087,479.8290641727225,5975
2009-05-25,482.74102783203125,493.7274399627128,463.28312060844365,463.28312060844365,17136
2009-05-26,479.7626953125,486.381024449684,477.9095308380282,485.12352575558896,9315
2009-05-27,483.9985046386719,490.4182933458325,475.1961330935327,475.1961330935327,10672
2009-05-28,491.0802001953125,504.2837796946762,484.3957014989379,484.3957014989379,48728
2009-05-29,500.0479431152344,502.8607335229844,491.1462806869852,495.34894470973205,43267
2009-06-01,520.3663330078125,539.3940367584956,500.34587949622414,500.34587949622414,48700
2009-06-02,520.2340087890625,524.8337578734033,516.2960929428975,520.2009252061728,11950
2009-06-03,516.0643310546875,529.4664505851234,513.0199151218568,520.2338712740285,24725
2009-06-04,529.0693969726562,532.7756461793475,516.2298186582498,522.8481496666889,53152
2009-06-05,530.8232421875,540.0558222273902,526.1573268024206,533.8345747838925,28880
2009-06-08,529.6320190429688,539.394058756663,522.9143958955082,536.0848927520209,41785
2009-06-09,537.8386840820312,549.9833052911354,530.9886872700536,549.9833052911354,50230
2009-06-10,547.5345458984375,565.8673318635613,538.0703401228951,538.0703401228951,86258
2009-06-11,551.009033203125,563.1536924861483,529.9958363252102,529.9958363252102,30279
2009-06-12,540.8831176757812,549.3214899613318,536.084827552625,549.3214899613318,82482
2009-06-15,553.1932373046875,557.2635274458497,537.4085324062113,537.4085324062113,60693
2009-06-16,556.6677856445312,562.558116195673,549.4869129075971,552.0349540993905,29580
2009-06-17,546.0122680664062,561.8300941720605,542.7031028053977,555.7412220127881,14597
2009-06-18,549.3546142578125,552.6306965258161,539.7249497207222,543.3650321529282,33514
2009-06-19,544.0598754882812,659.2519150157216,540.7176265123567,659.2519150157216,63054
2009-06-22,550.67822265625,560.572635578116,546.0123073812819,560.572635578116,12275
2009-06-23,554.2190551757812,559.2489705875279,546.0123085617876,546.0123085617876,36755
2009-06-24,566.06591796875,594.3262031929102,552.7300034593273,560.5727105839587,39374
2009-06-25,543.16650390625,544.4239627227732,532.9411731020815,539.2616719502595,201853
2009-06-26,542.6038208007812,545.9461100865897,542.0412788549972,542.7031119183123,38174
2009-06-29,542.703125,544.0267911585366,541.0485423018293,542.703125,122421
2009-06-30,542.5377197265625,543.3319275782817,539.3940122929532,542.7031780125419,37690
2009-07-01,543.2655639648438,543.960520882391,538.1694825366822,538.1694825366822,22027
2009-07-02,521.3259887695312,542.7031917814153,512.9206995495083,542.7031917814153,3718
2009-07-03,530.2607421875,531.4520338106727,517.0902459885765,521.524536292416,7053
2009-07-06,519.0426635742188,541.9751990728311,516.362247314728,541.9751990728311,6531
2009-07-07,495.7791442871094,528.8046311516082,488.432813253926,528.8046311516082,8666
2009-07-08,485.71929931640625,494.3231291039234,484.46180034327386,494.3231291039234,4689
2009-07-09,484.0316467285156,493.0326015942106,481.81452188611365,488.43285323070313,2066
2009-07-10,485.25604248046875,491.74199885471677,483.1712520338843,483.3036267343969,840
2009-07-13,472.91278076171875,487.7709402779677,469.90144857171924,479.82894396407954,2880
2009-07-14,478.6377258300781,485.35530783635096,473.210686106206,473.5746862472701,1360
2009-07-15,498.5257568359375,502.9269628817363,476.5859745456616,476.5859745456616,4230
2009-07-16,508.8503112792969,519.5389309206009,502.99310509510406,502.99310509510406,2242
2009-07-17,504.4823913574219,514.9062649735313,502.99326655512056,506.9642660279241,1712
2009-07-20,511.7955322265625,521.5244869530544,499.71707805537824,521.5244869530544,3665
2009-07-21,503.65496826171875,512.1926310565151,503.6549682617187,512.1595070868162,1360
2009-07-22,515.8989868164062,519.3405275848993,509.6446549074773,516.1637362582493,4904
2009-07-23,512.3580322265625,529.4663990890967,506.33532769987573,515.8988226124386,2917
2009-07-24,514.8068237304688,516.2628645249894,507.72524238476683,514.2442817938758,2019
2009-07-27,518.5462646484375,519.5390143574007,503.85356087676456,516.2298486608568,1532
2009-07-28,515.3695068359375,522.6496718369984,510.2733832561766,511.3985077444498,1433
2009-07-29,525.1976318359375,536.084794066049,506.96413858591796,511.6631372894504,5558
2009-07-30,519.4064331054688,526.1571365209788,513.119020782262,525.6276782990918,1501
2009-07-31,518.51318359375,525.3631404608946,512.920685460358,519.5390168856528,2963
2009-08-03,517.2886352539062,521.3920077632623,509.61138892936555,509.61138892936555,775
2009-08-04,519.2080688476562,525.4623997445326,512.2588212722574,512.2588212722574,1487
2009-08-05,516.2297973632812,519.5389627309946,512.953715570228,512.953715570228,1563
2009-08-06,513.2515258789062,520.2007728443847,508.22161090002186,516.229774578397,3914
2009-08-07,513.9464721679688,517.884387088103,504.846267283034,504.846267283034,2750
2009-08-10,513.8472290039062,517.5203945870408,507.06343980804047,510.4056888450352,12811
2009-08-11,514.70751953125,515.5678943310921,506.434607234538,514.2442283636183,3069
2009-08-12,514.7738037109375,522.1863428931276,502.9931820009848,502.9931820009848,2645
2009-08-13,515.3032836914062,519.539032085554,513.7479919189952,513.9465337885449,2544
2009-08-14,517.3880615234375,520.1015612621029,514.9061872276743,519.2081026736639,2280
2009-08-17,522.8482055664062,525.3962471190416,510.3064588855103,522.8482055664062,2549
2009-08-18,531.6504516601562,539.3939059970443,516.3621252064935,522.8480806597116,4699
2009-08-19,522.6827392578125,529.4665291627097,520.8957816428702,529.4665291627097,1299
2009-08-20,522.5834350585938,527.2162670729256,517.0902280349039,517.0902280349039,1108
2009-08-21,521.7562255859375,525.4955996000721,516.1968505325156,518.0499755503229,2606
2009-08-24,523.6423950195312,535.4230169803783,516.9578559845766,535.4230169803783,1483
2009-08-25,524.701171875,530.1282103218549,516.229717916413,522.8480476332901,2363
2009-08-26,529.4334106445312,532.1138266925095,521.325954951766,523.1790796025233,4016
2009-08-27,532.5109252929688,539.261631362044,524.734385941677,526.1573433427149,3368
2009-08-28,529.731201171875,534.4301997734592,526.5543701450797,529.499535362167,5155
2009-08-31,536.2833862304688,537.4085106495163,515.0716421342194,515.0716421342194,2753
2009-09-01,532.808837890625,537.4085869540412,526.157421956235,526.157421956235,15192
2009-09-02,538.9638671875,542.7032410429679,529.4665766272857,530.1284098480699,3665
2009-09-03,554.880859375,562.3595649509828,509.64454502120344,532.7756187853743,24744
2009-09-04,551.803466796875,555.9399245689656,520.2009294181034,520.2009294181034,7791
2009-09-07,547.4684448242188,557.2635683504091,545.3505704521818,555.9399019172728,4571
2009-09-08,549.5199584960938,555.9397469867429,543.4310865215082,555.9397469867429,2635
2009-09-09,548.2294311523438,552.4982627179934,534.2647689277514,542.7031409362108,2734
2009-09-10,549.2222900390625,554.616247024366,545.3174982171172,554.616247024366,8930
2009-09-11,557.0318603515625,559.2159015636263,549.3214883628916,555.9398195479868,11893
2009-09-14,550.5789794921875,558.5871439524279,546.4425225612601,557.9253108434796,1474
2009-09-15,550.2149658203125,559.2159207783687,547.1374659505526,557.9253380739129,3156
2009-09-16,549.1229858398438,559.2490251993463,546.7072786262127,558.5871920334299,2901
2009-09-17,550.6119384765625,557.1971844995118,546.5085660505731,557.1971844995118,4424
2009-09-18,550.6119384765625,555.9396857190209,548.6595231679385,549.3213561271277,5845
2009-09-22,554.45068359375,558.5871404991047,549.9833101359669,550.6120596645982,5278
2009-09-23,558.5540771484375,561.2344932411494,546.6741644070629,546.6741644070629,4121
2009-09-24,553.788818359375,561.7308151568802,549.3545287350843,561.2344403570362,2601
2009-09-25,584.3324584960938,592.3075392495305,556.6347191023449,556.6347191023449,22066
2009-09-29,585.75537109375,606.2391134085699,583.074955145142,595.6497839167172,12910
2009-09-30,573.345947265625,595.6497285122675,569.838240276736,570.5000733084163,23055
2009-10-01,575.9933471679688,589.0314675052484,573.3129311532825,573.3129311532825,12019
2009-10-05,568.9779663085938,584.0677540276849,564.5436761310087,575.7948396646865,10888
2009-10-06,575.4969482421875,578.4421135354297,562.55811957107,575.7947812080364,6593
2009-10-07,582.5123901367188,585.6560972052852,569.8382707443591,577.1184344820919,7094
2009-10-08,583.8029174804688,598.9589104895641,577.1184198308287,577.1184198308287,9208
2009-10-09,582.4130859375,588.1379579970783,579.9642955653369,582.4130859375,9490
2009-10-12,585.3914184570312,589.0315007651304,572.4856720919526,572.4856720919526,2467
2009-10-13,585.7222290039062,585.7222290039062,585.7222290039062,585.7222290039062,0
2009-10-14,582.6778564453125,589.693270895008,582.4131070567981,589.693270895008,2330
2009-10-15,596.3115234375,609.5481832252359,583.2072383266575,585.7552791777647,11412
2009-10-16,596.7749633789062,608.8865020249498,592.3406731655762,592.3406731655762,5765
2009-10-20,602.1357421875,606.2391154584852,597.2050775471664,602.9299499810917,6046
2009-10-21,601.0106201171875,610.2101163371377,598.297120573506,610.2101163371377,4379
2009-10-22,600.7789916992188,602.9299492569411,595.6497852154193,602.2681161622573,4711
2009-10-23,609.0849609375,611.5337513541906,600.0509638477274,600.0509638477274,5505
2009-10-26,609.8793334960938,612.8575830899434,602.5330006559695,611.533916603788,4630
2009-10-27,601.6724853515625,606.5700666962342,579.5341993577708,593.3995711849471,5394
2009-10-28,596.2454833984375,606.2391475104988,582.4131548135796,582.4131548135796,3309
2009-10-29,589.6602172851562,600.9444637287996,587.7408851086043,595.6497988501318,1608
2009-10-30,590.3883056640625,603.9228028592137,589.1970139675781,591.0501388726753,1413
2009-11-03,589.1307983398438,598.8266298113372,587.0460077461815,595.6498387503533,7609
2009-11-04,590.9837036132812,594.0612024001842,584.5969998894237,589.0312884545574,3211
2009-11-05,589.0645751953125,594.1606984265267,582.4462438288238,586.3841590709023,3816
2009-11-06,586.6489868164062,598.2972354187333,583.1081548254888,588.0388204309121,1149
2009-11-09,584.6634521484375,595.6498668681919,583.0750363454189,595.6498668681919,2850
2009-11-10,602.3342895507812,605.5111207542283,587.8732524402327,591.6787927740704,7244
2009-11-11,604.91552734375,608.7210681339322,602.9300278010462,602.9300278010462,2933
2009-11-12,600.4150390625,606.8679122460196,585.9870845363153,585.9870845363153,1208
2009-11-13,595.0872802734375,602.9299867754336,592.3406566015511,601.6063205036983,1586
2009-11-16,590.9508056640625,608.8864669565967,589.0314734688816,594.9879715151961,12379
2009-11-17,606.5039672851562,615.4387155830786,586.3842216266121,587.0460548338657,10888
2009-11-18,604.4521484375,612.8574366958227,596.3116095712054,608.8864381859146,5701
2009-11-19,602.86376953125,607.529684672434,598.5618545055327,599.1243964662461,11112
2009-11-20,606.33837890625,608.919503623757,594.3260926135438,594.3260926135438,2873
2009-11-23,632.5800170898438,637.2790559520234,605.5772369005098,605.5772369005098,15976
2009-11-24,638.470458984375,661.8331615065377,632.2161275291202,638.6690008538089,12989
2009-11-25,637.2791748046875,650.5489217686285,630.0651771020998,635.4260096147851,12215
2009-11-26,634.9627075195312,643.864330611854,618.8801304879261,638.6689568103437,8030
2009-11-27,628.4766845703125,633.37426558238,596.8410710246299,596.8410710246299,3699
2009-11-30,633.6390991210938,640.6545146315431,626.0941847535535,628.476768030097,2627
2009-12-01,637.5106811523438,656.2074646899028,628.9399351331009,629.4032263440217,31438
2009-12-02,635.7237548828125,657.2002463391773,629.4694242177882,652.5674147939867,4723
2009-12-03,653.03076171875,671.7606313411658,629.8003944668446,629.8003944668446,11642
2009-12-04,646.34619140625,661.8331021547048,642.1104837895119,645.2872746008372,6111
2009-12-07,642.7393188476562,653.2293587547282,640.0919860867455,642.7061948720711,3888
2009-12-08,640.224365234375,643.9637391790126,635.5584489956016,639.0992810482883,3255
2009-12-09,638.9998779296875,645.9160421188711,635.6907123267373,636.6834620076224,1364
2009-12-10,640.05859375,661.1710798243429,638.8673025860883,661.1710798243429,2028
2009-12-11,638.8014526367188,647.9347432884252,636.0217449440007,647.2729100470683,2118
2009-12-14,630.2636108398438,644.625396226998,625.4322376124364,639.3307317816017,5257
2009-12-15,622.7188110351562,638.6028062281107,618.8139793921861,635.3598077181804,6088
2009-12-16,622.4541015625,628.675349570284,615.504853219697,616.9278107050693,2835
2009-12-17,623.4799194335938,636.3525824567446,618.8140037410881,621.4613363774135,2986
2009-12-18,624.2741088867188,632.0506482765082,622.7849843227165,626.9545250229049,2861
2009-12-21,635.8231201171875,639.3639113385667,622.1231657290302,625.4323315041846,3351
2009-12-22,632.14990234375,635.2936095723342,630.1312790703793,630.726945019093,1274
2009-12-23,632.0175170898438,641.5148057690316,628.7414352168022,630.1974760931636,8983
2009-12-24,630.4291381835938,635.3267194902758,626.7559724011265,632.0175538492983,8051
2009-12-29,624.7373046875,633.3742177597528,622.1230561067582,630.0650525676956,2253
2009-12-30,624.7373046875,633.8375089656574,622.288514366361,624.7373046875,2760
2009-12-31,628.0464477539062,633.0101953671226,625.4652828370012,625.4652828370012,942
2010-01-04,623.84375,635.326576425507,618.8138355164011,635.326576425507,29365
2010-01-05,625.5315551757812,634.6317600760553,618.8139332186356,634.6317600760553,18293
2010-01-06,622.0238647460938,628.6091126133715,620.7994895867143,628.6091126133715,7454
2010-01-07,629.6349487304688,694.858637734155,625.4323244017836,641.2832363637885,25876
2010-01-08,624.3732299804688,634.6316408499279,622.9171893909493,629.4693114511698,6195
2010-01-11,627.0537719726562,634.6979361169452,622.1892745025914,627.219230245888,4685
2010-01-12,621.7259521484375,631.9512399420718,617.490204682827,623.4467018341084,2940
2010-01-13,625.6969604492188,632.0174577837636,617.7218401505966,624.4394615387496,3956
2010-01-14,627.7816772460938,632.7123411215064,509.6114044597907,623.4466792222374,12544
2010-01-15,622.6525268554688,632.7123973186311,621.6597772780859,628.7413990091,2723
2010-01-18,621.5606689453125,625.4323770260078,618.979503294787,622.1893781722802,2183
2010-01-19,618.3176879882812,624.4065617129969,616.0012717100271,619.5420632916066,3480
2010-01-20,613.88330078125,622.0900476059526,612.3610926882244,619.0455910248136,3924
2010-01-21,614.0156860351562,620.0052677794941,612.8574780582643,620.0052677794941,3394
2010-01-22,602.6984252929688,613.8502986577158,599.8525101906644,613.5193820546659,6956
2010-01-25,604.054931640625,627.4176263135816,599.0249770660439,599.0249770660439,3892
2010-01-27,588.3365478515625,606.8347912493747,583.0749665781115,606.2391252957436,3416
2010-01-28,591.7119140625,600.2164941963363,585.7223321908655,598.56191133704,2740
2010-01-29,616.0011596679688,616.0011596679688,616.0011596679688,616.0011596679688,0
2010-02-01,584.6634521484375,589.0315350141009,579.1702043934685,589.0315350141009,3861
2010-02-02,591.7449340820312,595.5504742496639,585.0604362064844,585.0604362064844,2005
2010-02-03,597.2382202148438,601.6063026237135,589.6933065321549,591.678805880748,4189
2010-02-04,603.2939453125,609.2173595490007,585.8877431186886,595.6497811994575,4004
2010-02-05,597.767578125,600.2825354646892,578.8060463759386,578.8060463759386,4467
2010-02-08,607.5296630859375,622.1230739217882,582.5123815966101,622.1230739217882,3958
2010-02-09,610.3755493164062,612.1955902604237,602.2680942021466,602.2680942021466,1266
2010-02-10,613.1884155273438,616.8284978645271,606.3053345862701,607.5628337335148,2387
2010-02-11,611.9308471679688,619.4757604078939,608.8864311701522,619.4757604078939,1088
2010-02-15,613.2876586914062,633.3742771320742,607.0664113891276,633.3742771320742,2167
2010-02-16,607.1987915039062,612.195623377865,603.7572512718457,603.7572512718457,884
2010-02-17,615.8026123046875,618.8139448127268,610.2101145639937,610.2101145639937,2810
2010-02-18,617.258544921875,619.4756692467241,608.9194251372753,615.5046713669375,8838
2010-02-19,618.9794311523438,621.1303888120552,614.1811409883721,614.2804321153172,1706
2010-02-22,619.0786743164062,623.4467564519848,612.1955941805584,618.8139249284562,8410
2010-02-23,618.9794311523438,624.770471005413,603.8234364074187,617.1593900556649,13026
2010-02-24,617.0269775390625,621.3288925948574,609.151188058582,610.276271987875,3782
2010-02-25,605.6104125976562,625.4323234134278,589.6933335040891,603.1947458500972,28465
2010-02-26,606.2060546875,612.195636347886,603.128514519716,603.128514519716,5565
2010-03-02,614.9091796875,618.8140115332865,608.8865140220573,608.8865140220573,2078
2010-03-03,621.7259521484375,623.4467018341084,604.3528354572004,621.4612027836812,2555
2010-03-04,626.7890014648438,630.0650832434986,615.6040468081814,621.4612533252576,6225
2010-03-05,623.5460815429688,630.7269546376288,622.1892913496616,630.0651215267812,6919
2010-03-08,615.2069091796875,631.3887354793221,614.1810760218144,630.0650693672062,3639
2010-03-09,613.3538208007812,622.7849424046778,612.1956128845133,622.7849424046778,1602
2010-03-10,607.9267578125,620.9979609330242,606.3052587134687,620.9979609330242,2389
2010-03-11,611.599853515625,617.4901833194698,605.577189429062,617.4901833194698,1914
2010-03-12,615.7362670898438,618.8138064564549,605.0476892153696,605.0476892153696,2503
2010-03-15,603.5918579101562,617.4241874786338,602.3343587148069,609.5483565079538,1555
2010-03-16,605.2794799804688,611.9971023971053,602.3343144777293,611.9971023971053,2416
2010-03-17,611.5668334960938,612.1955829846625,604.915419295115,604.915419295115,2080
2010-03-18,619.6080932617188,628.4104645171714,606.239057922832,606.239057922832,3309
2010-03-19,617.2255859375,625.4323332407051,611.5338369464672,622.1231674563627,3502
2010-03-22,621.5936889648438,623.4468136652982,614.3466080518185,619.4758148521435,1938
2010-03-23,622.8179931640625,644.6254005746339,616.8614956228184,628.7414071313165,4217
2010-03-25,633.539794921875,645.5520829815378,622.12317286661,632.0506703059708,21079
2010-03-26,633.0433349609375,643.3017476027509,628.7414199821125,634.0360845714356,11021
2010-03-29,621.3287963867188,635.3596637059068,620.1375050962861,634.0359977398529,4804
2010-03-30,626.3919677734375,632.7124660234196,622.7849691715876,622.7849691715876,2758
2010-03-31,629.7672729492188,635.2273959784688,623.446774976195,625.4322742595587,3380
2010-04-01,663.3223266601562,671.0988667831364,622.7850430403662,629.4033750599237,28690
2010-04-05,666.1018676757812,681.6549036387132,661.833036511267,668.4513668763797,11097
2010-04-06,655.5126342773438,678.3789609301673,651.2438024929606,678.3789609301673,9393
2010-04-07,670.4700927734375,672.2901340126105,651.9056802128907,651.9056802128907,7947
2010-04-08,677.9486694335938,679.9011254075675,665.5392997310087,672.4223796174093,9792
2010-04-09,678.610595703125,681.7543031262883,673.746138269529,677.055303978122,5410
2010-04-12,687.9423828125,717.956578500563,675.5992197465091,684.3354247370635,49398
2010-04-13,683.0449829101562,705.4810636441623,679.7026929510415,693.6011900805175,14857
2010-04-15,696.8457641601562,700.2289492660576,684.0497450260792,693.3955188935828,10345
2010-04-16,689.5768432617188,697.4151945807567,686.7295670110288,696.7452472276532,2016
2010-04-19,679.32666015625,689.3423410232016,670.650833192162,686.5285946697409,2743
2010-04-20,681.805419921875,689.9452556143456,679.3266065718975,686.0260800094902,8242
2010-04-21,702.808349609375,706.7945039096709,683.2793666286242,690.0458189829014,6573
2010-04-22,704.5836791992188,708.8043807191807,694.4674893655088,694.4674893655088,5373
2010-04-23,696.6448974609375,703.5118593945097,690.7828567859368,703.5118593945097,8232
2010-04-26,705.3206176757812,716.8436796266652,683.3463114198117,699.0565443965525,4355
2010-04-27,694.6348876953125,704.7176279409548,690.9501773010578,700.0949749083899,2093
2010-04-28,687.299072265625,716.843737033971,683.0113924356388,700.0950515892521,5404
2010-04-29,698.9895629882812,706.1245187415695,686.7295753460932,703.44472929663,5621
2010-04-30,673.3306274414062,708.1344031140592,667.3011008302175,705.4546135090864,20111
2010-05-03,682.8438110351562,688.7058501291544,674.6369563035588,679.9965349037857,4050
2010-05-04,683.4468994140625,694.6685190692311,682.6764434995092,694.6685190692311,3485
2010-05-05,693.3285522460938,700.0614742721789,675.306951567375,690.0793238451854,11107
2010-05-06,696.2093505859375,703.4112856036971,681.336550052237,703.4112856036971,5025
2010-05-07,688.3710327148438,701.4350085181911,684.2843694607054,693.3286604014844,6094
2010-05-10,687.7010498046875,696.7453402794691,685.7581858650772,690.1128442418238,2207
2010-05-11,688.1699829101562,703.4112872865293,681.4035300706305,703.4112872865293,1276
2010-05-12,690.7828369140625,703.4113306773518,675.7090184691206,690.079441121718,2269
2010-05-13,708.2349853515625,713.4940566429792,690.0123650712296,700.7650546934801,5909
2010-05-14,708.9381713867188,715.5036873726319,693.5964442636605,703.4446364618573,8179
2010-05-17,704.2152099609375,708.1343858062825,692.3906222618665,692.3906222618665,4841
2010-05-18,733.35791015625,753.0208492498305,703.4447435163007,709.4742698892976,17277
2010-05-19,719.4230346679688,749.671177628138,713.4940162412573,730.2427020685169,9263
2010-05-20,707.0960083007812,734.9323577538738,700.1286201969506,734.9323577538738,4521
2010-05-21,703.1767578125,710.1442269614668,694.0990198287158,710.1442269614668,5004
2010-05-24,695.706787109375,713.493921816221,690.7492421851504,696.7787682850058,1984
2010-05-25,690.2803344726562,700.0950809104585,689.3759217769012,690.7158166685958,2415
2010-05-26,693.8644409179688,696.7452472486739,684.0497367289111,690.0457737174366,2545
2010-05-27,699.358154296875,728.2328728245811,690.1128468422062,728.2328728245811,2093
2010-05-28,713.9965209960938,730.2427472538045,704.1147957465582,730.2427472538045,3119
2010-05-31,707.56494140625,716.1737488790139,701.099932836191,716.1737488790139,2136
2010-06-01,703.4111938476562,713.4269558900849,693.3955135859107,713.4269558900849,7647
2010-06-02,696.8792114257812,712.8239913121421,694.7354125852362,703.4447282685612,1882
2010-06-03,705.0526123046875,708.1008236995673,698.085143461032,699.4250381701702,1881
2010-06-04,705.8565673828125,710.1442471177745,697.4487765443125,704.1147204913028,2588
2010-06-07,704.4160766601562,706.1244750378419,680.8674529044356,680.8674529044356,14454
2010-06-08,718.4849853515625,727.5628044359406,704.784595088959,705.3875640454563,31248
2010-06-09,738.2149658203125,740.2917861493015,723.5431032047471,728.9026817470045,13481
2010-06-10,756.1695556640625,760.3902567618867,733.5923622504546,738.2819937899552,15417
2010-06-11,755.8011474609375,765.0799022485326,741.1628136733526,759.0503758735441,3442
2010-06-14,749.235595703125,761.0601826792335,744.981446425447,755.7006039279713,12674
2010-06-15,743.7421264648438,763.0700927026222,740.291880980156,763.0700927026222,2816
2010-06-16,738.6840209960938,751.6140391254739,736.9421740317935,744.9815432030493,1616
2010-06-17,737.6456909179688,743.6081579470064,730.2427386986988,743.6081579470064,3193
2010-06-18,724.0791625976562,744.9814881870324,717.5471756283905,742.3016986611797,4052
2010-06-21,720.3944702148438,728.9027694622845,716.1737688926306,718.0496543204339,26103
2010-06-22,722.1363525390625,730.9126475327676,720.1934886321953,730.9126475327676,1110
2010-06-23,720.6288452148438,730.20904274401,717.5135738462105,724.8494642278852,868
2010-06-24,722.6388549804688,766.4199057954228,717.9826709948494,766.4199057954228,2079
2010-06-25,744.1105346679688,756.370604638782,723.5431824711112,724.2131298622882,10062
2010-06-28,732.0514526367188,750.2740700235081,723.5431538179846,746.9913115806045,3744
2010-06-29,770.8414306640625,803.2668998585253,733.994325165965,735.6022152165644,49384
2010-06-30,766.5872802734375,786.518214586861,761.0602144554293,773.7892145211451,18234
2010-07-01,762.4337158203125,775.7321561310114,753.6908690273183,771.1095024448385,3746
2010-07-02,774.0906372070312,799.9171404073301,758.7153781501686,770.4059267612689,18143
2010-07-05,784.5084228515625,797.2374237347219,777.1390012876282,777.1390012876282,11177
2010-07-06,803.0657958984375,822.6952845031697,785.3457225234858,795.1604668258519,39393
2010-07-07,816.096435546875,826.6481070177563,809.296453131725,820.618580462967,25629
2010-07-08,816.0294799804688,830.7347929991042,810.8038574412628,821.0205555003245,15007
2010-07-09,809.3634643554688,823.2984034486751,807.2866437029106,823.2984034486751,3307
2010-07-12,803.7024536132812,821.3555521004101,772.0474374332288,817.3023374222217,15114
2010-07-13,819.9151611328125,833.7160620919268,803.8029742093921,833.6826137882186,12273
2010-07-14,826.1455688476562,830.0647443838897,814.1870253270752,820.6854817354841,6629
2010-07-15,837.2332153320312,840.1140218032805,818.8431923038753,824.0352845438875,16266
2010-07-16,853.5130004882812,856.7957591539895,827.7535552815818,837.4342626454878,8276
2010-07-19,859.6094970703125,862.6577904684974,839.7790702829518,844.8036758091761,4409
2010-07-20,864.2991943359375,870.9316904888764,858.8726363128766,858.8726363128766,5266
2010-07-21,858.3366088867188,870.9316531991055,854.1829675606613,858.2696305003034,2421
2010-07-22,842.7938842773438,863.5622550345755,838.1712305591115,863.5622550345755,2549
2010-07-23,830.600830078125,856.1927883800253,824.7052601688663,856.1927883800253,13844
2010-07-26,824.7721557617188,848.8232816776235,820.7524717127324,837.4341768721622,6450
2010-07-27,811.9091796875,833.4144724682045,807.6215004504988,820.7190033691639,3244
2010-07-28,788.762451171875,811.9761418813001,786.0156835496991,809.2963526341672,5799
2010-07-29,789.6000366210938,803.9033981124554,769.8365871362572,803.9033981124554,11413
2010-07-30,784.307373046875,795.2610782460569,781.225631423605,793.2177060039577,1844
2010-08-02,778.5457763671875,798.5772179039683,730.9795159047867,785.1782712948414,3949
2010-08-03,791.9783935546875,797.2374646756103,773.856282338649,773.856282338649,2731
2010-08-04,792.9497680664062,810.6363967144974,789.332035559641,803.2669749261838,6884
2010-08-05,785.8482666015625,796.2324508575934,783.838424487492,787.1881613442762,2147
2010-08-06,776.1004638671875,791.1742790279953,773.7556481755063,780.6561384947264,4288
2010-08-09,771.4778442382812,780.4216243164062,770.5063715871282,773.8226597828439,3155
2010-08-10,766.2523803710938,777.1390262124316,763.8405859562282,777.1390262124316,3088
2010-08-11,765.7499389648438,782.4986252939086,761.0603067927057,761.0603067927057,1981
2010-08-12,789.1644897460938,807.2865992294528,761.0602296470195,762.4001244175248,7261
2010-08-13,783.1350708007812,799.2473403405459,774.459283682876,786.5183382730938,3037
2010-08-16,759.6868896484375,785.1784232168606,757.0406298933895,774.3587553803866,6105
2010-08-17,764.3094482421875,773.789219977267,759.7203250685893,759.7203250685893,2128
2010-08-18,771.310546875,793.217796203129,767.0898451457624,769.0996875347905,3306
2010-08-19,770.8079223632812,780.4886284328594,767.0896820219948,773.789155227427,4171
2010-08-20,771.71240234375,786.5182230657674,767.759696450911,770.439485967319,3262
2010-08-23,773.1192016601562,787.1880952778887,770.4394123996358,773.7891489752864,4062
2010-08-24,765.11328125,777.138801544389,763.7398566901754,777.138801544389,3622
2010-08-25,755.60009765625,770.2384308068482,749.4030847071747,751.3794784458294,2664
2010-08-26,764.71142578125,770.071004972584,757.0405607759285,769.7695613553468,2467
2010-08-27,763.4050903320312,777.1390125363372,758.5144414201725,758.5144414201725,3318
2010-08-30,729.3046875,783.1684721732722,723.5431564988314,765.9508575503423,9472
2010-08-31,739.0189208984375,743.6415740663381,687.5670124098257,729.5726794218398,9136
2010-09-01,745.9865112304688,750.0731744598756,731.649618951265,748.2643489949455,1906
2010-09-02,723.8111572265625,750.3410568075496,721.8682934911917,740.2918462253057,15931
2010-09-03,740.8280029296875,750.3412250348118,730.2427993642365,750.3412250348118,2618
2010-09-06,753.5233764648438,768.6307238152913,736.9421774717299,740.8279053015851,13025
2010-09-07,753.891845703125,769.0996190469165,703.8802556868371,703.8802556868371,3083
2010-09-08,760.82568359375,767.0226962490117,753.6907283426375,765.6158232455745,5142
2010-09-09,742.8041381835938,761.7301511745173,738.6169671679027,753.0208354618799,3544
2010-09-13,749.4701538085938,760.3903295800375,718.3846586230029,742.9716964795257,11226
2010-09-14,751.47998046875,759.7203663611336,749.0012077528636,751.6809974049311,4298
2010-09-15,741.4977416992188,757.006957050829,737.6120144512362,751.680908459843,7512
2010-09-16,738.7510375976562,756.3706886550435,727.294952292147,727.294952292147,1553
2010-09-17,739.6889038085938,742.3017150099831,736.3391668275017,742.3017150099831,4174
2010-09-20,749.235595703125,756.3705512718791,737.6120256424614,750.2740467984546,7387
2010-09-21,739.8229370117188,757.0405522578751,738.6169989949623,750.3746084259325,11972
2010-09-22,734.3292236328125,747.6611913399014,727.5627722178609,743.6415075154932,3194
2010-09-23,730.8121948242188,741.5648846290818,717.9492358743422,726.2230709258914,2903
2010-09-24,733.92724609375,736.9084787809485,726.8927996455672,736.2720615764777,5213
2010-09-27,721.0643920898438,742.9716385298938,716.8436909170301,734.2623226589392,6347
2010-09-28,720.4616088867188,732.9226169131967,717.681310208649,726.2566715283255,5892
2010-09-29,718.4180297851562,730.2426169571587,714.1974105170247,729.5726696021521,9919
2010-09-30,726.79248046875,730.2427262194119,718.1836720249629,721.8348529437819,3667
2010-10-01,742.7371826171875,752.6189065177427,730.5776212579942,740.2248799306058,7951
2010-10-04,739.4544067382812,753.6907882949639,733.5923672737649,753.6907882949639,4192
2010-10-05,736.9755859375,748.967577603754,734.26226656502,748.967577603754,4955
2010-10-06,753.4227294921875,753.6907247726866,736.2720946890512,747.3597553968672,19994
2010-10-07,732.8218383789062,755.7005550497114,728.902663026672,754.3606604485594,11939
2010-10-08,732.721435546875,746.9913478183711,730.2426628897081,746.9913478183711,3190
2010-10-11,731.8840942382812,742.301810299072,730.2427556191232,736.942230441317,2827
2010-10-12,735.5017700195312,738.6170419266529,728.902804187028,732.9224887689418,2175
2010-10-13,748.733154296875,757.0405179294052,742.3016759874167,750.3410443194105,69379
2010-10-14,743.6415405273438,754.3271677893158,736.9420671892595,737.612014523068,3237
2010-10-15,738.7174682617188,750.3075084491621,710.0772188000004,726.4909290178273,3609
2010-10-18,730.7452392578125,743.6417286969258,725.821141464473,737.6122011669509,2059
2010-10-19,729.9412841796875,757.0406260916641,713.4940414049754,746.3214667841715,13734
2010-10-20,747.6278076171875,789.8680261198431,718.1836505517148,730.9126518208217,26423
2010-10-21,766.1517944335938,773.7556807116501,750.3410528895579,755.7006318387689,21732
2010-10-22,751.9154663085938,770.4395287249447,751.0110536527504,770.4395287249447,6919
2010-10-25,757.2416381835938,770.4395702840071,753.0879149101675,753.1548932992705,16416
2010-10-26,760.4907836914062,768.932104311373,749.6711171635168,753.0208540587961,3096
2010-10-27,754.1597290039062,763.6730308184932,744.9814826582507,755.7006406821104,3741
2010-10-28,753.5233764648438,760.3903376640121,746.991388982708,757.0406004936862,10117
2010-10-29,756.2366333007812,759.7203269554986,728.9362776363752,759.7203269554986,8219
2010-11-01,755.9349975585938,760.1891464334233,751.6808486837642,759.0502687688992,2072
2010-11-02,759.2514038085938,763.4050448815457,743.7755537971523,743.7755537971523,3600
2010-11-03,758.9498901367188,770.2384873873293,750.3410824663451,763.0700829724707,7922
2010-11-04,757.0740356445312,761.7301370151565,713.4939278110305,745.3834053176219,2455
2010-11-08,757.3084716796875,762.4000549877935,750.0395595677938,762.4000549877935,4992
2010-11-09,757.4425048828125,759.7203423712801,750.341078885215,755.9351232511235,5438
2010-11-10,757.0405883789062,762.4001677656595,746.9913770287437,756.3706409555621,4233
2010-11-11,758.4474487304688,763.7400496411374,752.3509436377169,763.6730712560789,6490
2010-11-12,749.8721313476562,762.3331361963955,746.9913249159752,751.3459828639158,2890
2010-11-15,750.676025390625,753.6238101641816,730.4436476015183,734.6642669489585,1368
2010-11-16,740.8612670898438,754.36072266598,734.2623019910427,744.3115123285113,5739
2010-11-18,745.8190307617188,760.3903884253768,730.3097302716166,739.3540212352665,3857
2010-11-19,746.92431640625,751.5134393947573,734.2622951429944,734.2622951429944,1650
2010-11-22,737.4780883789062,750.3410450096554,734.4967735513059,750.3410450096554,1989
2010-11-23,736.9755859375,744.9478936627046,730.2761127024177,736.942055859053,1572
2010-11-24,730.8455810546875,740.9617696916284,728.3332784901816,733.5923488357442,1702
2010-11-25,718.8870239257812,734.2622826243005,717.5135991702791,725.1510151814491,2463
2010-11-26,704.4160766601562,726.8258635748783,703.3441773046596,718.8870041917365,6345
2010-11-29,706.1914672851562,714.4988305696216,703.6457164884312,704.7845942421397,1811
2010-11-30,699.2910766601562,714.8338224682808,691.3856652176812,704.1146648680067,9591
2010-12-01,705.4210205078125,710.1441819775774,683.480285964412,691.3856564159056,2761
2010-12-02,718.1165771484375,721.2652969650609,706.7944506352063,706.8279807148078,2043
2010-12-03,717.6812744140625,723.4763367666386,700.0951521705441,713.49410245132,3473
2010-12-06,724.8161010742188,736.9421325352522,716.8437107388362,716.8437107388362,11005
2010-12-07,754.5618286132812,767.0898129331881,727.5629142754955,742.2682277587497,15399
2010-12-08,750.7095947265625,767.0897760085303,743.6751469989733,754.9637443771096,7301
2010-12-09,715.0684204101562,757.3086413813146,704.1147955603849,750.3411712917517,6416
2010-12-10,718.8201293945312,733.5589742301246,707.4645521084791,708.804447093533,28908
2010-12-13,730.04150390625,732.2523625989182,713.4938391288636,732.2523625989182,46630
2010-12-14,733.9942626953125,740.2917838187753,718.8534697172362,720.8633116642554,2852
2010-12-15,734.2958374023438,740.8278241691229,723.6771063107766,723.7106363910848,3343
2010-12-16,729.8072509765625,736.7411908483514,723.5432585664092,730.2427331827648,2067
2010-12-20,723.4762573242188,750.3411333310951,717.6476655236772,717.6476655236772,2471
2010-12-21,721.097900390625,728.5678305960935,713.4940134113467,724.9500981156158,1707
2010-12-22,717.9492797851562,726.1895852542948,716.8438500154404,720.8635351557137,3479
2010-12-23,729.7736206054688,736.942023944293,718.1834996984383,722.2031834654072,2381
2010-12-24,726.5244750976562,734.2624008111832,723.5432416752535,727.5629263512271,491
2010-12-27,731.5826416015625,733.5924840235448,726.8930092836038,733.5924840235448,1025
2010-12-28,740.0574951171875,743.6416977547307,726.8930108683629,736.9422230001836,2071
2010-12-29,752.3843994140625,754.3607113719027,713.6949401940559,723.9450855164018,2513
2010-12-30,759.9212646484375,763.7399315941373,751.010932734235,760.0216913201581,3864
2010-12-31,760.0553588867188,765.7499120383602,753.0209108758677,765.1469429955773,1881
2011-01-03,771.243408203125,773.4542673183022,759.4189021091236,763.7400300934297,4090
2011-01-04,763.4721069335938,773.7893141449996,760.3903649823156,764.4100497311208,2628
2011-01-05,746.957763671875,770.4394509545451,743.6415570083001,752.0158988665016,1055
2011-01-06,757.2750244140625,769.0326339525571,737.0091156395249,737.0091156395249,2242
2011-01-07,756.7726440429688,763.7401140713379,756.0692482694791,758.5815512762927,2065
2011-01-10,756.2030639648438,764.4099189226017,741.2632054927341,756.7725028506743,5684
2011-01-11,752.8869018554688,770.4394905807736,747.0583105539677,763.7400167496364,4305
2011-01-12,789.5665893554688,803.7694423933383,767.2237767720743,778.7469218264587,50438
2011-01-13,807.2865600585938,809.9663494695766,790.5378762399507,790.5378762399507,18275
2011-01-14,828.2894287109375,835.8933151343621,810.636331565625,810.636331565625,17940
2011-01-17,832.8785400390625,843.4637412274234,827.4855127636446,830.0647937893389,13161
2011-01-18,839.4776000976562,844.1337016923354,803.9368587546052,833.4145435756074,19839
2011-01-19,841.2864990234375,846.1436179706164,828.289502312089,844.803723088636,6163
2011-01-20,826.1287841796875,849.2375352245125,822.8468867195277,849.2375352245125,4436
2011-01-21,824.4370727539062,834.3504995079014,812.0199508592714,832.185146013453,6828
2011-01-24,826.2301635742188,828.3617321138532,816.1814348621449,820.3430529437306,4304
2011-01-25,813.8807983398438,833.5384802621434,812.0199193579817,818.8882710298055,1479
2011-01-27,815.0648803710938,828.9368853919385,798.68918065595,798.68918065595,4766
2011-01-28,811.1739501953125,821.7640583284581,798.5537925517721,798.5537925517721,6821
2011-01-31,814.3544921875,822.170217418956,782.3812059545406,799.1629849973556,10000
2011-02-01,824.9446411132812,828.9370893294164,777.7121936667282,786.712032503394,11187
2011-02-02,811.4109497070312,923.6727286303907,805.2870152438123,823.0160851257968,14324
2011-02-03,812.0875854492188,835.5685447587969,808.6365172518281,820.1401329784231,9711
2011-02-04,812.0875854492188,832.3204319830533,812.0199336420031,812.0538008470805,3577
2011-02-07,809.6514892578125,823.8279699650311,798.4862158998903,812.6965638099731,4917
2011-02-08,807.0123291015625,811.3431178944785,793.7493555381344,809.989751559375,2256
2011-02-09,816.8919677734375,821.493446809922,795.2719714689957,795.2719714689957,6630
2011-02-10,812.189208984375,822.1702886198839,799.2645732311873,799.2645732311873,31323
2011-02-11,813.8807983398438,824.2002181483514,803.561378531336,811.2417170813427,1164
2011-02-14,815.1664428710938,844.500643411309,812.019849433951,844.500643411309,1519
2011-02-15,817.26416015625,823.4558281489371,812.7304156167589,823.4558281489371,1849
2011-02-16,819.0235595703125,821.3242991534098,812.7304548728556,812.7304548728556,1527
2011-02-17,823.1851806640625,831.6437213613916,814.8281589756888,824.8768888035283,2334
2011-02-18,832.4895629882812,843.5871847378932,817.4333607720737,817.4333607720737,4033
2011-02-21,833.0309448242188,835.6699434069561,823.5235121562611,831.6437111257558,1578
2011-02-22,820.5460205078125,831.4406033573052,817.500946149716,831.4406033573052,935
2011-02-23,812.1214599609375,830.1550860034064,811.1064350347528,818.7867737889621,1027
2011-02-24,805.5574340820312,832.2526342826288,803.8995933826393,832.2526342826288,1187
2011-02-25,791.8209228515625,820.7829164389406,788.3359875875625,815.4033176334874,19424
2011-02-28,812.0875854492188,827.5159972295926,791.719435300953,791.719435300953,4795
2011-03-01,819.0912475585938,820.7829557675238,813.3733068535861,815.4033567043022,2415
2011-03-03,825.6887817382812,827.5835276801097,819.463329534434,824.0648081914877,2125
2011-03-04,818.8543701171875,827.5836004115347,818.7867183139468,818.7867183139468,1563
2011-03-07,804.06884765625,819.4633911312592,802.1403169722751,812.0198756048811,676
2011-03-08,811.681640625,830.9671152042517,798.4863159128803,830.9671152042517,1847
2011-03-09,810.53125,823.523535681157,808.6365038118181,812.0199201457588,3797
2011-03-10,807.5538330078125,818.7867587980074,803.223043548128,812.6966093524024,2177
2011-03-11,814.2191772460938,820.7491875837815,803.2907254771993,812.0199565304904,2353
2011-03-14,793.1065673828125,815.4032454943709,786.3058682692606,813.3731959205261,5388
2011-03-15,788.9111328125,797.1328506363394,774.8699556896613,797.1328506363394,7627
2011-03-16,795.8472900390625,805.253205344772,786.5091091522964,788.3699884083453,1452
2011-03-17,796.1517333984375,805.9297735969566,779.9451195397417,796.4562078283946,2088
2011-03-18,796.7269287109375,810.6665880788503,788.3360393254262,810.6665880788503,2977
2011-03-21,795.3397216796875,802.5464155405009,785.9000224301484,802.5464155405009,687
2011-03-22,798.5877075195312,808.6364366764728,790.5351607927107,808.6364366764728,2432
2011-03-23,802.275634765625,807.2831072743344,797.1328586497618,801.869641341229,1295
2011-03-24,802.8847045898438,805.9297793228014,799.8396298568861,802.5463629528484,1964
2011-03-25,805.4898681640625,811.1063720271644,800.0426177117835,805.253045553604,2150
2011-03-28,813.1024780273438,820.3091702860576,797.3019425774777,809.3130688076922,4027
2011-03-29,818.4483642578125,818.7867058718091,809.4484442843293,813.3732400478633,2304
2011-03-30,817.26416015625,826.9745478569363,815.4032812985148,821.4934302874664,1626
2011-03-31,841.7261962890625,849.2373628181039,815.4032049369044,818.7866207250244,3213
2011-04-01,837.9368896484375,845.8540505201322,825.6212051111037,843.1473175584678,1551
2011-04-04,838.2413940429688,842.4030126409441,831.6437322129635,831.6437322129635,6606
2011-04-05,839.7977905273438,853.2975884856043,832.3204074839756,844.5007061300826,6589
2011-04-06,840.914306640625,847.8841776947758,823.6588824337481,847.8841776947758,2063
2011-04-07,833.7077026367188,912.1690991557081,832.3204688141847,912.1690991557081,1123
2011-04-08,843.3164672851562,875.6280912072154,823.0159705801976,841.7939300322844,3525
2011-04-11,851.9441528320312,856.0042520512466,832.4556435386253,845.8878712045403,2302
2011-04-13,852.722412109375,862.7711418289128,845.8540606165813,856.0043093439803,3985
2011-04-15,862.094482421875,864.1245322234964,847.2074505433183,855.3276497498038,2021
2011-04-18,850.35400390625,868.1845906304906,843.1473109318716,843.1473109318716,1755
2011-04-19,859.3199462890625,862.7371466251986,849.2373508618314,850.5230653638005,3006
2011-04-20,868.6244506835938,872.9213727030569,842.470627143648,842.470627143648,3351
2011-04-21,884.6619262695312,889.0942350786942,860.0645039861114,860.0645039861114,6430
2011-04-25,901.3082885742188,919.4773012652089,864.8012575730887,864.8012575730887,4277
2011-04-26,899.0753173828125,919.2066463262146,879.6544563697636,893.8986734196344,5735
2011-04-27,886.3534545898438,903.3720532369532,880.3648249148135,903.3720532369532,2053
2011-04-28,899.5150146484375,922.3192055448001,888.5189126014067,889.8045446045616,4104
2011-04-29,925.059814453125,940.5557938660685,899.3119852942358,899.988668503637,20139
2011-05-02,893.9661865234375,937.1386090538305,863.989169402243,929.7627454261516,5482
2011-05-03,887.0978393554688,916.9057684102747,867.6431966677968,872.2446756316192,2681
2011-05-04,848.425537109375,894.5753041778266,845.8541075811522,889.8385211753722,6860
2011-05-05,868.0153198242188,898.6352326849055,839.7637980135299,845.8539464278101,15100
2011-05-06,879.451416015625,893.2219038459967,858.7110575610377,879.6882386362089,2905
2011-05-09,861.9592895507812,889.8386107003661,859.3878597638517,889.8386107003661,2122
2011-05-10,860.2674560546875,893.1542457627297,849.9141692007961,849.9141692007961,15436
2011-05-11,857.9328002929688,872.9213500725529,856.6809528619007,858.0343192961217,1454
2011-05-12,851.1322631835938,879.6882645771532,847.2074671158429,856.6810330420584,950
2011-05-13,852.31640625,876.3047940180461,847.8840979958392,876.3047940180461,1114
2011-05-16,845.9216918945312,871.5680029107048,839.7638910032489,871.5680029107048,5670
2011-05-17,853.1622314453125,857.7298431515529,846.5307028898944,852.6208518315484,18301
2011-05-18,849.9818725585938,857.3577370140305,846.5308042656291,857.3577370140305,559
2011-05-19,856.1058959960938,866.1546265096208,846.8352851974677,866.1546265096208,1424
2011-05-20,876.4402465820312,883.071776488797,821.66276214676,847.3090777699745,12851
2011-05-23,858.5079345703125,902.6953801479623,850.3200844493763,883.7482507295642,3956
2011-05-24,855.1245727539062,864.0906256357491,849.4066324477915,855.6998195871643,1251
2011-05-25,847.3426513671875,859.3876451035103,843.3164194568895,855.8689255820528,847
2011-05-26,849.2035522460938,857.3576178803663,843.1472706226807,855.1245302701294,352
2011-05-27,854.2111206054688,872.921429787787,848.5946989523186,872.921429787787,2499
2011-05-30,853.1961059570312,859.3877745541314,841.0158067901224,859.3877745541314,2669
2011-05-31,853.0946044921875,859.387792232389,839.7639765042478,852.6209592226851,2481
2011-06-01,856.5118408203125,862.7711610080178,851.2675455279108,856.6810116361964,1496
2011-06-02,854.0420532226562,862.7712850983589,851.3353197792104,851.3353197792104,1300
2011-06-03,893.7293701171875,898.6353235022715,843.553292423639,846.5307151365524,18212
2011-06-06,878.4364013671875,899.2444118698512,872.0755621238344,886.4550815768947,2268
2011-06-07,884.2219848632812,893.0866016723076,880.3649233134594,885.101706144508,1401
2011-06-08,871.3311767578125,891.8008444448207,869.5379496795209,891.8008444448207,766
2011-06-09,863.5831298828125,889.8384730019139,860.7410932763761,889.8384730019139,1080
2011-06-10,863.8538818359375,878.3349209359004,857.0193970456994,878.3349209359004,876
2011-06-13,893.0527954101562,903.3722158534258,854.6510176950387,876.2372317330238,5448
2011-06-14,890.447509765625,905.4021931467897,886.4550620495475,896.199317420145,4048
2011-06-15,896.368408203125,899.9886467653926,881.718200552862,896.5375790013892,2624
2011-06-16,907.1279296875,910.1391376593934,880.3650692155173,881.0417525892418,5706
2011-06-17,918.1577758789062,920.2893449263471,867.7448669105144,907.4323614310525,9779
2011-06-20,930.473388671875,931.79288804296,916.2291724111604,923.6726885828907,10788
2011-06-21,977.299560546875,996.0775164445214,929.7625730942747,929.7625730942747,57343
2011-06-22,958.792724609375,984.5404783807795,947.2214550065145,984.5404783807795,7143
2011-06-23,954.3263549804688,963.5968818276668,943.364037521514,963.5968818276668,3209
2011-06-24,965.9990234375,976.4537446267431,950.3337926493422,954.1232016103311,2434
2011-06-27,968.7059936523438,990.9350231350925,956.1873528285466,990.9350231350925,1461
2011-06-28,968.570556640625,974.3223642850659,936.8003109869178,940.7250242884217,1722
2011-06-29,1021.3179931640625,1029.911836816431,962.2773835962349,962.2773835962349,20227
2011-06-30,1007.4462280273438,1036.611264572245,983.3562341229073,1028.4910641827812,33830
2011-07-01,988.7357177734375,1021.1149937997824,984.5740993894522,1014.348161501573,3907
2011-07-04,1000.0023803710938,1008.1225780757621,987.957387401333,1001.0850568777983,1840
2011-07-05,996.2469482421875,1002.1679268783697,985.2508450607065,1002.1679268783697,1426
2011-07-06,985.28466796875,1001.4911985802771,981.867384554042,995.9085618314343,1194
2011-07-07,989.2771606445312,1004.2995801230691,981.1908278971775,981.1908278971775,3615
2011-07-08,980.6597290039062,1004.2050289261755,975.7742751619742,990.6681919015416,987
2011-07-11,983.4415893554688,997.3856146228603,972.7207107932558,997.3856146228603,1243
2011-07-12,989.8200073242188,1017.0633988989196,977.0973851221079,984.5613234806796,5935
2011-07-13,989.2771606445312,1006.2406572283709,981.3722375001205,994.0608998130033,2130
2011-07-14,986.39306640625,995.4855143774084,979.1327252070124,987.343038492111,7179
2011-07-15,974.7225952148438,997.4197224101516,970.9906256543275,997.4197224101516,1085
2011-07-18,988.3609008789062,998.1318890301561,966.9190631325441,977.0971585339394,34173
2011-07-19,994.0948486328125,1000.1677472089348,978.4544718285508,978.4544718285508,3522
2011-07-20,1001.8301391601562,1007.6316880717926,987.2754923531705,990.7021517643009,4450
2011-07-21,993.1786499023438,1000.5069127101746,983.8826879821994,991.0073557227602,2931
2011-07-22,1011.4315185546875,1023.2381289157845,994.1965892072999,1004.2050523382733,2822
2011-07-25,1006.9871215820312,1011.0244006541564,982.9328336271127,998.1321431961503,2121
2011-07-26,1004.4765014648438,1012.7207776275256,998.1321701106132,998.1321701106132,1844
2011-07-27,988.7342529296875,1009.6671884907506,969.0565993905533,994.0607736148854,2535
2011-07-28,1028.3609619140625,1111.380284622016,979.1328694089736,979.1328694089736,57475
2011-07-29,1041.0157470703125,1053.738368553033,1017.7757584952093,1017.8097186176566,16177
2011-08-01,1039.6248779296875,1072.0251567079533,1025.2737431195774,1071.3466168382515,23744
2011-08-02,1020.1507568359375,1048.242324637122,1017.8098273648287,1044.9514227612242,2982
2011-08-03,1007.59765625,1019.8453329343649,1000.8462182822278,1017.8097135073502,27918
2011-08-04,1000.5748901367188,1016.4527398891532,994.739463736648,1016.4527398891532,2558
2011-08-05,979.5400390625,997.4535063547847,950.7020975522427,994.0608073535781,5057
2011-08-08,962.8480224609375,975.7402792803581,937.7420486546974,969.6334207869484,7622
2011-08-09,946.8344116210938,960.1337745471418,922.8140871972529,922.8819246083403,3657
2011-08-10,964.0355224609375,970.3120162724904,956.7412188421058,957.4197587136251,1278
2011-08-11,956.91064453125,976.6900940261354,952.0930290630027,963.5264068316787,1653
2011-08-12,956.1303100585938,1040.744263475067,953.3483137516355,980.082795486098,1365
2011-08-16,954.5698852539062,979.811534307848,953.3484804034117,971.4994212224802,1697
2011-08-17,946.1897583007812,972.3474998192297,941.813209873755,972.3474998192297,3851
2011-08-18,950.6341552734375,965.5620292320497,937.0973208837004,937.0973208837004,4281
2011-08-19,928.2764282226562,942.4578441105308,903.2043323287928,920.9142049568932,4975
2011-08-22,901.1008911132812,929.5995638743941,889.5317539200972,916.7073071491287,4447
2011-08-23,927.699462890625,929.5994072196843,897.4027309554668,903.8148981143207,3878
2011-08-24,934.2136840820312,939.777677633666,909.9897621160422,909.9897621160422,2672
2011-08-25,920.8804931640625,941.8134336795687,913.6540262604749,923.4928553587125,603
2011-08-26,924.1712646484375,935.02790211861,912.6700474603017,935.02790211861,1587
2011-08-29,923.1534423828125,956.0626242685651,906.5292164817622,917.0465838885491,2384
2011-08-30,938.7598266601562,942.4917956132686,916.7751202613633,929.5995392297898,1761
2011-09-02,970.2779541015625,983.8827102265209,930.3459034282819,936.3849242155853,3475
2011-09-05,977.4027099609375,983.8488386425171,952.0253854150089,952.0253854150089,3024
2011-09-06,973.806396484375,979.1329172716029,954.7733222371866,954.7733222371866,842
2011-09-07,972.04248046875,977.0975701826518,963.5267705967816,970.3121703897167,2925
2011-09-08,960.5072021484375,973.7047702580832,956.7752326457062,970.3120707101456,1132
2011-09-09,943.9506225585938,970.2779160751152,935.1634827932107,960.1337795921677,3336
2011-09-12,909.5486450195312,944.5274049660112,906.3595410799925,944.5274049660112,2276
2011-09-13,964.306884765625,1017.7757730506004,902.4579634138663,922.814158077337,7687
2011-09-14,941.372314453125,970.3120577772213,929.5996637446107,970.3120577772213,2859
2011-09-15,934.7227783203125,949.9220075393637,931.6353882935501,937.7422480857147,840
2011-09-16,925.019287109375,949.2770824617755,920.7784137960182,929.5994302878003,2098
2011-09-19,925.9016723632812,943.1704800349675,917.04669335774,943.1704800349675,1607
2011-09-20,942.2542724609375,947.2415232272026,919.4213925307017,919.4213925307017,1128
2011-09-21,926.7157592773438,947.886168532083,918.505444020262,930.9566331528578,2768
2011-09-22,926.1051025390625,976.3510118255775,918.7429616940606,934.8243230911456,1854
2011-09-23,915.35009765625,926.1727732402294,899.5062114940121,926.1049358330009,2701
2011-09-26,909.0057983398438,926.2067645440352,900.0829840056138,926.2067645440352,1278
2011-09-27,919.014404296875,920.7785913695462,905.8507144276671,909.2434137326395,1312
2011-09-28,909.6843872070312,921.2534409437692,907.852280073921,919.4214166402232,374
2011-09-29,908.39501953125,916.0285911239496,906.5290353641457,916.0285911239496,479
2011-09-30,916.4358520507812,929.5995409483722,900.7615989846454,900.7615989846454,2291
2011-10-03,905.341796875,932.7887007366836,899.0653032485479,932.7887007366836,3143
2011-10-04,905.8505859375,909.8539871154206,897.3688388781601,899.4044581724017,1443
2011-10-05,907.1737060546875,913.2805639421765,902.4578878178397,909.2432854706054,1371
2011-10-07,896.6224365234375,920.099895158472,895.6724643135568,903.8149412618619,2284
2011-10-10,899.7777099609375,911.2449659991701,887.5300337788763,887.5300337788763,737
2011-10-11,902.3900146484375,913.993027608965,891.0583513196192,913.993027608965,731
2011-10-12,908.66650390625,911.753810006894,893.6368321899905,893.6368321899905,641
2011-10-13,922.3390502929688,925.833463495507,897.7080259723372,902.4578038875347,1152
2011-10-14,945.3755493164062,948.7342880985349,910.7700205059725,925.5282607339516,3558
2011-10-17,933.4331665039062,949.2770521304514,919.4213049583715,936.418757787025,3391
2011-10-18,941.7114868164062,949.9557623195938,920.2356846237674,920.2356846237674,4487
2011-10-19,937.84375,949.2771284406821,934.0439438930974,941.8131910476532,13727
2011-10-20,929.8709106445312,943.1702734743727,926.2067793471358,926.5460492296805,1579
2011-10-21,928.9550170898438,935.638618063089,920.2357137319527,930.2781366688132,359
2011-10-24,920.439208984375,942.4917517724267,912.6360015362952,927.5978367750907,14311
2011-10-25,901.4400634765625,916.0286681922163,888.887078023558,912.8395644792229,3492
2011-10-28,917.1143188476562,930.7869115149174,904.5274560550685,916.401901800657,3099
2011-10-31,905.2059936523438,916.028669617107,902.4239143920807,916.028669617107,2008
2011-11-01,903.272216796875,913.9253421585909,899.0992629756003,901.2365972432495,3357
2011-11-02,902.76318359375,912.6359701573881,899.4384050590551,902.4578738359302,5285
2011-11-03,895.7744140625,907.2077941544028,887.5301381854591,901.1348955302993,3823
2011-11-04,907.4111328125,914.6375140263144,888.886966710305,899.0650617489727,4011
2011-11-08,907.207763671875,914.6717018920625,900.0830953707871,914.6717018920625,1020
2011-11-09,905.2059936523438,922.8140671698263,899.0651757353087,910.6003515749316,3859
2011-11-11,897.6402587890625,905.8166131421157,892.720845563484,902.4578744854413,1376
2011-11-14,897.2330932617188,909.2432130182725,890.3797759148777,890.3797759148777,615
2011-11-15,897.6063232421875,901.7793594171409,890.5156157375119,890.5156157375119,980
2011-11-16,890.3120727539062,898.2170781473297,883.5266746187045,889.9728028471462,888
2011-11-17,881.8641357421875,894.9938623425609,877.7928975510916,894.9938623425609,1546
2011-11-18,848.649658203125,887.496060081214,843.6963675740491,863.9168030460421,3180
2011-11-21,841.7626342773438,857.3350905222352,841.3894042323479,857.3350905222352,2503
2011-11-22,811.6014404296875,848.2087124373613,804.4428952178845,832.6022969947572,5421
2011-11-23,817.1315307617188,821.7116742806239,800.710901203543,800.7447784948341,2297
2011-11-24,809.9390258789062,817.6404358247034,798.6413219632166,817.6404358247034,17282
2011-11-25,808.8534545898438,819.676131975406,797.2843171118394,799.3538967689368,1509
2011-11-28,811.0924682617188,822.3223341821794,804.1035585804232,808.853336799182,16079
2011-11-29,803.9678955078125,814.2477904278782,799.3199142700337,814.2477904278782,757
2011-11-30,794.7057495117188,807.4623303840649,790.4988360482653,800.676932649745,1850
2011-12-01,796.3004760742188,811.5336626126697,793.891626468916,811.5336626126697,1814
2011-12-02,789.0399780273438,806.0374328941834,779.6422185042368,793.8915540904761,2495
2011-12-05,787.8865966796875,797.9628973119721,781.6779402239728,787.1062592533059,2091
2011-12-07,799.9306030273438,811.1943473701247,787.1061839810494,802.1018972996026,5079
2011-12-08,787.6829223632812,803.3911355404801,783.7134810382217,789.2096369367323,3781
2011-12-09,781.9492797851562,793.7897661284914,780.3207677040348,781.6778473000418,1228
2011-12-12,759.99853515625,789.1078262756143,754.8755265409326,781.1689437575269,25701
2011-12-13,780.0833129882812,784.6294966059259,761.5931030743861,761.5931030743861,2083
2011-12-14,762.5090942382812,797.3182188356678,759.9645700083425,788.4632413836555,2704
2011-12-15,805.7320556640625,846.8176738534415,746.3937830438988,755.2148004798721,10189
2011-12-16,769.8712158203125,810.8550349916613,754.8755032872161,810.8550349916613,8459
2011-12-19,766.478515625,779.5065290426965,747.920469287742,763.357249216339,4728
2011-12-20,758.7092895507812,773.5353675291775,743.4760214310861,770.1426685487864,4832
2011-12-21,747.4456176757812,779.6423009768063,731.8730781543493,753.891746360968,3500
2011-12-22,745.1045532226562,760.6091714073747,739.6083972949103,746.3937954352306,2611
2011-12-23,752.6703491210938,756.5719533649038,747.072395206062,749.7865546800168,1151
2011-12-26,752.0595703125,758.5735358226755,748.0901290507966,752.5006377481483,1708
2011-12-27,751.7542724609375,758.6075079796344,746.224156440611,752.0595822437717,1584
2011-12-28,749.481201171875,756.5719092523226,746.3938118184349,749.820471086338,912
2011-12-29,748.2257690429688,759.8627426300995,743.001045961185,759.8627426300995,11956
2011-12-30,747.0723266601562,766.3428737230254,730.2445063338049,735.8085824426375,1423
2012-01-02,742.8653564453125,759.9645251288886,733.6711096389381,733.6711096389381,2365
2012-01-03,745.71533203125,755.8934302846337,740.9655528463376,742.8654976521327,5430
2012-01-04,741.7457275390625,753.1451453840705,738.28519145807,747.0722478904444,5260
2012-01-05,743.5439453125,750.4650181345366,736.8942221465703,736.8942221465703,9447
2012-01-06,741.3387451171875,757.929011292523,739.6084353705014,753.9595697419993,1809
2012-01-09,732.9586181640625,746.3937385905161,729.4642046515828,738.251261442256,3057
2012-01-10,744.4600219726562,749.7865432934873,732.8908842587874,732.8908842587874,4168
2012-01-11,741.3048095703125,753.1792573208668,739.6084598916619,746.3938586062643,5365
2012-01-12,744.8330688476562,756.5378798243767,736.8941867083138,753.1791411107075,3342
2012-01-13,744.629638671875,768.1071006232438,736.2496881947706,736.2496881947706,9165
2012-01-16,743.6796875,748.7687364564325,740.3209483205837,743.0011476391423,2454
2012-01-17,764.5108032226562,766.7500178224614,739.778059230919,739.778059230919,2797
2012-01-18,771.1264038085938,773.5352528594068,756.5717604721391,756.5717604721391,2066
2012-01-19,777.0977172851562,782.8992657916068,772.2122637857206,780.3207813821695,2199
2012-01-20,801.3894653320312,837.3181146734288,769.4641345540261,769.4641345540261,19025
2012-01-23,815.0619506835938,821.7116736600669,770.3462454408871,813.5691962992736,5239
2012-01-24,815.5708618164062,831.2112369995289,807.462344513828,821.0331402199429,3744
2012-01-25,831.5845336914062,833.2469231668737,802.2037255000296,817.6405068534875,8019
2012-01-27,835.8253173828125,844.7820091674622,827.1399752410734,837.9966115034665,2159
2012-01-30,806.0712890625,867.7166936159383,800.6769310066107,850.1424969542028,3035
2012-01-31,808.5140991210938,824.4258236557105,804.0696304790263,805.901654733103,6864
2012-02-01,800.5073852539062,814.9263570162673,797.623590901434,814.9263570162673,1643
2012-02-02,803.2215576171875,812.8907506022307,775.0961136100663,804.069732440437,1734
2012-02-03,804.476806640625,807.2588033803343,789.515053072759,789.515053072759,2650
2012-02-06,809.2605590820312,826.2579324254399,803.3911728831448,803.3911728831448,3951
2012-02-07,793.145263671875,863.7812469551608,790.5667790565974,809.4980578299346,44141
2012-02-08,791.7201538085938,802.7124637989559,785.2400665522754,800.6768447022553,5291
2012-02-09,801.42333984375,810.855059613536,787.8865039887226,798.64134323442,5939
2012-02-10,789.6166381835938,808.7853852529935,785.0704551963016,788.1578440508059,2559
2012-02-13,818.9635009765625,821.0330803025365,799.3198087573455,807.3944481791249,11516
2012-02-14,830.1934204101562,841.3893267744943,814.2477355882203,827.1739515225084,5579
2012-02-15,833.8914794921875,839.3197980576231,825.1383820690769,826.4615015875746,3576
2012-02-16,842.54296875,846.1392633861993,827.88652333585,838.6753244148696,3497
2012-02-17,846.1392211914062,860.9992609683009,834.6040433563991,850.1086628804792,6975
2012-02-21,830.80419921875,848.1748026102948,828.5649846080306,848.1748026102948,3021
2012-02-22,815.4351806640625,837.5555609274808,814.247736048991,829.1756112098892,2466
2012-02-23,817.7422485351562,833.8575686274846,814.2477520334331,815.4351966718152,1522
2012-02-24,827.3775024414062,842.7464457350974,810.8550746001944,827.7846097623215,5814
2012-02-27,818.0135498046875,837.9965103819756,811.838772411916,837.9965103819756,7976
2012-02-28,821.7455444335938,834.6038387359562,815.1297822972722,815.1297822972722,1702
2012-02-29,836.43603515625,842.746488856813,821.0332137815972,831.2113114731046,3183
2012-03-01,829.61669921875,856.2832635383147,822.6616663007509,834.6039501598899,17678
2012-03-02,828.2596435546875,840.3376025903269,825.4097266277226,834.6039742728809,686
2012-03-05,835.4181518554688,846.817653398427,828.4970791662495,846.817653398427,2277
2012-03-06,841.5588989257812,854.9600585740652,832.568247516173,839.3536448064433,5524
2012-03-07,830.566650390625,841.3893267439336,827.1399913716573,841.3893267439336,1262
2012-03-09,830.0917358398438,840.710901402489,825.3080794400196,840.710901402489,1044
2012-03-12,830.8720703125,840.6769382962406,827.9204384456999,833.0433647633572,2061
2012-03-13,829.1755981445312,839.3536946847669,825.782899297786,829.8541379138803,1483
2012-03-14,830.8720703125,844.1035977694978,821.71178207304,829.1417605132169,2722
2012-03-15,832.2630004882812,835.9610091583335,817.7422326269236,817.7422326269236,2934
2012-03-16,831.8898315429688,847.462287508948,829.1756722230896,829.1756722230896,2323
2012-03-19,832.0254516601562,842.7464134004578,829.31129251877,842.7464134004578,3553
2012-03-20,825.1722412109375,834.6039610768246,824.4258639905219,834.6039610768246,871
2012-03-21,827.886474609375,837.2503578995677,823.1028182479554,837.2503578995677,1554
2012-03-22,820.7957763671875,831.211346882618,818.6923193205831,828.5650248041788,844
2012-03-23,820.0493774414062,840.7108829585588,817.6405278168389,840.7108829585588,633
2012-03-26,818.0814208984375,833.2467669061026,809.1586071136217,821.0330520817461,1445
2012-03-27,807.73388671875,840.7109081983892,804.06975481444,840.7109081983892,4218
2012-03-28,808.1069946289062,813.5692735086451,802.4073261990912,813.5692735086451,2414
2012-03-29,817.2333984375,820.6939350495544,804.0697089985299,807.5302456105842,1123
2012-03-30,816.8941650390625,831.1773795869861,812.8907632451458,827.1401004973561,10957
2012-04-02,814.3834838867188,824.4259066635015,810.8551098459952,824.4259066635015,4561
2012-04-03,834.2647094726562,847.6998310530875,817.6744439899195,826.4615015353359,15765
2012-04-04,823.7473754882812,842.0679513846434,821.7117559442411,840.0323318406032,5142
2012-04-09,817.2333984375,837.9288635214284,815.6048862584245,825.104444001867,3361
2012-04-10,814.2137451171875,831.2111990958281,813.63700289189,821.033102780369,4831
2012-04-11,814.247802734375,819.7100815428794,810.8551035563152,816.2834222412109,111223
2012-04-12,832.0254516601562,841.3553737086718,816.9619015572875,817.6404413426341,7730
2012-04-13,848.6158447265625,861.3384663857095,824.4258835127241,824.4598436356424,13674
2012-04-16,887.7674560546875,905.1720170259329,849.5317581082968,854.2136989002047,24167
2012-04-17,907.784423828125,920.7784771197885,880.6767928767257,885.4944087261046,16606
2012-04-18,899.6759643554688,934.3493326089581,897.0296424902269,909.2433592563572,6856
2012-04-19,902.3561401367188,928.2424501779902,897.7421191756787,905.8506366868545,6539
2012-04-20,913.2803955078125,936.3168659881215,896.4865394144726,902.4577213794786,11842
2012-04-23,910.0238037109375,954.6716794459483,892.6531988318898,915.2824879374401,34749
2012-04-24,904.73095703125,922.1694782641765,882.1695103952537,914.400148446677,5437
2012-04-25,897.8099975585938,922.8141738654307,892.2798813478245,916.7073153619094,1923
2012-04-26,910.2611694335938,926.5461251297594,897.1992778856275,902.4240013729868,6856
2012-04-27,896.5547485351562,922.8142079380344,892.279914293026,921.4231680957106,2794
2012-04-30,890.9567260742188,901.6097679046524,885.5284076221117,901.6097679046524,1162
2012-05-02,883.3230590820312,894.485004577402,878.7429158763438,886.851432567923,2729
2012-05-03,869.4130859375,879.3197505320978,851.5674559206433,876.6734287246782,4295
2012-05-04,845.08740234375,877.9287468449628,838.8788291320341,869.8880663853954,2966
2012-05-07,862.491943359375,867.1738846546444,827.8185753354196,848.1747698108808,1975
2012-05-08,852.0764770507812,880.7447877459001,838.6753140631222,873.2808488666976,1830
2012-05-09,844.4088745117188,853.5691623924595,842.2715402698691,848.174803772296,2388
2012-05-10,867.580810546875,878.7088777655691,844.205151911109,844.205151911109,2428
2012-05-11,853.43359375,863.1027877161598,845.5964244561222,859.7100880789108,1158
2012-05-14,834.0611572265625,853.3656658127667,830.5327831098853,845.6302948943583,3512
2012-05-15,818.2511596679688,845.4605890249287,808.8194399018579,844.7820492263533,2038
2012-05-16,814.892333984375,830.5327093969191,805.3249394371372,824.4258512395888,142767
2012-05-17,823.8153076171875,834.1630414890204,814.9264511522177,817.640610856305,1133
2012-05-18,812.6870727539062,827.8185431916113,810.8550484540783,819.4046332358821,77963
2012-05-21,810.34619140625,835.961069970693,795.0112078249742,819.6761140621729,28712
2012-05-22,797.7252807617188,812.8906277434411,792.7380301206906,812.8906277434411,4321
2012-05-23,789.7864379882812,806.7838946362053,787.1062386694687,799.3199561660639,5521
2012-05-24,790.0240478515625,804.0019533875334,787.1741305408094,787.1741305408094,1342
2012-05-25,790.2612915039062,797.2841609514829,781.9491800386675,787.7846049912099,3285
2012-05-28,797.9627685546875,807.4623253231957,788.8024816707689,796.50389148504,2140
2012-05-29,791.7880859375,804.7481791710538,787.2418197132478,794.5700824699022,111443
2012-05-30,772.7890625,812.4158068581268,767.4285810443855,789.1418565469676,6302
2012-05-31,738.5227661132812,778.9637233373556,720.0325557814494,770.1766656876338,42689
2012-06-01,752.6703491210938,758.6075729703699,736.5550272444871,746.4278154628272,4069
2012-06-04,758.234375,763.2895469319243,745.0368071311918,749.7865864116275,3005
2012-06-05,755.2147827148438,766.7499590905421,752.9416909949571,766.7499590905421,1251
2012-06-06,760.236083984375,766.6143753037113,749.2436884349894,755.3505472414569,4954
2012-06-07,759.0823974609375,767.8355769433122,754.5362141942891,760.2359647523162,1413
2012-06-08,762.4412231445312,771.4657523169905,755.3504329059264,756.1986076117718,2545
2012-06-11,773.2301025390625,776.7245164276135,761.8984375904753,768.6499586502478,4277
2012-06-12,763.5609741210938,773.2301675886998,756.5719800968883,773.2301675886998,2087
2012-06-13,757.6236572265625,771.4997631953023,753.925565568036,771.4658030730097,16043
2012-06-14,756.2665405273438,764.0018277106534,753.8576911905444,764.0018277106534,1327
2012-06-15,763.968017578125,776.2156119147293,757.284416762415,757.284416762415,3313
2012-06-18,761.3895263671875,774.8924855446054,755.8933703123383,767.3945872943294,2974
2012-06-19,758.67529296875,770.1426315372879,753.9255146244672,761.5252096730563,1360
2012-06-20,758.8110961914062,765.392899160517,756.5718817056528,758.2682312162036,1323
2012-06-21,774.6210327148438,778.2851642650916,761.3216689672473,761.3216689672473,4216
2012-06-22,784.697265625,795.2485919347985,770.142621029007,770.8211607832176,3087
2012-06-25,782.5599365234375,790.4988185651865,781.6778017056608,786.4275800146362,2459
2012-06-26,785.5794677734375,793.8915804749919,781.6778638522998,783.7134832894151,2480
2012-06-27,792.2631225585938,802.9840854593224,782.5600522756242,790.3971379469181,37952
2012-06-28,791.8558959960938,801.2536550596127,787.7846574562681,797.9627538058322,2363
2012-06-29,811.4317626953125,841.3893099334521,788.4632081795737,799.9983842028548,12799
2012-07-02,823.1027221679688,827.8185405581754,804.0696480011786,804.0696480011786,3859
2012-07-03,806.8855590820312,829.786275610576,800.8465387500736,823.7472552786184,5072
2012-07-04,815.7066040039062,819.6760451067643,806.1392097784235,817.6404257894461,1825
2012-07-05,813.2977905273438,824.4258598517497,810.8550638048073,816.9619220259314,2350
2012-07-06,808.0391235351562,815.604859051506,805.1214520233115,814.2477794191407,29016
2012-07-09,801.83056640625,810.8551802047955,800.677081708501,800.677081708501,1355
2012-07-10,804.646484375,807.5302788085278,799.0146531790311,804.0697420542092,5153
2012-07-11,806.5802612304688,812.2121749404129,802.135875050299,807.4623961395918,1397
2012-07-12,804.2732543945312,807.4623583081238,802.0340399329432,804.6803617067567,742
2012-07-13,807.3265991210938,813.5691314684285,797.9627177705353,808.7853932683387,1527
2012-07-16,809.3282470703125,818.3188983163252,793.8914685158379,813.5691202995638,1483
2012-07-17,818.5565185546875,841.0161706690834,800.6770103554605,813.569267301862,2683
2012-07-18,802.033935546875,814.247650301396,778.4886407908147,806.105173798382,6943
2012-07-19,811.635498046875,820.897584020653,806.1053814315767,810.1766207317361,2242
2012-07-20,824.8668212890625,831.8557306573833,807.5979358407399,814.2476581810404,5209
2012-07-23,822.2205810546875,831.8897729507299,814.3155760263965,827.8185342576594,3197
2012-07-24,827.6027221679688,832.2991504310496,820.0267552642471,826.1286387500298,1874
2012-07-25,833.4989013671875,838.675308092749,819.9923715339692,822.7348209370928,35497
2012-07-26,821.9463500976562,837.8182927587973,819.3067592854032,833.3618124781653,2344
2012-07-27,831.0307006835938,839.1895042692383,805.5944996048652,826.1628698075426,2584
2012-07-30,821.2265625,836.447124234309,812.5877793445559,835.4872501400463,1441
2012-07-31,832.0592041015625,835.0759154443792,817.3528513830972,817.3528513830972,1855
2012-08-01,839.429443359375,841.8976310201497,826.1971755452364,826.8484737845687,2192
2012-08-02,829.6251831054688,846.0455639364736,826.7798753698564,826.7798753698564,955
2012-08-03,824.41455078125,836.4470812052623,819.9923845258145,836.4470812052623,2888
2012-08-06,832.4019775390625,839.8751692530406,829.590983507085,839.8408551567202,4693
2012-08-07,828.1168212890625,838.7781263076678,823.6603412235083,823.6603412235083,988
2012-08-08,832.1276245117188,846.0455878374233,822.8033138640858,822.8376279566397,4441
2012-08-09,841.7261962890625,845.9770428105425,827.5340550035309,837.8867841063354,1717
2012-08-10,852.8673706054688,860.4434198510406,834.3901529551526,834.4244670466518,3838
2012-08-13,877.720947265625,890.6104936610586,845.3600759692728,862.5003857010099,78789
2012-08-14,865.7227172851562,900.8261212975575,863.8715973394529,883.0344298508874,8159
2012-08-16,859.6893310546875,873.4358082749698,853.7244534726825,870.7619870995984,2772
2012-08-17,855.0271606445312,877.5838241122494,853.5873914216801,863.8715768604956,3294
2012-08-21,858.1809692382812,867.3339613234373,854.410101206856,857.0497757831866,1504
2012-08-22,852.4902954101562,864.282792730125,850.1591970023757,858.3865440701406,1759
2012-08-23,843.9202880859375,859.072304816179,839.9437028386719,857.0154676937141,1659
2012-08-24,848.1368408203125,856.3298754064816,833.6703524319689,833.7046665286482,2174
2012-08-27,851.187744140625,857.4953443695354,840.595066665739,841.9319772893174,4324
2012-08-28,858.0438842773438,865.0714110962352,851.0506715542475,857.5982194965868,4623
2012-08-29,865.3113403320312,868.6365435298975,851.5648627692635,857.0154475384421,3482
2012-08-30,859.5521240234375,873.4357733728729,849.5079705842228,873.4357733728729,2553
2012-08-31,876.0411987304688,890.164796700434,841.4520884189814,857.015455615798,3946
2012-09-03,885.674072265625,889.9248353827373,863.9058800287976,863.9058800287976,3444
2012-09-04,884.43994140625,896.7809638444767,872.0989189680232,874.224300538246,2584
2012-09-05,883.4458618164062,890.5419331794185,874.1900947273684,885.3998403521753,2212
2012-09-06,878.9207153320312,889.8905128911772,869.9392103190632,885.1255405535886,2253
2012-09-07,883.8228759765625,891.9473656988239,880.4633586761113,891.9473656988239,1615
2012-09-10,889.4107055664062,901.5460118375709,872.1333061815411,887.1481511192093,4219
2012-09-11,908.8475952148438,917.0063978482989,885.9138985925465,889.2391013153224,11874
2012-09-12,915.3954467773438,959.4802755276179,908.6078670253271,919.0634565157148,14341
2012-09-13,910.2533569335938,928.9362955998944,902.265955407398,918.7206536823049,4459
2012-09-14,872.1332397460938,918.7205663302252,868.6708638361159,913.9212797896942,12475
2012-09-17,860.751953125,880.9775165522682,856.3297871409478,872.1331845841637,5294
2012-09-18,845.2914428710938,873.4357782849526,843.3374645050625,859.1065478054501,5860
2012-09-20,834.4588012695312,844.81153134873,829.7623732596505,843.543165199042,8081
2012-09-21,841.3150024414062,869.9393216091714,836.7556630090337,839.1896206310073,27842
2012-09-24,852.4561157226562,859.7579041351141,841.2463703140231,843.3032074052555,9205
2012-09-25,853.3131103515625,855.6098949754673,846.0456362118264,846.0456362118264,1939
2012-09-26,854.8900146484375,865.2427438946488,843.4060083408025,843.4060083408025,12489
2012-09-27,851.94189453125,859.7578921071708,849.5080208897574,854.2044487771188,1736
2012-09-28,858.3524169921875,868.73946166688,841.8634888671212,850.0565236299856,6552
2012-10-01,850.3649291992188,861.8146205939096,848.1023752383978,857.3581408533682,3770
2012-10-03,845.8057250976562,860.4092185029074,843.2346786855081,850.7764148278093,17725
2012-10-04,841.7947998046875,850.1592362323921,835.7613781994243,847.4167870832554,6295
2012-10-05,832.3334350585938,848.1025199073151,829.5566714232822,839.8408571941874,4998
2012-10-08,823.2833251953125,838.5038855523774,822.7348018502477,832.3333745385005,7898
2012-10-09,825.820068359375,835.7614473475119,822.7348128113324,835.7614473475119,2651
2012-10-10,824.6546020507812,833.0190395884115,822.7348539144805,833.0190395884115,1980
2012-10-11,824.5859985351562,828.1854636287495,819.3068165417205,825.4773281307378,3175
2012-10-12,820.5751342773438,834.390240035412,816.9071248990907,834.390240035412,3410
2012-10-15,821.3978271484375,824.1059621826075,815.8443007151787,817.9354516504582,1605
2012-10-16,816.9070434570312,826.0942648807358,813.1361758623913,822.7347479214751,2268
2012-10-17,817.5242309570312,819.3068064332815,817.2499692623193,818.5868799462772,639
2012-10-18,830.37939453125,835.6585760225067,817.2842156988131,824.1060249405825,3516
2012-10-19,823.1118774414062,839.8750646422039,820.677920307525,835.7613908562014,2847
2012-10-22,811.6279907226562,822.7348780998361,809.7767870311798,822.7348780998361,5693
2012-10-23,802.440673828125,817.9354954783191,798.7726646649392,815.81011403083,4647
2012-10-25,799.9724731445312,810.736552885381,796.0987468720787,806.6228790441021,3038
2012-10-29,793.7334594726562,813.8219367119652,789.4826959762662,808.3370373912444,6067
2012-10-30,783.3807373046875,795.5161274001592,781.5981617445564,795.5161274001592,3099
2012-10-31,780.9810791015625,791.1281762416527,775.3590908195445,783.6892983354597,2718
2012-11-01,780.2267456054688,788.4540926593049,776.8329984229221,781.5979701144414,2108
2012-11-02,790.9908447265625,802.8519705092841,781.9751103041165,784.3404391653468,3773
2012-11-05,783.5178833007812,801.4808946830626,781.5981351058095,791.2652531961659,3767
2012-11-06,780.8439331054688,787.0829888393932,778.1700281643826,780.6039855181862,4608
2012-11-07,785.5059814453125,795.8930245660845,781.5980247984833,781.5980247984833,5034
2012-11-08,778.1357421875,791.8823039717086,774.7419943619312,782.3865891864755,9471
2012-11-09,776.4560546875,795.2418514688547,772.7537309331874,776.7988608926601,10348
2012-11-12,771.2109985351562,783.6205647422601,769.942632486472,776.4559495021634,5145
2012-11-15,769.8056030273438,782.9693270629698,768.571467283353,782.9693270629698,4420
2012-11-16,767.7830200195312,778.1700644911913,706.866375762483,761.7839115928371,58997
2012-11-19,767.8514404296875,774.0562650482908,761.0296317126686,761.0296317126686,62902
2012-11-20,766.9603271484375,771.9995615442677,757.0531777636672,757.0531777636672,1894
2012-11-21,763.0178833007812,767.8857134959702,761.0295910540418,767.2001012517774,1806
2012-11-22,769.6342163085938,774.056382714962,759.6585226290326,759.6585226290326,12069
2012-11-23,761.8524169921875,772.685125701009,761.0297156416326,769.2570639188394,2128
2012-11-26,786.2944946289062,803.5376617017891,767.3372967076834,767.3372967076834,5761
2012-11-27,784.1691284179688,795.9959415023054,781.5637680004855,793.2534920914447,5580
2012-11-29,799.1840209960938,809.0225410919776,782.9692728195241,794.6246823098322,12700
2012-11-30,797.7784423828125,806.280051501168,795.9958671707959,798.7383163255619,3098
2012-12-03,800.3153076171875,812.4162983074839,797.3671411161198,806.2801014209431,3159
2012-12-04,797.6071166992188,812.4506409281771,789.8254332061266,811.59362548416,3455
2012-12-05,789.6883544921875,805.5945278630404,784.6833507568083,797.8128442686486,4065
2012-12-06,788.7626953125,795.276012643546,782.2836920761514,791.8822649850613,2456
2012-12-07,778.1699829101562,795.310290903772,772.6850843521993,786.4316448402432,5541
2012-12-10,801.3779907226562,805.21740320235,771.3139054574104,774.810511756901,16243
2012-12-11,794.5904541015625,807.6514037428227,790.5110938161923,801.4465780722146,3212
2012-12-12,785.2318725585938,795.3103408141587,782.4207949169011,795.3103408141587,3191
2012-12-13,795.4473876953125,809.0225452366168,773.3707042600879,781.6323662712364,47960
2012-12-14,799.8352661132812,805.5944259822888,793.4933525470377,802.1663645951301,3283
2012-12-17,803.914794921875,808.336961104697,800.7609111557698,802.166449951226,3216
2012-12-18,801.2409057617188,810.1880968943217,793.9391173480435,810.1880968943217,2782
2012-12-19,797.2985229492188,807.4113038990913,795.3787751222509,805.5944146508725,38090
2012-12-20,797.5728149414062,803.5032943290954,795.3102608944575,797.3327836842246,1988
2012-12-21,792.8763427734375,800.7266541401801,788.4541767375954,795.3103000135744,7212
2012-12-24,799.0127563476562,802.166556841096,793.2535950984171,794.8305371915995,2081
2012-12-26,806.3143920898438,821.363548844004,789.1397702165681,802.1664041297869,4798
2012-12-27,806.2116088867188,821.3636256428831,802.2350236326499,806.2801533856682,3735
2012-12-28,814.3018188476562,820.6780476827606,802.8521251767023,805.594574793019,4224
2012-12-31,820.1636962890625,826.1628037854297,807.9940782250032,809.0568107443793,6754
2013-01-01,820.026611328125,828.1511002101564,813.2047188402211,821.3292077222526,1969
2013-01-02,804.9774169921875,836.4470395635287,802.1664231879743,820.7122701243137,16759
2013-01-03,802.0635986328125,815.8101598598578,795.310333658861,815.8101598598578,4852
2013-01-04,800.6239013671875,808.954108987049,798.0528547988921,808.954108987049,2013
2013-01-07,799.938232421875,815.7073169264415,796.8186626622833,805.6288485680807,5530
2013-01-08,801.789306640625,811.7649995292342,799.4239775769316,811.7649995292342,1966
2013-01-09,801.926513671875,825.9571766759027,796.7158764740727,805.5945230595631,109162
2013-01-10,804.1890258789062,815.1588242076476,803.537727580305,815.124593803622,2447
2013-01-11,802.5435791015625,804.9089082594007,798.7383970376507,802.8863852805486,3158
2013-01-14,808.16552734375,809.0225427492046,799.4239702081125,801.4808071812035,2439
2013-01-15,805.080322265625,807.4114210529228,802.1664697047318,802.1664697047318,2147
2013-01-16,801.1380004882812,813.7875143872477,799.4239696785074,806.0401453428165,4385
2013-01-17,796.3386840820312,809.022511594315,789.825367251399,800.7608499267185,6522
2013-01-18,807.5484008789062,809.6395517935459,790.8537587313932,790.8537587313932,2286
2013-01-21,800.5210571289062,809.0226680058577,799.4240939786695,802.9207006357033,1802
2013-01-22,800.5894775390625,809.0225426043912,798.052745416535,800.1095823892581,8173
2013-01-23,796.647216796875,805.5944912190686,795.3103062247826,800.1095925554494,1594
2013-01-24,786.9458618164062,798.7383603547802,785.7117261515692,798.7383603547802,2399
2013-01-25,789.0370483398438,795.2418743086148,782.969395072829,787.0830696528965,1479
2013-01-28,789.1054077148438,795.1045150700113,780.9123745755194,787.0828849979774,1485
2013-01-29,787.2200927734375,789.2083853926399,774.7419810687883,783.7234864116219,20612
2013-01-30,788.3856811523438,792.5678998715601,781.5981019494625,788.4542256507735,2208
2013-01-31,790.134033203125,890.6105710596587,782.9694165897847,890.6105710596587,872
2013-02-01,792.0193481445312,802.0978998404029,785.746062136744,795.3103208805124,1605
2013-02-04,785.3004150390625,802.1321482861009,781.5980915510273,795.3446528664373,2668
2013-02-05,785.0946044921875,791.4708321684992,781.7008571859313,782.3521553742737,1640
2013-02-06,785.2660522460938,789.8597049957353,785.0261046732036,787.7685539471711,2011
2013-02-07,784.8547973632812,795.3103864960964,781.7352274563225,787.8029641697021,3593
2013-02-08,779.9525756835938,786.123086699592,778.1700003508878,786.123086699592,1722
2013-02-11,769.1884765625,778.2728397790673,766.5145717828152,778.2728397790673,2815
2013-02-12,767.3372802734375,775.5989422626593,760.0698063707077,769.2570282596276,1498
2013-02-13,763.9434814453125,777.4157794586527,753.4878941964536,771.3138134404097,2544
2013-02-14,757.3273315429688,772.6850638360559,754.8591439960048,759.0413622968198,1703
2013-02-15,750.1627197265625,758.9728211010327,747.3174119242327,758.9728211010327,2983
2013-02-18,747.9002685546875,750.7112626514177,745.6720282584018,748.0031271531,1379
2013-02-19,743.5465087890625,750.7454376431751,740.6326566338265,748.6886008277145,3037
2013-02-20,745.7405395507812,750.7112292211431,744.5750320017938,749.9913864501507,6693
2013-02-21,745.7405395507812,750.3684230369802,741.8325825284907,750.0599309484,1903
2013-02-22,746.8032836914062,750.6084658713387,741.9354525399655,748.6544036372063,5705
2013-02-25,749.0658569335938,750.7455738270893,743.957994366233,743.957994366233,3830
2013-02-26,746.2205810546875,750.7456063268401,739.26159819353,748.6544549507696,1912
2013-02-27,731.3770141601562,744.8150002127974,730.8628048696756,744.0265292288102,3348
2013-02-28,722.4983520507812,743.8551105126256,719.5501853700972,735.3192699470503,2117
2013-03-01,724.7265625,735.7649045119663,712.7283464667948,726.166331685402,3858
2013-03-04,719.61865234375,745.877636874508,711.6655664133575,719.8929140019512,6576
2013-03-05,706.4549560546875,728.0174301876664,703.0954389253359,713.036817632715,4223
2013-03-06,705.8721923828125,719.2073184323496,703.4382351874076,713.0368075973722,4704
2013-03-07,712.3854370117188,716.4647963944117,702.7525514873415,702.7525514873415,3195
2013-03-08,724.1437377929688,730.1771600101243,719.8929746578691,719.8929746578691,2466
2013-03-11,726.1663208007812,731.54836088785,713.8252987801803,722.8068036232576,3328
2013-03-12,714.3737182617188,726.7490540267917,711.59703860123,726.7490540267917,1627
2013-03-13,710.7400512695312,719.8929592991811,704.1581895230928,714.7508667327585,1755
2013-03-14,712.62548828125,716.4649006754737,709.6087772240337,716.4305865810512,4322
2013-03-15,712.3168334960938,718.5902024968674,707.5518617030651,712.6254092329276,5924
2013-03-18,709.1974487304688,717.8361478108123,704.158214574678,712.316934782665,1199
2013-03-19,708.2374877929688,710.9113924331883,702.7525895331975,706.8662632280259,2976
2013-03-20,707.1063842773438,711.6657238129968,702.7527619540672,707.5520491088754,13586
2013-03-21,702.3070678710938,708.2376320611096,701.3815078398017,707.8948258500442,1813
2013-03-22,701.5527954101562,706.1806784973966,685.7151678057382,706.1463644047719,4415
2013-03-25,692.674072265625,708.8887774428331,685.6808186993869,702.7525810658105,3513
2013-03-26,723.9723510742188,740.4613621056833,687.7034816863617,693.154108415598,7532
2013-03-28,726.7833862304688,774.7419353910038,697.9533541841079,723.3210104756718,17996
2013-04-01,738.6787719726562,745.946246236005,716.327825818506,730.8627743452034,3638
2013-04-02,716.6019287109375,738.6786945624033,714.4080028702642,730.1770854672086,5458
2013-04-03,719.4816284179688,726.0634903454064,713.0368554855738,713.0368554855738,1927
2013-04-04,709.1974487304688,726.6805640782966,709.0260456388235,712.3512488781604,758
2013-04-05,711.1857299804688,715.7792992860776,706.8663386627835,708.9574898246452,893
2013-04-08,702.8897094726562,722.1211683202281,699.5302342484435,722.1211683202281,4287
2013-04-09,694.2510986328125,719.8244745979847,692.4685231336268,703.438321519902,2229
2013-04-10,689.383056640625,704.4322107251398,685.269383503038,695.8963724418044,2918
2013-04-11,685.5093994140625,695.8621696176026,684.035358167252,692.8111867002508,2515
2013-04-12,687.1207275390625,693.1541080429439,684.3096917061865,686.4008429178051,3730
2013-04-15,688.4575805664062,691.0971710784722,684.9266606224145,689.0403342597864,1354
2013-04-16,685.3723754882812,689.0403846780849,682.1842614474573,689.0403846780849,4220
2013-04-17,686.3665161132812,691.7485982413207,682.1842974603984,685.6123592566819,2319
2013-04-18,685.9552001953125,689.0404559683049,682.2871906260053,685.6123939983133,750
2013-04-22,686.4692993164062,692.468406801069,685.6122839614544,690.3772977042771,2676
2013-04-23,685.543701171875,688.8689038247354,682.1841844295714,682.1841844295714,3330
2013-04-25,699.7017211914062,705.0838035988278,682.8699452672141,684.2411700569073,4498
2013-04-26,697.0963745117188,711.665637318086,692.4684910320491,711.3228311344069,4140
2013-04-29,704.2266845703125,709.6087243400104,695.896478459044,709.6087243400104,3514
2013-04-30,711.391357421875,726.74909079615,699.4274553948964,706.1807203019193,4260
2013-05-02,721.5726928710938,733.6052232340138,711.4942246832691,713.036852489135,3860
2013-05-03,712.4884643554688,737.0334249134806,707.5520879169414,723.3211751476484,6455
2013-05-06,718.3845825195312,730.1770802921579,714.4079978069752,715.0936100889396,1429
2013-05-07,718.178955078125,726.7491096733294,715.6079086995637,726.7491096733294,3855
2013-05-08,719.7899780273438,727.5716600462944,713.0367143463927,723.3208977263888,2248
2013-05-09,707.6204833984375,722.4296932880495,705.5294159652967,713.7224499977114,1777
2013-05-10,725.7205200195312,754.1734265672974,716.4647552389325,716.4647552389325,12108
2013-05-13,743.9922485351562,753.4879627189185,737.136125125521,753.4879627189185,8768
2013-05-14,743.1351928710938,771.3138418203489,733.5366206173295,747.1803222023333,13765
2013-05-15,763.4979858398438,771.3139842858585,747.3175492191874,754.1736735239506,15404
2013-05-16,749.6142578125,771.3139057666515,747.4888762329705,759.6584956350665,10934
2013-05-17,728.9088134765625,758.2187425181357,726.7491177559684,751.4654773605905,12142
2013-05-20,738.9871826171875,754.104966937041,732.2339183670834,737.0332043488902,4571
2013-05-21,727.9488525390625,741.1125750955706,724.0065818518955,737.067529518716,3963
2013-05-22,723.93798828125,732.8851778880605,717.3218133597104,730.1770429898128,2014
2013-05-23,715.9163208007812,731.1711942758667,706.1806597455299,724.2808409669092,3739
2013-05-24,715.2994384765625,754.1050829312749,709.8487697716471,719.8930080028418,2226
2013-05-27,715.059326171875,740.4612957677374,713.105347824403,719.8929264408558,32959
2013-05-28,713.4482421875,721.2642402366329,709.5745154134246,721.1956957356506,2860
2013-05-29,710.123046875,717.8361864138305,707.5520003620564,709.6088375724113,11376
2013-05-30,705.9063720703125,716.4648177013339,702.889661362463,716.4305036108854,1433
2013-05-31,719.2073364257812,733.7422843902052,702.7526404541713,707.0377175301114,5021
2013-06-03,710.6028442382812,725.9948907922114,706.9006047237353,723.3209860483325,18103
2013-06-04,720.8529052734375,743.1353086188652,714.5109904751234,721.332800483709,13400
2013-06-05,719.3102416992188,739.604351309427,716.1906719083019,730.1428670345127,4478
2013-06-06,717.8704223632812,721.4012589023514,711.6312832167326,719.2073329273068,2275
2013-06-07,734.8049926757812,767.0287712209285,713.03680185007,718.4873862332026,86186
2013-06-10,725.3778686523438,745.2263127720452,719.9272839293334,726.7490933567905,3914
2013-06-11,728.6688232421875,733.6051985778832,711.01430561286,725.3778505564491,6100
2013-06-12,727.5375366210938,732.8852625492323,720.6470992662314,728.6344996043341,4522
2013-06-13,745.877685546875,753.4879658243527,730.2800047256703,737.0332695734115,22385
2013-06-14,744.7807006835938,750.0598820987148,735.0107250712475,740.5298540610722,11425
2013-06-17,745.5005493164062,750.0598880435531,738.5415674373834,740.4613154360487,1620
2013-06-18,744.0607299804688,747.3173883240829,728.3259615658533,746.4603729705002,3763
2013-06-19,743.9922485351562,749.3742886731374,728.9430074352591,728.9430074352591,3001
2013-06-20,739.7757568359375,743.8894311093533,726.1320537571917,737.0333073203269,6013
2013-06-21,734.8049926757812,740.4612942289187,726.7490480394944,736.5875679418247,1517
2013-06-24,739.2272338867188,743.5809394496231,726.7491220605814,727.4347344398838,6769
2013-06-25,741.1813354492188,745.2606958453525,732.2340599474117,732.2683740453645,3834
2013-06-26,744.4036254882812,747.317478040273,737.7532190232542,737.7532190232542,11996
2013-06-27,740.18701171875,743.9236489158689,730.9312458015825,743.9236489158689,1968
2013-06-28,743.3067016601562,745.911978569527,727.4347578303631,733.7766725428332,6415
2013-07-01,737.6502685546875,747.317384961015,735.6619762047422,747.317384961015,1638
2013-07-02,731.3426513671875,743.5465845258277,728.2917099239838,743.5465845258277,1285
2013-07-03,733.6052856445312,737.0333477269822,721.9498745641976,727.4347738961193,18020
2013-07-04,733.3652954101562,745.911951686894,723.3210573538161,737.0333048865898,10304
2013-07-05,734.3593139648438,738.404443252347,727.5031910005694,735.182098936301,19835
2013-07-08,733.9822998046875,739.7756904090402,723.4923978722333,734.3593363634782,2658
2013-07-09,726.6119995117188,732.7138824514316,724.0066391135009,731.4112859452363,1679
2013-07-10,727.6060791015625,733.6051869386779,723.3210020750515,731.5483499659526,1086
2013-07-11,721.8812866210938,732.2340167485241,715.7793197429393,724.0066682457317,5325
2013-07-12,736.9646606445312,739.7413401783638,714.8193503991466,714.8193503991466,44224
2013-07-15,737.6160278320312,740.4613358147168,730.2114646896323,739.0901111187636,1176
2013-07-16,738.7130737304688,753.4537408658015,727.5718718258569,734.2909070670381,2625
2013-07-17,727.708984375,740.4613576854439,723.3895929780019,740.4613576854439,2916
2013-07-18,730.9998168945312,739.0900756900087,728.8402050562582,730.1771155935616,1275
2013-07-19,737.5132446289062,739.7072545824484,724.0752579735341,724.0752579735341,5779
2013-07-22,731.20556640625,738.4044960333157,729.0801848739846,738.4044960333157,1052
2013-07-23,734.7021484375,739.5699791912193,728.9773022802066,738.4044717195226,1524
2013-07-24,723.8695068359375,734.2907804198211,719.8929219802168,724.0065958201037,2764
2013-07-25,720.338623046875,729.3886724738829,719.892958286496,719.892958286496,877
2013-07-26,706.5234985351562,730.1771236680654,703.4382430830377,729.3201082646991,3148
2013-07-29,733.5023193359375,739.0900764484105,673.2712941301847,682.3213850682317,14011
2013-07-30,720.2014770507812,730.1771704624344,703.0954819804944,720.0987021501193,17907
2013-07-31,726.2349243164062,730.2115096567176,703.4383123423486,718.5217849266875,4255
2013-08-01,726.0291137695312,730.1771016740447,716.4648556332176,729.4914893720033,4999
2013-08-02,720.1329345703125,726.6805661671533,714.4424021270781,719.8929869799024,6345
2013-08-05,719.687255859375,729.4915460170329,712.3512371350537,729.4915460170329,3937
2013-08-06,719.7899780273438,724.0065099517219,693.5653104083539,713.7223265717258,5085
2013-08-07,729.52587890625,736.998986816986,709.6088059951142,726.6805708199568,5277
2013-08-08,728.6002807617188,737.0333469528598,716.9791837915843,717.8361993112969,2902
2013-08-12,722.189697265625,741.1812081334951,719.8929128062057,736.9989061619141,2390
2013-08-13,720.4071655273438,733.6052030590129,719.5844641973397,733.6052030590129,2700
2013-08-14,722.6697387695312,728.7716217958474,719.8929752449918,721.9498123171203,1478
2013-08-16,718.0075073242188,737.03324934212,702.9240361748916,726.7490644675788,3108
2013-08-19,720.372802734375,731.4797720960474,713.8938000430795,731.4797720960474,2711
2013-08-20,725.5492553710938,729.4915263074356,716.0877716467083,729.4915263074356,1781
2013-08-21,729.6973266601562,739.0901832671808,725.3779349690884,739.0901832671808,3554
2013-08-22,737.1017456054688,740.4612625165787,727.5374877751251,730.1770783149595,1916
2013-08-23,751.6709594726562,754.6191255696077,737.0331549478533,740.4612161336573,2495
2013-08-26,754.9962158203125,767.8857602734943,750.7797672159926,754.1735145543247,4541
2013-08-27,743.3407592773438,757.6358414769431,740.4612213381888,754.1734661777848,2843
2013-08-28,713.8626098632812,741.9537846311614,707.4814385984638,741.9537846311614,2982
2013-08-29,714.4175415039062,724.1627855250703,710.9494951859261,724.0933568634309,1867
2013-08-30,722.0818481445312,728.2896162439282,711.642996444067,714.4174330773772,2543
2013-09-02,716.5675659179688,735.1909538816167,714.3480505985667,728.2548626721327,2206
2013-09-03,713.1688842773438,725.3417585587534,696.2448466526484,717.885460299603,2972
2013-09-04,723.7117919921875,735.2256867566349,700.5799018241662,700.5799018241662,5117
2013-09-05,716.1860961914062,731.063977230409,708.5563539047472,712.1978439437071,1150
2013-09-06,711.677734375,736.6129505763079,708.1749741416294,736.6129505763079,4189
2013-09-10,729.3646240234375,734.5319775331664,712.0243979249208,714.417315258887,7283
2013-09-11,727.5612182617188,740.7745052425241,724.8908402094072,735.1909182220818,3209
2013-09-12,746.7049560546875,771.2586519582861,718.5790714651316,734.4627377585543,7396
2013-09-13,740.7052612304688,773.374236717638,727.2492261869448,773.374236717638,6775
2013-09-16,732.486083984375,743.6878056618945,726.9024956416259,733.1449789057239,2589
2013-09-17,725.7232055664062,734.4972925878973,717.8853891887919,733.1447887657517,1619
2013-09-18,724.890869140625,731.757616312827,718.6483871057288,729.6767889678616,3183
2013-09-19,727.1104736328125,738.6589977339394,724.8215296714803,724.8908736495941,4354
2013-09-20,728.3937377929688,738.6591034260364,722.7408057279763,731.7577255691123,5349
2013-09-23,727.5960083007812,742.1618006499866,721.3535258654075,742.1618006499866,2233
2013-09-24,728.0469360351562,740.5319020179354,721.3535901161252,732.5900256329887,1460
2013-09-25,727.8040771484375,731.757615230391,721.4575368218648,727.5959605466163,2489
2013-09-26,727.7348022460938,730.890758248996,721.3536309171586,730.3358369729585,2285
2013-09-27,731.4454956054688,731.7575858265789,720.6598404491141,723.4342767934803,4602
2013-09-30,753.086181640625,788.6336527979652,722.7754937604417,726.2088253997093,11789
2013-10-01,731.341552734375,752.5312628573389,722.8448400887406,752.5312628573389,8729
2013-10-03,733.4570922851562,736.8211649964084,725.5846439659298,725.5846439659298,5291
2013-10-04,727.0064697265625,736.6129398138578,725.5499074008612,736.5782254876624,1311
2013-10-07,726.0006103515625,735.2256452396541,723.572978504073,723.572978504073,2466
2013-10-08,733.56103515625,737.3065415769116,724.856290946611,725.5151857849949,24675
2013-10-09,729.64208984375,737.3065045916635,728.2895859089808,735.2256772033521,1024
2013-10-10,730.8212890625,743.68768783917,729.6768170449149,729.6768170449149,3239
2013-10-11,732.8673706054688,742.8553587493603,728.2548530781107,731.0640038485768,3005
2013-10-14,728.5670776367188,735.2257086301175,726.5555941415548,735.2257086301175,2876
2013-10-15,727.9776000976562,735.2257826724017,722.9835628478583,733.8038498854443,16380
2013-10-17,723.8851928710938,731.7229253189042,722.7407208610574,729.6768122320848,10974
2013-10-18,731.272216796875,745.6298934353894,722.7755040577276,727.5960541523009,6916
2013-10-21,728.4630126953125,735.1909876095344,725.8966926977029,735.1909876095344,1898
2013-10-22,725.1683349609375,731.757621600946,724.1279212809361,727.734654837308,2058
2013-10-23,728.5670776367188,740.7745819027976,722.7407437665872,738.6937544255426,3413
2013-10-24,727.6307373046875,733.1101820398926,724.1626914372978,724.1626914372978,9059
2013-10-25,728.3242797851562,732.2431035211873,725.5498433453009,732.2431035211873,2823
2013-10-28,728.4282836914062,731.0293179618751,715.1110220942394,715.1110220942394,2147
2013-10-29,735.572509765625,741.4334732648169,724.8562821755709,724.8562821755709,4171
2013-10-30,731.4801635742188,737.618587373852,724.127923810344,724.127923810344,3385
2013-10-31,751.00537109375,761.5829115316901,731.0641063336989,736.543636018975,7895
2013-11-01,746.3234252929688,755.2710000207254,742.1617705050897,751.8375840192751,4816
2013-11-05,745.1790161132812,755.9646728820971,742.1618330715281,745.6645933475861,2322
2013-11-06,751.2134399414062,754.5774274574828,740.7745881416257,747.0170706259653,3333
2013-11-07,764.8427734375,790.5757405570256,744.2426156147719,744.2773299397973,16954
2013-11-08,806.008544921875,821.926841013102,731.7576517036479,759.5713616260547,21553
2013-11-11,817.6958618164062,830.7356633211651,799.4539069033797,803.8930224946308,26808
2013-11-12,851.4746704101562,876.7220632150413,821.9269342641012,833.648947138058,70733
2013-11-13,835.9376831054688,867.0114057553744,827.5450296315734,859.1735887797129,13011
2013-11-14,856.7806396484375,866.2830504383112,832.7470674312228,839.2670098964659,15861
2013-11-18,881.4038696289062,898.2238923229853,860.7689964268917,860.7689964268917,35288
2013-11-19,933.5284423828125,950.2444036444957,885.7387616452709,885.7387616452709,77694
2013-11-20,979.5843505859375,1055.6385350124974,943.3085539452574,944.0021631760995,227929
2013-11-21,994.0113525390625,1005.0397560297293,953.782017929177,998.7972730730229,116848
2013-11-22,996.4043579101562,1026.5416446228307,974.5902971604646,998.519815227686,99709
2013-11-25,1113.38134765625,1140.7789084400733,1014.0565535683513,1088.966340015261,645040
2013-11-26,1115.1845703125,1161.7950606699608,1111.3350065423551,1116.710476226052,290854
2013-11-27,1136.756103515625,1144.4551484898295,1121.7047334885779,1127.1149189672565,144383
2013-11-28,1162.14208984375,1198.4872249559087,1134.0509202593441,1134.0509202593441,287000
2013-11-29,1181.9100341796875,1197.7589868943473,1170.11867820489,1174.9045984461256,178999
2013-12-02,1190.163818359375,1233.028808019553,1184.6842897807892,1195.0884258151639,249722
2013-12-03,1200.464111328125,1214.4403535072195,1190.5801803234012,1201.3311228197676,128419
2013-12-04,1186.938720703125,1211.7352491268716,1158.3273417526477,1206.1863756334458,184003
2013-12-05,1127.25146484375,1212.192754847094,1119.9606974130759,1212.192754847094,204376
2013-12-06,1096.24365234375,1143.89687200693,1082.408846635085,1129.1836659358098,162777
2013-12-09,1043.4078369140625,1113.81164658812,1039.1476166512193,1103.2708423617341,163643
2013-12-10,1019.5595092773438,1053.2022943477457,966.2406370162804,1036.7322834895135,168445
2013-12-11,1046.306640625,1060.7562840757118,1005.7684413891881,1010.1604433166518,178184
2013-12-12,1054.519775390625,1064.6213809024887,1037.3909660444217,1043.539769399469,78580
2013-12-13,1029.7928466796875,1055.7496254027217,1023.3366241870092,1045.2966375815802,34865
2013-12-16,1017.8466186523438,1046.8777991882675,1010.160613980751,1036.5126299976403,36140
2013-12-17,1008.5355224609375,1033.218554256513,1002.430574850081,1018.2857462460044,40188
2013-12-18,1008.3160400390625,1017.2318273078287,999.6198529137307,999.6198529137307,51402
2013-12-19,1034.2286376953125,1043.539660357558,1011.2144832066799,1012.7078282014066,60552
2013-12-20,1034.14111328125,1054.036801936655,1026.4111447816265,1026.4111447816265,38343
2013-12-23,1036.9957275390625,1051.4893354308915,1032.1205619938899,1042.4417676138287,27761
2013-12-24,1039.411376953125,1044.4182170204365,1036.5126123499706,1039.1478139067924,17024
2013-12-26,1029.3975830078125,1043.5398098269777,1011.03899083405,1043.5398098269777,14090
2013-12-27,1020.6571655273438,1032.1203321064843,1018.944327866827,1029.045931117231,19001
2013-12-30,1013.3668823242188,1030.627475707543,1010.1606986614008,1020.7015059517807,28469
2013-12-31,1013.805908203125,1023.2925687963091,1010.1605248637278,1015.4309276021473,17863
2014-01-01,1016.045654296875,1026.8500216237642,1010.1604147710256,1010.1604147710256,12758
2014-01-02,1017.5391845703125,1032.120611767835,1011.1268178788918,1024.2150070819537,22107
2014-01-03,1013.7622680664062,1025.9720597432704,1001.3768391329867,1011.9176479659654,13676
2014-01-06,1001.72802734375,1023.336659831343,996.9846428399779,1023.2488412200315,16400
2014-01-07,996.3257446289062,1015.4309550725286,992.5925425881984,1009.896989156831,17186
2014-01-08,997.9508666992188,1016.3094600679859,992.5926446644979,998.7414486579947,22057
2014-01-09,993.0758666992188,1009.2383523725783,989.8696829816331,996.106305956314,12344
2014-01-10,975.3758544921875,1001.3764856569035,967.1188690423252,993.47088182277,17687
2014-01-13,978.9332275390625,988.2003941257282,966.2403853673786,966.2403853673786,10182
2014-01-14,975.199951171875,983.8083168348185,970.6323125914951,980.2947157032655,9377
2014-01-15,972.96044921875,987.1466404004929,967.1190637643105,987.1466404004929,13244
2014-01-16,969.0075073242188,978.8895126871681,967.1189248539755,973.2677281909217,7247
2014-01-17,957.6322631835938,975.90303801916,953.0646230880185,966.4162689263405,19671
2014-01-20,946.6961059570312,965.3621159329875,940.7669027881981,953.1523279622145,11226
2014-01-21,941.2939453125,952.9767147409234,939.8885259713253,941.6453269544493,13302
2014-01-22,946.652099609375,951.2637018624372,931.9828553331375,931.9828553331375,7901
2014-01-23,968.392578125,982.0517486466465,946.0373285263313,946.0373285263313,19689
2014-01-24,958.37890625,973.2677518007062,955.6997418404046,961.8485453265102,16062
2014-01-27,939.2738037109375,953.9430508284182,935.4526753227195,953.0646502291287,14327
2014-01-28,935.4524536132812,946.9156216078046,929.3476137857674,931.543614763522,7773
2014-01-29,929.0403442382812,946.3009361396948,926.7125613828472,937.0337676352154,8475
2014-01-30,921.3103637695312,931.0167324042101,918.806943733365,923.1989463324728,10078
2014-01-31,916.0399169921875,940.7669118920027,906.5532561662238,930.2261061565181,15399
2014-02-03,906.289794921875,919.6854037152441,887.1845823805124,907.2121584179732,12392
2014-02-04,910.9013671875,914.0635877111954,900.8437238155703,902.995762264947,12334
2014-02-05,910.7257080078125,920.519788088834,909.1445441707779,914.414947325391,7877
2014-02-06,914.72216796875,919.5095141334025,911.7795482900134,914.5903864730984,7618
2014-02-07,927.6787719726562,935.4525951649118,908.2661418371299,908.2661418371299,13156
2014-02-10,936.9459838867188,945.1590077222503,928.6889971322947,934.6182009446787,10580
2014-02-11,930.6212768554688,946.9156474456661,924.9995999803101,946.9156474456661,9107
2014-02-12,927.2395629882812,934.3985486370299,922.3205415453643,924.9557430926369,5090
2014-02-13,923.3308715820312,932.8175343368284,915.2934841292339,924.5166910230505,8844
2014-02-14,929.6991577148438,935.4965798630353,922.3205716959503,922.3205716959503,7241
2014-02-17,934.9255981445312,943.402184844747,917.8846061349708,922.3205717755907,6535
2014-02-18,933.168701171875,943.4020879097014,926.9760423050866,926.9760423050866,4838
2014-02-19,930.972900390625,946.9158935124382,928.4694800024556,928.4694800024556,6256
2014-02-20,921.047119140625,938.9225523724078,914.4591137313696,929.3919259923484,6517
2014-02-21,913.931884765625,926.712656713322,911.8676647481316,923.1990542234136,8147
2014-02-24,1002.2548828125,1079.5541200495727,896.8468320346735,922.3204443059816,449179
2014-02-25,998.1265869140625,1042.3978888109953,990.8358194652884,1011.8296140358098,149563
2014-02-26,997.906982421875,1018.0662320467302,991.143233886795,1005.6808058027904,34311
2014-02-28,988.5079956054688,1005.2415682644731,970.6765295321212,999.6197835373913,42419
2014-03-03,992.5926513671875,1010.1606628958102,979.4166427207203,1001.3766571314989,33128
2014-03-04,1052.104248046875,1064.621455756888,994.5250496901642,996.9846140957656,256383
2014-03-05,1029.2657470703125,1061.9422015477173,1023.3365439188514,1054.9589607266441,45168
2014-03-06,1026.0157470703125,1042.6174307415163,1021.6237445696504,1030.3637866553186,19330
2014-03-07,1009.1942749023438,1027.1575207950523,1005.856310379583,1016.3092969360023,20081
2014-03-10,1026.2353515625,1036.5125945671346,988.2005668542597,999.0927545475781,31706
2014-03-11,1016.6607666015625,1045.2966016380879,1010.2484000201918,1026.23535355769,22875
2014-03-12,1020.2181396484375,1053.2021187863113,1014.6403183462266,1017.8025384585605,69792
2014-03-13,1032.427978515625,1052.3237707518756,1010.160547883687,1010.160547883687,55385
2014-03-14,1026.2353515625,1036.5125945671346,1020.3500038505936,1030.3637910400414,11497
2014-03-18,1034.3607177734375,1040.9047596586945,1018.9447436321399,1023.3367468374507,17088
2014-03-19,1032.0767822265625,1040.90475149062,1023.3367388072339,1034.3607096567146,13698
2014-03-20,1031.637451171875,1036.4686540475564,1024.2150096444334,1024.2150096444334,14206
2014-03-21,1032.0767822265625,1033.8775464172654,1026.8503413439112,1027.7287419780803,16997
2014-03-24,1047.8878173828125,1057.5941856483903,1026.8501686237278,1026.8501686237278,35949
2014-03-25,1054.8272705078125,1059.4388733580886,1036.9518409049253,1048.8102482342067,27445
2014-03-26,1061.72265625,1070.7702244166892,1050.5670126352422,1054.0806146841896,27927
2014-03-27,1070.2872314453125,1076.2164358457949,1060.2295868714473,1062.9087517504702,36976
2014-03-28,1081.398681640625,1093.9158870008514,1071.4728217260244,1071.4728217260244,45189
2014-03-31,1118.335693359375,1141.0423263687308,1086.6693103104528,1095.3654972916145,47675
2014-04-01,1149.2113037109375,1162.1237468969248,1120.8389274682359,1126.9877303618705,50407
2014-04-02,1156.8975830078125,1184.6550212395678,1150.7926343441165,1156.8536200860224,25209
2014-04-03,1131.2921142578125,1170.9079584742947,1124.3527283174021,1151.627108875442,15927
2014-04-04,1131.2481689453125,1141.0423568874019,1125.2311463993547,1129.1839490213665,7856
2014-04-07,1109.2880859375,1141.920687015618,1103.2271008457071,1139.2854854301972,16427
2014-04-09,1102.8319091796875,1131.3799275375845,1098.8791066378249,1120.8391207592842,16419
2014-04-10,1088.3822021484375,1112.055053161986,1080.4326345886593,1112.055053161986,20204
2014-04-11,1093.564697265625,1110.298270257868,1089.3484390563183,1093.6086601827892,129844
2014-04-15,1082.1451416015625,1102.3923101893017,1080.432304010232,1090.0947067290228,11849
2014-04-16,1081.1793212890625,1092.730310242174,1075.1622988234894,1080.4327022490947,8072
2014-04-17,1084.64892578125,1106.784574378166,1079.070997105272,1082.1893616142067,8962
2014-04-21,1117.896484375,1128.7447097510164,1099.7574915239475,1106.6090587228157,72688
2014-04-22,1135.15673828125,1140.1635770463613,1108.1897850274765,1131.2039369740785,25062
2014-04-23,1149.0797119140625,1152.46153261857,1133.1806832523794,1140.1639248009938,22429
2014-04-24,1149.0797119140625,1149.0797119140625,1149.0797119140625,1149.0797119140625,0
2014-04-25,1143.501708984375,1164.7589562454182,1141.042144919154,1155.0965516310143,14442
2014-04-28,1134.937255859375,1158.5222846584015,1132.2580918050344,1158.5222846584015,14232
2014-04-29,1125.538330078125,1156.9851072603678,1119.0821085892783,1143.6773197670648,25082
2014-04-30,1119.6971435546875,1147.9817057360724,1112.0551016237546,1126.9879110452425,12308
2014-05-02,1127.1634521484375,1141.0422226120422,1123.4742130260215,1132.2582178190319,10731
2014-05-05,1103.578369140625,1120.004521671729,1095.365346488381,1120.004521671729,16129
2014-05-06,1093.6083984375,1106.7404403313096,1090.0947971573796,1095.3651990775602,9750
2014-05-07,1085.791015625,1112.0552163506477,1081.3551567046097,1093.608802809286,33326
2014-05-08,1081.0035400390625,1097.078204009487,1076.9189564830974,1094.486965561125,5716
2014-05-09,1084.9564208984375,1097.1222466234362,1076.919034716039,1076.919034716039,10310
2014-05-12,1084.033935546875,1093.6085215584526,1080.4325152746158,1084.3853171597668,10425
2014-05-13,1084.60498046875,1115.832160071821,1080.432578235726,1081.3109787058363,18343
2014-05-14,1087.9866943359375,1105.0276832333475,1080.4324724777564,1090.9293141774451,8165
2014-05-15,1074.7669677734375,1098.0006179587965,1070.3749653016023,1087.459812026392,8032
2014-05-16,1072.702392578125,1106.7843667627276,1047.931547260265,1081.4863954889404,15293
2014-05-19,1043.6717529296875,1080.432798658218,1030.5395988864339,1080.432798658218,52435
2014-05-20,1052.0601806640625,1064.6213500445087,1043.7593392659965,1050.5669427831951,10539
2014-05-21,1056.5841064453125,1067.2566948390293,1049.6886834013499,1051.4454845451178,19321
2014-05-22,1062.9085693359375,1069.8918104296192,1053.1143823025254,1064.6214074225768,14129
2014-05-23,1070.8140869140625,1084.8245308797173,1054.9589162644054,1054.9589162644054,9465
2014-05-26,1062.7327880859375,1093.6085860779606,1054.958965365165,1093.6085860779606,25555
2014-05-27,1059.658447265625,1080.432641036572,1055.8374264438696,1078.6758399942362,32204
2014-05-28,1073.317626953125,1076.040647145474,1058.4726365798335,1062.8646392212436,9387
2014-05-29,1076.5238037109375,1098.0006536047968,1058.7800488127082,1071.6486379182816,7262
2014-05-30,1081.662353515625,1084.8245737427496,1067.6957646836536,1067.6957646836536,11274
2014-06-02,1084.209716796875,1098.0005609517825,1078.675751079031,1080.432551976554,11154
2014-06-03,1077.7974853515625,1102.392700991207,1075.1622836758863,1102.392700991207,5239
2014-06-04,1074.41552734375,1085.4833515218743,1069.8917435999538,1077.7973476167024,7244
2014-06-05,1066.29052734375,1088.3383613214808,1062.864743502011,1088.3383613214808,15842
2014-06-06,1073.625,1080.432603804459,1060.2293925138065,1079.99340355901,16723
2014-06-09,1078.851318359375,1088.338085481822,1070.1990959451362,1073.6248789186093,15725
2014-06-10,1077.4459228515625,1082.1893065170084,1062.8644974720617,1078.895304975256,12666
2014-06-11,1074.23974609375,1085.5711329079745,1068.2227246881441,1080.4325119185626,26787
2014-06-12,1084.033935546875,1098.0005236530646,1080.5642967827769,1089.2165194638403,37577
2014-06-13,1109.375732421875,1128.7445039602417,1085.000121538687,1098.000490233698,38648
2014-06-16,1119.9609375,1134.89375,1106.7849264705883,1134.89375,47438
2014-06-17,1121.234375,1125.4947035849962,1116.4471347401154,1119.9607370524368,4579
2014-06-18,1137.0015869140625,1147.1031922933043,1117.3253949909113,1117.3253949909113,26947
2014-06-19,1196.73291015625,1215.003576945631,1137.484729743092,1137.5286926604867,96248
2014-06-20,1240.6966552734375,1273.6806345979833,1194.624595209143,1206.922201336296,100398
2014-06-23,1246.977294921875,1273.6367279367823,1212.2366204142838,1256.1126813222702,32338
2014-06-24,1244.8251953125,1258.7917836452295,1242.453449806971,1242.453449806971,13834
2014-06-25,1231.4296875,1254.355919199712,1222.294300816806,1247.328715170582,19319
2014-06-26,1245.3524169921875,1249.9640200175509,1216.5847981196823,1216.5847981196823,10868
2014-06-27,1244.8251953125,1256.1126194334142,1228.0038055719672,1232.9228265523973,13060
2014-06-30,1247.109130859375,1264.7211040713707,1234.1966861827543,1255.2782985374822,29475
2014-07-01,1234.899169921875,1262.2613635840682,1229.760549072857,1247.7677571128525,13052
2014-07-02,1241.7508544921875,1256.112680831192,1230.7268856264122,1238.764271428104,27190
2014-07-03,1292.171142578125,1317.6007950315836,1245.571951569857,1245.571951569857,92960
2014-07-04,1285.8466796875,1308.8168765159764,1275.8768544560105,1299.1544700450531,21687
2014-07-07,1283.9581298828125,1303.9857066991942,1259.3629127810425,1283.3432923459231,12816
2014-07-08,1244.29833984375,1294.7624084634265,1234.1527706181237,1294.7624084634265,19476
2014-07-09,1197.4794921875,1246.4063575784153,1155.0966676886576,1235.0311138937282,15120
2014-07-10,1198.48974609375,1229.7607845996727,1173.1479113707187,1205.0777502969624,12158
2014-07-11,1193.1314697265625,1224.4903254135768,1177.4958975730988,1198.489691455572,10443
2014-07-14,1176.79296875,1204.2869440615984,1170.0293285850103,1199.0165416805849,6188
2014-07-15,1190.4083251953125,1210.3919367463423,1181.5365015124878,1185.8406854457269,7206
2014-07-16,1202.091064453125,1212.675833194457,1190.2326578984175,1195.2834606902375,6097
2014-07-17,1248.6025390625,1273.6809200689972,1202.1790869728993,1203.4088693065698,21736
2014-07-18,1232.923095703125,1260.504896771181,1216.6288284467003,1255.234493021615,11647
2014-07-21,1238.3251953125,1257.210807441756,1231.5175909403263,1234.1527926327806,7789
2014-07-22,1230.0244140625,1253.1262857129634,1221.416045214919,1250.8424655778817,7505
2014-07-23,1241.619384765625,1250.8425920808277,1224.5345341057418,1242.058585113968,8468
2014-07-24,1240.74072265625,1269.2447763675082,1234.3283560308103,1246.7577447154881,12966
2014-07-25,1212.5880126953125,1251.6329820048838,1207.8007725239609,1251.6329820048838,16455
2014-07-28,1204.9896240234375,1228.8820702761202,1196.0298762587288,1213.9492645615426,6993
2014-07-30,1198.884765625,1220.0981567503225,1191.110943522993,1218.3413559486662,9382
2014-07-31,1193.087646484375,1229.7608725036812,1190.23284445892,1199.500013924514,24364
2014-08-01,1178.8135986328125,1203.4088152957922,1177.0567974425996,1194.624809344728,8054
2014-08-04,1165.1982421875,1185.928472167449,1160.3670395248305,1185.8406535643612,11915
2014-08-05,1166.4281005859375,1185.8407311091391,1160.4549340126623,1160.4549340126623,11322
2014-08-06,1163.6610107421875,1170.6003958296046,1160.3670090133458,1166.4279936397384,6816
2014-08-07,1179.428466796875,1193.0876392962598,1163.8808187502625,1163.8808187502625,30716
2014-08-08,1170.161376953125,1187.5976073614404,1159.532751172806,1167.6579566965436,11282
2014-08-11,1168.7559814453125,1183.1178100585087,1164.0564523726812,1183.1178100585087,5931
2014-08-12,1176.705322265625,1181.8879068103042,1165.637497091991,1168.755861847507,5533
2014-08-13,1167.83349609375,1181.3608856021394,1159.4886911197818,1176.1783010677182,5412
2014-08-14,1178.0228271484375,1181.4486103635886,1163.002200833748,1163.88060128755,69050
2014-08-18,1184.391357421875,1190.2327425112599,1181.4487370314719,1181.4487370314719,7076
2014-08-19,1215.3988037109375,1242.058235914847,1172.708563299499,1172.708563299499,19476
2014-08-20,1202.837890625,1233.8893316923138,1195.7228669118442,1233.8893316923138,12346
2014-08-21,1204.19921875,1221.855046648774,1199.0166345618811,1199.0166345618811,13369
2014-08-22,1226.9058837890625,1233.2742873383525,1196.46928538058,1216.584678036765,13386
2014-08-25,1231.2103271484375,1242.9369547104475,1226.2473418910138,1226.906142397044,14685
2014-08-26,1234.85546875,1242.9367104787175,1231.517503951351,1238.3251078426656,9813
2014-08-27,1263.052001953125,1273.6806257294058,1239.9500277130421,1242.0582101940552,27675
2014-08-28,1249.919921875,1268.4102948955313,1247.328683346021,1268.4102948955313,8609
2014-09-01,1252.6429443359375,1278.0725932491152,1242.05817653213,1256.1125830558315,43866
2014-09-02,1270.3865966796875,1282.4646023525281,1248.2069862622893,1262.261392863413,31184
2014-09-03,1284.48486328125,1307.938109527194,1253.1259067289539,1278.0724978925905,31943
2014-09-04,1282.46484375,1316.7224662885274,1275.4376391267124,1291.2488495291097,25613
2014-09-05,1278.07275390625,1304.4247694507087,1273.6807513155068,1291.2487616784792,19346
2014-09-08,1292.8739013671875,1301.789688900463,1265.3360640088508,1274.5592703067286,13518
2014-09-09,1269.815673828125,1299.9448522665582,1264.8966527350346,1299.7691078399298,12619
2014-09-10,1261.6026611328125,1286.8566743669767,1251.7206559542265,1277.1942693034703,10878
2014-09-11,1297.968505859375,1308.7289118649055,1261.383103995247,1271.9239098782155,29133
2014-09-12,1359.544189453125,1394.0214044012982,1302.9751834813737,1302.9751834813737,86159
2014-09-15,1494.5106201171875,1518.6666336727749,1370.3047689714979,1370.3047689714979,160383
2014-09-16,1482.6961669921875,1603.0810053829687,1463.415317790699,1494.3349742915432,170248
2014-09-17,1469.78369140625,1537.2009322940012,1458.1448843474527,1493.2809056570297,41244
2014-09-18,1482.388671875,1506.4129042589657,1458.1448393646237,1480.1048520056572,27709
2014-09-19,1460.604248046875,1502.9431050170251,1449.1410797789813,1488.0102980121803,32696
2014-09-22,1425.556396484375,1470.2230468430619,1418.6170100980105,1470.2230468430619,17938
2014-09-23,1405.9239501953125,1462.5368190073816,1392.2647796556755,1424.9412350635698,21198
2014-09-24,1389.278076171875,1430.0358769099632,1373.4668686876125,1405.9238283871082,16945
2014-09-25,1369.03125,1401.9712713445836,1352.7368765508934,1376.4976548381055,18816
2014-09-26,1342.15185546875,1368.9430678120607,1231.1659857803902,1355.41578736099,22129
2014-09-29,1438.688232421875,1500.3080487255713,1336.266755927269,1342.2399221969192,54638
2014-09-30,1460.8240966796875,1484.4969489212408,1427.488731035093,1448.0433256193287,31001
2014-10-01,1458.8475341796875,1486.2535857785738,1436.536140938397,1471.3207778836354,12651
2014-10-07,1490.6458740234375,1508.8287242337158,1449.0974811968308,1449.8880632117646,35045
2014-10-08,1472.5506591796875,1510.8489005625763,1458.2326877546357,1471.3208770013462,14487
2014-10-09,1438.95166015625,1482.256736246036,1431.792675334256,1477.4694968786619,16456
2014-10-10,1404.9136962890625,1440.6206959026977,1396.7006735554507,1440.5767329897037,13453
2014-10-13,1397.3155517578125,1427.44473085798,1392.2647490404731,1413.346360382411,7755
2014-10-14,1377.5516357421875,1402.761688146165,1358.6660242845392,1383.3052021234246,21206
2014-10-15,1377.5516357421875,1377.5516357421875,1377.5516357421875,1377.5516357421875,0
2014-10-16,1340.3953857421875,1392.2649853422824,1330.7769418255887,1377.5517749293595,9403
2014-10-17,1349.0477294921875,1360.3790118298757,1321.4219653622085,1326.9997879134426,7496
2014-10-20,1380.40625,1386.9502901908056,1351.8142736461032,1356.250238625517,6143
2014-10-21,1375.3555908203125,1387.3457791599035,1368.5919498218889,1370.392606521317,7134
2014-10-22,1375.135986328125,1385.9842110860275,1370.304783565554,1379.132751504174,3720
2014-10-27,1403.2886962890625,1435.8333689618933,1392.3086905506004,1394.021528555153,9743
2014-10-28,1399.248046875,1424.765624533026,1389.6735671153563,1405.484776265538,8196
2014-10-29,1408.9541015625,1418.6165050021432,1391.1225323241547,1404.5620999990258,7633
2014-10-30,1410.9747314453125,1426.5223770234543,1405.440765540349,1417.7383722388272,7186
2014-10-31,1448.5701904296875,1461.6583788490807,1401.5757653885662,1424.7655591906305,21521
2014-11-03,1480.4119873046875,1510.8485804432398,1472.3746027715438,1490.7771541774396,19704
2014-11-05,1496.9700927734375,1510.8488635971305,1466.9288384925626,1492.666016094489,25171
2014-11-07,1454.016357421875,1466.753164381763,1407.724587790309,1449.3607919872675,39653
2014-11-10,1474.2196044921875,1481.8616459642462,1453.752829917503,1454.0163929585908,8840
2014-11-11,1463.0638427734375,1484.409017688892,1458.1448214476134,1475.3614497013089,9080
2014-11-12,1451.644775390625,1472.1554074646735,1444.178370469225,1458.1449611204646,9716
2014-11-13,1453.4892578125,1469.564029779639,1438.380812172241,1466.7531910831424,8277
2014-11-14,1444.881103515625,1466.9289361404335,1439.0836812612347,1444.9689221263552,6566
2014-11-17,1458.1888427734375,1466.9288851566241,1445.8472724358103,1466.9288851566241,11755
2014-11-18,1467.1923828125,1483.398828978642,1450.6784106932507,1463.371254895861,19447
2014-11-19,1492.8416748046875,1499.385715748868,1460.7800560165904,1467.8072601345295,22313
2014-11-20,1468.1148681640625,1510.8490801616367,1452.8746387135739,1493.237104679562,10684
2014-11-21,1474.79052734375,1497.3215223895475,1467.543722969329,1484.4968960934737,5694
2014-11-24,1480.0169677734375,1506.4128374615384,1473.955983107944,1493.2807933751517,6831
2014-11-25,1493.9835205078125,1506.4567639425206,1449.4485535876524,1480.1047505790946,43190
2014-11-26,1580.418212890625,1593.4185838079343,1469.5641073377476,1485.0239354376367,93802
2014-11-27,1584.282958984375,1603.0367863038418,1550.376724583287,1589.9047430570815,39575
2014-11-28,1555.779052734375,1597.6348576203586,1542.6908639592327,1596.8442757322935,14578
2014-12-01,1583.492431640625,1589.904797748711,1529.295167337296,1541.6805921064795,22778
2014-12-02,1598.55712890625,1620.604960016809,1590.7833059245004,1603.080912927782,36631
2014-12-03,1629.828125,1646.9130786434037,1586.3912642272824,1586.3912642272824,35152
2014-12-04,1656.57568359375,1676.8667156484119,1632.0682858432422,1651.3930987003741,35708
2014-12-05,1726.4522705078125,1743.405443546058,1660.1769937282024,1668.0386355433018,38227
2014-12-08,1770.6798095703125,1862.2091007842462,1704.1848259280316,1739.233028090947,71305
2014-12-09,1721.401611328125,1818.289240308656,1711.2121858229302,1782.0991785129736,37329
2014-12-10,1759.216796875,1772.6124059886406,1715.5163671436148,1715.5163671436148,14888
2014-12-11,1819.079345703125,1844.6408837303945,1751.5304391230509,1751.5304391230509,72175
2014-12-12,1788.4674072265625,1857.8170848311458,1777.8386752388997,1835.8570720080827,20352
2014-12-15,1823.1640625,1830.850066292528,1733.1280180732413,1762.0712694641727,21234
2014-12-16,1720.87451171875,1834.9787656473661,1690.921074136515,1834.9787656473661,27657
2014-12-17,1768.352294921875,1778.2343022619198,1653.413590994327,1704.0972657499444,28326
2014-12-18,1756.976806640625,1835.8132591180934,1743.6251606437295,1795.4507951414525,42894
2014-12-19,1801.291748046875,1809.5048778124124,1778.7608628981236,1779.6392633242463,39769
2014-12-22,1804.01513671875,1827.0731512477178,1787.8086893976135,1809.3734658763094,23059
2014-12-23,1797.0318603515625,1820.0459115157926,1768.8351173503486,1800.721099713984,18461
2014-12-24,1770.196533203125,1811.7888809108154,1748.0169215105911,1811.7888809108154,22419
2014-12-26,1789.8729248046875,1799.8427497280354,1748.0171166221526,1769.0987300889524,13213
2014-12-29,1793.82568359375,1803.3563080041697,1756.801079400068,1789.8728811651,7916
2014-12-30,1812.44775390625,1831.4650389127019,1778.8488276204366,1793.869454695691,16632
2014-12-31,1892.6019287109375,1918.4268193438775,1800.8528188330959,1811.2619512303459,52100
2015-01-01,1925.453857421875,1964.981879129897,1880.65543281945,1907.8858477738652,46066
2015-01-02,1950.2247314453125,1964.981902616677,1932.481084379387,1933.3594848722869,15340
2015-01-05,1968.8909912109375,2042.2814045756993,1941.2653351020626,1941.2653351020626,45049
2015-01-06,1947.326416015625,1990.4559759447304,1935.3802952291517,1963.2255543850274,62280
2015-01-07,1984.2186279296875,2007.144964730438,1940.3865326431237,1959.0965045266614,19872
2015-01-08,1995.4620361328125,2029.104812494687,1983.4279942047633,1985.1847949082219,11683
2015-01-09,1984.350830078125,2024.7132929625836,1969.9011837413439,2024.7132929625836,17186
2015-01-12,1935.863037109375,1996.6043461981153,1923.6971043439826,1996.6043461981153,21664
2015-01-13,1891.899169921875,1967.6172553393717,1885.9260032203708,1967.6172553393717,32438
2015-01-14,1840.9078369140625,1913.8590408953535,1827.073029121436,1901.7370711768795,26921
2015-01-15,1874.1114501953125,1887.4630950509215,1844.6410702068345,1844.6410702068345,22899
2015-01-16,1844.2896728515625,1864.7562317989464,1835.8569427399796,1864.7562317989464,13479
2015-01-19,1825.8436279296875,1878.8989399862296,1818.2892967608675,1870.993334348139,21824
2015-01-20,1840.46875,1852.4150832458067,1816.7079722626713,1816.7079722626713,14303
2015-01-21,1880.8311767578125,1897.3451496547175,1795.4506879140013,1835.8571123973888,22922
2015-01-22,1881.270263671875,1927.4742146654746,1845.5194070541447,1874.5066228717492,14867
2015-01-23,1879.9530029296875,1899.7170172886063,1854.3037471856583,1895.588577179844,17832
2015-01-27,1882.6759033203125,1903.7135531732301,1510.8489151957347,1892.0747461230303,16405
2015-01-28,1842.4449462890625,1887.4629694105472,1835.8569429054305,1886.804169072184,14290
2015-01-29,1844.42138671875,1878.898605163189,1806.8697666295839,1836.7353826069323,27148
2015-01-30,1798.393310546875,1850.745960890318,1778.7610800714124,1842.0059184739514,18127
2015-02-02,1777.618896484375,1804.2344722420776,1765.5848535572425,1783.1528620503493,15320
2015-02-03,1751.0474853515625,1814.0727230808152,1741.3412238769708,1778.7610648325676,18134
2015-02-04,1755.834716796875,1774.281126623471,1735.5875431203683,1756.8009358662775,12996
2015-02-05,1719.1177978515625,1755.8349859297955,1713.3203753199036,1755.8349859297955,44200
2015-02-06,1769.0107421875,1829.0933562634239,1757.6793545881592,1761.1929564963814,62300
2015-02-09,1755.000244140625,1787.5450257056702,1740.1113984879278,1769.0986151209927,27603
2015-02-10,1789.1263427734375,1806.7820657450577,1732.2059423452722,1755.0003944870023,18265
2015-02-11,1762.466552734375,1807.5285390353058,1756.800912681624,1783.1529263718483,17909
2015-02-12,1787.6767578125,1799.8425830117403,1756.800959503895,1768.2201657406702,17356
2015-02-13,1833.3974609375,1859.2225640309434,1769.8013512046364,1793.6938016563245,29437
2015-02-16,1795.8900146484375,1842.884446433075,1783.1532060339096,1821.802832174546,16716
2015-02-18,1787.7647705078125,1826.1947956692013,1777.9705826499262,1801.5995795659123,13336
2015-02-19,1780.4737548828125,1813.8529720886593,1766.3754919515766,1793.6937245878805,17030
2015-02-20,1748.456298828125,1783.1091577153024,1743.6250957919256,1776.1259162172662,11928
2015-02-23,1747.446044921875,1772.5682782321746,1724.7833759468322,1742.7466236069697,8140
2015-02-24,1741.6925048828125,1760.3145520638982,1734.8409382865264,1746.2601444625896,13952
2015-02-25,1772.1292724609375,1799.8428546707046,1717.2731971113847,1741.868414256714,14132
2015-02-26,1746.875,1791.8491691260374,1739.2329586782744,1766.5073366027414,8663
2015-02-27,1773.4906005859375,1791.0586104976358,1717.272968868503,1749.1589497488847,25443
2015-03-02,1749.07080078125,1769.9767727997519,1730.2731183551357,1748.0167632116656,8581
2015-03-03,1768.5716552734375,1775.2035149641831,1731.5910142651207,1754.0780464733164,9022
2015-03-04,1784.734130859375,1834.3637577765091,1762.9497561537723,1774.3689623470952,28180
2015-03-05,1825.0087890625,1840.2491241536188,1778.7610865924,1790.180293568055,60529
2015-03-09,1882.632080078125,1897.345290082235,1783.1532124383966,1819.1676369260688,56738
2015-03-10,1904.28466796875,1932.3934885416556,1884.7842165869533,1888.5613822420937,31288
2015-03-11,1883.37841796875,1920.8421099346704,1875.3848884008328,1910.520905045345,16353
2015-03-12,1899.541259765625,1914.9572328800411,1884.16924957099,1889.4396530662934,8917
2015-03-13,1876.1317138671875,1954.441029328422,1861.3305802907535,1897.3449992581536,58205
2015-03-16,1830.8944091796875,1882.4125195109857,1815.3027982504668,1867.479709043563,9943
2015-03-17,1863.218994140625,1883.2465669194073,1838.4921077135389,1838.4921077135389,21590
2015-03-18,1866.38134765625,1931.5146549464757,1850.7897397396016,1850.7897397396016,35682
2015-03-19,1890.1859130859375,1911.003958866494,1853.4247719928505,1888.560786627786,20897
2015-03-20,1905.90966796875,1923.6972798025408,1889.044419639217,1907.8860692836158,29179
2015-03-23,1893.74365234375,1923.6971967595282,1885.0475727150445,1892.9531776332344,14524
2015-03-24,1901.2100830078125,1930.724427554278,1757.767336142875,1906.129211916644,69116
2015-03-25,1911.443359375,1919.30500058285,1888.560984555207,1888.560984555207,14254
2015-03-26,1886.496826171875,1911.3995671595064,1875.38514516799,1904.6798888375135,11599
2015-03-27,1890.9764404296875,1912.2776498968433,1855.1816245209616,1884.1688374041014,11357
2015-03-30,1937.619873046875,1948.2923535848058,1901.7371260194338,1914.9131338209543,36005
2015-03-31,1958.96533203125,1977.280073311706,1900.0247708235293,1950.049650267431,53415
2015-04-01,1946.974853515625,1998.3612865996151,1934.2380453153198,1961.4684628470068,28300
2015-04-06,2030.0716552734375,2054.2276710931915,1946.930912152761,1946.9748750721772,53810
2015-04-07,2095.643798828125,2103.769002700769,2034.3753696262968,2042.2809733942747,41414
2015-04-08,2072.14697265625,2134.1621395183247,2047.8153194288118,2106.404595349592,28674
2015-04-09,2040.3046875,2094.7215536140343,2033.5410467855463,2090.549151390108,13636
2015-04-10,2027.61181640625,2062.484271634811,2003.8070782564275,2029.9834547478913,7915
2015-04-13,2025.9427490234375,2059.893055706655,2005.036989494998,2033.7166789289186,8698
2015-04-15,2020.672119140625,2076.5384682817757,2007.1448392655911,2027.5676478051646,9342
2015-04-16,2008.5506591796875,2029.8079082842457,1981.6715182308956,2013.3378989904384,9633
2015-04-17,1996.99951171875,2025.5914899950612,1981.3639404144367,2002.7530777054378,13378
2015-04-20,1965.860107421875,2020.3209325604612,1933.2713665979795,2020.3209325604612,11995
2015-04-21,1994.8037109375,2011.537284513736,1933.4035975102852,1980.8811907188272,9773
2015-04-22,1977.6751708984375,2002.7535532386412,1951.9819509720207,1993.0911457449458,28331
2015-04-23,1955.9781494140625,1979.1678348888756,1945.6569444042432,1965.860154210698,4954
2015-04-24,1888.12158203125,1958.832811318766,1878.0199778473193,1958.832811318766,9911
2015-04-27,1797.2955322265625,1916.4506007642087,1766.4636911363923,1916.4506007642087,20789
2015-04-28,1773.798095703125,1800.7210934975728,1743.6250588256985,1766.2878354784166,14969
2015-04-29,1797.4710693359375,1809.505113852949,1753.2874792478087,1798.0859068237799,7793
2015-04-30,1834.0565185546875,1854.303695591905,1766.5075971398737,1800.6772952328058,13807
2015-05-04,1925.848876953125,1948.2920496309969,1844.6408044297084,1844.6408044297084,15519
2015-05-05,1968.583251953125,2002.7529422479065,1928.0889071202432,1937.9269488581842,17778
2015-05-06,1886.8485107421875,1965.8166413710403,1840.7324777996557,1965.8166413710403,56890
2015-05-07,1895.193115234375,1910.5211616637387,1875.47306613452,1886.8043472430854,23274
2015-05-08,1913.8587646484375,1932.3928837409153,1878.063949653197,1897.3447948397447,9594
2015-05-11,1931.9539794921875,1941.265110600348,1894.1827578832215,1938.6299090927457,6583
2015-05-12,1927.73828125,1949.1711727626914,1879.777516769788,1917.3291470697452,7453
2015-05-13,1926.9913330078125,1957.032590898408,1906.1732814974257,1929.8900979036757,7098
2015-05-14,1911.004638671875,1939.3770234731917,1853.5133571646197,1939.3770234731917,8501
2015-05-15,1891.4598388671875,1919.26112890099,1879.777069330698,1906.129084321315,8453
2015-05-18,1922.73046875,1932.4807985603854,1876.3511011471217,1906.963225125116,5972
2015-05-19,1914.5181884765625,1931.6030383076352,1906.1733822628642,1931.6030383076352,5197
2015-05-20,1928.8795166015625,1957.07625762057,1906.129030088257,1921.01787524369,4375
2015-05-21,1946.0084228515625,1975.347128840629,1909.5987642513614,1915.9232050937421,8565
2015-05-22,1954.528564453125,2005.3878552909202,1928.1325929372156,1936.8726329025312,6360
2015-05-25,1943.32958984375,1972.0092827175572,1919.3492113547945,1932.9644202109737,3470
2015-05-26,1961.5562744140625,1976.4011573255632,1928.089129035383,1949.6099416373722,6930
2015-05-27,1970.0771484375,2008.243616263806,1905.0315331972133,1979.9151934646773,14286
2015-05-28,1949.6982421875,2001.787231137971,1932.4815030156801,1988.830821060934,7912
2015-05-29,1947.2821044921875,1967.616988931323,1921.9401659739888,1967.616988931323,21479
2015-06-01,1926.3321533203125,1943.0217615798135,1919.3049498426278,1931.4708816446619,5172
2015-06-02,1903.8890380859375,1926.5957758053373,1888.47306709031,1924.7950119679542,7124
2015-06-03,1873.2772216796875,1913.1565234861987,1849.3845535886828,1906.1293186249088,28021
2015-06-04,1846.6617431640625,1870.9933984599502,1824.4381636625901,1870.9933984599502,73465
2015-06-05,1836.5596923828125,1866.5569817833432,1820.9241215789457,1846.5733716695365,6293
2015-06-08,1780.561767578125,1843.3234401009684,1765.5849962368104,1831.4650334098258,7691
2015-06-09,1761.2369384765625,1791.0585921047746,1738.2667443075795,1762.115338963127,11094
2015-06-10,1753.06787109375,1802.346226983212,1409.8328613831736,1756.8010733746712,17816
2015-06-11,1731.19580078125,1765.585205710947,1720.127974668389,1758.689782447403,11008
2015-06-12,1702.3402099609375,1728.6922255950078,1673.3529927634602,1722.9826222076258,17608
2015-06-15,1703.21875,1717.5805782516818,1687.407539324394,1702.3403494069107,8599
2015-06-16,1712.35400390625,1734.8410358881329,1689.1642086141162,1702.3402164816212,19667
2015-06-17,1734.577392578125,1765.5849725488606,1695.752134082376,1722.3677116338356,41718
2015-06-18,1757.679443359375,1777.794836745195,1732.2058282382247,1752.10162149369,8535
2015-06-19,1761.2369384765625,1794.572194051032,1746.2601672899912,1766.1998154443538,10462
2015-06-22,1754.8685302734375,1777.0041795852346,1740.1113592478248,1777.0041795852346,13361
2015-06-23,1750.4326171875,1773.490630586658,1743.6689761477303,1773.490630586658,9292
2015-06-24,1766.8148193359375,1810.383463484415,1744.5034247841088,1748.0170268481252,14445
2015-06-25,1779.1124267578125,1791.9370528475729,1758.338233106681,1774.3250796090826,16792
2015-06-26,1776.3013916015625,1783.7677956136206,1761.6321466096965,1778.7609558138297,11266
2015-06-29,1740.243408203125,1764.706844002935,1732.2060210919801,1764.706844002935,8200
2015-06-30,1772.7877197265625,1793.693693025637,1735.7192641619288,1755.0001108706522,10154
2015-07-01,1758.513916015625,1798.9643037238961,1752.409075160729,1797.2953212546079,16059
2015-07-02,1762.4228515625,1778.6732614295095,1756.1422663037088,1769.9770747040004,6629
2015-07-03,1750.401611328125,1780.940542791532,1746.1588132692268,1760.7432832357883,11133
2015-07-06,1753.9373779296875,1765.1629579882017,1745.7169965081114,1750.401748569671,9016
2015-07-07,1768.3448486328125,1810.242074475339,1753.6720096479846,1763.394989540186,13939
2015-07-08,1756.14697265625,1767.858743753407,1726.8895562756054,1766.9305979786268,101657
2015-07-09,1774.2672119140625,1794.2434958261747,1745.7169622329434,1745.7169622329434,18159
2015-07-10,1796.276611328125,1811.656729876766,1745.893888512557,1779.791824304922,51919
2015-07-13,1839.632080078125,1858.5918486267813,1804.9387183277029,1811.1260694679054,25165
2015-07-14,1868.2266845703125,1878.3031421668588,1829.2462836302655,1850.0181066142284,32520
2015-07-15,1865.04443359375,1887.0978779309735,1856.1611219234942,1882.7225798837383,10219
2015-07-16,1857.13330078125,1891.6056822320709,1837.3778881692156,1873.8832993779502,33104
2015-07-17,1873.088134765625,1889.3519435394733,1856.2054182142194,1876.5352870803752,7967
2015-07-20,1862.5692138671875,1873.8832692182252,1839.8970804431146,1856.2051251689966,15403
2015-07-21,1855.940185546875,1872.513448054969,1846.438181708901,1865.0444742441925,36547
2015-07-22,1858.724609375,1875.6513483722915,1847.366313901079,1847.366313901079,13429
2015-07-23,1856.8240966796875,1870.3479220734996,1854.4375900331768,1870.3479220734996,11844
2015-07-24,1860.404052734375,1889.7497345069082,1854.7471318376333,1860.2273144184205,16174
2015-07-27,1857.3988037109375,1918.0789572133801,1842.9468321612433,1903.0525322029528,33377
2015-07-28,1856.779541015625,1865.1766592693461,1840.6924734153947,1861.508530772308,14246
2015-07-29,1887.097900390625,1909.2398220418984,1851.2996537273395,1851.2996537273395,15779
2015-07-30,1875.695556640625,1900.444961403694,1860.58065526982,1887.1421131840077,11192
2015-07-31,1923.2938232421875,1953.4351487340346,1856.1168679011075,1890.589252878767,34704
2015-08-03,2026.7109375,2056.8522623869244,1918.2555562526272,1926.9178908480856,58787
2015-08-04,2037.3177490234375,2081.6015888895836,1999.4866910864255,2050.3996195781165,20731
2015-08-05,2175.781982421875,2199.16128654088,2046.24532891565,2061.9789214724624,61346
2015-08-06,2144.18212890625,2229.213958386192,2130.83504386727,2176.1795263865206,35082
2015-08-07,2085.888916015625,2140.779434808783,2077.1823420077044,2124.029433125325,16929
2015-08-10,2045.2291259765625,2118.725936451797,2037.4506980690987,2118.725936451797,22310
2015-08-11,2003.15478515625,2077.1820165988693,1953.4792413656314,2077.1820165988693,49993
2015-08-12,2024.5452880859375,2046.1567768738173,1978.1843966588938,2000.503054395997,64935
2015-08-13,1989.8961181640625,2072.7624195867747,1979.952161993337,2045.3612959163313,25866
2015-08-14,2025.473388671875,2051.548651585172,1988.9679774337271,1997.762811087324,15374
2015-08-17,2026.5341796875,2063.3930701401778,1975.0465805769143,2028.5672095930324,21691
2015-08-18,2028.3021240234375,2058.5759503301515,1997.2771059585284,2008.4142089314355,13017
2015-08-19,2019.06494140625,2070.464056725704,1990.558935338459,2033.9146249359776,24471
2015-08-20,1996.569580078125,2037.406048608713,1964.0417527152106,2024.147440917116,23879
2015-08-21,2007.574462890625,2032.1028905605049,1953.65611738206,1996.5698601225936,9875
2015-08-24,1923.8240966796875,1978.0076533363329,1900.4005549558137,1966.6935975705512,29836
2015-08-25,1963.909423828125,2033.030928114732,1838.5270931965879,1944.5959639579294,24139
2015-08-26,1950.0762939453125,1988.7914778741329,1935.8455155155807,1966.738033312355,9548
2015-08-27,2021.8936767578125,2041.8258292024193,1944.5960278118278,1979.77558092905,19477
2015-08-28,2041.162841796875,2077.182062670848,2006.4694818139683,2054.2004738923624,18325
2015-08-31,2086.330810546875,2128.4489096704033,2000.238104738567,2000.238104738567,28382
2015-09-01,2075.32568359375,2093.048066583238,2055.084294496058,2087.7446232426028,16671
2015-09-02,2043.85888671875,2078.066055964932,2028.567247315831,2068.3430756945727,10473
2015-09-03,2068.519775390625,2121.377473942562,2041.8258186697162,2085.137275429377,25334
2015-09-04,2045.494384765625,2085.0934825692484,2022.3802907511724,2056.4107283359276,14453
2015-09-07,1977.3887939453125,2059.5036827898493,1955.2026379103631,2059.5036827898493,21872
2015-09-08,1960.064453125,1975.577069521219,1918.0788560456594,1975.5328309963359,21444
2015-09-09,2039.925048828125,2050.6644335728283,1962.317963742869,1988.7909377322687,19912
2015-09-10,2001.7852783203125,2032.9872563269635,1977.3453221883433,2022.3803662939533,18759
2015-09-11,2030.1143798828125,2032.987079016205,1966.7382606225888,2015.3089305030205,8383
2015-09-14,2047.306396484375,2075.1494812131477,1998.5147483096882,2063.9238997360117,14910
2015-09-15,2019.6842041015625,2049.3835795551886,2005.718423789468,2024.4574336196679,73197
2015-09-16,2015.3970947265625,2040.8094292696596,2002.0500083518127,2026.0480049143096,9237
2015-09-18,2269.431884765625,2342.354233545825,1997.630402948515,1997.630402948515,394840
2015-09-21,2275.84033203125,2331.747469035222,2236.2854801588746,2268.106143117657,91716
2015-09-22,2326.48828125,2408.5589456038397,2276.0613259941656,2276.0613259941656,117226
2015-09-23,2274.912353515625,2375.9430089998223,2255.73160675876,2322.024659465228,56812
2015-09-24,2274.5146484375,2320.1683779512377,2242.473006154061,2295.9051637126972,28024
2015-09-28,2234.8271484375,2284.6794347343534,2220.3751775037026,2276.0613384044723,17795
2015-09-29,2181.173828125,2221.2591117046422,2166.191642098945,2221.2591117046422,20249
2015-09-30,2143.696044921875,2227.4020178242326,2096.8047224372804,2192.0899665627257,42238
2015-10-01,2173.660400390625,2208.8399516611094,2147.894590693756,2161.1531992782852,23122
2015-10-05,2183.560546875,2217.723478670964,2172.6442050909645,2187.670629617631,17350
2015-10-06,2229.435546875,2260.504807160198,2171.4071095931968,2192.090457428883,40356
2015-10-07,2213.657470703125,2252.1074402489107,2210.6522720462094,2229.214326309692,12538
2015-10-08,2165.793701171875,2233.6335814146832,2154.9658375500585,2233.6335814146832,13390
2015-10-09,2165.0869140625,2206.232846241488,2150.546680651258,2198.277679728598,11981
2015-10-12,2150.104736328125,2185.019078397996,2122.261653411646,2185.019078397996,15882
2015-10-13,2111.521728515625,2165.572565620104,2099.2795278970398,2138.082966325214,25034
2015-10-14,2111.654052734375,2129.3321946576434,2100.1632604842507,2116.9574953113556,14538
2015-10-15,2104.9365234375,2120.714353304121,2088.2307636473834,2120.449137984126,11386
2015-10-16,2157.617919921875,2231.8661400257,2104.5834769905714,2105.997815121153,58776
2015-10-19,2205.96728515625,2211.5359440021202,2148.778529124362,2174.411839426545,58731
2015-10-20,2244.771484375,2262.803110341445,2194.3887588713037,2205.3491251179316,33242
2015-10-21,2250.251220703125,2275.177363106764,2238.0532569488446,2244.2406079751645,26914
2015-10-23,2223.424560546875,2267.222210144087,2196.509626591835,2253.0796934336367,9821
2015-10-26,2249.1025390625,2260.9910512774463,2184.223817612994,2245.1249554799565,19881
2015-10-27,2217.67919921875,2261.918803183019,2200.9291988767945,2253.963637403946,7793
2015-10-28,2211.713134765625,2240.70534171541,2189.438710622908,2240.70534171541,8152
2015-10-29,2224.176025390625,2295.5073027278686,2200.9292197891386,2211.7570844246475,30137
2015-10-30,2251.400146484375,2280.4806074463127,2227.4904132351444,2233.6335252003228,16295
2015-11-02,2260.50439453125,2267.1779376635777,2217.3256533249655,2253.9635669697022,7947
2015-11-03,2268.945556640625,2311.4173409990103,2220.021422324078,2271.5972782555377,15063
2015-11-04,2249.853515625,2284.9003534900207,2231.865915884837,2269.255237556027,9155
2015-11-05,2228.021240234375,2270.5815136733136,2211.5806910492115,2267.4878375806643,6828
2015-11-06,2182.897216796875,2253.96326640688,2166.456457240495,2236.2851231409436,10377
2015-11-09,2159.34130859375,2231.8659461622415,2122.2614402913036,2165.5728982564324,15675
2015-11-10,2161.77197265625,2299.926722473186,2147.9389101641336,2299.926722473186,52410
2015-11-13,2154.833251953125,2183.250782089191,2132.205141333867,2183.250782089191,11536
2015-11-16,2132.6474609375,2174.412083268573,2095.125637050392,2174.412083268573,9650
2015-11-17,2119.60986328125,2163.805231573186,2095.302410720685,2163.805231573186,15299
2015-11-18,2112.627197265625,2151.3864079045707,2103.699646061993,2134.592167032647,8947
2015-11-19,2145.862060546875,2182.3674811760707,2112.6272701015596,2139.0560163815676,9841
2015-11-20,2122.8798828125,2165.572643807085,2108.118675706081,2165.572643807085,35729
2015-11-23,2158.85498046875,2170.8762053844084,2121.333160876424,2128.2719191060232,16271
2015-11-24,2211.801513671875,2337.9350555509427,2201.371363270179,2245.1247792436275,206196
2015-11-26,2221.037841796875,2238.9369627983224,2211.09388568496,2238.9369627983224,21559
2015-11-27,2191.8251953125,2231.866244764248,2180.5996141914457,2230.9380988098537,13756
2015-11-30,2169.992431640625,2231.8659429297672,2165.572895119972,2214.187796847155,20271
2015-12-01,2186.654052734375,2231.8658225836853,2178.919864240273,2200.9290686072777,11195
2015-12-02,2199.07275390625,2209.7681179160304,2183.2509005010384,2206.232488927365,10976
2015-12-03,2170.1689453125,2200.840482431552,2158.501413265193,2200.840482431552,9597
2015-12-04,2226.29736328125,2252.1958913769513,2144.4476734735586,2145.2431037566175,22607
2015-12-07,2188.775146484375,2247.466496703048,2178.786952227309,2244.2403218268864,12711
2015-12-08,2181.439208984375,2205.348947141988,2166.0150681248265,2196.4656346763245,9886
2015-12-09,2135.12255859375,2187.715048779561,2112.892158053394,2147.8949773364775,13896
2015-12-10,2135.166748046875,2160.225392727877,2086.9053189018564,2135.520224678901,12889
2015-12-11,2125.973876953125,2156.733895341301,2104.6276011523264,2121.4218405012957,6845
2015-12-14,2110.37255859375,2143.4748381931213,2086.020873458048,2109.0466978690943,12222
2015-12-15,2098.926513671875,2119.565621150508,2086.0213798334876,2090.4409166551686,9966
2015-12-16,2093.7109375,2127.476149316276,2086.0209880341513,2100.207741726711,25503
2015-12-17,2096.5400390625,2107.235405754757,2085.977387969205,2101.9319609416157,12399
2015-12-18,2101.2685546875,2124.913074127143,2086.153654072435,2086.153654072435,10954
2015-12-21,2140.1162109375,2147.8946379711683,2103.7435135724063,2130.2164928026814,9921
2015-12-22,2120.4052734375,2143.475341785694,2112.582822802796,2121.377657849759,8406
2015-12-23,2112.317626953125,2125.797214278592,2100.4733545731046,2117.1348789361296,9228
2015-12-24,2089.29150390625,2124.8687703822825,2086.904997513354,2124.8687703822825,42927
2015-12-28,2088.717041015625,2101.887172537085,2055.52628108349,2089.5567097318303,14326
2015-12-29,2080.05517578125,2107.23532946457,2072.1000088495466,2094.9048638799727,11093
2015-12-30,2088.319580078125,2099.279944839473,2068.3431877576286,2082.4857052807574,8527
2015-12-31,2084.91650390625,2103.699535472973,2077.1823144375994,2103.6552969450413,10181
2016-01-01,2106.925537109375,2131.321464766993,2069.359477077194,2084.2534013149066,17990
2016-01-04,2092.606689453125,2121.28944359586,2078.3316701810945,2106.3514937236228,7346
2016-01-05,2093.3134765625,2113.3781292408053,2086.0212412910378,2113.3781292408053,6736
2016-01-06,2086.28662109375,2106.262798297041,2072.762795092032,2084.253590971007,9969
2016-01-07,2044.6541748046875,2091.633973868622,2021.849324960269,2076.2980970075887,13927
2016-01-08,2089.91015625,2120.493432550832,2032.9866172850827,2044.654149494317,9335
2016-01-11,2065.8681640625,2090.4408309430596,2051.195431894747,2090.4408309430596,4863
2016-01-12,2060.343994140625,2072.674459709428,2039.1744542145852,2065.6474387549674,35544
2016-01-13,2039.350830078125,2073.248760532365,1979.9523041142331,2063.9677341068295,21667
2016-01-14,2032.8101806640625,2046.245529316885,1993.2110879523007,2028.6558592500423,16621
2016-01-15,2000.326171875,2050.6646422394074,1988.7911401028734,2016.1922624776241,7938
2016-01-18,1923.2501220703125,1993.0788110076687,1884.8884090488805,1993.0788110076687,14650
2016-01-19,1957.5452880859375,2032.45643453383,1901.2846726774808,1923.2498562146109,14602
2016-01-20,1978.4940185546875,2015.3086717882368,1909.239794325698,1966.1633389115204,8781
2016-01-21,1997.232666015625,2010.8889898420518,1944.6844232647807,2005.5413078304107,11236
2016-01-22,1987.863525390625,2018.8445232524423,1946.4525927351087,1996.746838015441,12223
2016-01-25,1964.7935791015625,1996.525767290836,1954.3191904726236,1988.7915778215302,4345
2016-01-27,1944.6845703125,1965.898345875357,1931.779437192688,1948.3526993511703,6152
2016-01-28,1945.3031005859375,1955.2028185329,1924.0008497430722,1937.6131507431037,54454
2016-01-29,1976.6376953125,1987.9075133629121,1927.0063868448547,1969.3454601034098,4678
2016-02-01,1991.8409423828125,2021.4960766537333,1962.2742851645332,1962.2742851645332,4962
2016-02-02,1980.394287109375,2002.0500157566323,1964.9259095041914,1991.4431282559349,3668
2016-02-03,1974.6041259765625,2002.0494832441357,1962.2736656962388,1997.5857094486807,17963
2016-02-04,1975.5771484375,2103.5669747536786,1964.042114461704,2077.1822542686787,29216
2016-02-05,1976.8143310546875,2011.772906039289,1940.4858724672895,2011.772906039289,11460
2016-02-08,1951.3138427734375,1984.1951511903203,1944.5960609710107,1964.042021580721,6606
2016-02-09,1938.05517578125,1962.2741487759008,1916.9296624487067,1962.2741487759008,6557
2016-02-10,1904.6876220703125,1960.506278532734,1900.400585593047,1960.506278532734,4585
2016-02-11,1823.8985595703125,1915.4272078875604,1804.0106443984296,1904.8645583224761,9800
2016-02-12,1763.5718994140625,1878.2588779369798,1734.2704571163017,1878.2588779369798,11062
2016-02-15,1771.4830322265625,1802.2871834487482,1764.279165357382,1789.9124798841174,6350
2016-02-16,1757.2520751953125,1785.4045031114508,1735.6404754426617,1768.6986323802635,6414
2016-02-17,1744.612060546875,1767.814627533249,1708.1951223792269,1757.2519782932745,9259
2016-02-18,1759.550048828125,1767.8145603178432,1747.484692874188,1752.3461829150622,5746
2016-02-19,1746.4681396484375,1767.7702830536641,1729.4529248782662,1767.7702830536641,6718
2016-02-22,1737.452392578125,1754.600215647155,1723.6192218588235,1746.6008114836077,6220
2016-02-23,1700.01904296875,1735.9940288178088,1689.146939445434,1727.3759321879852,11306
2016-02-24,1668.81689453125,1714.7358331889293,1654.6743784759003,1714.7358331889293,16234
2016-02-25,1624.223876953125,1665.2813272385094,1602.5239099168882,1652.464671588319,16086
2016-02-26,1591.696044921875,1652.8182553153858,1582.1498030755945,1628.1572204615265,14212
2016-02-29,1626.6988525390625,1652.9067267651344,1551.2573826057812,1595.4527496315868,13182
2016-03-01,1640.8414306640625,1649.6363737667334,1601.6401602423164,1613.1309560939446,10383
2016-03-02,1676.3302001953125,1697.102021816504,1635.228510604444,1647.603212846856,24177
2016-03-03,1701.654052734375,1723.6191261727586,1677.2139958527227,1677.2139958527227,13669
2016-03-04,1709.343994140625,1714.780045245267,1697.101900448924,1705.1454347514934,8757
2016-03-08,1705.7642822265625,1717.431814958667,1683.8875774297394,1717.431814958667,26040
2016-03-09,1704.924560546875,1710.3606119786682,1659.138227508145,1710.3606119786682,4480
2016-03-10,1704.924560546875,1712.0841880405062,1686.5393535915243,1712.0841880405062,5102
2016-03-11,1704.261474609375,1723.6190641402545,1689.1466828574494,1705.9409198926621,7391
2016-03-14,1550.9920654296875,1670.5847639104297,1540.7387625325446,1670.5847639104297,201990
2016-03-15,1507.2386474609375,1604.2917097561328,1493.9800382893993,1591.0331005845946,397780
2016-03-16,1491.637939453125,1522.972412855232,1478.7770439389458,1507.3272954184067,119868
2016-03-17,1468.1700439453125,1514.088985603933,1464.2366995698965,1508.2110883033577,99515
2016-03-18,1436.4376220703125,1488.4997796484727,1429.7199486825443,1469.9377277644953,106359
2016-03-21,1468.7886962890625,1480.5447063708261,1423.179101839735,1449.7846896102728,134318
2016-03-22,1483.46142578125,1490.2674677353402,1467.2858816374048,1480.4561198656015,37349
2016-03-23,1515.2822265625,1526.5078053648274,1476.1250926226182,1484.9641650335323,65761
2016-03-28,1536.010009765625,1564.5160220314522,1491.1517113938191,1523.856283605776,48231
2016-03-29,1582.0614013671875,1604.2916907275599,1503.6146313660465,1555.6767910085428,88176
2016-03-30,1586.12744140625,1608.6229473571798,1542.6392445810359,1591.033170173823,68689
2016-03-31,1585.1551513671875,1599.7396219689244,1564.5159372772252,1591.0331565531103,35068
2016-04-01,1569.068115234375,1588.9117915929323,1555.676897632373,1578.4817498594762,15139
2016-04-04,1545.2467041015625,1571.5871848931665,1538.8826146788542,1568.9354629838979,22657
2016-04-05,1521.2490234375,1560.98062181277,1505.382819308862,1560.98062181277,30808
2016-04-06,1537.6890869140625,1548.6053185788467,1511.3928493411627,1511.4812184759292,29909
2016-04-07,1525.2703857421875,1555.6768178527127,1508.829731860557,1548.6055595897458,28128
2016-04-08,1505.69189453125,1529.1596772462135,1494.0243609626662,1528.2757699183255,27837
2016-04-11,1522.309326171875,1535.3469586648553,1507.0619254597457,1512.453738334702,10433
2016-04-12,1528.0106201171875,1534.507425574974,1509.4485654351656,1512.4538720586913,13782
2016-04-13,1535.744873046875,1546.8379541058612,1530.1320826217473,1533.667712231132,14276
2016-04-18,1538.263916015625,1564.5159196433244,1528.2757203747503,1535.7446938937373,25182
2016-04-20,1538.7501220703125,1560.0965066159606,1522.2210974260454,1557.444784508398,16752
2016-04-21,1552.3624267578125,1560.096616784364,1529.5575718628386,1529.5575718628386,20668
2016-04-22,1555.986328125,1560.0965190041293,1538.8827419751779,1554.2185133725875,12978
2016-04-25,1563.234375,1568.9355342041897,1539.8549610326922,1563.0133981641966,21123
2016-04-26,1556.7816162109375,1568.9353406810017,1546.8376598263396,1555.6767321682044,23582
2016-04-27,1551.5223388671875,1568.935267407902,1545.246511478494,1567.1674530220903,13083
2016-04-28,1559.566162109375,1569.2007738794487,1537.9988010210348,1537.9988010210348,14894
2016-04-29,1536.717041015625,1558.5495076182742,1512.3653523521152,1551.257272576249,27293
2016-05-02,1553.2904052734375,1555.6769119219616,1524.7401551507862,1542.6835172376059,7480
2016-05-03,1555.5440673828125,1563.6318398583974,1548.9147633698458,1558.3283966480242,14763
2016-05-04,1559.566162109375,1575.7416020014948,1551.2574113746643,1560.140723471135,33972
2016-05-05,1549.7103271484375,1565.3996802394884,1535.788788490181,1565.3996802394884,38492
2016-05-06,1581.13330078125,1604.1148888280773,1551.2571931608416,1562.7037486630938,79450
2016-05-09,1584.1827392578125,1604.2916288201588,1565.4880796893153,1591.033020317513,86730
2016-05-10,1576.2275390625,1593.6847065356442,1564.471529959028,1589.2651704664938,21013
2016-05-11,1569.7310791015625,1586.6136878493267,1557.4889839255027,1576.537122513857,11147
2016-05-12,1554.8812255859375,1586.436779225139,1549.7103897409306,1586.436779225139,24982
2016-05-13,1572.0294189453125,1585.4647691891807,1553.0254085391703,1557.4449458429242,181580
2016-05-16,1580.2935791015625,1613.1307555127257,1572.471021401172,1589.2652594037702,50252
2016-05-17,1588.0721435546875,1599.8722849606781,1583.0780455052898,1591.0332115631054,20632
2016-05-18,1586.083251953125,1595.806232076903,1578.2164555459372,1590.1492038796644,13170
2016-05-19,1566.107177734375,1591.033323306638,1546.837953214787,1590.149415904801,14500
2016-05-20,1558.8590087890625,1582.1941848266101,1546.8378901936132,1553.0252417543877,13224
2016-05-23,1564.2950439453125,1573.1783560364238,1551.2574104387757,1564.2950439453125,6907
2016-05-24,1600.3143310546875,1617.5505251754091,1544.6281654338948,1572.8689634106133,62028
2016-05-25,1612.0703125,1627.8480375523866,1571.5873115952068,1598.9884402000725,42492
2016-05-26,1624.930908203125,1634.3445422082673,1595.4526223287844,1623.7376549684084,28151
2016-05-27,1633.94677734375,1644.0674721174125,1613.1307186098268,1635.0516613975924,15521
2016-05-30,1652.9951171875,1661.7458215509687,1635.7147931973818,1643.8909362023533,19911
2016-05-31,1673.0599365234375,1678.540119134637,1639.2062406188438,1653.8349509567295,22345
2016-06-01,1673.722900390625,1679.4240599609514,1654.6304142319868,1658.7848437512018,15260
2016-06-02,1658.8287353515625,1677.479265122747,1650.8294392737253,1674.076135804121,11554
2016-06-03,1661.347900390625,1670.5404493912908,1644.9513778867608,1658.6519401421315,8737
2016-06-06,1640.31103515625,1670.3196459875808,1635.2285679854842,1670.3196459875808,9700
2016-06-07,1635.5377197265625,1652.9065183575187,1621.0858581110638,1631.7369833808682,12606
2016-06-08,1642.8741455078125,1650.210510558203,1626.3892545813392,1648.3101963895756,8303
2016-06-09,1634.60986328125,1643.095352042242,1628.2456657863736,1640.7529760454925,9610
2016-06-10,1637.96875,1656.442435886077,1626.389584861463,1639.7365647661536,8094
2016-06-13,1623.56103515625,1635.2285688120196,1614.8987001186808,1629.9251248050616,6792
2016-06-14,1632.1348876953125,1639.6481000134333,1619.3624699140448,1622.8980992402194,10217
2016-06-15,1661.347900390625,1682.959389304886,1631.7370077741787,1632.4883073503518,41400
2016-06-16,1667.977294921875,1678.5399438789022,1654.6744470465007,1663.5577584714304,8940
2016-06-17,1663.2041015625,1675.0042417916611,1649.194193204326,1654.7186135268578,8564
2016-06-20,1667.40283203125,1677.656135621772,1636.1124905352476,1636.1124905352476,5116
2016-06-21,1667.4468994140625,1677.6560719895524,1654.6744819622982,1677.6560719895524,10408
2016-06-22,1666.872314453125,1670.5846816973637,1657.4144422565967,1668.8168672193772,36247
2016-06-23,1670.408203125,1675.0044783228634,1646.4984654331997,1673.236663570016,8722
2016-06-24,1634.4771728515625,1661.6573217857256,1610.965260719176,1660.8617836517874,18257
2016-06-27,1663.9293212890625,1677.0290875339263,1626.5908048515712,1626.5908048515712,8618
2016-06-28,1662.9044189453125,1672.305838717592,1657.4684021809462,1666.424362723055,7903
2016-06-29,1670.1671142578125,1686.252163211438,1662.8598422790558,1686.252163211438,9273
2016-06-30,1689.0146484375,1702.96094902802,1666.4243718903178,1666.4689722042067,9616
2016-07-01,1697.3914794921875,1715.436985442951,1613.8474704608748,1677.296317007351,22543
2016-07-04,1726.26416015625,1744.4878482237918,1697.6141154025238,1697.6141154025238,15960
2016-07-05,1724.571044921875,1735.8884292716682,1715.436900387345,1726.9770687501755,11724
2016-07-07,1739.14111328125,1746.6266779429714,1703.0056113099088,1719.8925961377217,9097
2016-07-08,1716.4617919921875,1746.4930345461637,1715.3478718858642,1746.4930345461637,17877
2016-07-11,1727.68994140625,1734.1060771732466,1706.9710291495408,1706.9710291495408,7367
2016-07-12,1733.0814208984375,1737.7152848121011,1696.500242800532,1727.7346046374773,9818
2016-07-13,1729.60595703125,1737.6706729022976,1721.36294868394,1728.8039128412067,7906
2016-07-14,1729.115966796875,1734.150907683865,1719.8927296145218,1728.8040909078613,52483
2016-07-15,1731.87841796875,1737.7154029630026,1721.8086452613632,1737.7154029630026,7752
2016-07-18,1732.8138427734375,1735.9328185768354,1719.8032797497983,1733.3931028931745,7022
2016-07-19,1741.3245849609375,1746.6268013811957,1724.3929986210176,1725.1058422507815,5650
2016-07-20,1733.3487548828125,1741.3244880097343,1728.8039826640197,1741.2352873773734,7896
2016-07-21,1740.4332275390625,1777.7272477947995,1728.9820427875613,1728.9820427875613,40863
2016-07-22,1745.8245849609375,1759.9936696781415,1733.2595886197394,1740.4332772162456,8913
2016-07-25,1756.4737548828125,1763.3800592703826,1739.9431376426426,1740.3441053526442,7769
2016-07-26,1745.2899169921875,1755.537981350324,1738.6063967586203,1755.4933810362654,5399
2016-07-27,1729.2049560546875,1744.8444377090677,1715.436947185881,1744.8444377090677,71191
2016-07-28,1750.2802734375,1777.59361480461,1710.9811958515359,1729.695052681162,29361
2016-07-29,1781.380859375,1795.6390353379816,1747.5622917753033,1772.4694993981366,16961
2016-08-01,1747.072265625,1808.1150864336266,1735.0865289933279,1781.3364040116453,17479
2016-08-02,1757.765869140625,1770.419957613824,1742.1263878570612,1751.0823487256416,6070
2016-08-03,1760.8402099609375,1782.2720751774482,1738.651009649982,1765.3404904632623,5787
2016-08-04,1737.35888671875,1777.8164866678442,1732.3685464071625,1768.9051258324164,10417
2016-08-05,1727.378173828125,1761.7760042540722,1720.115393126668,1761.7760042540722,20776
2016-08-08,1686.608642578125,1727.4226078135023,1671.5038214786953,1724.3482319976363,31572
2016-08-09,1698.99560546875,1709.3772541951168,1680.6827147724828,1686.608791700123,6866
2016-08-10,1692.2674560546875,1722.2542076141208,1671.5039413857455,1720.605627583274,11031
2016-08-11,1692.534912109375,1706.5257059774667,1679.8807136683538,1696.856900626746,22837
2016-08-12,1693.7822265625,1703.852107320147,1688.7027946504595,1692.2673388080332,21503
2016-08-16,1705.9461669921875,1724.3481470098081,1696.7229312179197,1702.06974717764,15747
2016-08-17,1703.49560546875,1711.7832140226785,1693.2475411702108,1705.6343536873044,5515
2016-08-18,1707.9512939453125,1710.981178204634,1694.0941939426677,1703.896690276132,7285
2016-08-19,1700.5103759765625,1715.4369048892352,1695.8319116905009,1707.9513402752852,5702
2016-08-22,1700.0205078125,1710.936926407526,1684.2474403754622,1702.0701646122398,5770
2016-08-23,1732.6358642578125,1794.7480033847937,1716.3726313572304,1735.041888078547,38033
2016-08-24,1735.7547607421875,1751.082256574769,1725.0165283280453,1751.082256574769,7185
2016-08-25,1750.2802734375,1764.5384500695961,1739.2301647913744,1764.4493582218963,7940
2016-08-26,1739.987548828125,1755.760611686315,1733.2594288693733,1755.5378276980287,5847
2016-08-29,1729.828857421875,1766.7219136147019,1723.4572125684847,1746.6267511035314,5984
2016-08-30,1746.270263671875,1754.6469646907444,1719.892657111801,1734.1508345800855,13122
2016-08-31,1775.276611328125,1782.2720072001355,1738.695434867842,1746.2700908984427,16151
2016-09-01,1747.4287109375,1775.2767126392257,1739.9431463238247,1775.2767126392257,11276
2016-09-02,1758.656982421875,1773.3607271444293,1730.586197042453,1751.08232604965,14914
2016-09-06,1781.1136474609375,1790.2923926380367,1747.6069524609973,1759.9937657840333,12274
2016-09-07,1785.6583251953125,1791.1833247741565,1758.2558937342153,1780.445092672837,8384
2016-09-08,1816.0462646484375,1825.046717426368,1776.0788326563634,1785.6585456506668,33116
2016-09-09,1792.6092529296875,1825.893162576061,1783.207832889266,1822.3732186979244,11833
2016-09-12,1764.4049072265625,1791.2281913107147,1757.365018943693,1766.8110400056094,4155
2016-09-14,1758.3896484375,1773.4498697649838,1751.0823761817132,1764.4494172212683,4776
2016-09-15,1757.6767578125,1765.9197662329627,1748.0524450090795,1758.3451098465916,3090
2016-09-16,1806.4664306640625,1826.3832992410823,1755.6716767939763,1766.2316170265065,15682
2016-09-19,1790.6041259765625,1822.1949629063622,1783.163162024216,1806.5108820524622,6158
2016-09-20,1790.15869140625,1800.094880448144,1784.2772150382655,1795.639200050995,2113
2016-09-21,1779.1085205078125,1801.8770900593938,1766.2316481195444,1793.8122653080004,7295
2016-09-22,1772.2020263671875,1791.1832656801766,1764.4491870879351,1783.1184417923528,3878
2016-09-23,1750.503173828125,1777.6828248400748,1746.6267535548043,1776.96998122983,8871
2016-09-26,1730.5416259765625,1755.5380359398846,1715.4369132915115,1755.5380359398846,24531
2016-09-27,1713.60986328125,1737.6260428473488,1676.3158448392005,1737.6260428473488,39341
2016-09-28,1722.34326171875,1728.8039983103738,1694.940827209449,1713.654684923118,14777
2016-09-29,1701.35693359375,1728.8039679374247,1675.3358039805971,1721.6748794098478,20166
2016-09-30,1709.10986328125,1728.803948359402,1676.6724890918636,1701.178730627886,17555
2016-10-03,1719.4468994140625,1728.8038273455722,1706.5700278208183,1709.198835489076,5750
2016-10-04,1701.2679443359375,1724.2592997363374,1694.138855378451,1719.4471429337812,7907
2016-10-05,1721.1844482421875,1728.8037039551048,1699.4408185782609,1701.3121822747473,6329
2016-10-06,1723.7244873046875,1729.6950552657975,1711.8723344490454,1721.2292628778403,9105
2016-10-07,1717.040771484375,1728.8037223715191,1702.9607801298832,1723.7242910296256,5154
2016-10-10,1698.2825927734375,1719.892642819223,1693.1585602883542,1717.0410508617679,6208
2016-10-13,1704.565185546875,1715.4370025178596,1679.8361586274616,1715.4370025178596,6122
2016-10-14,1695.4754638671875,1710.9812532308438,1688.7028514960673,1708.3078450226706,12898
2016-10-17,1667.8056640625,1701.668832869585,1663.750951653361,1689.2820204181112,17249
2016-10-18,1681.7965087890625,1688.747413485062,1655.7307793509488,1669.1424204034038,11787
2016-10-19,1685.0936279296875,1699.0399285183082,1672.7069241706681,1688.6581720401973,4093
2016-10-20,1667.939453125,1707.3722269275377,1661.96888455893,1692.1338208414543,23377
2016-10-21,1662.6817626953125,1679.7915321361309,1650.5622248283664,1667.9839789261555,14588
2016-10-24,1631.8035888671875,1670.8798778543598,1628.1053529812882,1669.988741919504,19907
2016-10-25,1627.392822265625,1643.2996898481595,1622.7589577165593,1643.2550895273669,9816
2016-10-26,1627.1697998046875,1638.7100767281718,1608.5005433815418,1627.392583813466,7724
2016-10-27,1620.5755615234375,1635.1901062079671,1611.1740323685178,1627.214481805815,6051
2016-10-28,1627.1697998046875,1633.4523523647458,1612.0650875219997,1620.6199717028471,4312
2016-11-01,1595.75732421875,1661.0776419562499,1581.766531369283,1661.0776419562499,35731
2016-11-02,1606.3619384765625,1621.6895449169642,1581.9893874976729,1596.9159174177328,19687
2016-11-03,1577.801025390625,1612.956300132388,1559.3990436356253,1606.406471719594,21317
2016-11-04,1587.3807373046875,1606.5846544932504,1578.2019922000545,1593.351305507452,10935
2016-11-07,1588.093505859375,1666.424385074474,1578.201917629355,1605.8271347081295,36272
2016-11-08,1586.0440673828125,1612.9563339730628,1568.845097215236,1612.9563339730628,8279
2016-11-09,1614.0255126953125,1621.867553168187,1476.2559060340893,1549.6855356920205,15031
2016-11-10,1603.822265625,1635.1457226565522,1597.851697008218,1635.1457226565522,7943
2016-11-11,1609.302490234375,1621.8674858132722,1577.4443789059,1599.58908628287,7541
2016-11-15,1587.0244140625,1621.867816271193,1561.3596490617447,1621.867816271193,8916
2016-11-16,1597.3167724609375,1604.0448931642122,1568.5331432579114,1604.0448931642122,6856
2016-11-17,1581.41015625,1591.569129899227,1572.008735337104,1591.569129899227,17659
2016-11-18,1606.6737060546875,1617.456539339857,1563.052639696526,1577.3108165694703,7969
2016-11-21,1601.72802734375,1612.0651842148568,1577.310876760805,1606.6737673665316,6479
2016-11-22,1534.0908203125,1600.4804608081615,1515.9116218299184,1586.8460347509094,35469
2016-11-23,1578.95947265625,1586.2222536073903,1533.6898241703693,1571.8749841933734,4654
2016-11-24,1592.5938720703125,1602.0844931080153,1548.7945118461444,1548.7945118461444,19339
2016-11-25,1621.95654296875,1634.2096624484318,1564.4337818801548,1595.133372264023,17939
2016-11-28,1621.1102294921875,1630.7790342504807,1609.3917682275235,1621.823073090863,2919
2016-11-29,1628.8629150390625,1648.6015991855613,1620.9763831992086,1621.8675191987684,7001
2016-11-30,1633.586181640625,1643.1212945041734,1603.8222138133262,1643.1212945041734,12163
2016-12-01,1686.69775390625,1702.0698507256307,1613.847382023098,1633.5860672314814,37971
2016-12-02,1682.7322998046875,1696.7230927184864,1673.5535546876667,1693.1585484060527,5243
2016-12-05,1669.3651123046875,1691.3761279920845,1657.512959992243,1682.732152304625,3425
2016-12-06,1650.562255859375,1686.0295164731658,1628.996805556526,1669.9890665278608,7593
2016-12-07,1649.3592529296875,1675.2912920607896,1634.3882315005912,1675.2912920607896,5374
2016-12-08,1638.0416259765625,1656.4436057488333,1628.1054380276428,1634.3433898974806,7653
2016-12-09,1655.8199462890625,1674.4001120005164,1628.1056356594318,1632.6504079600284,11025
2016-12-12,1667.85009765625,1683.355885643413,1635.189941856151,1655.8197617874378,3906
2016-12-13,1675.8704833984375,1684.2471842722337,1641.9182206463443,1671.7712792035504,3521
2016-12-14,1649.8045654296875,1683.3112563307916,1644.1458737451337,1669.097681043163,7603
2016-12-15,1658.4931640625,1661.968616168915,1633.4522645778131,1648.601576360586,3299
2016-12-16,1657.0675048828125,1658.4042089738714,1644.1460320025753,1645.0817683788196,4934
2016-12-19,1643.834228515625,1661.9688263932073,1620.2636134033821,1647.0422967191664,11809
2016-12-20,1631.179931640625,1644.7252648065225,1620.3081153935773,1641.9181645057974,4973
2016-12-21,1623.5609130859375,1635.7694343745825,1612.0206351036823,1630.7790938763503,6639
2016-12-22,1607.78759765625,1620.8427623806433,1599.5891896119663,1612.956230193682,5329
2016-12-23,1628.0164794921875,1661.0776053532131,1594.9107533159406,1602.2626257645265,4478
2016-12-26,1612.866943359375,1618.1246671088043,1599.9899638869915,1604.044675885755,9208
2016-12-27,1604.44580078125,1611.218521545946,1595.267165060679,1611.218521545946,6148
2016-12-28,1612.2432861328125,1626.3232791303888,1604.0448780464108,1626.145095434219,8213
2016-12-29,1602.6190185546875,1618.3029905393473,1590.6777742911536,1609.7035063058368,8952
2016-12-30,1625.3431396484375,1690.4405658880003,1577.3108825424463,1609.4808737013254,34715
2017-01-02,1629.175048828125,1657.869697825891,1620.3528880606805,1648.6018602068532,5080
2017-01-03,1620.1298828125,1637.640618560384,1607.9212540837723,1621.8675545370031,6652
2017-01-04,1610.6837158203125,1625.7885362527966,1605.0250239901488,1621.7784242624246,4958
2017-01-05,1598.9654541015625,1636.1257837828202,1596.2028453283406,1636.1257837828202,12654
2017-01-06,1610.8621826171875,1630.7790525685346,1593.3959369251647,1606.4955939988663,8999
2017-01-09,1599.90087890625,1612.956042108292,1595.222415248201,1610.8618944176044,3979
2017-01-10,1600.9705810546875,1604.9360931304288,1596.024732257967,1599.9011524812356,6442
2017-01-11,1602.7974853515625,1608.0998108045187,1597.4506683590978,1600.9707214812324,5649
2017-01-12,1596.0693359375,1604.0449604226526,1588.8956469075497,1597.0940554149834,5967
2017-01-13,1595.846435546875,1604.0448434564846,1588.138087181792,1596.0692195529105,5798
2017-01-16,1602.9754638671875,1612.8670516094573,1588.182519393952,1612.822451297415,5532
2017-01-17,1603.822265625,1611.7978905538566,1594.7327205227687,1611.7978905538566,4737
2017-01-18,1608.8125,1619.9963013146148,1581.7665417328203,1593.3513107708636,6467
2017-01-19,1601.0150146484375,1621.7785282423324,1597.0939942502066,1616.5208037616085,41365
2017-01-20,1597.361328125,1603.9557564799256,1584.4398557357042,1599.5891681921198,20186
2017-01-23,1603.599365234375,1604.0895335876005,1581.8111317366088,1603.1091968811495,8012
2017-01-24,1595.445556640625,1603.822258061151,1590.6780000773188,1591.7919202454402,8807
2017-01-25,1592.5938720703125,1600.4804046465335,1581.7665469084616,1592.504780218288,8300
2017-01-27,1603.37646484375,1604.0448168507712,1588.7173210022531,1603.643849159059,7625
2017-01-30,1602.3072509765625,1604.0449227970894,1578.2910686692621,1601.3715145924275,9467
2017-01-31,1586.311279296875,1595.3563320658163,1578.2019629038184,1586.2221874470902,8584
2017-02-01,1601.861572265625,1604.0448119694163,1577.399823614341,1577.399823614341,6102
2017-02-02,1595.445556640625,1601.861802077764,1590.6780000773188,1601.861802077764,15012
2017-02-03,1585.776611328125,1596.8712117105563,1582.657635132762,1596.024675970032,7734
2017-02-06,1583.8160400390625,1602.2625115370283,1579.4494519276786,1586.222063701841,7842
2017-02-07,1576.553466796875,1593.3067603539735,1568.3995496546338,1585.3311357020418,6525
2017-02-08,1569.023193359375,1590.6778427990578,1563.9437614074768,1569.424269849002,4410
2017-02-09,1572.320556640625,1579.0931692445636,1565.1914678404237,1565.1914678404237,6275
2017-02-10,1548.393310546875,1585.3308520929802,1543.4474625211026,1585.3308520929802,12495
2017-02-13,1549.15087890625,1568.221211490279,1543.447586622066,1549.329062597747,6214
2017-02-14,1551.6015625,1557.7058227149141,1549.2400302001593,1551.7797461983344,5878
2017-02-15,1529.234130859375,1558.5970215143361,1523.3971459569798,1553.6511727020006,6458
2017-02-16,1541.3536376953125,1546.1211942614216,1524.7339270209177,1529.2786995532715,5581
2017-02-17,1547.858642578125,1563.9436910037984,1532.7539307843494,1532.7539307843494,5217
2017-02-20,1553.1610107421875,1568.3994151214922,1541.6653341819213,1542.5564702132403,5124
2017-02-21,1555.2550048828125,1565.2802842438964,1542.6009180017638,1546.2545536126659,14121
2017-02-22,1583.1922607421875,1602.2625936801712,1555.0769840584321,1555.121475591506,15105
2017-02-23,1581.2762451171875,1586.2220934716922,1568.622157322217,1576.8651653922243,8264
2017-02-27,1567.8203125,1580.2071263363746,1560.958607881791,1580.2071263363746,5621
2017-02-28,1567.6419677734375,1577.3553722495174,1560.3791873780485,1566.7953232768104,6072
2017-03-01,1571.3402099609375,1577.2216860204637,1560.869361576789,1576.4196418347888,9933
2017-03-02,1566.79541015625,1581.7665397918543,1548.7945048778831,1560.4238742181526,11374
2017-03-03,1550.755126953125,1568.3996667161907,1544.3389900108855,1565.3697819674167,6522
2017-03-06,1548.0369873046875,1568.399423979074,1537.209662706763,1552.3589753247427,7898
2017-03-07,1552.6707763671875,1564.7902041213567,1546.1209485718505,1550.5766285389163,8595
2017-03-08,1550.353759765625,1561.8048348985778,1542.7345039260715,1561.8048348985778,5803
2017-03-09,1549.061767578125,1555.2105190137192,1541.6652951927344,1547.9478475671474,4484
2017-03-10,1543.5367431640625,1550.487647923825,1532.754018626488,1549.1063435224437,4065
2017-03-14,1547.23486328125,1567.508207062185,1525.6248155147587,1555.0323031969942,15173
2017-03-15,1537.0316162109375,1547.056897514774,1528.2984387626452,1540.2841760089486,16207
2017-03-16,1535.9619140625,1548.7942936023358,1529.1893025440781,1548.7942936023358,32238
2017-03-17,1604.1339111328125,1612.0650433844312,1529.189394387885,1536.496666163252,53943
2017-03-20,1581.365478515625,1604.93598289179,1569.2905418503287,1604.93598289179,57473
2017-03-21,1574.6820068359375,1593.7077398217452,1550.5767330764702,1581.8110952638754,57407
2017-03-22,1580.162353515625,1598.6980263187786,1554.1412251393253,1576.5533178888409,20761
2017-03-23,1560.7357177734375,1590.6778676434149,1555.1661173965347,1590.6778676434149,48057
2017-03-24,1567.5084228515625,1599.5893229212932,1479.285947659803,1568.3995589646106,282653
2017-03-27,1604.8914794921875,1626.3233457250683,1559.488139736367,1568.3995005348604,28482
2017-03-28,1615.8077392578125,1643.9677236661903,1584.4397958116122,1602.7080836710822,20731
2017-03-29,1605.1585693359375,1626.3230473493886,1590.6776106951554,1606.8962408603356,14352
2017-03-30,1650.1165771484375,1665.4886739818346,1594.242390431723,1606.7182951081031,45971
2017-03-31,1706.7484130859375,1743.953345207769,1622.4023595852213,1650.1166704993632,52656
2017-04-03,1725.0164794921875,1743.2401668362634,1689.5938241597248,1706.6144996827213,22573
2017-04-05,1717.57568359375,1725.016648024249,1699.8866543551514,1724.3482959715468,23514
2017-04-06,1685.3165283203125,1715.3032794770377,1671.414827085558,1702.515498353742,12003
2017-04-07,1635.3238525390625,1693.2032081110633,1620.9765829345422,1687.8563914548745,16873
2017-04-10,1660.7657470703125,1679.791480276342,1643.6558693764619,1643.6558693764619,17809
2017-04-11,1684.247314453125,1693.0695840469903,1658.4043662419394,1661.1223749973472,9917
2017-04-12,1664.8204345703125,1684.2472452502545,1658.404298100912,1679.7469643893292,8046
2017-04-13,1683.8016357421875,1700.7778217055456,1657.646813354998,1665.4442541132642,7078
2017-04-17,1671.7713623046875,1691.3763569585803,1653.3248881201214,1672.662498425319,7730
2017-04-18,1653.7257080078125,1676.182292727452,1643.254859526556,1675.291156686494,9218
2017-04-19,1632.3385009765625,1654.8842871257289,1624.541060341353,1648.601734301428,9761
2017-04-20,1629.754150390625,1647.7105636326514,1621.0210823313098,1634.6109071530502,19842
2017-04-21,1625.8331298828125,1655.6861876858452,1620.085345848164,1628.105570332561,17284
2017-04-24,1603.109130859375,1631.2691166643067,1592.0145307070002,1631.2691166643067,10051
2017-04-25,1602.0399169921875,1627.6600797587155,1592.0592362269492,1627.6600797587155,7935
2017-04-26,1552.225341796875,1608.5452066904872,1546.1210814735336,1608.5452066904872,17373
2017-04-27,1552.49267578125,1565.19136436711,1533.912511080295,1555.3442676003094,42336
2017-04-28,1548.43798828125,1563.810085238632,1539.8831039046975,1563.765593704611,8425
2017-05-02,1519.0750732421875,1561.0029586802737,1513.1489968164258,1559.4880709238782,32411
2017-05-03,1526.5606689453125,1550.13117418661,1511.856923976023,1550.13117418661,13405
2017-05-04,1542.0218505859375,1554.1412791718521,1527.4071975347215,1532.7540138621478,10923
2017-05-05,1540.19482421875,1550.3983962924929,1528.4763645161524,1541.754312158378,9435
2017-05-08,1513.2825927734375,1546.1209320229784,1507.802084716357,1520.322588802299,36799
2017-05-09,1532.5758056640625,1537.1650692467342,1507.8467805450337,1513.1935967869858,16268
2017-05-10,1534.8037109375,1546.07649530129,1517.7384332843726,1532.7540544452147,30212
2017-05-11,1528.4765625,1545.1853640174525,1519.3870179870098,1533.600594965352,8371
2017-05-12,1543.6258544921875,1559.399028174915,1513.1490444590493,1520.3672248583441,7841
2017-05-15,1571.162109375,1593.306820735763,1543.5368889875751,1543.5368889875751,19147
2017-05-16,1573.30078125,1579.9843019859813,1547.9034024532712,1560.4239081445141,13291
2017-05-17,1564.924072265625,1577.444577893617,1556.8147555698533,1572.8552052551752,5353
2017-05-18,1559.93359375,1568.3993858897459,1550.6212659087803,1558.15132172058,20218
2017-05-19,1540.19482421875,1563.8990191448481,1532.8875528141336,1550.6211802838682,31942
2017-05-22,1538.5465087890625,1553.2502547462125,1522.5951505095984,1553.2502547462125,46267
2017-05-23,1520.7235107421875,1572.7658723914008,1514.931127021224,1572.7658723914008,22950
2017-05-24,1507.53466796875,1524.7336355999382,1497.464896836399,1515.9113677931693,15616
2017-05-25,1495.63818359375,1521.0355612876012,1485.167334895408,1521.0355612876012,15763
2017-05-26,1485.0338134765625,1514.8868749000278,1477.503756421062,1496.1730155002435,25422
2017-05-29,1472.958740234375,1510.4755446914037,1471.265560050447,1510.4755446914037,7737
2017-05-30,1468.5032958984375,1479.3306219697756,1463.245570812225,1471.265796230806,20705
2017-05-31,1484.85546875,1514.9313109527382,1468.5031437086147,1479.2858683420857,28145
2017-06-01,1530.57080078125,1593.7968614451709,1509.5399025009422,1510.0300708520224,78853
2017-06-02,1504.371337890625,1541.6653596614442,1488.108105050266,1530.9717271088791,22244
2017-06-05,1485.3900146484375,1557.7057225517553,1476.300470992729,1557.7057225517553,14028
2017-06-06,1480.97900390625,1496.6183761107102,1472.4241196942478,1489.0883200990725,7819
2017-06-07,1481.068115234375,1492.652883885426,1470.3744826334048,1492.652883885426,12188
2017-06-08,1489.890625,1495.7721021260998,1474.9640937455392,1490.113409048574,12610
2017-06-09,1494.9697265625,1504.2375626860096,1473.047802796193,1496.172738402,11395
2017-06-12,1489.533935546875,1502.8118846974721,1482.4494473288382,1502.8118846974721,7455
2017-06-13,1507.2230224609375,1513.1044989704687,1482.4495041253329,1501.47523812279,16212
2017-06-14,1500.806884765625,1514.8422783424428,1491.7618315932011,1513.149097995971,7529
2017-06-15,1498.6234130859375,1510.297382064582,1488.1525647687395,1510.297382064582,6674
2017-06-16,1543.046630859375,1546.9675423526514,1503.8811372091757,1507.579373476985,17963
2017-06-19,1550.888671875,1557.527701011687,1513.1936805513458,1541.665435103322,13159
2017-06-20,1582.702392578125,1593.351425989879,1547.948082950829,1558.3743323265107,18989
2017-06-21,1594.6881103515625,1598.6982229509379,1552.3591440248238,1564.255789646717,22549
2017-06-22,1604.000244140625,1615.6296127754204,1588.8955320345144,1596.1583123920443,29321
2017-06-23,1582.256591796875,1612.9561839400285,1571.0727913183814,1612.9561839400285,10479
2017-06-27,1592.41552734375,1619.194209264843,1572.8551344812593,1583.1031990968595,14968
2017-06-28,1620.352783203125,1626.6352273194093,1573.835414402581,1602.3517690580832,12560
2017-06-29,1628.9521484375,1637.0169734468432,1597.4505098718435,1611.2186275302308,8156
2017-06-30,1610.19384765625,1620.085436651832,1599.7229984369656,1617.5457205123432,9139
2017-07-03,1620.5308837890625,1629.8878121804757,1599.5445865986765,1611.263047245126,5571
2017-07-04,1618.1248779296875,1627.2144220981277,1596.4702284714106,1617.0109578707486,27261
2017-07-05,1617.81298828125,1622.3132690961088,1604.2231627642407,1611.4859437312227,3843
2017-07-06,1627.526123046875,1644.1458302963636,1607.1636883140875,1607.1636883140875,6222
2017-07-07,1632.4273681640625,1639.6901479124233,1616.520613213661,1632.6947524615457,4813
2017-07-10,1628.4176025390625,1692.2675286818644,1587.202556092756,1587.202556092756,3749
2017-07-11,1625.8779296875,1631.9821906488999,1617.4567364581353,1621.3776485510284,4041
2017-07-12,1638.57666015625,1659.6074523658351,1615.71899525492,1632.4277987235423,5261
2017-07-13,1631.5809326171875,1656.1762645884824,1624.451844580218,1652.1661525676868,7735
2017-07-14,1619.996337890625,1653.99320186071,1605.7826518273557,1627.2145185441245,11317
2017-07-17,1606.272705078125,1623.6498577821603,1595.1335046268205,1623.6498577821603,7347
2017-07-18,1605.426025390625,1611.6193767736631,1596.9156334964912,1596.9602338067987,3596
2017-07-19,1623.1151123046875,1628.996588076504,1599.5891004361733,1604.9359163707788,15977
2017-07-20,1626.367919921875,1633.4524081303957,1604.0449179676552,1626.1005355897105,5322
2017-07-21,1605.782470703125,1636.9722306840051,1590.6777590248844,1636.9722306840051,7390
2017-07-24,1610.639404296875,1626.3233778558351,1586.2222534703487,1600.4804310296329,4857
2017-07-25,1600.6141357421875,1611.9761210737693,1584.439993690389,1597.807035256956,11677
2017-07-26,1603.109130859375,1612.9562275844783,1590.766918498474,1605.7380474382794,4948
2017-07-27,1607.6094970703125,1630.7790352764255,1588.4500712460265,1590.8560951626187,9950
2017-07-28,1596.1583251953125,1612.1987737685215,1576.9098086637127,1612.1987737685215,10602
2017-07-31,1588.5390625,1641.0269963300154,1543.893169232556,1543.893169232556,23913
2017-08-01,1600.3914794921875,1612.956477811704,1574.503930078889,1586.2223925441067,6366
2017-08-02,1604.624267578125,1626.0115343427515,1581.8112047854427,1626.0115343427515,7567
2017-08-03,1586.9796142578125,1605.8717638028938,1575.038369421241,1605.8717638028938,21394
2017-08-04,1604.713134765625,1612.9561426770963,1572.097579272161,1572.097579272161,4690
2017-08-07,1602.574462890625,1619.149571345085,1583.2368544906305,1604.0448591010518,5490
2017-08-08,1612.0206298828125,1623.649999682838,1584.5291025225913,1617.4120468849346,13766
2017-08-09,1602.886474609375,1616.2535162348981,1590.677953437236,1615.585164153622,8515
2017-08-10,1596.47021484375,1617.411911773043,1568.3103377503987,1596.069247138457,18319
2017-08-11,1596.87109375,1602.7080779969338,1563.186218597129,1583.5486542121496,13808
2017-08-14,1603.37646484375,1612.065040935025,1580.8752806073712,1594.776980597161,9098
2017-08-16,1592.68310546875,1604.1341833937233,1584.306403790042,1604.1341833937233,10717
2017-08-17,1594.3760986328125,1603.1537670407363,1584.4399098379263,1602.7972908615743,4806
2017-08-18,1597.985107421875,1612.9562364439118,1586.2221551768855,1591.9254476034355,5553
2017-08-21,1585.9547119140625,1603.1536804025322,1573.4788077864164,1602.2625443934148,30937
2017-08-22,1575.7672119140625,1589.7974209540578,1566.428538789155,1579.0736609476223,30466
2017-08-23,1616.0260009765625,1634.435101325388,1577.9119471009692,1613.0323063253059,34902
2017-08-24,1620.3599853515625,1644.309758071607,1609.45754037335,1644.2650321061362,37258
2017-08-28,1618.79638671875,1637.1161453774234,1609.9493710269485,1610.3067424622916,18234
2017-08-29,1614.685546875,1630.9052565868212,1598.3764943091317,1613.97069495489,4956
2017-08-30,1606.6875,1615.6239674241197,1599.6276689173983,1605.212961057473,10887
2017-08-31,1625.320068359375,1638.9481816473367,1593.6403338922912,1625.5434800526202,50683
2017-09-01,1618.6175537109375,1639.8416624207428,1607.6703818500905,1639.8416624207428,6284
2017-09-04,1628.2242431640625,1630.9051831912261,1611.2896822942369,1620.1814230825714,10799
2017-09-05,1633.89892578125,1640.7353448690842,1616.6068839151271,1622.7283420062697,9147
2017-09-06,1628.403076171875,1638.9481515344,1614.1494540398094,1614.1494540398094,4679
2017-09-07,1618.0814208984375,1637.1607561462415,1607.6704150147864,1637.1607561462415,16290
2017-09-08,1626.61572265625,1630.0116238410128,1609.4577491982807,1613.2110218022942,4751
2017-09-11,1628.403076171875,1638.680013872336,1613.9707683235924,1638.680013872336,14158
2017-09-12,1643.2822265625,1660.3955828317298,1618.4835304249432,1630.9052414789596,10595
2017-09-13,1653.02294921875,1661.2891810231959,1627.4646759436314,1656.8209476153872,4763
2017-09-14,1608.564208984375,1660.3957223849827,1595.7850163556802,1660.3957223849827,20411
2017-09-15,1586.1337890625,1643.416529361352,1572.8184294051002,1604.0960686262245,34594
2017-09-18,1596.6785888671875,1616.6069548310454,1586.2229656302409,1609.502506873599,5263
2017-09-19,1585.597412109375,1607.491756655179,1573.9352788284552,1607.491756655179,14302
2017-09-20,1582.022705078125,1588.7696718199736,1574.6053942623437,1588.7696718199736,9505
2017-09-21,1577.2862548828125,1587.741876506721,1570.1370820561483,1587.741876506721,7978
2017-09-22,1555.97314453125,1583.3634407141176,1540.6470801242976,1572.8183648600718,10387
2017-09-25,1566.16064453125,1605.749129830198,1537.5639487287467,1577.018365198573,6842
2017-09-26,1563.3902587890625,1579.0738028428857,1557.0901146717886,1579.0738028428857,7295
2017-09-27,1555.6602783203125,1576.839662282897,1538.055372206309,1576.839662282897,6778
2017-09-28,1572.6842041015625,1630.9053114199369,1529.8338862667474,1542.2108718810716,26956
2017-09-29,1624.024169921875,1646.0971994828888,1568.4840064388231,1568.4840064388231,17060
2017-10-03,1606.2852783203125,1635.373523145787,1596.0977928233635,1635.373523145787,5792
2017-10-04,1616.07080078125,1623.6667981386884,1599.4489930872267,1606.2853034387308,2521
2017-10-05,1599.0914306640625,1616.0707180051174,1590.7358558164055,1603.2915265291253,3052
2017-10-06,1589.350830078125,1612.9877442476754,1582.6484790938202,1607.2684920112638,5414
2017-10-09,1574.1138916015625,1595.1145884581645,1565.0434651230432,1589.305885072296,15429
2017-10-10,1553.6495361328125,1582.6036023565869,1550.4770466673624,1572.9075573405078,6405
2017-10-11,1533.363525390625,1592.4782709006952,1527.242067884,1568.17112656244,28944
2017-10-12,1539.440673828125,1585.3294149518256,1502.220262984227,1525.4550796633405,17626
2017-10-13,1557.1793212890625,1563.345505124912,1532.6933807321652,1554.945204615764,12123
2017-10-16,1553.0238037109375,1568.3498655249227,1532.6487256114542,1555.8388124666042,25391
2017-10-17,1534.5255126953125,1546.053577393402,1529.0295634579718,1544.9365189747448,9419
2017-10-18,1536.44677734375,1546.0087531646477,1526.4378690960582,1532.693395842967,8864
2017-10-19,1538.99365234375,1541.5405235651376,1530.5486257620162,1535.3297227719527,1692
2017-10-23,1541.049072265625,1549.583442240626,1529.9232140230404,1537.1171138922969,6547
2017-10-24,1555.392333984375,1580.682583337233,1530.3702223201622,1531.8893783218182,9012
2017-10-25,1554.9453125,1587.1165948275861,1541.2278569917569,1565.7137992475223,12917
2017-10-26,1561.6922607421875,1572.8181179986211,1537.1615945287206,1546.9470908859503,10153
2017-10-27,1561.334716796875,1571.969133411806,1550.6109573373255,1561.2006479860863,7251
2017-10-30,1563.3902587890625,1571.8799028903684,1554.9006146877566,1561.2008678927682,6771
2017-10-31,1550.5218505859375,1571.9246467978046,1538.2342076675352,1571.9246467978046,10995
2017-11-01,1570.2713623046875,1585.329287780888,1548.511086401003,1548.511086401003,9017
2017-11-02,1578.4481201171875,1587.8760268136127,1557.0006005363855,1557.04521741621,14328
2017-11-03,1564.3734130859375,1587.1166799832586,1556.3305920725088,1569.958705456374,10167
2017-11-06,1564.3734130859375,1577.1078796905329,1554.9453959295438,1577.1078796905329,8182
2017-11-07,1562.3179931640625,1585.1059862003465,1550.9239966459204,1563.9266010134854,8821
2017-11-08,1569.3778076171875,1592.4785549611122,1548.511177213444,1548.511177213444,7372
2017-11-09,1576.6610107421875,1595.1594549034514,1560.3072315190063,1585.329340615531,13676
2017-11-10,1704.4075927734375,1786.3996738519343,1569.243535409703,1569.243535409703,119785
2017-11-13,1703.0672607421875,1769.4205306412337,1661.3786188466536,1699.7160854947608,58494
2017-11-14,1722.593505859375,1759.5905042518477,1688.9476828812974,1693.460642741113,25921
2017-11-15,1713.791015625,1732.6023229174564,1688.9923188795462,1714.059153278964,10317
2017-11-16,1721.565673828125,1740.8238042089592,1701.503348672412,1733.4959447667873,9179
2017-11-17,1728.5806884765625,1738.7235557242877,1712.405597498775,1722.4145050246252,10314
2017-11-20,1747.3028564453125,1763.7012529455096,1724.738275381385,1736.8918497012394,13764
2017-11-21,1761.020263671875,1769.4205649391336,1729.4298728780093,1758.6520779669088,19431
2017-11-22,1751.8157958984375,1760.5734687369636,1742.7452594221777,1744.3984841187792,16928
2017-11-23,1728.6256103515625,1760.439413594226,1720.2700348569483,1760.3947967083027,11156
2017-11-24,1720.940185546875,1751.5475859648839,1702.8885652858005,1751.5475859648839,14051
2017-11-27,1720.7166748046875,1740.0641471595075,1705.6587501301747,1720.9400864737092,12312
2017-11-28,1685.239013671875,1738.008786579969,1676.5705751100204,1738.008786579969,36427
2017-11-29,1694.1307373046875,1737.2491907267902,1680.0558017316696,1693.4605022774008,71382
2017-11-30,1720.001708984375,1732.7809000515122,1682.2005201450168,1697.9286797822965,15177
2017-12-01,1728.5806884765625,1738.1426636078513,1711.3332651974474,1738.1426636078513,9610
2017-12-04,1727.284912109375,1748.50902012643,1711.3333411646286,1730.0999208849719,16211
2017-12-05,1720.3148193359375,1751.547731421857,1706.8653913345647,1727.2851989369085,27967
2017-12-06,1719.1080322265625,1731.887223070065,1705.167166180386,1715.8015832273088,14266
2017-12-07,1706.2843017578125,1742.6110618650064,1693.4604934534293,1722.9508345003755,26441
2017-12-08,1742.432373046875,1757.8030525966642,1708.652484272914,1728.312711602414,18813
2017-12-11,1823.3968505859375,1865.0407673199518,1728.3128145648236,1742.61116256536,93878
2017-12-12,1833.3609619140625,1854.316933747099,1818.5710651447453,1823.0392987200394,24585
2017-12-13,1784.478271484375,1836.4438454242659,1770.492679749122,1823.9327924627382,29389
2017-12-14,1762.405517578125,1796.2300263563925,1752.4860601456455,1796.2300263563925,19605
2017-12-15,1772.503662109375,1796.8555368637358,1735.23863501945,1762.4055189482851,40352
2017-12-18,1767.9459228515625,1796.274588625687,1745.9622359022778,1772.1014018140586,18881
2017-12-19,1788.1424560546875,1809.5453615920765,1778.357067584232,1790.8233963575783,20142
2017-12-20,1805.434326171875,1831.975587388215,1791.7614891284736,1794.4424290124564,29620
2017-12-21,1831.5736083984375,1845.3356800886866,1810.5281853141119,1821.2072195736416,14501
2017-12-22,1830.322509765625,1841.2696824891505,1810.5283214581757,1840.9123110581647,15027
2017-12-26,1831.3502197265625,1836.4439622641735,1815.7114025296657,1830.1884353854148,8306
2017-12-27,1827.239501953125,1836.354655346933,1787.338261052674,1835.1930890895158,20886
2017-12-28,1831.841796875,1838.2312835851897,1815.711430114621,1822.6818090042098,12515
2017-12-29,1843.5484619140625,1872.1898829954591,1823.0393132748147,1827.284135205234,39514
2018-01-01,1828.982177734375,1857.8469028595598,1818.8393087451625,1856.5064327088865,7453
2018-01-02,1831.529052734375,1840.9123438071786,1811.958166679265,1827.507642274602,12333
2018-01-03,1802.6195068359375,1836.4440134411386,1796.229910957026,1836.4440134411386,45745
2018-01-04,1823.7093505859375,1864.1468603808723,1805.166183110912,1864.1468603808723,22267
2018-01-05,1831.529052734375,1831.975876118794,1807.8474133601565,1823.0394084304098,14299
2018-01-08,1828.311767578125,1840.1972029899555,1809.6345301164147,1831.9756971548888,17320
2018-01-09,1812.1368408203125,1831.0821074230764,1800.0726102443186,1814.9517406845246,15027
2018-01-10,1829.5631103515625,1831.9759130409584,1793.5491012064408,1814.1029773039736,30341
2018-01-11,1799.35791015625,1831.9760197766636,1791.7619120254687,1809.6348488037777,40125
2018-01-12,1805.3896484375,1817.4986042054097,1788.1869503890298,1800.6980035151898,15011
2018-01-15,1816.1134033203125,1827.5073981006467,1794.1297175616837,1800.2511752927885,36542
2018-01-16,1812.762451171875,1831.0822097368361,1792.0745068773103,1816.158352492183,40413
2018-01-17,1873.306884765625,1890.0627603002013,1791.8063498005388,1814.1027912101222,40891
2018-01-18,1876.926513671875,1903.4677813542498,1832.4228571206052,1894.5313128971875,106767
2018-01-19,1897.2119140625,1911.420809097353,1858.9637922729685,1876.434628616455,33049
2018-01-22,1917.3642578125,1946.3630577140436,1885.6397910774915,1897.2124754485376,24908
2018-01-23,1888.3201904296875,1943.681559489006,1863.2980829971855,1921.3403921385577,69232
2018-01-24,1970.4462890625,1992.8321830044372,1845.3804743964856,1902.5738644019941,194525
2018-01-25,2012.9393310546875,2054.1810418436185,1920.402165230596,1977.6402839618306,81346
2018-01-29,2042.9210205078125,2054.493701288417,2021.4287743864286,2043.4125698130686,37195
2018-01-30,2046.450927734375,2053.600101281045,2011.9115703072089,2015.1732934676925,23686
2018-01-31,2074.020263671875,2099.1763338292203,2015.8437697042416,2015.8437697042416,60446
2018-02-01,2068.70263671875,2116.110637288316,2010.7050537712657,2068.3452653127088,28025
2018-02-02,1993.1448974609375,2076.834819146465,1978.5784133989594,2037.7377781233765,13738
2018-02-05,1973.931640625,2015.1733493967913,1930.2769111738667,1967.8100733355807,13176
2018-02-06,1949.847900390625,2006.2371017455175,1854.3171430387301,1930.2323964162292,19684
2018-02-07,2031.1248779296875,2079.024207516464,1953.5115790226728,1953.5115790226728,45829
2018-02-08,2026.74609375,2085.771504952407,2010.7051782960223,2061.5090830711583,32773
2018-02-09,2063.698486328125,2074.1093837101553,1983.2255527417426,1983.9405137778488,23293
2018-02-12,2074.51171875,2099.1764591804304,2055.4324893302683,2079.560954378319,69424
2018-02-14,2081.03515625,2109.00634333698,2073.3051990838076,2104.5381095587236,14564
2018-02-15,2069.239013671875,2117.764074988845,2059.810996988092,2061.3301528016013,6264
2018-02-16,2068.92626953125,2094.708066579956,2011.6436414485825,2065.5305862845203,14924
2018-02-19,2048.819091796875,2081.258511786901,2026.7907871345824,2069.685830248542,26600
2018-02-20,2052.751220703125,2063.430255262221,2030.8121503176255,2037.5145006487069,11572
2018-02-21,2039.301513671875,2059.810659229938,2023.1711491245278,2053.5998590788645,10572
2018-02-22,2027.5504150390625,2041.9827220626673,2008.0241472537477,2032.420745948933,20314
2018-02-23,2061.464599609375,2077.728928663165,2023.2611967275038,2033.0465861112689,17256
2018-02-26,2046.8531494140625,2066.1112804600198,2028.5781170606597,2053.6002259935663,21243
2018-02-27,2028.622802734375,2043.0551101512874,2015.1733758150165,2034.073916881186,13002
2018-02-28,2030.5440673828125,2041.9827892245037,2013.3860937080117,2028.5780882011481,10331
2018-03-01,2040.106201171875,2072.4116640352836,2023.7526392023492,2035.7274191033496,18332
2018-03-05,1985.4146728515625,2037.4695890127666,1975.137736613728,2025.7629490731974,16782
2018-03-06,1950.20556640625,2000.875299218533,1939.2136665047863,2000.8305732408867,10981
2018-03-07,1962.0460205078125,1984.6105992767025,1937.4260107308228,1943.681537518238,16579
2018-03-08,1963.655029296875,1974.0659280209893,1923.2175085893377,1957.1313635365802,16080
2018-03-09,1963.2523193359375,1966.0227113357312,1939.258036696048,1955.6118147027057,9544
2018-03-12,1966.0675048828125,1973.8869136625756,1944.6199836583198,1965.1291321941474,13957
2018-03-13,1953.0203857421875,1984.7895736104472,1943.68182017232,1958.1588549219534,9613
2018-03-14,1963.4757080078125,1978.5337417770668,1940.106934687449,1955.2989281879957,6875
2018-03-15,1945.2452392578125,1974.8695368188742,1928.93618878511,1970.3120700577938,8143
2018-03-16,1912.1357421875,1956.1478408236464,1888.8562027255737,1943.7262393416986,17090
2018-03-19,1916.4703369140625,1942.7881922027777,1896.363283406904,1916.872434349107,8980
2018-03-20,1903.7801513671875,1930.276686201583,1894.5308216422943,1929.6959031726717,9036
2018-03-21,1885.5498046875,1914.0572652268881,1876.7027896574443,1896.318291021371,12231
2018-03-22,1888.4093017578125,1909.7228612984495,1854.4954555537463,1909.7228612984495,8623
2018-03-23,1861.4661865234375,1872.1899475595783,1832.0205696467963,1860.6619917159178,18606
2018-03-26,1889.66064453125,1902.573795515793,1836.8907640595176,1862.3596946241958,15728
2018-03-27,1930.5452880859375,1964.6825533144324,1863.2536382354294,1889.7056716407685,43432
2018-03-28,1952.7967529296875,1982.1084087409317,1905.2995174205323,1929.4279786630955,25512
2018-04-02,1969.6424560546875,1990.9558033083204,1921.3855243740734,1952.6184392989246,12474
2018-04-03,1956.5946044921875,1980.2762405995993,1939.347180597737,1956.415918798165,9276
2018-04-04,1949.3115234375,1975.8527858814127,1934.2982157577196,1962.3141261112953,8335
2018-04-05,1950.5628662109375,1965.1293529809104,1933.0920272821706,1964.23570616282,8721
2018-04-06,1917.76611328125,1956.595024735652,1898.9995296936888,1952.573613966889,22950
2018-04-09,1908.1146240234375,1920.35754167858,1889.0353955457654,1916.8724063917005,12046
2018-04-10,1897.0780029296875,1912.4039567144794,1886.1308307475601,1912.4039567144794,13348
2018-04-11,1880.5455322265625,1902.4843843089855,1868.5258094956976,1902.4843843089855,13009
2018-04-12,1876.658203125,1893.503531885147,1863.5216393382207,1893.503531885147,7364
2018-04-13,1870.8046875,1891.2246023784119,1858.785182717999,1872.1898835549077,17150
2018-04-16,1914.63818359375,1943.681703298206,1864.191867619106,1869.0621988267576,12166
2018-04-17,1951.94775390625,1963.2970230671338,1904.1823826637915,1921.6977266247463,22444
2018-04-18,1931.70703125,1961.4207876745597,1922.7258371768019,1958.873806996544,180800
2018-04-19,1934.6556396484375,1955.2095136006424,1913.2975709422008,1932.9577982008316,9062
2018-04-20,1996.5855712890625,2009.8115871293676,1930.0536128513345,1936.3985921929448,16463
2018-04-23,2000.20458984375,2032.5098285750678,1983.8955386811683,1996.5852773205256,13507
2018-04-24,1980.2763671875,2008.024140941071,1970.6249391633712,2008.024140941071,11655
2018-04-25,1979.293701171875,2007.622261081344,1957.041764958705,1981.3489142703647,13040
2018-04-26,1963.6988525390625,1988.363584725378,1943.6812569787403,1979.695256777616,11126
2018-04-27,1968.257080078125,2005.3434223361237,1957.0864950606556,1974.4678817127403,7464
2018-04-30,2036.4869384765625,2065.619690977089,1968.3016493241914,1971.518646647771,18492
2018-05-02,2024.6461181640625,2054.1809680415186,1999.9813811531117,2037.5145438020977,16623
2018-05-03,2039.2574462890625,2052.7068754161155,1997.3007690705347,2025.3166859203175,22375
2018-05-04,2075.3154296875,2084.8774041511792,2020.4454005332584,2033.4927274522108,27353
2018-05-07,2234.429443359375,2262.713271989059,2082.1966523438027,2082.1966523438027,108729
2018-05-08,2171.650634765625,2278.575360469333,2145.73488402394,2273.4368926498614,99836
2018-05-09,2163.831787109375,2192.60717070901,2142.652183206772,2157.263395796468,19958
2018-05-10,2093.188720703125,2193.9473866893013,2064.8601637904417,2154.7608914058665,31827
2018-05-11,2152.660888671875,2188.406755810164,2082.196760805339,2113.4743945513424,44127
2018-05-14,2116.9150390625,2175.716816451521,2100.0697117639115,2162.6249797739006,19447
2018-05-15,2180.85546875,2198.415758512768,2117.942824032066,2117.942824032066,37803
2018-05-16,2188.183349609375,2205.5200079445904,2130.5876464984935,2189.4343676921585,22592
2018-05-17,2190.641357421875,2209.095078146708,2172.5002821984326,2204.6268437653434,18886
2018-05-18,2180.900146484375,2211.7756850358282,2153.465235157611,2207.307451328685,11156
2018-05-21,2142.339111328125,2199.979319006013,2122.4107478292076,2181.4808773863383,14824
2018-05-22,2125.270751953125,2166.7806017059147,2109.006424013205,2166.7806017059147,10991
2018-05-23,2126.521728515625,2151.9012069755518,2117.9426331113195,2135.8155667240735,71187
2018-05-24,2135.279541015625,2145.6459309928227,2101.4551411053894,2143.903363397001,75701
2018-05-25,2155.207275390625,2165.3055247332973,2104.0460119605873,2135.7704635198247,18321
2018-05-28,2185.0107421875,2198.3707157068075,2144.841369696158,2165.261064341256,16841
2018-05-29,2220.578369140625,2229.648797016608,2150.337642413312,2178.621476756573,18615
2018-05-30,2223.6611328125,2249.7108469125355,2202.8838469854795,2202.8838469854795,29464
2018-05-31,2226.119140625,2252.0349005706885,2187.6475981739704,2235.0108835919527,43685
2018-06-01,2292.20361328125,2336.841218957427,2213.5627095897294,2228.754702348319,43380
2018-06-04,2328.798583984375,2368.163764919354,2292.2037951011857,2295.778381916158,49133
2018-06-05,2263.696044921875,2368.163233894054,2247.6996416065485,2359.2267688604916,30873
2018-06-06,2284.518310546875,2298.459286178015,2212.3563403451353,2278.6650992690224,27743
2018-06-07,2292.1142578125,2321.113266809543,2261.1494879509755,2265.3943096356975,15762
2018-06-08,2348.905517578125,2358.0653958342973,2276.3414524911504,2280.5862741220594,26147
2018-06-11,2360.5673828125,2388.583289674257,2332.417516237223,2359.226912975582,15506
2018-06-12,2344.392822265625,2360.121092507468,2334.518200110738,2349.3973313904326,19164
2018-06-13,2338.67333984375,2362.7570740110236,2319.7728000074385,2362.7570740110236,13225
2018-06-14,2322.319580078125,2354.758998146891,2310.255349916841,2345.3309820524255,20435
2018-06-15,2303.329833984375,2326.6093760819003,2293.0976220572907,2316.7792615680146,15188
2018-06-18,2319.727783203125,2332.4175207152252,2306.5912224111944,2323.4810551186156,9621
2018-06-19,2322.632568359375,2327.9497227474467,2312.623768656745,2323.4814891145343,20290
2018-06-20,2336.841796875,2390.5053340845975,2314.5453515062086,2316.3326452139354,55696
2018-06-21,2308.78125,2335.7693399145605,2290.6401761974166,2332.41816439101,16409
2018-06-22,2320.219970703125,2331.435063571628,2305.6534841385464,2310.076992190622,23845
2018-06-25,2322.230712890625,2367.2704253322995,2314.54526297118,2320.220007546345,21506
2018-06-26,2323.258056640625,2340.8181273906275,2298.459360199899,2340.8181273906275,20815
2018-06-27,2330.988037109375,2356.5464207901045,2305.6532832860266,2344.9290133307677,33338
2018-06-28,2306.144775390625,2341.3543683157213,2288.316349076246,2341.3543683157213,17551
2018-06-29,2305.16162109375,2323.391926174918,2296.6719775967968,2306.1447197162124,17845
2018-07-02,2259.853759765625,2320.800419483943,2226.1633236877615,2318.1194794537346,10558
2018-07-03,2249.398193359375,2293.6337049605886,2234.116747536043,2277.011789088735,7104
2018-07-04,2286.6630859375,2295.778238109618,2243.9020065717395,2260.926018846763,9509
2018-07-05,2291.98046875,2316.2876163616156,2282.4184922990726,2296.5826621754195,9555
2018-07-06,2268.611328125,2314.4552238028223,2256.457647190748,2311.729776234685,7151
2018-07-09,2271.82861328125,2305.608502416869,2247.521466503266,2305.608502416869,5721
2018-07-10,2278.12890625,2285.233354055403,2260.926206850054,2271.8286532242764,13264
2018-07-11,2264.500732421875,2299.9784626925234,2244.885231038554,2278.799079587917,42628
2018-07-12,2300.380615234375,2323.481470198653,2252.883379373386,2252.883379373386,98699
2018-07-13,2291.935546875,2336.8860175396294,2272.945555336676,2305.608384417684,108749
2018-07-16,2302.659423828125,2321.649416331557,2285.8143143244774,2309.0936364765475,12100
2018-07-17,2280.8544921875,2322.58774900588,2274.7776510559706,2322.58774900588,8012
2018-07-18,2304.84912109375,2312.6685308113642,2279.6930502438518,2303.687554761814,17034
2018-07-19,2285.90380859375,2304.7151175348226,2271.650185643086,2304.7151175348226,20294
2018-07-20,2267.80712890625,2301.1401935981226,2256.457859741848,2301.1401935981226,6951
2018-07-23,2281.078125,2321.113544257571,2256.413386676675,2278.799282082821,184030
2018-07-24,2296.8505859375,2309.9871481131313,2274.3307338970676,2287.7354337039264,35886
2018-07-25,2392.96240234375,2419.9952144699373,2296.671972373611,2319.013139420047,32588
2018-07-26,2402.30078125,2455.1153833444864,2386.0364565297173,2388.0471614088156,42443
2018-07-27,2403.820068359375,2420.308023810317,2380.6747070884194,2412.8459869139383,15151
2018-07-30,2362.4892578125,2435.187511716885,2350.291066354278,2403.0162271584236,13324
2018-07-31,2388.2265625,2393.9460334413257,2350.29129605243,2380.1837405743454,17066
2018-08-01,2380.49609375,2408.377826811201,2368.1637258069322,2394.9731264764446,10587
2018-08-02,2434.025390625,2519.189961882438,2377.1001414002435,2394.0794281245308,260639
2018-08-03,2416.375732421875,2469.9498036094033,2382.0597895137626,2452.255775089078,111169
2018-08-06,2405.294921875,2448.592062706374,2395.0627103575443,2448.5473367343684,18716
2018-08-07,2386.0810546875,2438.761476063009,2376.6530397909755,2420.7990928350255,33308
2018-08-08,2421.64892578125,2502.211099444968,2395.018206873487,2403.9546750857903,152660
2018-08-09,2446.49169921875,2478.082196019874,2420.710123901458,2430.7189228900315,79841
2018-08-10,2425.62548828125,2466.465102318603,2413.873902268899,2430.8531910167444,23727
2018-08-13,2534.87353515625,2545.1057460126767,2412.979997033233,2421.737778137048,93391
2018-08-14,2590.011474609375,2604.0864097340527,2524.5518556961906,2529.9137357436866,84395
2018-08-16,2711.726318359375,2747.0700907152864,2576.3835626324562,2576.3835626324562,125270
2018-08-17,2716.1943359375,2759.580925535923,2666.462985867633,2703.281185150961,66569
2018-08-20,2669.50146484375,2755.96178586187,2645.194317453595,2708.687961174864,33985
2018-08-21,2651.226318359375,2704.353570460851,2632.95128717844,2680.940070810862,41509
2018-08-23,2610.25244140625,2648.8581516509585,2586.6602568571097,2642.6471328248267,74826
2018-08-24,3046.754150390625,3090.2299706015842,2628.7954572700637,2645.10450786679,607181
2018-08-27,3055.735595703125,3137.593724898903,2955.7366121057025,3006.227653249761,256395
2018-08-28,3335.000244140625,3367.26097932848,3043.3140300167565,3065.2083755564454,638250
2018-08-29,3276.37548828125,3457.0112689397806,3232.2611474904324,3355.7546724914337,335978
2018-08-30,3175.927490234375,3252.4314177484707,3112.5859391428644,3112.5859391428644,152959
2018-08-31,3253.599609375,3283.832759802997,3182.3515480678184,3215.3700176870993,88470
2018-09-03,3174.579833984375,3342.2776277548433,3145.5145093466954,3295.557617904507,54448
2018-09-04,3128.398681640625,3224.579050778544,3085.3624538245217,3193.132891186109,30366
2018-09-05,3060.25048828125,3171.569805322568,3018.921250024922,3117.6621032490966,37366
2018-09-06,3213.258544921875,3213.258544921875,3113.169992778997,3132.936151463308,66984
2018-09-07,3218.5146484375,3340.4808326863354,3167.9761743012423,3270.400815217391,104951
2018-09-10,3208.811279296875,3233.563945198258,3113.12509975711,3230.8685598591096,47543
2018-09-11,3271.11962890625,3403.373156481143,3207.5084922485958,3207.5084922485958,103513
2018-09-12,3213.6630859375,3246.9958861616346,3162.585446315547,3190.4827282846422,52376
2018-09-14,3167.572021484375,3265.908620960562,3162.5855146578206,3251.4882652976703,20797
2018-09-17,3092.14599609375,3225.567563792051,3077.2314435466674,3179.611114418697,23860
2018-09-18,2972.201416015625,3112.0019333211994,2954.6814118134043,3090.708433622549,33563
2018-09-19,2803.29052734375,3002.659097193803,2753.7851983539817,2975.9748277226954,83071
2018-09-21,2835.81494140625,2869.68690641895,2537.256050008489,2829.1214450595403,55546
2018-09-24,2682.94140625,2866.0929175792867,2644.172870356063,2821.1698310968527,35838
2018-09-25,2680.695556640625,2737.523267500512,2607.3362358164572,2717.8470411250114,31667
2018-09-26,2645.2958984375,2740.2182906732965,2614.52358476798,2705.313184734677,20689
2018-09-27,2661.154052734375,2683.705532799283,2566.0070310260303,2652.6636321636875,32962
2018-09-28,2683.255615234375,2704.3694632029024,2560.615604693778,2635.1879187953864,100918
2018-10-01,2639.8154296875,2686.400761400694,2569.600728296316,2684.603837814473,26043
2018-10-03,2582.987548828125,2681.9082733858772,2560.8405548469336,2655.134069868473,19873
2018-10-04,2494.30908203125,2576.608253386861,2457.4721559589357,2576.608253386861,38280
2018-10-05,2416.23291015625,2530.6968343017907,2389.9079404755516,2494.129489759448,25064
2018-10-08,2318.974609375,2470.500086994583,2275.3542500691215,2470.500086994583,29424
2018-10-09,2311.337890625,2376.431402564162,2247.052906545546,2353.071396338579,34439
2018-10-10,2445.657470703125,2470.7694288461107,2312.9097677533023,2312.9097677533023,29834
2018-10-11,2478.99072265625,2511.335346607206,2349.4325783673476,2394.4006341471445,35945
2018-10-12,2576.06982421875,2596.5547986806255,2515.9178460226376,2520.1855398959015,22704
2018-10-15,2604.19140625,2679.482545460465,2590.624545960215,2618.4768604655624,36889
2018-10-16,2601.76513671875,2655.7177994941026,2565.1078596873485,2620.273314008185,19742
2018-10-17,2574.0927734375,2636.086630808246,2557.201649588024,2623.508166993892,17571
2018-10-19,2512.997314453125,2628.0004092868758,2489.6373108150196,2575.7549504289723,24346
2018-10-22,2474.229248046875,2539.143116569903,2425.846989787912,2533.123246707007,31939
2018-10-23,2475.306884765625,2510.616472508781,2435.7745710147315,2474.3634561354615,10200
2018-10-24,2546.016357421875,2560.5264290717923,2475.2624842337063,2484.696333992129,13805
2018-10-25,2579.618408203125,2602.843732563054,2488.7390884361957,2515.3783920214687,15138
2018-10-26,2640.264404296875,2670.048541457996,2553.6527835887046,2604.6404853984186,30728
2018-10-29,2602.888671875,2677.1464482048023,2565.2879596779917,2677.1464482048023,10730
2018-10-30,2564.119873046875,2621.7113583437686,2530.0682608279826,2530.0682608279826,22922
2018-10-31,2621.89111328125,2631.549577382195,2574.9914524008177,2574.9914524008177,13594
2018-11-01,2601.720703125,2659.4468725718725,2592.062238976301,2623.508401320901,23443
2018-11-02,2621.89111328125,2636.0868532254012,2587.569917276467,2628.000697233912,13869
2018-11-05,2603.382568359375,2640.5787929801145,2579.393466790605,2640.5787929801145,32957
2018-11-06,2589.635986328125,2641.3872443319324,2575.889479591604,2641.3872443319324,6910
2018-11-07,2613.0859375,2623.373499512573,2599.3396488815797,2606.437408617248,2224
2018-11-09,2548.80126953125,2631.5944309587703,2538.1544101941026,2631.5944309587703,12772
2018-11-12,2521.53271484375,2569.465733400794,2484.2915219313827,2551.676148196582,21321
2018-11-13,2571.127685546875,2603.157975299035,2498.082708804046,2498.082708804046,13892
2018-11-14,2523.554443359375,2593.949009297273,2499.8798884778857,2578.5852256133176,28268
2018-11-15,2493.4111328125,2520.5896021461162,2475.0825999113968,2515.6930292272896,11886
2018-11-16,2547.94775390625,2582.0893026147987,2497.768793533381,2515.693062735164,20747
2018-11-19,2552.888671875,2571.3071344540513,2529.1693736599286,2551.630913390479,4956
2018-11-20,2531.505859375,2559.4928545372154,2509.89781088817,2559.4928545372154,8245
2018-11-21,2548.621826171875,2583.077927307861,2486.0440434298616,2542.6471423586945,88425
2018-11-22,2528.271484375,2571.3526834599415,2520.1853282416046,2555.9441514572695,6666
2018-11-26,2515.60302734375,2555.674510109963,2494.1748456950454,2555.674510109963,11926
2018-11-27,2513.40185546875,2547.004457556145,2493.321366353263,2538.1545213078143,46485
2018-11-28,2490.985107421875,2525.5758834852627,2478.855874256791,2525.5758834852627,15020
2018-11-29,2491.79345703125,2515.692624706356,2470.769542122314,2490.5356984592927,14245
2018-11-30,2456.394287109375,2515.692759292703,2435.729668015185,2494.4442278340775,23102
2018-12-03,2486.3583984375,2506.259239955021,2439.3238345502355,2442.0192200027773,22887
2018-12-04,2481.95556640625,2497.7236136648758,2444.040525205711,2486.3581605013724,19069
2018-12-05,2490.176513671875,2496.7351085436876,2442.0188792328436,2477.9573469183897,29671
2018-12-06,2484.74072265625,2497.7234499557853,2453.6988279961333,2479.7542165028663,23587
2018-12-07,2488.379638671875,2504.0127846786604,2449.655851247351,2462.7285129923544,11321
2018-12-10,2472.56640625,2482.00025336687,2405.9903117134127,2452.800250386083,21123
2018-12-11,2539.81640625,2564.1196184323976,2439.323382830209,2443.8156910858816,14657
2018-12-12,2573.733642578125,2595.5660878410663,2497.7236900261323,2556.1237043612755,27331
2018-12-13,2544.443359375,2593.274837151422,2522.296367733829,2575.1257365790466,18348
2018-12-14,2552.799560546875,2565.10844335758,2529.2149382568095,2560.6161343499484,9798
2018-12-17,2555.40478515625,2578.585141447829,2534.5605170816466,2552.529751516823,19340
2018-12-18,2571.622314453125,2588.8277703660556,2535.4592266177724,2560.346574872766,10611
2018-12-19,2587.07568359375,2648.3507320547355,2560.616028502758,2574.092954968562,38930
2018-12-20,2576.4287109375,2658.637951773926,2562.637236892852,2612.72647379592,53501
2018-12-21,2569.4658203125,2593.858968105197,2544.847837740317,2566.006654973482,13871
2018-12-24,2514.39013671875,2569.6455335171586,2499.5205511084887,2552.529793565498,12630
2018-12-26,2559.717529296875,2568.7920807248547,2461.2012860132713,2523.779059247077,9098
2018-12-27,2499.6552734375,2578.585226023251,2484.7409399777293,2560.6159909986986,41838
2018-12-28,2512.323974609375,2528.271672615389,2461.7854950128517,2503.114740549564,27863
2018-12-31,2564.5244140625,2583.0775616781475,2470.7698416051844,2533.6621648460437,163580
2019-01-01,2579.97802734375,2600.1034839364725,2533.7522115737906,2569.6007496767734,19306
2019-01-02,2533.6171875,2569.600624734049,2516.6813149930435,2569.600624734049,18423
2019-01-03,2498.038330078125,2547.184146209673,2478.002588254738,2516.6364452945068,16619
2019-01-04,2495.2529296875,2527.372937694099,2472.5667701863354,2505.4055914730757,33343
2019-01-07,2465.15478515625,2515.6932659453305,2452.800934296697,2515.6932659453305,24252
2019-01-08,2466.457275390625,2479.57490533605,2441.1656636056114,2477.95763023509,16198
2019-01-09,2458.955078125,2470.7697621563625,2443.9058441191387,2461.830111796217,31787
2019-01-10,2469.556640625,2488.7388854791106,2441.3899982068015,2448.3081093612186,18948
2019-01-11,2480.787353515625,2488.738827039162,2452.3511293875063,2469.8261650068066,70828
2019-01-14,2418.524169921875,2476.1603991649417,2406.2600363342804,2476.1603991649417,17512
2019-01-15,2426.2958984375,2446.017089512939,2408.2367299496077,2408.2367299496077,9368
2019-01-16,2446.061767578125,2460.841417399998,2416.8617648430327,2426.205677977869,18917
2019-01-17,2412.36962890625,2451.901943122963,2359.405356342921,2448.308096375989,29250
2019-01-18,2393.906494140625,2426.206151912969,2380.923765027942,2413.1337082310883,11573
2019-01-21,2403.294921875,2420.3656928132377,2380.8783481184055,2396.1971627516,11790
2019-01-22,2431.73193359375,2443.8162014550026,2386.718907730948,2405.4968917718666,32019
2019-01-23,2392.2890625,2442.019007512598,2381.912004891489,2434.8313135979174,15777
2019-01-24,2410.168701171875,2421.354506506124,2391.7952015697047,2394.5353345285325,12659
2019-01-25,2482.135498046875,2559.04391878039,2470.8150105486975,2524.677753628683,103684
2019-01-28,2519.73583984375,2537.4804584341987,2479.84422806942,2513.8958387886655,23540
2019-01-29,2617.3984375,2641.4772536140263,2506.9326213933796,2511.8291935205275,68969
2019-01-30,2693.76806640625,2709.7607299692436,2623.553366001069,2641.477634651716,102581
2019-01-31,2728.7626953125,2749.2926316256553,2681.72835984283,2695.429899918742,27282
2019-02-01,2730.64990234375,2756.705293367183,2694.486816526744,2731.4136825796704,17067
2019-02-04,2745.609130859375,2760.0294855900524,2714.252904018434,2731.323676999682,10478
2019-02-05,2707.065185546875,2745.6091059246137,2672.9236398944417,2722.9229473002997,9373
2019-02-06,2738.690673828125,2766.363335671259,2669.3294804414777,2695.384867493919,14293
2019-02-07,2758.99609375,2832.849597912927,2719.0145501067636,2758.3672144617653,33625
2019-02-08,2753.111328125,2784.3328729246555,2742.2398535622715,2777.863992404712,8527
2019-02-11,2661.512939453125,2731.323364470885,2638.6918823630735,2731.323364470885,15611
2019-02-12,2605.494384765625,2663.93937168063,2580.4273870187244,2663.93937168063,17587
2019-02-14,2679.2578125,2684.154384997409,2650.4620705413745,2650.4620705413745,10933
2019-02-15,2611.109619140625,2686.4007612698306,2556.662966091389,2681.908452304496,24843
2019-02-18,2609.1328125,2631.998619207666,2572.790080107933,2611.1093843968447,15644
2019-02-19,2629.887451171875,2672.878713890193,2586.940936059821,2586.9859030170965,15727
2019-02-20,2615.017822265625,2666.634404589379,2597.1832692519406,2666.634404589379,21138
2019-02-21,2642.24169921875,2671.8459742013256,2565.108659323202,2605.539443795897,36198
2019-02-22,2700.50634765625,2716.9482410007613,2610.9297580516577,2637.8836096488876,25645
2019-02-25,2728.49365234375,2739.4098748623073,2691.207489730832,2699.8775578751174,19195
2019-02-26,2783.658935546875,2806.7943241018115,2678.4489837372303,2722.33892510515,27692
2019-02-27,2811.286865234375,2852.5711395033595,2749.2930033931566,2806.794556405301,40570
2019-02-28,2908.68017578125,2930.7824240463515,2808.5916178935913,2808.5916178935913,49079
2019-03-01,2964.4296875,2986.4869681536493,2920.00079617911,2927.9073037435837,23114
2019-03-05,2983.61181640625,3009.846855575692,2922.9206814631702,2964.92376817904,27380
2019-03-06,2952.435546875,3048.436063086578,2922.696372162992,2971.0786300973737,15251
2019-03-07,2906.074462890625,2969.640630227002,2884.960612255927,2965.6874863592066,10454
2019-03-08,2888.374755859375,2929.3894452753457,2861.6904868808515,2897.5390214523723,17697
2019-03-11,2874.223876953125,2908.9493330925206,2858.0965336915697,2888.5542968573814,10808
2019-03-12,2899.96484375,2922.067089756492,2860.252879678691,2879.569806618566,12408
2019-03-13,2848.303466796875,2906.5238335146046,2814.2518533656585,2893.9453687018677,14695
2019-03-14,2830.379150390625,2851.6726501643416,2803.2006822375206,2839.139152522617,12085
2019-03-15,2875.032958984375,2896.5063288544156,2804.189373575956,2829.1664375767914,13329
2019-03-18,2907.017822265625,2920.000550071898,2832.7598305124257,2900.2343925021805,12351
2019-03-19,2853.5595703125,2924.4930837265388,2839.1392149234603,2924.4930837265388,27831
2019-03-20,2879.97412109375,2906.523709201012,2832.445583110279,2853.55943385718,13625
2019-03-22,2874.89794921875,2888.599490895281,2849.9206687185424,2881.366829943369,11996
2019-03-25,2857.692138671875,2875.1224273863386,2816.677449515818,2844.529762413741,15472
2019-03-26,2902.03125,2954.0970609092124,2824.763544891641,2843.631240325077,31056
2019-03-27,2935.364501953125,2954.097298026497,2867.03644127876,2893.5860301399293,26351
2019-03-28,2956.16357421875,2983.7912711740655,2902.031257420124,2920.8989529018027,22424
2019-04-01,2972.875244140625,3002.7041303193782,2951.5367776146404,2987.38531363789,11020
2019-04-02,2977.232421875,2991.8324241589603,2946.954307162463,2961.41962793497,12471
2019-04-03,2942.68701171875,2988.149266558761,2928.9854692628423,2969.416250280274,10286
2019-04-04,2924.492919921875,2937.969845820133,2879.5698335943503,2907.4221471174155,9980
2019-04-05,2961.464599609375,2986.486847003525,2908.1859934935214,2920.0006777260696,13379
2019-04-08,2966.091796875,2989.496769156972,2928.985283008403,2982.8929876036495,6854
2019-04-09,2922.470947265625,2981.949060864951,2902.030946020435,2981.949060864951,11316
2019-04-10,2928.580810546875,2961.9585741914957,2890.4411561319043,2912.9924126710775,9343
2019-04-11,2911.55517578125,2943.3156663894447,2897.539085024912,2923.684409160424,9699
2019-04-12,2929.569091796875,2941.5186764297596,2889.6325125917897,2902.0313280804144,4610
2019-04-15,2909.98291015625,2933.34291552322,2897.629061164102,2932.534168342218,8487
2019-04-16,2896.28125,2926.2897833104334,2889.542787189184,2915.5082428131277,9673
2019-04-18,2894.439453125,2917.9791067676333,2884.0621761909333,2888.5994518336474,12235
2019-04-22,2862.0048828125,2895.113285405831,2839.229009497143,2894.843703015795,7033
2019-04-23,2821.619140625,2862.004952628414,2803.200674653717,2862.004952628414,9298
2019-04-24,2829.52587890625,2839.0046950622436,2790.173206968035,2812.7694342027457,9528
2019-04-25,2806.569580078125,2839.9025950440982,2789.498808722708,2839.1388149009604,3960
2019-04-26,2830.693603515625,2843.63136463803,2777.145196870822,2806.79443384809,14610
2019-04-30,2823.775146484375,2857.108162790665,2776.246611013571,2854.8170416201147,28196
2019-05-02,2830.513671875,2848.078642103911,2797.3605226519016,2825.6620664012307,6580
2019-05-03,2810.07373046875,2839.0940880978937,2803.2005860030877,2825.3925467720774,7727
2019-05-06,2819.462890625,2848.123732559245,2780.8290355776667,2806.7495253185843,5907
2019-05-07,2810.25341796875,2842.7327195493735,2789.7234811001276,2839.1388728748484,6651
2019-05-08,2730.784423828125,2830.1543763377167,2709.8054745855566,2822.966682683526,13246
2019-05-09,2689.545166015625,2731.278669151078,2657.065862491132,2731.278669151078,14067
2019-05-10,2718.7001953125,2747.495937282738,2686.400540377824,2704.190126287985,5936
2019-05-13,2703.38134765625,2734.0189796643326,2659.0423939410434,2734.0189796643326,9277
2019-05-14,2676.697265625,2708.3680430685104,2651.4506214579474,2673.822231826573,10873
2019-05-15,2690.48876953125,2730.425351817107,2650.4622533269057,2650.77680269059,6912
2019-05-16,2685.457275390625,2716.0499426639744,2670.2283921923026,2716.0499426639744,10386
2019-05-17,2705.4931640625,2721.4408614181198,2659.446995641345,2666.6346902241594,9006
2019-05-20,2823.325927734375,2896.6404894000357,2693.58814740115,2749.292772197304,20260
2019-05-21,2872.29248046875,2942.4624357612074,2831.0981379787104,2831.0981379787104,23164
2019-05-22,2873.86474609375,2894.888883804351,2840.0377470963626,2858.0069830792563,8648
2019-05-23,2784.6923828125,2941.5189320498757,2769.059235414618,2897.539271321266,27081
2019-05-24,2829.66064453125,2870.1363949573597,2751.3148146683907,2805.896372343664,15953
2019-05-27,2861.01708984375,2895.7425527278874,2819.418262172332,2873.28100639894,10604
2019-05-28,2956.837646484375,2981.096113957811,2858.00685307408,2858.00685307408,27840
2019-05-29,2858.2763671875,2910.117565531301,2832.1760098629343,2902.0314099000007,25619
2019-05-30,2876.829345703125,2892.822007551246,2841.0257792002308,2841.0257792002308,10737
2019-05-31,2856.7041015625,2873.8645893797743,2841.1157024569766,2858.950255937877,9525
2019-06-03,2813.128662109375,2866.047970614412,2794.260965655143,2866.047970614412,14976
2019-06-04,2799.202392578125,2808.23197653098,2783.4343458770204,2798.7531617282416,8722
2019-06-06,2810.56787109375,2831.052841906339,2768.9243025385763,2795.1143735863598,9460
2019-06-07,2843.946044921875,2863.7122038167813,2776.246862966413,2803.200716004922,9273
2019-06-10,2827.998046875,2859.758535373505,2785.2311835421488,2852.6158089504265,13616
2019-06-11,2882.39990234375,2895.7421467329227,2803.3802373076032,2831.9963310590033,14477
2019-06-12,2885.27490234375,2920.000357314183,2884.0618913780086,2891.2495845652434,12150
2019-06-13,2870.0009765625,2906.478386888823,2832.1306874977017,2906.478386888823,10182
2019-06-14,2844.485107421875,2897.0001560493474,2811.646284581779,2866.9916195053706,13537
2019-06-17,2863.128173828125,2874.179297836934,2803.2008156459,2869.6869888375018,10760
2019-06-18,2838.95947265625,2865.8233911569687,2824.7637331803703,2859.8037413209663,14290
2019-06-19,2841.92431640625,2852.8405384183984,2821.1697632103837,2838.9593488995542,9586
2019-06-20,2875.032958984375,2889.4533155769113,2821.1702148356662,2830.154833354251,8739
2019-06-21,2933.0732421875,2954.142125581559,2848.1686099285407,2858.905183576801,27660
2019-06-24,2941.563720703125,2955.0406467295597,2695.4301722438763,2920.0006390608296,12658
2019-06-25,2920.225341796875,2938.823456399157,2903.0198867958275,2920.899188118342,9768
2019-06-26,2923.99853515625,2933.2077672646005,2893.9450361948075,2903.828114554988,11222
2019-06-27,2949.33544921875,2962.228463392181,2902.0315246456607,2911.240757812106,14816
2019-06-28,3014.788330078125,3043.9883362553087,2940.216006610241,2962.9920991688473,24622
2019-07-01,2983.881591796875,3060.115944429188,2969.416268979138,3009.8470502511686,33827
2019-07-02,2985.45361328125,3004.635639387756,2965.103323717835,2978.625216470589,8168
2019-07-03,3068.606201171875,3095.1557899965073,2971.752199120116,2983.117652620777,13494
2019-07-04,3076.197998046875,3120.3573002597673,3053.916105329444,3090.708065906593,16041
2019-07-05,3043.404541015625,3093.808114315562,3012.587258670703,3093.808114315562,7420
2019-07-08,2949.51513671875,3041.562495796546,2924.4928901486583,3041.562495796546,18391
2019-07-09,2950.143798828125,2989.091979799166,2906.6133756953195,2924.5376417675348,10287
2019-07-10,2882.53515625,2965.148678312942,2848.1240240139464,2946.9548261090677,14199
2019-07-11,2829.076171875,2887.071916984627,2814.835466556834,2887.071916984627,17606
2019-07-12,2846.9560546875,2874.17949294225,2814.8360431611836,2832.8502473419553,14241
2019-07-15,2859.6240234375,2872.382136067819,2817.5759708191054,2856.1198910978796,6710
2019-07-16,2933.9716796875,2954.8609144359352,2825.7070436794816,2842.37355226295,13042
2019-07-17,2870.270751953125,2936.0830753711994,2837.7914473172386,2936.0830753711994,25981
2019-07-18,2869.5966796875,2910.970884032371,2834.6466079824104,2844.5296864888464,10629
2019-07-19,2847.62939453125,2884.241708849147,2830.513655255996,2884.10702733439,11398
2019-07-22,2854.2333984375,2866.093049946385,2785.2314905435087,2837.342273269807,14734
2019-07-23,2890.3515625,2901.1331039205784,2825.7072809359875,2859.758894848905,9842
2019-07-24,2845.0693359375,2911.016346920533,2825.6624725509496,2910.117885085064,15205
2019-07-25,2851.762451171875,2872.3371367107875,2828.0878972345326,2872.3371367107875,11828
2019-07-26,2847.809326171875,2855.760800757243,2816.6777128752424,2845.3835232080246,7449
2019-07-29,2834.601806640625,2870.5852429934207,2821.1698475741287,2852.616008295496,7387
2019-07-30,2831.726806640625,2897.5391295045656,2822.0683428756097,2897.5391295045656,13687
2019-07-31,2726.1572265625,2827.4587763012896,2690.8926072521012,2824.763391385845,35371
2019-08-01,2711.946533203125,2751.7741881208426,2562.5475243649657,2716.4271001834204,64718
2019-08-02,2775.580078125,2786.125265669674,2653.1553080854214,2714.390234056834,15893
2019-08-05,2672.118896484375,2760.7806437809663,2652.2503717869163,2760.7806437809663,11246
2019-08-06,2675.01513671875,2707.3751032656396,2656.7759712427546,2672.163927362954,13632
2019-08-07,2661.12060546875,2706.469905321699,2644.0582103985953,2677.5043411175875,11042
2019-08-08,2597.03466796875,2669.267372376612,2586.1725805703063,2661.1208068277797,50356
2019-08-09,2680.627197265625,2713.756650343533,2593.549512435966,2605.995653539184,185713
2019-08-13,2773.81494140625,2802.1016271135068,2666.6877378895674,2738.151176462434,30309
2019-08-14,2728.103271484375,2780.69395850962,2706.515008599532,2771.64222036343,15241
2019-08-16,2717.92041015625,2733.6252662239913,2654.060566242039,2716.6079521568367,18711
2019-08-19,2711.1318359375,2747.2031084759915,2689.2719720863824,2717.875559074651,6450
2019-08-20,2637.1337890625,2705.7460210518075,2617.7631542560866,2701.9443345278073,32501
2019-08-21,2630.2998046875,2677.549840566096,2625.0044486968213,2625.0044486968213,41580
2019-08-22,2606.312744140625,2629.5756708398035,2588.8428424207113,2629.5756708398035,10428
2019-08-23,2625.185302734375,2634.8255373711117,2527.4718243472066,2585.176660519517,14177
2019-08-26,2628.308349609375,2658.5865961586383,2592.8255736431142,2643.108032640089,10637
2019-08-27,2625.23095703125,2668.453016577235,2607.8969629076614,2646.728840051504,15832
2019-08-28,2625.094970703125,2661.030331086952,2616.9031025388063,2661.030331086952,10825
2019-08-29,2624.642333984375,2642.066931593555,2603.2801415065824,2638.5819236758302,7249
2019-08-30,2647.95068359375,2668.452785014881,2581.737077043385,2638.401054293393,21032
2019-09-03,2652.92919921875,2696.5132371637187,2629.5756667633927,2648.629622892289,7024
2019-09-04,2680.174560546875,2697.4181671894357,2634.055995476932,2643.107734293004,5704
2019-09-05,2713.620849609375,2746.29771703792,2670.3084094410956,2670.3084094410956,16378
2019-09-06,2734.9375,2742.676780658215,2699.2737385087776,2711.7198790150646,8010
2019-09-09,2887.504638671875,2925.476638233269,2713.846943715112,2733.53447534242,27107
2019-09-11,2892.7548828125,2964.489916594402,2882.978960193803,2905.6083083899866,27866
2019-09-12,2935.931640625,3008.798141956991,2897.5070515118523,2897.8237297933715,25340
2019-09-13,2975.48779296875,3026.90171802307,2955.3929752826925,3003.367195095857,26753
2019-09-16,3006.263427734375,3035.953175015354,2964.580126616498,2975.487516001959,19384
2019-09-17,2941.951171875,3030.2509392978545,2912.8952192251827,3007.893185816099,18723
2019-09-18,2995.17529296875,3009.522388449698,2940.004985000508,2941.9510205940696,7550
2019-09-19,2936.8369140625,3041.384506472492,2926.336807727593,2994.315460538989,9010
2019-09-20,2957.972900390625,3077.4105637198595,2919.18610667044,2941.815456334552,55678
2019-09-23,3080.895263671875,3095.694946328727,2962.498686376004,3004.181770484343,44960
2019-09-24,3044.009033203125,3157.246369543353,3032.3323790052273,3065.959498931745,64303
2019-09-25,3006.48974609375,3074.8756770750374,2991.82597340367,3063.7872970208223,49540
2019-09-26,2968.3818359375,3068.539230080989,2946.340765166259,3032.3322775136617,89561
2019-09-27,2959.647216796875,3002.2809981899413,2910.1342459853663,2968.879946878571,30285
2019-09-30,3033.283203125,3059.4879447258145,2924.8886228347883,2987.074028874316,23784
2019-10-01,2950.09716796875,3045.7742175640774,2938.1942206279527,3032.2869950480886,10086
2019-10-03,2909.13818359375,2949.9616131224434,2900.629637695879,2938.194352928951,11937
2019-10-04,2862.431884765625,2932.3112758179113,2828.6688491838163,2932.3112758179113,16991
2019-10-07,2864.920654296875,2879.4034364840704,2814.411907221087,2858.9011153564907,9875
2019-10-09,2849.623291015625,2886.5091295909847,2835.955296922645,2857.0005913245377,6751
2019-10-10,2820.069580078125,2869.220572181143,2801.5135131894713,2869.220572181143,11319
2019-10-11,2834.82373046875,2843.1059834514203,2817.806416553105,2817.806416553105,25779
2019-10-14,2868.94873046875,2894.746187108081,2834.0995346577242,2855.8237086697923,12293
2019-10-15,2890.35595703125,2907.192280005829,2854.103919044719,2868.496095691904,8041
2019-10-16,2888.22900390625,2912.8496904667554,2876.6427334690334,2896.5565598177805,25941
2019-10-17,2892.618896484375,2913.4831991591523,2880.942241524466,2887.504752325205,9932
2019-10-18,2916.425048828125,2925.4767879706505,2882.0737429801848,2896.556525608226,15746
2019-10-22,2951.09326171875,2963.5394030725215,2905.8798687806316,2910.360435470044,11750
2019-10-23,2960.5068359375,3001.737550003324,2933.668519029705,2933.668519029705,35295
2019-10-24,3073.92529296875,3098.3649885188906,2957.429455044357,2968.472532539439,55299
2019-10-25,3161.907958984375,3199.789573161535,3099.9941557807547,3100.0394586713865,67779
2019-10-27,3397.027099609375,3425.1780967816685,3263.106662988386,3303.8847920859116,117044
2019-10-29,3555.3876953125,3594.445864039063,3461.3852893692715,3461.3852893692715,166217
2019-10-30,3530.7666015625,3559.596479628107,3487.6351521950655,3534.6135907648954,45508
2019-10-31,3673.06005859375,3745.519053682236,3489.445441579346,3528.3679199160288,115400
2019-11-01,3628.43505859375,3755.566694871759,3620.695777172098,3673.195865941094,48032
2019-11-04,3687.7236328125,3748.3249789405827,3620.6954638402153,3642.238646048007,47537
2019-11-05,3671.1591796875,3711.16804432794,3642.510513096741,3687.5879981796875,19964
2019-11-06,3626.98681640625,3696.7305154063674,3619.7907275000157,3652.3769906132943,14625
2019-11-07,3654.5947265625,3688.584054501933,3629.747744430123,3643.2347486506856,21861
2019-11-08,3643.506103515625,3688.2669107050474,3617.572958499018,3656.72173145157,21710
2019-11-11,3616.2607421875,3661.4288364714344,3577.2476543226476,3620.74130929747,23726
2019-11-13,3623.546875,3701.1204564263876,3590.146045881106,3590.146045881106,54840
2019-11-14,3621.781982421875,3658.6678210664713,3619.790643919991,3636.083775100426,17583
2019-11-15,3603.271240234375,3632.734696821854,3597.7495906840672,3630.652752516505,46926
2019-11-18,3684.5556640625,3730.2216431346706,3591.730036388831,3602.5921231924267,124809
2019-11-19,3669.52978515625,3729.135355460321,3661.6095133209164,3715.7389581763396,16819
2019-11-20,3680.030029296875,3710.308053995279,3656.9027904710724,3693.1097487925686,12778
2019-11-21,3736.875,3747.420188220717,3659.6183142454975,3699.8985553990774,44625
2019-11-22,3651.380859375,3799.9199828310534,3638.799030724353,3756.471636195539,31923
2019-11-25,3679.48681640625,3692.0235640524097,3649.661378849954,3649.661378849954,11999
2019-11-26,3632.50830078125,3708.497608358181,3621.87250705457,3708.497608358181,15511
2019-11-27,3612.277587890625,3652.1505440322153,3588.1094879592792,3633.3681848306123,13431
2019-11-28,3635.9482421875,3696.730587421712,3591.730404233436,3611.644232079488,48192
2019-11-29,3747.69140625,3799.9201182545703,3611.59863989682,3655.816474309084,44100
2019-12-02,3796.0283203125,3856.0411787677244,3747.4203004925776,3779.101389989495,40330
2019-12-03,3929.9482421875,3972.400810432371,3812.637614332278,3822.3682339247766,115580
2019-12-04,4007.56689453125,4072.377435106203,3953.663964797008,3955.6100003143156,88254
2019-12-05,3899.580078125,4028.0241763873896,3874.415976509544,4027.119002415168,20433
2019-12-06,3902.3408203125,3976.0674197558637,3869.7094742486934,3917.593090681129,25551
2019-12-09,3879.2587890625,3977.9682770254603,3860.6576405170003,3946.3773514578575,24022
2019-12-10,3826.985107421875,3882.065034311001,3775.571400459931,3861.6535371829596,22630
2019-12-11,3839.521728515625,3873.918339745328,3792.90526855958,3836.127326091641,14757
2019-12-12,3902.9287109375,3936.3299819933945,3839.8383542329834,3844.092406446938,32586
2019-12-13,3929.0888671875,3960.136157873435,3884.1466255494192,3905.825719136885,19527
2019-12-16,3962.353515625,4009.9202254808633,3943.4350282463006,3959.2304889962293,24491
2019-12-17,3959.90966796875,4023.498136835498,3943.8428306394294,3962.353814382459,16612
2019-12-18,3898.718994140625,3982.7644644743255,3886.001479858311,3947.643900079344,20849
2019-12-19,3885.18798828125,3924.6532207796076,3874.1897706862906,3883.196428705503,5820
2019-12-20,3859.254638671875,3935.651681968317,3833.4120963724336,3882.7891639388604,74389
2019-12-23,3846.58203125,3885.8214129166245,3811.0994753024625,3855.136102422614,9257
2019-12-24,3819.833984375,3948.3686824274287,3802.635679706013,3833.5021991130866,24222
2019-12-26,3767.83154296875,3860.5667883337546,3749.321001398762,3823.183282040382,12502
2019-12-27,3770.004638671875,3815.308420707218,3757.6486599536056,3799.0152886614933,80509
2019-12-30,3811.415283203125,3874.0079595751868,3782.7210985568067,3791.772836050362,72631
2019-12-31,3824.088623046875,3845.993567791108,3789.5108008253637,3819.381541641615,31090
2020-01-01,3829.202880859375,3846.9894613849397,3801.7307618392347,3824.360111612087,24620
2020-01-02,3826.622802734375,3844.047400949073,3813.4977807025243,3840.834210277887,31741
2020-01-03,3800.734619140625,3851.514963578048,3783.6269207417727,3836.0364014154884,17391
2020-01-06,3690.52978515625,3787.6096887502963,3679.9845973109227,3787.2477075756738,14845
2020-01-07,3678.400634765625,3743.935140268724,3649.797049585088,3729.3166693901876,12644
2020-01-08,3636.58154296875,3675.0061318488797,3622.5966500393397,3670.480262228376,12650
2020-01-09,3595.35107421875,3674.9610821299502,3571.137670080948,3665.954645162623,47313
2020-01-10,3613.906982421875,3639.116165234913,3595.1246230266956,3595.16992592198,16927
2020-01-13,3627.982421875,3647.85094548185,3593.540509568969,3642.4199018905615,10855
2020-01-14,3700.486328125,3731.126550860188,3609.878559762709,3642.419514959097,20584
2020-01-15,3683.2880859375,3756.5165620584244,3671.02315705309,3711.21278762564,13318
2020-01-16,3671.294677734375,3709.402586750614,3652.376631903057,3709.402586750614,11228
2020-01-17,3666.40673828125,3692.5210926688437,3633.2322045420883,3671.3398916449996,10588
2020-01-20,3624.361328125,3672.4712289252375,3607.117722418384,3658.7126308695374,10302
2020-01-21,3630.199951171875,3643.324972813065,3608.3851716344216,3643.1439822297516,8818
2020-01-22,3612.72998046875,3687.678422652864,3593.9929251701515,3643.3249021054926,9344
2020-01-23,3671.20458984375,3683.9674100813118,3611.6440990992537,3611.6440990992537,14673
2020-01-24,3771.044921875,3819.4717235819044,3670.4347143330906,3671.4304939790245,36925
2020-01-27,3936.103515625,3964.6615746046377,3771.8144572252872,3771.8144572252872,89777
2020-01-28,3917.3212890625,3999.0583159673843,3884.101229926674,3964.6617075457543,29080
2020-01-29,3922.0732421875,3978.2391032470346,3879.5751527910784,3950.1787136678176,29153
2020-01-30,3831.87255859375,3936.601357378799,3804.8985527113778,3936.601357378799,13855
2020-01-31,3753.530029296875,3855.497785068172,3732.8016345021006,3855.497785068172,12497
2020-02-03,3723.749755859375,3778.648464777841,3647.8508355622707,3665.954313654391,23108
2020-02-04,3703.29248046875,3796.299092718836,3684.057536329438,3711.2127515849375,23278
2020-02-05,3706.91357421875,3773.579546439721,3694.9200195252884,3729.2715473070252,17172
2020-02-06,3680.391845703125,3741.7175996041747,3668.0363101249995,3729.3165401425026,12417
2020-02-07,3671.249755859375,3709.62904192271,3636.3099539227733,3697.6354874042013,20198
2020-02-10,3870.297119140625,3892.2475851732884,3675.0511623799907,3688.53816445366,55439
2020-02-11,3894.013671875,3946.5588485600074,3869.619054494044,3917.593279029292,30623
2020-02-12,4028.6123046875,4067.8516833533904,3884.961465703352,3885.0065476085338,71178
2020-02-13,4154.56689453125,4185.524017995917,4086.950670933379,4100.437673339426,81396
2020-02-14,3795.665771484375,4190.819727016168,3756.4719159960123,4183.71402306833,217033
2020-02-17,3650.34033203125,3842.3278197015434,3620.695884477094,3780.006503394086,73566
2020-02-18,3738.14208984375,3783.627080464162,3631.6484638816023,3656.902728486894,58290
2020-02-19,3819.87939453125,3869.8000946411835,3760.183433909122,3782.5409667123677,45386
2020-02-20,3790.4609375,3860.114248641166,3779.056099494196,3828.8857478607415,18766
2020-02-24,3764.16552734375,3815.2627689470046,3734.747376655119,3783.6267654916137,34676
2020-02-25,3766.112060546875,3791.7738314737535,3736.4225305656114,3741.084088202679,21626
2020-02-26,3791.18505859375,3880.4803722798342,3754.7518104052115,3765.070704104962,45103
2020-02-27,3766.067138671875,3841.5585639982774,3738.368725097287,3804.4464289549387,25605
2020-02-28,3796.39013671875,3842.2371087047154,3671.204535742698,3720.264919436099,33331
2020-03-02,3844.36376953125,3883.195637510475,3783.8528120520195,3797.2041257241126,26784
2020-03-03,4003.448486328125,4457.981473442749,3844.3641728342036,3844.3641728342036,599746
2020-03-04,3984.39404296875,4145.696198487701,3931.1699978235997,4073.282291090536,149977
2020-03-05,3993.129150390625,4056.9439035077903,3955.6095194611853,4031.1009262422085,41683
2020-03-06,3993.8984375,4046.127145906717,3811.687116647245,3964.661498673696,43421
2020-03-09,3898.629150390625,4018.8365120015615,3830.9223180524345,3983.670416858353,55796
2020-03-11,3871.519775390625,3955.610350977756,3828.931073815402,3922.9334814216068,36516
2020-03-12,3766.067138671875,3794.036927662295,3575.165804111191,3755.567031580785,80813
2020-03-13,3871.383544921875,3932.980449742294,3132.806751797026,3453.238300521715,77191
2020-03-16,3833.501953125,3972.808123608907,3765.5233069521655,3874.1441715757855,47705
2020-03-17,3786.83984375,3848.844251826182,3726.6457833548743,3770.0490457999676,38317
2020-03-18,3641.19775390625,3887.676875683201,3620.695653166087,3846.9891314889674,34971
2020-03-19,3629.973876953125,3706.6873701447657,3350.0488295252203,3607.118234438801,68626
2020-03-20,3635.495361328125,3754.4351259986493,3589.105197936544,3652.6483629110667,35185
2020-03-23,3334.20849609375,3544.6614553286618,3235.997115117458,3235.997115117458,22832
2020-03-24,3330.587646484375,3529.182728529754,3276.729794883391,3484.9198094754297,27285
2020-03-25,3340.544189453125,3426.942991721325,3312.076515250228,3326.5139943748095,15667
2020-03-26,3532.44091796875,3575.4366754584403,3356.4752115015644,3370.686396621268,33570
2020-03-27,3443.371826171875,3615.264246648963,3326.5137973046917,3575.436598463546,45192
2020-03-30,3501.167236328125,3556.4281454483435,3448.7124546088544,3448.7124546088544,140399
2020-03-31,3641.514892578125,3681.4331531745415,3505.0599161783853,3575.4371925636574,29779
2020-04-01,3590.23681640625,3638.799310852958,3464.1460398695426,3638.799310852958,53612
2020-04-03,3638.799560546875,3728.411788530492,3494.3790014520955,3611.644339945779,26647
2020-04-07,3859.616455078125,3928.4547538697084,3647.850842879015,3657.8077558496525,70741
2020-04-08,3846.989013671875,4002.2714169496085,3820.738970990349,3887.7218385225183,33248
2020-04-09,3988.693603515625,4035.264974324664,3894.3292307984098,3910.3059026405385,67261
2020-04-13,4026.757080078125,4118.541633807072,3955.6553983331714,4082.334674388987,47437
2020-04-15,4008.110107421875,4226.257021579208,3990.2329225479857,4115.825803624044,79737
2020-04-16,3932.211669921875,4070.56760865878,3915.7828496904344,4038.1170313212697,61061
2020-04-17,3897.634033203125,4027.118992829463,3892.2480712894335,4019.1081147984714,39895
2020-04-20,3859.028076171875,3959.2760950811066,3846.989438954705,3937.506837518345,29617
2020-04-21,3826.2607421875,3924.0195249486114,3792.6787015653395,3855.135701662716,65536
2020-04-22,3781.771240234375,3891.2972754134835,3770.5467309795945,3874.1440542692862,43562
2020-04-23,4000.3251953125,4111.299596914395,3811.6870547350322,3856.040573063699,131186
2020-04-24,3981.815185546875,4059.705228353711,3960.1811742246878,4022.593095831414,52590
2020-04-27,4393.75927734375,4454.360847910702,4032.504720461723,4072.01547356376,305201
2020-04-28,4361.35400390625,4679.748913027616,4344.834580760649,4524.964181088018,262451
2020-04-29,4458.9775390625,4511.3870230247785,4389.867418722797,4390.093712213117,142309
2020-04-30,4437.11767578125,4562.076764329885,4422.2273873281065,4525.869805882823,106059
2020-05-04,4527.04638671875,4562.167401844294,4409.1023955491255,4434.447266638302,134738
2020-05-05,4497.35693359375,4605.5252245396,4471.559475083653,4598.283832677116,123474
2020-05-06,4612.9228515625,4678.711868028032,4514.86809798176,4643.930574037544,83505
2020-05-07,4473.8466796875,4643.930443207979,4451.400826916648,4614.905877937928,67097
2020-05-08,4455.02880859375,4522.94647893114,4432.147871243876,4481.39278818747,44384
2020-05-11,4365.48779296875,4474.5231136593475,4353.684282175083,4450.432821778974,49901
2020-05-12,4220.36572265625,4352.572530696744,4195.984897444376,4352.233816267817,67509
2020-05-13,4242.3759765625,4284.993526330406,4150.561219399629,4284.993526330406,51870
2020-05-14,4269.94970703125,4369.987628199746,4188.729098206764,4208.562553920644,66666
2020-05-15,4210.64208984375,4293.507131694764,4192.11483627154,4257.903852857385,31590
2020-05-18,4064.60107421875,4236.571655803626,4020.43497449803,4210.6427558403,55976
2020-05-19,4164.58984375,4179.537684848812,4075.1460857661245,4136.968319540167,30524
2020-05-20,4185.390625,4203.676479602274,4114.764180687237,4145.869218675048,36377
2020-05-21,4082.015380859375,4203.676693520802,4073.11432448991,4186.3101382583945,39261
2020-05-22,4042.97705078125,4101.12302632371,4021.4018397563505,4096.333783929841,41404
2020-05-26,4072.049560546875,4130.2923756659975,4021.4016009608054,4063.439034217276,68618
2020-05-27,4073.065673828125,4091.496083207357,4045.2986516696055,4068.518303123135,30148
2020-05-28,4047.088623046875,4103.976580550328,4026.239027421367,4084.04628509673,30558
2020-05-29,3907.287353515625,4141.708920326411,3860.2674598989993,4052.7970901044882,393243
2020-06-01,3887.16357421875,3955.081014059201,3870.087312169896,3941.487794546794,144277
2020-06-02,3890.791259765625,3921.2186307180873,3803.0403744114733,3884.4057611487374,166889
2020-06-03,3928.47509765625,3957.0159215402196,3885.421990441448,3900.901759327669,97459
2020-06-04,3988.70166015625,4024.740502395246,3918.3170756492177,3943.4717037891883,108953
2020-06-05,3968.86767578125,4018.935053981428,3953.1460352836098,4005.39025601423,71799
2020-06-08,3993.2001953125,4024.7403221255627,3958.9512976292795,4015.0654655819917,101578
2020-06-09,4006.79296875,4073.113910081599,3987.0077015311804,4024.739635615072,126770
2020-06-10,3971.963623046875,4057.634277010291,3958.2735611966805,4024.739769280594,64014
2020-06-11,3928.66845703125,3973.318056105472,3918.3164090675514,3964.803899971137,55975
2020-06-12,3932.00634765625,3956.580622623412,3837.0477343396233,3837.0477343396233,48997
2020-06-15,3948.7919921875,4015.0165623488797,3900.0308184077544,3957.015618779095,115074
2020-06-16,3925.040771484375,3968.48101790543,3871.3937406494097,3947.3413624514787,74696
2020-06-17,3885.9541015625,3947.341011971403,3879.6170240209135,3927.991301128406,56936
2020-06-18,3861.815673828125,3894.129598875666,3855.4301742905664,3870.909944124606,39780
2020-06-19,3869.11962890625,3898.9666517261544,3843.4330772719063,3869.9420860805503,48425
2020-06-22,3847.931884765625,3918.3164581811,3840.917614562708,3907.674117183571,71006
2020-06-23,3862.057373046875,3880.5846272599606,3845.7551466861987,3851.560060115159,40610
2020-06-24,3861.041259765625,3902.4012657382245,3851.027690154409,3873.812021386836,47819
2020-06-25,3961.176025390625,3978.300471912976,3844.835891210777,3861.3315666239746,91415
2020-06-26,3968.3359375,4031.512559221226,3947.3413106845696,3987.008220914488,112276
2020-06-29,3903.658935546875,4004.6643265256207,3885.421739524526,3966.6905209289234,40698
2020-06-30,3834.91943359375,3922.1381651583843,3826.405513150783,3918.316644313697,54365
2020-07-01,3844.54541015625,3869.941903900598,3831.242484861592,3859.1061138101777,18356
2020-07-02,4045.830810546875,4136.000651131216,3990.9746643012145,4106.976085158365,288938
2020-07-03,3988.798095703125,4076.984313557362,3983.5737679503463,4062.4720295745997,49842
2020-07-06,3973.318115234375,4024.449820900799,3952.1784615404736,4015.0650221280207,54992
2020-07-07,3980.09033203125,4005.3899834602644,3953.1457662846956,3967.5130204889833,28082
2020-07-08,3958.467041015625,3990.877806229855,3949.2759284921863,3976.3655232981105,28667
2020-07-09,3985.6533203125,4014.0972992462553,3937.665945512716,3957.983140808973,31616
2020-07-10,3957.3544921875,4012.1624524279887,3944.4384660113114,3966.690632976791,34554
2020-07-13,3992.426025390625,4014.0976075568224,3947.437946636373,3966.642629574845,63782
2020-07-14,4043.992919921875,4098.26895595843,4035.4305779762162,4053.7646188540652,126939
2020-07-15,4002.826171875,4080.9988102187385,3987.1527180323833,4043.992490361748,33538
2020-07-16,3970.8994140625,4000.552751707203,3949.759760301005,3999.585266156608,22705
2020-07-17,3998.231201171875,4014.097870991716,3959.9670973399648,3998.569915622729,19309
2020-07-20,4024.788330078125,4048.9272850525986,3995.7155764079407,4014.097803030641,41611
2020-07-21,4046.5078125,4081.821030708308,4039.251671772265,4073.0654765255067,58556
2020-07-22,4015.79052734375,4054.6836342601646,3981.202919958931,4030.544681542869,32213
2020-07-23,4138.51611328125,4198.887114642102,4113.748389736917,4158.252723210081,139917
2020-07-24,4201.64501953125,4236.377658810161,4082.789316626635,4131.16359762932,74414
2020-07-27,4225.2509765625,4300.4729728823195,4203.724424561008,4271.448408385926,126101
2020-07-28,4174.45849609375,4305.310923603265,4161.155569082616,4281.123783583022,96746
2020-07-29,4157.0439453125,4225.977297521383,4148.094703095909,4207.595070265681,45154
2020-07-30,4092.463623046875,4181.47228813442,4085.691224616301,4181.47228813442,30927
2020-07-31,4138.662109375,4182.440838952282,4043.993535576025,4092.4646654564317,66631
2020-08-03,4255.2431640625,4285.960829147246,4137.9355454317765,4155.35028469242,101935
2020-08-04,4233.330078125,4298.296641565571,4224.090307218795,4276.286344205689,44406
2020-08-05,4280.978515625,4328.965893220408,4256.936405309458,4271.448688509377,50856
2020-08-06,4247.21337890625,4308.213153867732,4237.58670872236,4305.310697217922,24373
2020-08-07,4240.97314453125,4278.366368639519,4208.562376801857,4252.051043657508,21132
2020-08-10,4449.90185546875,4632.031020634126,4250.648006130573,4256.936662563906,234999
2020-08-11,4459.52734375,4539.393551180066,4431.083365969103,4479.457638523351,72542
2020-08-12,4403.51025390625,4508.046873234817,4359.1509492436335,4455.270728163964,75450
2020-08-13,4388.32080078125,4474.28198700764,4372.744661236521,4403.994255767754,24501
2020-08-14,4339.12451171875,4438.775523490106,4305.358888058587,4388.320774072119,25837
2020-08-17,4396.64111328125,4448.498431760158,4339.124382420633,4352.717365047619,31041
2020-08-18,4423.05419921875,4431.08414090508,4402.059572296531,4402.059572296531,25276
2020-08-19,4429.14892578125,4450.4336082555155,4392.384474234791,4423.053955671098,24573
2020-08-20,4376.42041015625,4421.408483345654,4367.471169790616,4421.408483345654,18909
2020-08-21,4454.10986328125,4468.332090074627,4364.617448356079,4409.799213285731,75841
2020-08-24,4667.0537109375,4711.558048724198,4467.1229053397965,4474.620918771251,129276
2020-08-25,4647.3173828125,4758.094491240111,4606.537956592877,4709.720208083949,97308
2020-08-26,4694.23974609375,4745.516478687107,4600.3936505927,4692.304775052491,51553
2020-08-27,4681.39404296875,4779.554259764108,4663.846294722284,4700.056602705152,59977
2020-08-28,4595.06201171875,4731.080383388899,4556.573320067177,4687.405332726495,33923
2020-08-31,4455.94091796875,4697.148259463649,4330.295742915629,4624.485270927308,73990
2020-09-01,4507.32373046875,4517.793964897776,4392.439913979397,4455.941095245664,37290
2020-09-02,4507.275390625,4552.695800086941,4474.167614438082,4508.099546508576,16608
2020-09-03,4612.17333984375,4634.132050805841,4509.068654455642,4509.068654455642,29853
2020-09-04,4628.80029296875,4701.899275073382,4508.0995627405355,4595.353102664546,43045
2020-09-07,4881.78662109375,4992.840783538432,4605.047324622826,4653.521506987277,194231
2020-09-08,4803.83984375,5079.1249197127845,4721.38544741387,4910.434762043377,284255
2020-09-09,4843.7822265625,4886.197132224168,4663.215913888542,4687.501287663707,121797
2020-09-10,4788.0859375,4871.655622303543,4750.470159062162,4871.655622303543,96101
2020-09-11,4723.90576171875,4865.838062407525,4711.690173998919,4755.316934869279,43192
2020-09-14,4769.375,4891.772315530034,4736.897296473218,4847.370152000925,66689
2020-09-15,4790.1220703125,4963.756701156037,4779.506507489831,4818.334141551856,138932
2020-09-16,4847.85498046875,4866.8081975431505,4765.981892255404,4823.181430832106,48705
2020-09-17,4803.59765625,4866.808182958641,4789.346529862195,4838.693155606888,30563
2020-09-18,4835.88134765625,4893.032123122077,4789.249090780411,4842.570689969262,108875
2020-09-21,4717.0712890625,4932.733130308894,4646.4447792955725,4877.520843517319,104867
2020-09-22,4629.0419921875,4779.554326715404,4536.262218846046,4749.500333991636,67063
2020-09-23,4762.103515625,4797.489667563174,4653.521350773616,4692.300695363396,58885
2020-09-24,4732.05029296875,4808.639510986478,4670.29398731608,4740.775646920137,49508
2020-09-25,4769.375,4797.926483945229,4718.525391245339,4755.36577136527,22065
2020-09-28,4863.9482421875,4992.841295667761,4837.772181025747,4944.367108331181,94821
2020-09-29,4797.10205078125,4895.892338136017,4765.012047908619,4893.371586018465,39588
2020-09-30,4750.13037109375,4847.418148000251,4740.823233573454,4833.554721449242,28237
2020-10-01,4752.16650390625,4781.493384457719,4711.690561326949,4760.16474405665,33231
2020-10-05,4771.9443359375,4794.097134257283,4714.647751749804,4778.585394287998,36935
2020-10-06,4765.7392578125,4789.249236351269,4735.9276355416905,4789.249236351269,17483
2020-10-07,4806.40966796875,4847.418640313512,4761.376959447947,4789.928444591684,48546
2020-10-08,4850.52099609375,4866.808132763464,4779.554600502764,4818.333948174186,50386
2020-10-09,4868.64990234375,4873.7396915638365,4814.455860371725,4855.9495717089185,33458
2020-10-12,4850.1328125,4883.531714955708,4755.802238863511,4862.93018655374,21317
2020-10-13,4844.55859375,4866.808435211479,4806.60339953401,4847.321717119446,21034
2020-10-14,4851.39306640625,4866.807761252809,4800.010434663939,4857.112925075014,28700
2020-10-15,4816.2978515625,4857.113208932464,4779.554514977454,4849.502667411988,39269
2020-10-16,4822.26025390625,4831.906806164101,4760.165011690558,4808.639197145654,17177
2020-10-19,4843.68603515625,4894.923344880311,4824.248075753371,4848.388125915317,46808
2020-10-20,4848.24267578125,4866.808194036541,4808.639171797061,4843.685913020205,53834
2020-10-21,4857.79150390625,4894.874250385124,4828.028169014085,4871.654929577465,36085
2020-10-22,4907.86572265625,4923.328703073452,4819.836321909195,4865.8385111326115,32101
2020-10-23,4963.6103515625,5020.955207753065,4920.6619471048,4992.840185350123,43695
2020-10-26,5033.36474609375,5069.429725229634,4983.145685155922,4993.810004715594,62907
2020-10-27,4984.0673828125,5108.209580396985,4954.061673150236,5060.704879421572,48649
2020-10-28,4928.56396484375,4980.382579216127,4834.281684778729,4968.215749392906,36161
2020-10-29,4882.0771484375,4895.892290048032,4805.6820283925845,4886.197453830115,24794
2020-10-30,4832.828125,4924.977364485172,4823.181572502703,4865.838856762023,15141
2020-11-02,4832.29443359375,4902.582001465423,4795.21168226835,4886.100778654134,53782
2020-11-03,4766.369140625,4846.400296912395,4750.469704046774,4832.875811157789,35431
2020-11-04,4780.4755859375,4818.333733059262,4750.469877664061,4765.981616040107,34154
2020-11-05,4783.52978515625,4845.479701063935,4770.054055933879,4789.249644508971,12083
2020-11-06,4780.13623046875,4817.364308350603,4756.7715795778295,4787.698013667315,26341
2020-11-09,4773.0107421875,4798.944431793658,4737.866957207193,4760.1650828498705,31673
2020-11-10,4903.55126953125,5719.953547682554,4847.418260747927,5719.953547682554,1713180
2020-11-11,5042.9638671875,5088.820259714513,4944.367179375884,4963.708569753387,349780
2020-11-12,4987.16943359375,5050.040545621311,4934.671986410534,5043.254159785382,134025
2020-11-13,4962.01123046875,5007.431159152808,4944.366439313441,4997.688038168782,52345
2020-11-14,4981.06201171875,4991.968703538621,4968.604051275019,4991.871660490745,14814
2020-11-17,4799.283203125,4991.676938281445,4781.396041467569,4981.061376957994,207931
2020-11-18,4757.546875,4845.333902589452,4750.5181186132795,4808.638852156436,132654
2020-11-19,4904.521484375,5058.76645110378,4888.137302887171,5055.857999713724,428094
2020-11-20,4906.072265625,4967.343824839453,4857.113338757286,4915.282360778332,137124
2020-11-23,4989.93310546875,5006.414330025379,4936.369125659707,4963.757042937634,116729
2020-11-24,4967.34326171875,5019.01654773724,4946.595934178685,5016.108096965903,64729
2020-11-25,4945.142578125,4987.993949708025,4916.252151403187,4987.072750782896,59918
2020-11-26,4963.65966796875,4973.1608925768705,4897.831817199948,4933.702715306915,46861
2020-11-27,4948.72900390625,4968.4580897136375,4905.5869839877805,4944.3180429073,44344
2020-12-01,4951.78271484375,4996.766658298995,4929.824006423422,4987.993021248478,40414
2020-12-02,5067.7333984375,5220.669443892283,4934.671767764479,4983.1459501590225,1029719
2020-12-03,5156.34375,5270.6945276556,5114.025886393463,5186.7371549203845,522316
2020-12-04,5095.0244140625,5172.2436941477545,5075.247041756437,5172.195409316255,182754
2020-12-07,5174.619140625,5222.560297940542,5149.70322070334,5222.560297940542,261712
2020-12-08,5151.9814453125,5234.2422277125515,5138.311631167804,5211.944103756747,125293
2020-12-09,5152.66064453125,5262.260589738003,5119.843525929201,5259.352138577657,252289
2020-12-10,5043.35107421875,5127.599110128769,4944.560783316874,5127.599110128769,172594
2020-12-11,5119.98828125,5157.652814240654,5067.490838352613,5071.514100665031,144394
2020-12-14,5148.24853515625,5233.2724356245335,5089.788863843794,5233.2724356245335,196059
2020-12-15,5096.0908203125,5147.958195730881,4969.5732036377585,5138.748101030421,106788
2020-12-16,5096.28515625,5117.904453412414,5051.107121144038,5051.4948199479795,73188
2020-12-17,5086.7353515625,5104.331385022766,5060.704621048212,5080.094293925792,65230
2020-12-18,5040.248046875,5118.776216192671,5017.077484184558,5089.78875207129,77717
2020-12-21,5012.1826171875,5084.94218203187,4857.11350466724,5056.002997911749,147936
2020-12-22,5022.11962890625,5118.873912367271,4944.3668471729325,5024.833993901433,82606
2020-12-23,5044.2236328125,5089.789366185974,5021.925507970162,5026.772926414148,88394
2020-12-24,5065.8427734375,5078.107120426993,5031.81427571507,5063.710193416361,39513
2020-12-28,5052.94873046875,5089.789108779919,5017.514292787518,5070.399435984567,52629
2020-12-29,4995.94384765625,5065.067849648571,4947.275574075348,5043.254465283159,58749
2020-12-30,4956.48486328125,5002.487049066315,4949.213736342451,5002.487049066315,45279
2020-12-31,4950.95849609375,5017.077464788732,4944.366197183099,4963.755868544601,43908
2021-01-01,5118.29150390625,5283.685496888657,4973.450752117213,5002.535259439535,598342
2021-01-04,5065.8427734375,5165.021235770203,4946.305627648832,5138.263392108744,122091
2021-01-05,5048.48876953125,5070.399193417946,5017.0775957816195,5065.8424311767585,53291
2021-01-06,5007.7705078125,5065.551825222269,4997.687973018335,5048.488819134861,57899
2021-01-07,4977.28076171875,5036.467549049726,4960.847824540413,5021.925294336396,46691
2021-01-08,4973.45068359375,5157.652560763889,4958.908430132949,5005.831339957003,193076
2021-01-11,4991.82275390625,5012.811979095836,4968.603432416157,4992.840522330383,51157
2021-01-12,5055.08154296875,5060.656073631803,4982.127902552264,4991.871023315424,68749
2021-01-13,5039.279296875,5052.173714285688,5012.521451721392,5041.315307348343,52691
2021-01-14,5000.01513671875,5036.46781849313,4969.136986216043,4992.841052019176,35189
2021-01-15,4962.30224609375,5016.496289457394,4947.275248962861,4998.076099425982,41895
2021-01-18,4793.75732421875,4847.418339917779,4774.707064819013,4813.486411538355,94269
2021-01-19,4814.650390625,4843.880231023632,4790.219210762441,4808.63940202018,25863
2021-01-20,4779.5546875,4837.675425232738,4752.457428469087,4818.334035877282,72794
2021-01-21,4712.46630859375,4803.743580151692,4699.717692265947,4784.402190455009,56828
2021-01-22,4671.35986328125,4698.360077256139,4640.918171746224,4668.063713590573,46065
2021-01-25,4576.98046875,4677.758480707354,4508.098846692061,4677.758480707354,51858
2021-01-27,4563.5048828125,4575.962842430424,4523.125983338801,4556.573169369278,42455
2021-01-28,4571.45458984375,4642.517548401138,4498.403905877134,4532.335831891293,41597
2021-01-29,4495.59326171875,4638.931531061662,4479.014994659769,4634.132397072229,61061
2021-02-01,4399.17724609375,4520.362698386509,4378.188020432779,4508.050540461968,45671
2021-02-02,4332.28271484375,4445.082224306816,4289.964851157614,4442.706800178207,62731
2021-02-03,4351.91552734375,4424.578524036461,4317.15944009717,4338.439797843356,89980
2021-02-04,4359.38037109375,4454.777469674625,4343.286847473845,4385.944129011535,71418
2021-02-05,4374.7470703125,4449.930344625947,4343.2871337525585,4377.219064485001,118625
2021-02-08,4356.03515625,4446.294174367644,4338.439123531252,4439.265418245722,66268
2021-02-09,4322.103515625,4385.0716691527905,4314.202318414605,4353.951148764043,56513
2021-02-10,4281.0458984375,4342.996285070363,4265.728245453836,4322.103627476135,38386
2021-02-11,4303.5380859375,4321.231163222556,4282.403530916402,4287.299234182724,21120
2021-02-12,4279.591796875,4362.676741051311,4260.88095042678,4309.355136438461,40139
2021-02-15,4421.2822265625,4435.388025356426,4311.197065970302,4332.622750889152,78668
2021-02-16,4465.48974609375,4482.892166064715,4435.387469668267,4441.107328231707,48878
2021-02-17,4472.7607421875,4531.220885580555,4425.692504140847,4479.014100576279,52036
2021-02-18,4384.53857421875,4472.761596072563,4277.944119205141,4472.22856935871,52227
2021-02-19,4386.42919921875,4420.845872126754,4359.331939224802,4401.4561972490055,23097
2021-02-22,4399.12939453125,4449.9302464595685,4338.439619369623,4423.65714313875,46802
2021-02-23,4321.90966796875,4416.14319125571,4305.670817428294,4377.412604890607,53549
2021-02-24,4334.416015625,4442.56172604164,4275.422841603831,4391.760878110058,43366
2021-02-25,4420.45751953125,4456.716111513943,4348.133948257567,4361.706718664614,84286
2021-02-26,4412.84716796875,4428.601277153019,4342.123146924639,4362.676389489619,49953
2021-03-01,4490.1640625,4508.0995121720825,4387.883525180827,4420.845973226817,49038
2021-03-02,4511.68603515625,4535.244297370057,4479.062533192525,4527.48842854172,42002
2021-03-03,4503.30029296875,4542.031358042237,4443.62875764922,4509.74773859564,63428
2021-03-04,4469.9013671875,4508.098927943834,4439.313874303901,4496.3680812186385,41964
2021-03-05,4493.314453125,4503.639359565594,4448.039376246761,4479.159896824042,38709
2021-03-08,4510.861328125,4613.38420666981,4488.708535815319,4508.098205516465,95171
2021-03-09,4521.5263671875,4563.214163689958,4481.6322100944235,4527.488596894854,49450
2021-03-10,4497.046875,4571.260657758665,4480.516895027876,4543.9697881640905,53062
2021-03-12,4509.892578125,4624.436975837802,4504.657461130377,4556.573120846471,82689
2021-03-15,4457.10400390625,4546.490585108112,4409.987004198768,4546.490585108112,46423
2021-03-16,4470.6767578125,4510.231974308606,4411.295884929009,4459.624739005016,25066
2021-03-17,4356.27734375,4503.251146456886,4343.28635869254,4503.251146456886,41062
2021-03-18,4303.8291015625,4382.066630985716,4280.27083535441,4362.676955627372,28592
2021-03-19,4260.298828125,4347.891769987347,4197.864176162599,4280.270285856322,60063
2021-03-22,4278.96142578125,4298.884598857368,4242.75111670454,4260.880650348401,30877
2021-03-23,4374.84375,4408.727396750079,4273.484412286827,4289.965636199912,51438
2021-03-24,4333.05908203125,4435.387896498734,4308.385532686421,4372.37145643919,65138
2021-03-25,4269.99365234375,4338.439292052038,4247.3561146576885,4323.897037441807,42001
2021-03-26,4236.49853515625,4304.168309565992,4226.949025823143,4291.759107282837,36819
2021-03-30,4333.591796875,4353.902668138799,4251.185688880732,4270.575361349972,36556
2021-03-31,4386.81689453125,4396.608775012828,4305.671389261218,4343.287169141669,36680
2021-04-01,4412.6044921875,4448.960126254738,4372.370923819757,4374.30989097001,80485
2021-04-05,4461.41845703125,4488.70932727146,4414.592112418124,4435.387726191561,43024
2021-04-06,4462.7275390625,4480.9536431961715,4411.150817079744,4469.319838843434,24570
2021-04-07,4483.66796875,4520.7024349660405,4447.118717758433,4469.319799526796,29815
2021-04-08,4472.51904296875,4506.984473141811,4458.364959402959,4506.984473141811,21820
2021-04-09,4655.5087890625,4685.466212661007,4432.479263921108,4432.479263921108,101020
2021-04-12,4630.35107421875,4789.2493538536655,4560.499491416006,4710.721176189263,198296
2021-04-13,4926.8671875,4992.840354678985,4592.443642740651,4650.51561354904,591239
2021-04-15,4978.4931640625,5040.346038229934,4824.151161037151,4920.130052705696,237773
2021-04-16,5059.298828125,5130.507593199215,4954.061564861676,4978.298656666283,235724
2021-04-19,5166.37841796875,5234.242274087686,4973.451169859202,5068.460568425713,327621
2021-04-20,5324.74365234375,5437.833826132281,5227.746528539165,5233.224489899744,509034
2021-04-22,5062.20703125,5506.666988350375,5013.199823373202,5429.108298373609,665735
2021-04-23,5017.75732421875,5206.127830869804,4973.451726696852,5066.522168366033,312786
2021-04-26,4993.76220703125,5080.094540354262,4954.546402381767,5067.491252372467,117616
2021-04-27,5014.36376953125,5078.5920644902335,4978.298786632185,5014.121398606876,80230
2021-04-28,4985.81201171875,5050.04030315356,4978.298513475433,5031.620113911878,65325
2021-04-29,5146.1650390625,5173.552954819989,4948.050941375984,5031.620629429006,207738
2021-04-30,5112.572265625,5256.104137318659,5096.13932764233,5167.251051347313,164210
2021-05-03,5145.2919921875,5234.24211518589,5052.948676486175,5128.568399580173,175119
2021-05-04,5078.349609375,5205.787955269449,5065.552235427953,5191.585114012763,76277
2021-05-05,5282.27978515625,5327.021832896325,5100.065622917505,5119.018838324601,354078
2021-05-06,5164.1005859375,5516.362605519728,5104.429049741512,5227.456444457359,194982
2021-05-07,5175.73388671875,5235.211804394819,5149.751913782551,5167.347947671183,92355
2021-05-10,5226.0986328125,5277.868964793225,5186.592174268172,5202.928068366933,109435
2021-05-11,5238.99267578125,5327.215689181132,5226.098732405853,5226.098732405853,106452
2021-05-12,5182.908203125,5283.540896341363,5160.561792941817,5281.747256800116,71528
2021-05-14,5114.8984375,5228.812760654475,5092.067288041305,5186.737267033551,57246
2021-05-17,5058.62060546875,5184.556443092685,5018.241704145676,5166.378623765308,107296
2021-05-18,5090.2744140625,5115.965733360215,5036.516350934419,5074.132604349705,60009
2021-05-19,5096.28515625,5137.342412249354,5082.421255308559,5113.929475565407,41753
2021-05-20,5084.74755859375,5135.064137747958,5070.399390207003,5098.514415506431,42802
2021-05-21,5073.6474609375,5119.164435232329,5063.661495104407,5091.825279756688,31037
2021-05-24,5082.7119140625,5104.5252952985,5062.643413973112,5073.30773368849,40883
2021-05-25,5092.06787109375,5225.468924585483,5074.810776985976,5094.636908255261,116369
2021-05-26,5107.04638671875,5157.653628592197,5087.947840581169,5151.836726003558,71941
2021-05-27,4975.97216796875,5089.789460465688,4955.031225226691,5060.704949263026,149259
2021-05-28,4974.759765625,5030.650400489865,4968.603450088757,5007.38279408945,53391
2021-05-31,4979.31640625,5007.38314780537,4933.702388999328,5002.5357294628675,56016
2021-06-01,4968.119140625,5010.388723940277,4963.756464045273,4992.8409745767885,23850
2021-06-02,5018.19287109375,5059.735341586519,4966.664908018344,4966.664908018344,95026
2021-06-03,5037.8251953125,5078.737598358411,5004.7174203763925,5060.705106177495,33072
2021-06-04,5030.84423828125,5060.607099304535,5010.290997622956,5044.222921948963,34033
2021-06-07,5040.49072265625,5051.009714722932,5005.8804410770545,5036.467460265956,30222
2021-06-08,5259.3037109375,5287.564065935362,5021.925533836666,5070.399718526209,332842
2021-06-09,5218.92431640625,5356.396901837803,5191.536404645722,5283.685631677109,174002
2021-06-10,5369.53369140625,5400.024142749461,5190.227967319502,5235.211915771471,219091
2021-06-11,5369.291015625,5483.399428588456,5353.488621758391,5369.533386533265,151553
2021-06-14,5390.716796875,5428.138960469539,5236.278240665069,5380.6342615834865,76331
2021-06-15,5331.96630859375,5423.291863251415,5320.526590190161,5419.413928418914,47290
2021-06-16,5291.3447265625,5368.855133848052,5259.448809105995,5319.3627094132125,27871
2021-06-17,5240.0107421875,5349.416591271827,5204.236417489077,5225.516772547735,58731
2021-06-18,5238.3623046875,5293.380499438995,5215.821810802526,5235.211482961643,82062
2021-06-21,5385.626953125,5399.054396227741,5206.127151686652,5213.883020813932,157634
2021-06-22,5320.4296875,5425.230973789193,5293.381186005896,5425.230973789193,77640
2021-06-23,5417.42626953125,5477.5825397527215,5312.770321742463,5340.206519270721,104864
2021-06-24,5345.9755859375,5448.498489000091,5333.178211522079,5419.413977492973,38400
2021-06-25,5376.1259765625,5437.591142133529,5340.352126394465,5351.549472623504,40054
2021-06-28,5408.701171875,5450.291927116895,5366.382830491597,5377.144194027649,36303
2021-06-29,5475.49853515625,5564.8363622185125,5414.566390764876,5414.566390764876,197253
2021-06-30,5497.74755859375,5540.598924227888,5483.399390276979,5516.361833570723,45316
2021-07-01,5570.8955078125,5627.852673108821,5437.882159674601,5501.62571062325,119434
2021-07-02,5545.68896484375,5595.859744780058,5512.193493388311,5579.330237554288,43166
2021-07-05,5530.71044921875,5599.689593512709,5514.326269285468,5593.7268900242325,36995
2021-07-06,5548.2578125,5555.771310688089,5416.795736623233,5526.056731884879,49939
2021-07-07,5528.14111328125,5618.157765073361,5508.606112363561,5550.293909412423,82181
2021-07-08,5565.46630859375,5574.531075540551,5526.056892274981,5555.141402234323,27769
2021-07-09,5545.39794921875,5608.462668524655,5504.727922538114,5574.530742267376,62842
2021-07-12,5575.9365234375,5587.133869430009,5513.404832551115,5545.446075505753,36354
2021-07-13,5564.73876953125,5598.719453425579,5515.489192458709,5598.719453425579,31913
2021-07-14,5582.18994140625,5598.768206876778,5532.8433171681,5562.89731100588,35055
2021-07-15,5481.16943359375,5593.871898288211,5468.856802937236,5593.871898288211,85171
2021-07-16,5499.92919921875,5535.751810532357,5454.315181445716,5496.972463348243,40718
2021-07-19,5481.12109375,5524.990228517147,5454.3632505750065,5503.758631449627,44880
2021-07-20,5389.8447265625,5499.396386622139,5371.376251099425,5480.491454133971,53092
2021-07-22,5437.30078125,5480.7817443683425,5336.0380243748405,5395.176527188588,53737
2021-07-23,5453.68505859375,5477.776822473291,5391.492775829319,5438.803389580701,58230
2021-07-26,5499.78369140625,5509.5272860958985,5409.718755193943,5420.38307532067,46479
2021-07-27,5822.57373046875,5917.728460230955,5499.056832863014,5508.84871283541,674887
2021-07-28,5831.20166015625,5918.697557712941,5671.479232206503,5875.070794388275,483897
2021-07-29,5667.6494140625,5889.467545913155,5627.949344645438,5840.993365882067,119661
2021-07-30,5694.79541015625,5729.648537737237,5583.983615098486,5656.937261877627,84090
2021-08-02,5730.32763671875,5787.817832198854,5695.716878420145,5741.282613447506,51550
2021-08-03,5758.05419921875,5830.474819063892,5734.495935278172,5768.427863889285,55926
2021-08-04,5719.4208984375,5797.512622418966,5695.71683222599,5782.970366677112,40074
2021-08-05,5697.1708984375,5760.672080067323,5628.385841350317,5718.984281440111,23249
2021-08-06,5630.0341796875,5750.8802274192185,5610.402134892,5715.106373801336,38136
2021-08-09,5670.07373046875,5794.846472587272,5632.845650892962,5654.998448216413,34680
2021-08-10,5680.25244140625,5739.34265351727,5624.507136916851,5739.34265351727,57825
2021-08-11,5578.07958984375,5676.275326997194,5505.548787610079,5676.275326997194,118525
2021-08-12,5646.97119140625,5706.83960936816,5552.41413216374,5588.849618674913,46206
2021-08-13,5582.10595703125,5666.620198933299,5547.271862551656,5646.971387455834,80373
2021-08-16,5546.54443359375,5609.372118190328,5506.519074680871,5556.975284704378,44318
2021-08-17,5648.13623046875,5666.620479333388,5541.013436899909,5546.301825320145,46750
2021-08-18,5704.80224609375,5752.395845948138,5629.748540579453,5664.63143606275,58840
2021-08-20,5651.62841796875,5734.493410242222,5608.449550411088,5704.801779591643,75772
2021-08-23,5555.95654296875,5700.484188359558,5531.74707621364,5700.484188359558,28122
2021-08-24,5649.1064453125,5691.848486591944,5574.440769769983,5671.4719406972235,107616
2021-08-25,5559.20654296875,5695.729586454497,5540.479716977032,5628.826406312551,34788
2021-08-26,5525.63427734375,5608.304550658408,5514.281440837347,5579.243999252296,32901
2021-08-27,5523.64453125,5563.087605148582,5451.210861181929,5524.954546737256,35189
2021-08-30,5560.2744140625,5596.17594917808,5426.662768997971,5524.906834685878,52498
2021-08-31,5555.08251953125,5603.064620113669,5525.924843977374,5593.361503618537,32942
2021-09-01,5663.515625,5700.387472750743,5539.509968657576,5555.0832832593305,78300
2021-09-02,5781.990234375,5794.022004573148,5662.739022439436,5662.739022439436,84572
2021-09-03,5855.587890625,5907.256982994324,5781.989661479027,5812.166446802891,107708
2021-09-06,5858.49951171875,5913.079545263395,5831.233657982111,5840.306167203868,35232
2021-09-07,5875.673828125,5906.1415189582385,5823.082747560347,5848.068272367626,52321
2021-09-08,5917.154296875,5985.852167575698,5807.314835944328,5869.414777381326,105315
2021-09-09,5921.56982421875,5991.674845692643,5844.187464875594,5932.437504950855,65404
2021-09-13,5910.75048828125,5962.8076130745485,5871.404066959665,5921.569368323616,35645
2021-09-14,5872.85986328125,5937.482716960716,5843.556734347173,5909.586255714156,25346
2021-09-15,5820.0263671875,5875.673834733194,5807.363515961105,5842.294735148431,35058
2021-09-16,5832.54345703125,5854.957751398534,5766.271359385835,5820.026531226662,32117
2021-09-17,5697.9130859375,5811.196981000416,5686.99707891859,5811.196981000416,38945
2021-09-20,5594.57421875,5697.669828296406,5586.083992081472,5676.3229726726795,25659
2021-09-21,5613.4951171875,5681.707832342855,5516.124254527693,5598.697865463355,40321
2021-09-22,5622.61669921875,5663.272665426185,5551.1533359797895,5613.495863830987,21260
2021-09-23,5656.91748046875,5718.9691061536,5587.831094623798,5646.244051260318,65714
2021-09-24,5539.169921875,5715.136047570355,5517.289582038803,5647.262553043181,30570
2021-09-27,5474.3046875,5587.346007322066,5438.597404314856,5550.1832564997285,49568
2021-09-28,5462.5146484375,5526.749466391882,5426.176762994086,5472.5574683358545,20806
2021-09-29,5446.50439453125,5466.347456016575,5390.566026249223,5461.883927955517,22583
2021-09-30,5415.40673828125,5524.906508679562,5406.576807030354,5481.242482061405,30251
2021-10-01,5404.1025390625,5442.478176232401,5340.595450522934,5415.4065753008845,25353
2021-10-04,5480.951171875,5573.470488618383,5404.15109442202,5404.15109442202,65535
2021-10-05,5488.3740234375,5559.886187120936,5438.597221433306,5482.261249080852,29911
2021-10-06,5427.00146484375,5516.173485826576,5414.339087137828,5516.173485826576,24764
2021-10-07,5411.71875,5472.557477427946,5405.120820569569,5436.655947877443,15079
2021-10-08,5385.66650390625,5462.854606388382,5375.526557618408,5423.945014346096,19185
2021-10-11,5328.7578125,5412.107969810736,5302.996225373662,5385.230145157829,27278
2021-10-12,5362.427734375,5382.270798614055,5322.15979789141,5327.981668226386,12620
2021-10-13,5375.2841796875,5394.93299139176,5346.465733007251,5393.96267970266,13620
2021-10-14,5373.1982421875,5445.729042808785,5341.56598555419,5375.332643687284,22028
2021-10-18,5334.62841796875,5414.339431508961,5324.148767056106,5414.339431508961,24617
2021-10-19,5138.2373046875,5338.218167940554,5119.5100045211775,5328.951880677343,61275
2021-10-20,5105.48876953125,5239.585549281099,5065.026586025451,5142.651514546915,50731
2021-10-21,5057.458984375,5156.091076889707,4974.78823553438,5105.780318974431,36373
2021-10-22,5000.744140625,5108.351618062088,4987.40235417172,5046.5913704371815,16381
2021-10-25,4829.38671875,5027.087724998968,4815.8023551304395,5027.087724998968,36822
2021-10-26,4831.23046875,4904.925834752528,4771.993126669226,4849.618065695972,34784
2021-10-27,4945.63037109375,4962.610825714189,4825.360047282411,4856.700925439275,53549
2021-10-28,4846.3671875,5020.392683851265,4805.080614606219,5008.312113797266,44327
2021-10-29,4897.5029296875,4921.421018706346,4802.266929612873,4851.510249151388,23994
2021-11-01,4917.296875,4932.239579685556,4861.746532916482,4909.776959696118,15743
2021-11-02,4928.26123046875,4972.847240608297,4911.5721542444335,4928.21290439991,19678
2021-11-03,4871.59521484375,4975.758267880184,4809.737845581394,4975.758267880184,48628
2021-11-04,4858.8837890625,4870.964358309748,4828.27064680265,4849.0352208241075,7433
2021-11-08,5103.45166015625,5260.059878323315,5011.660075915868,5056.294415410956,395677
2021-11-09,5084.91845703125,5102.869223457178,5006.856691356925,5094.136418168889,44031
2021-11-10,5038.92578125,5113.34840432798,5011.465675884127,5094.912482038139,23296
2021-11-11,4987.693359375,5064.784818359521,4963.144661316911,5064.784818359521,18951
2021-11-12,4977.2138671875,5029.95040286109,4950.530295426576,5029.95040286109,13231
2021-11-15,5022.81884765625,5065.02740940126,4949.608635529336,4967.996232975949,25086
2021-11-16,5018.98486328125,5045.6201050807,4977.698295973845,5006.807642733926,18393
2021-11-17,4910.2138671875,5044.650359202154,4877.853878320212,5035.917554194879,18400
2021-11-18,4917.15185546875,4947.619549267737,4870.96492200903,4947.619549267737,18997
2021-11-22,4788.197265625,4935.29613817023,4735.80043458968,4917.151593916037,21632
2021-11-23,4848.0654296875,4870.867755326849,4744.630104583488,4754.527473736705,21996
2021-11-24,4795.5712890625,4873.584728179441,4764.230410903957,4848.065246391783,11468
2021-11-25,4750.25830078125,4826.0880693302315,4736.091654466119,4769.2277059906155,13753
2021-11-26,4979.39697265625,5045.6207449335025,4764.230357235288,4772.963162370749,164950
2021-11-29,5116.30859375,5273.64455503701,5047.659034914882,5142.6524639735335,272238
2021-11-30,5042.17626953125,5133.919048460253,4953.44107775271,5108.690945028015,74188
2021-12-01,4874.3603515625,5094.135930268364,4864.269205619533,5094.135930268364,53856
2021-12-02,4787.90625,4922.391554586637,4778.785414220221,4851.558796162662,63383
2021-12-03,4771.75048828125,4841.807184379349,4757.001560539012,4806.244880610238,56545
2021-12-06,4680.63818359375,4815.268931818943,4670.643688823865,4812.455122649076,35041
2021-12-07,4694.36767578125,4708.776898273953,4642.989485351051,4688.545805989045,24532
2021-12-08,4710.13525390625,4790.380215629758,4683.791387774631,4683.791387774631,26994
2021-12-09,4723.81689453125,4789.749287973373,4696.308464039639,4753.411400348028,63149
2021-12-10,4723.23486328125,4763.163095702927,4712.804012317196,4748.2203900091,15581
2021-12-13,4736.67333984375,4802.072248839387,4727.018549627406,4783.636327900218,22694
2021-12-14,5031.26025390625,5080.115067395834,4720.129438318937,4757.438111493329,350498
2021-12-15,4822.982421875,5018.45189488163,4797.220836870607,5018.45189488163,112094
2021-12-16,4815.26904296875,4878.6790087138725,4797.172824123177,4845.736736261125,35121
2021-12-17,4826.9130859375,4923.750012275974,4765.6379916555825,4817.597998072435,58432
2021-12-20,4674.4765625,4797.80327294849,4647.792991048262,4797.80327294849,53103
2021-12-21,4742.689453125,4754.479119594824,4658.514911102222,4677.87281950216,30410
2021-12-22,4844.3779296875,4896.580505770446,4697.036014188968,4739.972303736634,52093
2021-12-23,4989.05224609375,5035.918115340997,4900.074466757618,4919.4807022695295,192718
2021-12-24,4903.37353515625,5016.51198532702,4866.307908820032,5006.808867367006,78953
2021-12-27,4859.3212890625,4896.387387770244,4819.538506943578,4872.905653688474,31454
2021-12-28,4897.115234375,4919.67498329128,4856.410465633542,4859.321400977578,24023
2021-12-29,4897.01806640625,4938.886924654911,4866.11354167866,4895.22289486916,21677
2021-12-30,4879.84326171875,4908.807162325812,4861.261886391049,4890.371239004169,29500
2021-12-31,4905.21630859375,4934.034754194188,4872.905120071428,4880.667613293366,21934
2022-01-03,4949.17236328125,4977.699434876162,4914.483717122025,4944.369130452877,37397
2022-01-04,4914.337890625,5016.511523830403,4904.925677555646,4987.305046700616,42667
2022-01-05,4913.46435546875,4982.550740251683,4874.40930828372,4919.480477716852,28765
2022-01-06,4865.2880859375,4933.986435322853,4861.261387329743,4913.463964809429,21897
2022-01-07,4800.6650390625,4912.978608446888,4790.234189206067,4912.978608446888,31549
2022-01-10,4782.27783203125,4851.363733471009,4773.447901741004,4800.131470660178,26171
2022-01-11,4759.912109375,4820.4599351624065,4746.812902143394,4779.609720075738,23005
2022-01-12,4727.26123046875,4784.218713808716,4719.595863194653,4764.230199071906,29100
2022-01-13,4780.337890625,4788.488414445775,4710.57257160315,4735.072942923263,32818
2022-01-14,4751.90673828125,4798.19079042481,4735.265989346474,4781.695493470872,17515
2022-01-17,4730.51220703125,4760.349292384044,4716.685265038492,4744.824304883404,17920
2022-01-18,4691.3603515625,4750.306792463844,4679.08600224705,4720.566831029477,105833
2022-01-19,4613.97802734375,4681.754400836183,4592.485715887597,4681.754400836183,32600
2022-01-20,4606.60302734375,4656.768330718909,4599.325689743002,4608.980480473994,77690
2022-01-21,4606.65185546875,4680.735247456002,4565.316482885833,4606.069573700117,21996
2022-01-24,4454.41015625,4604.905123430792,4439.176072890229,4599.277505027254,33688
2022-01-25,4392.60107421875,4497.055034164564,4352.672842445136,4435.585693096151,23881
2022-01-27,4304.59375,4392.601213664523,4279.07474094556,4392.601213664523,33083
2022-01-28,4348.4033203125,4405.214877734934,4289.7477917326305,4289.7477917326305,20010
2022-01-31,4395.26904296875,4424.572643288556,4356.214000421261,4413.947541578419,13816
2022-02-01,4393.81396484375,4427.62942241747,4355.874682536283,4395.269432396837,20159
2022-02-02,4488.5166015625,4497.394859116373,4391.63088076822,4391.63088076822,21340
2022-02-03,4432.4326171875,4524.1758819148845,4416.034442566274,4510.009234913952,30144
2022-02-04,4338.65185546875,4462.415403203404,4327.590396297999,4443.736902053463,218942
2022-02-07,4274.46630859375,4346.8028680282805,4214.064395487806,4327.590882771267,44851
2022-02-08,4402.7890625,4453.730423553719,4249.964979338843,4259.668095730028,113429
2022-02-09,4430.5400390625,4444.949261559347,4366.4023454096,4366.4023454096,135601
2022-02-10,4384.79052734375,4430.44350624162,4352.478861391201,4430.44350624162,69798
2022-02-11,4318.80859375,4366.305062169428,4307.067728665043,4366.305062169428,18577
2022-02-14,4185.6337890625,4293.968996108959,4172.340329197332,4269.371499643781,33204
2022-02-15,4255.59326171875,4303.235665394437,4165.548517064683,4172.340699598914,21209
2022-02-16,4287.12841796875,4320.55584884886,4247.10305639107,4269.37190161922,55599
2022-02-17,4244.19140625,4317.789638325658,4223.766535901659,4317.789638325658,15245
2022-02-18,4213.96630859375,4261.657030738983,4173.310345808459,4230.558732323851,29702
2022-02-21,4165.0146484375,4213.9665894580385,4152.934078251946,4182.04342926773,26579
2022-02-22,4075.30908203125,4143.182573994795,4059.493191060225,4089.8637573242186,47714
2022-02-23,4157.833984375,4172.340333887054,4094.715397442644,4094.715397442644,21435
2022-02-24,4099.275390625,4129.888530482354,4055.9022748701886,4075.308505850429,62741
2022-02-25,4220.07958984375,4305.078510794815,4099.275790215989,4099.275790215989,45621
2022-02-28,4271.74853515625,4288.486410421689,4173.4073587672465,4229.588306205551,20529
2022-03-02,4280.48193359375,4310.8525016741105,4202.420164256501,4202.420164256501,37166
2022-03-03,4186.3125,4354.758697679725,4170.399483651394,4308.183738346252,48264
2022-03-04,4208.24169921875,4259.2313877988145,4144.201129205276,4152.933934207113,15253
2022-03-07,4140.1259765625,4244.095259381446,4062.986192601901,4191.746751066498,26387
2022-03-08,4252.439453125,4269.371582209361,4133.576267029398,4170.399786439963,52096
2022-03-09,4292.755859375,4316.09166501009,4243.852247042024,4279.074370372594,69144
2022-03-10,4259.86279296875,4376.105949975142,4238.370008887079,4376.105949975142,41330
2022-03-11,4340.689453125,4354.75897297977,4235.410632142757,4235.410632142757,57508
2022-03-14,4243.658203125,4340.20421689222,4234.440242011547,4340.20421689222,24644
2022-03-15,4269.662109375,4354.758629505669,4220.855623518195,4225.707181706147,40042
2022-03-16,4215.76171875,4332.441699572761,4208.726958991455,4317.78989828417,39930
2022-03-17,4257.7275390625,4286.157481019455,4208.241644693268,4215.761560014083,71190
2022-03-21,4373.146484375,4412.97758995059,4259.716668173462,4283.926134483698,73191
2022-03-22,4303.96337890625,4396.967858353356,4285.187751089737,4373.195219595846,33105
2022-03-23,4310.1240234375,4455.088478230615,4293.62872663461,4354.7583559629675,126511
2022-03-24,4337.97265625,4355.632044713601,4303.380665519324,4303.380665519324,29436
2022-03-25,4270.681640625,4363.249285192476,4259.668507698887,4337.972854062852,18701
2022-03-28,4216.634765625,4288.534954304497,4179.714596518874,4250.935377523163,30104
2022-03-29,4284.3134765625,4301.924536246663,4223.183849576694,4260.055688076069,28076
2022-03-30,4251.61474609375,4310.124349071656,4230.558793775871,4310.124349071656,29378
2022-03-31,4219.060546875,4279.026091694241,4211.152601608241,4251.614787317412,36764
2022-04-01,4219.93359375,4250.88691369292,4215.033709545481,4220.903905377428,33012
2022-04-04,4285.8662109375,4333.799507808383,4225.658567445214,4225.658567445214,43695
2022-04-05,4341.17431640625,4360.5805493807975,4269.419580468867,4316.916525188066,23075
2022-04-06,4325.84375,4405.215056436776,4317.887004657192,4351.847913682585,27983
2022-04-07,4341.22314453125,4405.021142813226,4329.531077325907,4346.996689022874,21654
2022-04-08,4352.5751953125,4385.808367120882,4342.241471682359,4385.808367120882,14873
2022-04-11,4343.5517578125,4401.673330658421,4339.233681473248,4390.6601987179,13782
2022-04-12,4260.44482421875,4361.551502397925,4240.262528471398,4361.551502397925,32625
2022-04-13,4286.8369140625,4318.323716944837,4233.469772760228,4290.815286625668,18024
2022-04-18,4326.91064453125,4373.922434500363,4245.161886257909,4277.570675093972,37298
2022-04-19,4312.79296875,4376.105807764779,4288.777753951291,4366.402690674391,34867
2022-04-20,4328.31787109375,4361.5510464756835,4309.154215216577,4315.946397046461,13651
2022-04-21,4326.47412109375,4342.096233147587,4290.184560763672,4327.5898847151,14856
2022-04-22,4219.158203125,4335.3530389380785,4205.4283861763315,4335.3530389380785,30912
2022-04-25,4187.1376953125,4213.287785965186,3950.5270850576785,4191.746676032674,50583
2022-04-26,4157.49462890625,4259.619932835588,4108.299637404437,4191.746441565226,46844
2022-04-27,4104.564453125,4157.203869392177,4036.545499744408,4157.203869392177,82327
2022-04-28,4208.58154296875,4267.430852763846,4051.051343858358,4118.924836726348,81563
2022-04-29,4255.68994140625,4314.005768663629,4208.581498426185,4208.581498426185,49189
2022-05-02,4244.0458984375,4268.4008148477515,4178.064708301185,4230.558661681336,12912
2022-05-04,4238.90380859375,4288.729409395141,4173.310642588438,4242.251099704498,12256
2022-05-05,4236.67236328125,4249.965824895982,4178.162749315547,4191.7471149659,188552
2022-05-06,4188.73779296875,4247.781344944599,4128.675603389703,4177.191180397807,41153
2022-05-09,4133.916015625,4256.709249799509,4031.645253646895,4114.1217510139195,36411
2022-05-10,4092.62939453125,4242.154525763049,4075.4546875246792,4094.715469978145,51834
2022-05-11,4097.6748046875,4133.528012999714,4052.992138568029,4133.528012999714,13946
2022-05-12,4085.15771484375,4112.229316555487,4036.496677776119,4097.626314963594,29502
2022-05-13,4125.716796875,4152.933849058692,4075.308917300586,4152.933849058692,19110
2022-05-16,4080.063720703125,4223.912435450673,4057.8436767234093,4172.340461480311,12707
2022-05-17,4119.40966796875,4219.885246982006,4075.357141271657,4118.972838224561,17606
2022-05-18,4170.4970703125,4259.6686262973435,4048.2377885554465,4119.410250906739,111646
2022-05-19,4135.12890625,4191.746690683248,4095.2006731547795,4138.379545315753,38223
2022-05-20,4224.64013671875,4259.668484847737,4114.315977543935,4114.315977543935,12604
2022-05-23,4281.0146484375,4361.550508777553,4192.18281368483,4230.510120714132,86560
2022-05-24,4133.916015625,4272.864845409103,4089.863957670677,4269.371628410671,14708
2022-05-25,4135.17724609375,4245.113363807038,4096.655685027044,4129.646280311486,15491
2022-05-26,4122.90283203125,4196.5981968165215,3982.159306297111,4123.970269682242,27895
2022-05-27,4146.18994140625,4172.291703409333,4097.916937576835,4125.765071008499,9328
2022-05-30,4148.22802734375,4205.136714585322,4134.498211354294,4187.865355598482,8752
2022-05-31,4184.90576171875,4214.015110810704,4138.184877398181,4195.627515786961,8696
2022-06-01,4160.64794921875,4215.955712206464,4144.20097755315,4215.955712206464,4344
2022-06-02,4114.89794921875,4195.579751618702,4109.270330487943,4188.83589532856,13469
2022-06-03,4066.62451171875,4108.2995872202555,4057.843380669605,4080.1605489516232,14521
2022-06-06,4086.855712890625,4102.332373862159,4060.948675035226,4080.1123309152426,7846
2022-06-07,4032.324462890625,4081.130951180807,4023.251953869825,4081.130951180807,10082
2022-06-08,3978.71484375,4060.754509377662,3968.623459822971,4026.793599502341,16829
2022-06-09,4036.69091796875,4114.121602001856,3971.873812232244,4016.120120444737,23496
2022-06-10,4027.908935546875,4036.496288032013,3995.452296540289,3997.683823724013,5043
2022-06-13,3997.781494140625,4036.4968378039016,3976.385836005767,4007.3874856082007,10053
2022-06-14,4025.774658203125,4040.3776588345363,3987.107644689031,3997.68394678153,8179
2022-06-15,4032.081787109375,4048.673737508732,3993.9970543594636,4021.941840723109,3826
2022-06-16,4014.082275390625,4073.125835598441,4002.5356612098312,4053.0401944027344,22196
2022-06-17,3983.9541015625,4046.1994978820358,3968.8171453745795,4019.661380039411,42002
2022-06-20,3985.943115234375,4020.971460406593,3968.6231944914293,4006.8048156201717,17503
2022-06-21,3984.197021484375,4008.0179845363455,3968.6234711044917,3986.088845054655,15471
2022-06-22,3993.56005859375,4001.5168034088306,3949.16830188339,4001.5168034088306,9491
2022-06-23,3988.708740234375,4009.23073751799,3978.2778896699965,4002.535681680179,2495
2022-06-24,3977.5986328125,4024.755877025525,3968.041204533565,3996.7139631553887,3859
2022-06-27,3989.48486328125,4023.882602410749,3973.42639423005,4023.882602410749,2987
2022-06-28,3974.10546875,4023.494475004194,3951.1091294956295,4023.494475004194,6099
2022-06-29,3965.130126953125,4001.5653780037987,3939.4654303335165,3953.049793886391,4301
2022-06-30,3959.211181640625,4016.0227384564914,3949.1683614435947,3958.871477810778,7720
2022-07-01,3987.83544921875,3995.6950683795917,3956.445772429114,3983.1293429359935,4025
2022-07-04,3979.927734375,3991.668127049652,3958.3866248775935,3978.278014952355,2667
2022-07-05,3988.46630859375,4017.090504215576,3968.768933380568,3978.278035575812,6809
2022-07-06,4003.166259765625,4021.941885398974,3985.0700418175115,3985.0700418175115,5004
2022-07-07,4036.981201171875,4055.902276384674,4007.3383728524636,4007.3383728524636,5884
2022-07-08,4019.856201171875,4065.6063062573567,4012.481736981082,4065.6063062573567,2828
2022-07-11,4016.217041015625,4054.932381052598,3988.9511889225246,4054.932381052598,3710
2022-07-12,3990.018798828125,4065.605984790742,3968.623378665702,4021.893632630562,9116
2022-07-13,3983.032470703125,4016.0718689242726,3968.5749208828292,3969.8363734929076,3418
2022-07-14,3998.072021484375,4032.9549147598673,3968.574642128728,3983.1293168553616,9484
2022-07-15,3980.315673828125,4022.3787802993047,3969.545119324241,4002.5840428175698,2805
2022-07-18,4048.3349609375,4061.33704391336,3992.2506562963385,4026.7938501048493,11133
2022-07-19,4081.85888671875,4096.6561406612145,4008.3577728733953,4008.3577728733953,10571
2022-07-20,4109.85205078125,4122.805805849163,4083.07135493202,4094.715094537339,8756
2022-07-21,4089.572998046875,4120.913877106102,4075.3092262410237,4120.913877106102,3716
2022-07-22,4069.681396484375,4111.8411542816775,4046.1996645525896,4102.477741421667,6527
2022-07-25,4056.1455078125,4094.6182721870723,4047.4127024610707,4094.6182721870723,14647
2022-07-26,4013.403564453125,4055.612124679867,3997.684324923639,4047.655378985184,34948
2022-07-27,4019.71044921875,4028.7341584701066,3992.8326257477092,4002.5357426997084,3100
2022-07-28,4045.374755859375,4048.1402388428114,4012.2870335509533,4040.3777455756153,5181
2022-07-29,4059.493408203125,4075.2121740893285,4051.0515065676436,4065.6061826391438,8283
2022-08-01,4095.637451171875,4123.824817172896,4059.44453968191,4089.863906913825,7842
2022-08-02,4102.81787109375,4123.825026175967,4085.0125553413695,4116.984517705387,11196
2022-08-03,4116.98388671875,4170.011322112297,4096.703994787821,4126.39562518263,11939
2022-08-04,4139.54443359375,4151.964235248498,4087.9236557845106,4116.984684009845,6187
2022-08-05,4077.34716796875,4161.667165704091,3968.5751242083775,4143.231242144198,46120
2022-08-08,4049.062744140625,4070.4096033653427,4007.3876635492584,4038.437640603393,50087
2022-08-10,4043.094970703125,4128.676659960631,4025.483906499316,4112.181359556558,70657
2022-08-11,4074.96923828125,4094.715175174456,4026.79335947251,4043.094405726982,107405
2022-08-12,4096.8505859375,4115.722865782438,4067.546980675295,4115.722865782438,97365
2022-08-16,4132.84814453125,4139.203969991632,4115.479661076002,4122.854124235961,10233
2022-08-17,4125.66845703125,4162.637429660063,4099.615491648048,4162.637429660063,14062
2022-08-18,4129.43505859375,4159.9602449607255,4069.99937066872,4159.9110400686195,13393
2022-08-19,4159.275390625,4169.792817369891,4099.839699950382,4137.506763176272,31008
2022-08-22,4081.201904296875,4140.441728968189,4065.1076048825194,4134.571537480993,17908
2022-08-23,4081.59326171875,4104.927369034775,4039.768146277401,4073.032565575784,6277
2022-08-24,4089.224365234375,4104.9274146788175,4067.0157599098434,4104.9274146788175,4496
2022-08-25,4063.3466796875,4095.436868265882,4060.215719852702,4065.107546021199,7002
2022-08-26,4067.162109375,4092.06121733503,4053.367064372759,4087.2673233502846,17666
2022-08-29,4035.7080078125,4059.922548222434,4011.297603261782,4046.8120714427187,17617
2022-08-30,4098.07861328125,4105.758398131524,4047.5456671838406,4069.9993402077625,12399
2022-09-01,4156.33984375,4162.943808663862,4085.8975513354762,4094.4582465941858,10242
2022-09-02,4166.80908203125,4178.598192799401,4101.503198310959,4156.0957909182525,12238
2022-09-05,4184.908203125,4197.186494673991,4137.017037932161,4185.446112870707,9440
2022-09-06,4218.3681640625,4239.549674822984,4158.24790993642,4185.299611820405,124246
2022-09-07,4246.8876953125,4271.346826615482,4226.586616331025,4250.018655206245,17974
2022-09-08,4227.22314453125,4284.163718384151,4202.274829371015,4280.2994620780255,10516
2022-09-09,4230.451171875,4273.010058548581,4216.802786096173,4231.429537085887,11317
2022-09-12,4215.677734375,4267.580295107215,4208.927110007029,4236.321335734644,10145
2022-09-13,4203.69287109375,4265.672403974799,4197.1868378559375,4246.10509936941,12079
2022-09-14,4190.19140625,4221.645751240098,4162.992567618539,4164.558047449843,42901
2022-09-15,4197.92041015625,4216.75393993438,4156.095298571054,4216.75393993438,7628
2022-09-16,4078.657958984375,4215.286566951341,4011.34614495316,4182.511331952416,20469
2022-09-19,4050.2275390625,4148.773221278133,4030.5184026193733,4066.093490135235,12524
2022-09-20,4149.75830078125,4157.641954641675,4044.1171465795355,4079.7908727699773,9992
2022-09-21,4136.455078125,4187.896117548349,4117.780478570063,4149.7587454399945,11314
2022-09-22,4169.2705078125,4186.220557532548,4108.468110927388,4136.454988286928,8351
2022-09-23,4150.744140625,4187.107401176509,4119.209522272673,4183.264215800837,6477
2022-09-26,4093.932861328125,4150.744353886393,4052.4941110623827,4150.744353886393,8153
2022-09-27,4144.240234375,4215.784499537251,4041.4572750701086,4107.38424358842,10003
2022-09-28,4102.01318359375,4144.240105492985,4055.1549032469816,4144.240105492985,12418
2022-09-29,4167.15185546875,4332.363593908884,4069.936637116027,4114.380835612076,76880
2022-09-30,4203.318359375,4237.46434208157,4104.969479657704,4163.555080301077,28084
2022-10-03,4232.93115234375,4276.63625879407,4139.953204614622,4188.191508698611,157736
2022-10-04,4342.16943359375,4376.660424839317,4212.828216422872,4284.766569592199,66563
2022-10-06,4375.42822265625,4427.213785387052,4319.306265031003,4380.355506690773,52658
2022-10-07,4374.34375,4402.971556501431,4326.1550124977075,4375.4278486309395,16935
2022-10-10,4387.54931640625,4427.362157869136,4317.335516233849,4365.573821245384,34428
2022-10-11,4367.6923828125,4394.644723287088,4349.41235113004,4388.239253906807,65900
2022-10-12,4347.5400390625,4421.744745030582,4296.69037098704,4421.744745030582,31472
2022-10-13,4308.66357421875,4365.278260907462,4296.690370111292,4349.806396386658,23456
2022-10-14,4306.6435546875,4355.719111480564,4296.690344644706,4311.570838750261,16318
2022-10-17,4287.08251953125,4336.995815261366,4235.592396525704,4286.737513380355,11024
2022-10-18,4279.740234375,4334.039000213508,4272.0043022700265,4334.039000213508,21241
2022-10-19,4302.2578125,4335.024249484625,4253.526783670393,4301.17371383743,6115
2022-10-20,4282.79541015625,4306.39729385545,4257.124452045093,4286.737237501079,3762
2022-10-21,4276.931640625,4306.446264590048,4237.464287811717,4265.057078523049,11544
2022-10-24,4284.865234375,4306.446644204899,4259.144713101504,4286.737506245151,1887
2022-10-25,4285.8505859375,4311.373822732051,4256.976410828049,4262.100979043685,3266
2022-10-27,4316.0546875,4326.155620326503,4262.100924353559,4290.038722602395,5937
2022-10-28,4296.29638671875,4327.485999533333,4262.199483748107,4311.422764300002,6365
2022-10-31,4314.37890625,4324.1843937808535,4279.050665278597,4279.050665278597,8648
2022-11-01,4331.72314453125,4355.719114167716,4266.978920614681,4328.323607233899,13397
2022-11-02,4408.39208984375,4424.7012080606655,4311.5709553911975,4331.723259045019,32396
2022-11-03,4428.19970703125,4434.55609657506,4356.705000657409,4408.39240807732,21891
2022-11-04,4437.56103515625,4445.395609160719,4397.600954528864,4414.304639702131,12139
2022-11-07,4407.45556640625,4462.394783360336,4385.2827882633455,4459.192048739694,21494
2022-11-09,4310.19091796875,4425.341645521932,4276.882669375148,4404.99205808915,21473
2022-11-10,4294.02978515625,4341.824444642991,4262.15015831412,4312.3102992968825,13663
2022-11-11,4249.19140625,4325.071585681671,4238.696386759435,4297.774718931853,18159
2022-11-14,4416.52197265625,4463.133887242412,4257.173414194573,4463.133887242412,73414
2022-11-15,4455.34912109375,4464.119590941476,4404.992179140927,4404.992179140927,31897
2022-11-16,4367.84033203125,4483.828799153938,4359.316226264486,4454.26509278589,11413
2022-11-17,4430.8115234375,4445.888821593929,4328.126721587173,4331.08309229864,7826
2022-11-18,4419.97119140625,4429.628475922876,4376.955615589196,4425.686648580564,5265
2022-11-21,4340.0009765625,4414.649331725217,4328.668222973441,4385.282910549084,6279
2022-11-22,4350.74267578125,4419.773731897722,4331.328984419947,4344.780373454925,10319
2022-11-23,4339.3603515625,4380.256808523856,4330.097153932569,4372.5208764529825,3526
2022-11-24,4326.89453125,4360.646427325913,4317.286327257587,4336.650457529356,6154
2022-11-25,4397.650390625,4440.912332436345,4323.1993160965685,4323.1993160965685,9726
2022-11-28,4435.09765625,4449.337700276637,4371.486608732484,4409.9194260770655,18186
2022-11-29,4494.2744140625,4527.188575208276,4409.919215075542,4415.83195592257,29522
2022-11-30,4532.509765625,4557.737555139189,4471.017359495459,4523.246568235432,16057
2022-12-01,4484.173828125,4557.73808827596,4464.119684300562,4557.73808827596,9629
2022-12-02,4521.67041015625,4592.229221468924,4484.962140091933,4484.962140091933,31756
2022-12-05,4499.7431640625,4559.116932211375,4485.799047529936,4545.370099497381,7722
2022-12-06,4502.3056640625,4528.173904540014,4469.046497734268,4503.537485037619,56061
2022-12-07,4477.02880859375,4513.392067662704,4436.082790538244,4502.5520430460465,5779
2022-12-08,4458.255859375,4493.683225521933,4433.570357812101,4477.029101031787,5036
2022-12-09,4339.16357421875,4473.973871986306,4226.624215187064,4460.177476786349,23957
2022-12-12,4341.13427734375,4483.828222592927,4326.155142238011,4356.5070177343105,35796
2022-12-13,4336.9462890625,4362.617246186847,4319.257147060527,4355.719048598569,16174
2022-12-14,4340.05029296875,4394.004051573486,4328.126169716896,4359.759428532124,6768
2022-12-15,4334.18701171875,4400.508547397782,4300.632397959569,4336.010203153825,23822
2022-12-16,4374.88671875,4385.283096315286,4302.209274176235,4302.504718766862,20189
2022-12-19,4353.15673828125,4390.210009909543,4336.009886330413,4385.2827259478045,4983
2022-12-20,4357.8876953125,4373.16227726131,4340.93764416177,4353.157213484792,6084
2022-12-21,4369.958984375,4384.297187966114,4336.009806035266,4359.66076861364,13085
2022-12-22,4309.35400390625,4392.969638102584,4289.841668303877,4388.239637388142,9812
2022-12-23,4279.88818359375,4355.719280738374,4245.348113443646,4331.674229813758,18345
2022-12-26,4263.13525390625,4321.1790451428205,4252.246148593358,4272.940741668783,5791
2022-12-27,4254.6611328125,4300.977607628885,4239.879279147696,4254.266565104,7057
2022-12-28,4263.037109375,4286.73715334849,4238.498849691074,4238.498849691074,2684
2022-12-29,4422.87841796875,4492.698137597804,4237.464793084132,4237.464793084132,26833
2022-12-30,4367.2490234375,4427.115523083495,4356.704443373503,4424.651881122753,6479
2023-01-02,4342.85888671875,4374.393503225834,4336.995226489939,4371.486213294563,3311
2023-01-03,4329.5556640625,4365.6725619959325,4323.199274799378,4360.646635739058,4820
2023-01-04,4298.119140625,4357.345193669755,4286.737306455762,4357.296113299193,6052
2023-01-05,4307.3828125,4320.193751554522,4287.7227558635195,4298.119133162648,2496
2023-01-06,4268.70361328125,4304.475504327314,4258.159032554562,4299.695942387085,2404
2023-01-09,4265.3037109375,4287.722854800222,4255.400061835024,4274.911915450095,4983
2023-01-10,4248.0087890625,4287.722505339071,4222.6823570163,4287.722505339071,5812
2023-01-11,4223.02734375,4266.042436320964,4215.7841401203705,4266.042436320964,3144
2023-01-12,4192.4287109375,4243.32794007711,4182.2786982747,4218.740600215361,3434
2023-01-13,4152.8134765625,4235.591845359497,4129.06387213592,4193.118562276453,6167
2023-01-16,4068.75390625,4183.954192894467,4065.00936282416,4183.954192894467,10094
2023-01-17,4114.8740234375,4124.137222276598,4068.951634594999,4072.893462286542,4370
2023-01-18,4075.011474609375,4124.136590930909,4065.107826522534,4114.873393509873,8286
2023-01-19,4088.90673828125,4114.282251569372,4074.8639785004443,4075.0117007884346,2786
2023-01-20,4077.869384765625,4100.042163124477,4066.9802794214233,4075.898471133727,3723
2023-01-23,4047.911865234375,4074.617842973411,4035.4459319127195,4055.647797994334,6588
2023-01-24,4015.785888671875,4054.169383943413,4002.9256289689215,4047.911636859548,6975
2023-01-25,3952.617919921875,4015.8351182530764,3942.8126728399934,4005.8819082965692,6420
2023-01-27,3943.354736328125,3985.0396074050586,3927.0453780453363,3973.4604899164683,9503
2023-01-30,3888.41552734375,3981.196189729332,3872.845261634438,3981.196189729332,11665
2023-01-31,3812.88037109375,3896.4471621991265,3794.05828913813,3882.7000869129665,20021
2023-02-01,3765.578125,3842.2960325031004,3744.735810082529,3827.859186734455,11869
2023-02-02,3798.788330078125,3833.4270411678267,3754.639816293196,3785.4353420095185,31758
2023-02-03,3816.3291015625,3833.4268729258306,3796.225879493196,3798.8865646803047,5795
2023-02-06,3804.65185546875,3862.9908528840915,3797.0145648795024,3828.499863126198,5259
2023-02-07,3807.066162109375,3831.3084967684563,3794.008858893702,3799.576593840214,4213
2023-02-08,3804.99658203125,3826.47958926409,3793.1710999496922,3814.604786222516,4566
2023-02-09,3805.242919921875,3843.183008004456,3794.0088082581165,3822.09432800756,6209
2023-02-10,3914.62841796875,3945.7689484633656,3762.030579887817,3842.0003013760297,21304
2023-02-13,3759.616455078125,3941.827327034265,3695.4631190946234,3941.827327034265,13293
2023-02-14,3773.6591796875,3799.7737854852107,3759.5177780478157,3759.6164199660893,5912
2023-02-15,3789.031982421875,3794.0085872582335,3759.5669210581427,3764.4448839808965,3698
2023-02-16,3797.359375,3818.596018489666,3783.070250503991,3794.008917905923,4872
2023-02-17,3804.25732421875,3813.717805709238,3792.185478451324,3798.9359537491246,3561
2023-02-20,3771.638916015625,3822.488343313552,3764.4450331484063,3803.863305746819,5031
2023-02-21,3764.888427734375,3784.0555146018605,3756.5613657944186,3779.177551502481,3261
2023-02-22,3781.247314453125,3784.1543640887758,3734.6844775512513,3761.1438500398704,5010
2023-02-23,3755.23095703125,3856.6346087609745,3744.7359380724074,3769.3723587176205,6464
2023-02-24,3752.32373046875,3778.191970925693,3726.012082579123,3726.012082579123,4028
2023-02-27,3749.909423828125,3770.3083311199443,3725.0266400552687,3752.6194299816043,4760
2023-02-28,3739.020263671875,3776.270580037646,3713.250663752365,3741.3361834629795,7427
2023-03-01,3755.77294921875,3770.2100358510556,3734.8813129477107,3748.677708298969,3138
2023-03-02,3730.594482421875,3774.1518659645776,3709.2594386877563,3774.1518659645776,7007
2023-03-03,3727.63818359375,3749.6139190315494,3710.2449667717283,3734.388659118583,11203
2023-03-06,3718.177978515625,3766.3174007986463,3710.2450028351127,3744.6866712772853,9411
2023-03-08,3686.2490234375,3723.4500190579606,3675.75400435278,3720.148883005935,9520
2023-03-09,3674.52197265625,3710.2447809723853,3670.8265097269946,3686.5938182251507,9964
2023-03-10,3660.33154296875,3694.477524681579,3651.1174256989198,3671.171567714415,7502
2023-03-13,3651.36376953125,3713.102541161407,3616.6264176991263,3660.9226522720114,12576
2023-03-14,3612.33984375,3671.8122615055763,3598.8884538428247,3655.995630779631,7465
2023-03-15,3565.33349609375,3629.4375111131744,3547.7432360021166,3614.6556586378288,9138
2023-03-16,3548.53125,3588.3931695278334,3527.048484503758,3588.3931695278334,8681
2023-03-17,3508.127685546875,3572.2317006878284,3498.3717591306704,3572.2317006878284,10125
2023-03-20,3482.505615234375,3532.813231922676,3463.8805783464204,3508.127491489569,6559
2023-03-21,3479.5986328125,3500.342546528601,3454.0260770221694,3494.9718550974585,7757
2023-03-22,3474.1787109375,3488.5171558401057,3453.43479668095,3488.5171558401057,7663
2023-03-23,3469.35009765625,3500.293345941826,3451.1684672257425,3464.866220953105,9331
2023-03-24,3471.96142578125,3494.5285313501645,3462.895271140439,3470.2861973025206,5759
2023-03-27,3435.598388671875,3473.735522029764,3419.584714279539,3471.912330555228,12489
2023-03-28,3392.43505859375,3442.348349639585,3358.4367987472765,3424.462404825935,15221
2023-03-29,3451.6611328125,3473.735269209188,3358.4368219758617,3390.02076098129,14183
2023-03-31,3416.7265625,3451.1191503277423,3401.107216050064,3451.06982936808,13126
2023-04-03,3475.804931640625,3489.5026855398787,3427.4682253114515,3448.1134980807783,6465
2023-04-05,3555.72509765625,3587.013350352423,3472.897407361444,3476.790154105908,14037
2023-04-06,3598.346435546875,3602.633269162279,3523.402392554851,3547.6447277639268,6682
2023-04-10,3553.8037109375,3614.6063495341787,3543.7027783795493,3606.772015814558,6287
2023-04-11,3582.036865234375,3601.844643366883,3549.615432396036,3565.7768278566587,68569
2023-04-12,3676.98583984375,3716.108428333257,3583.1703966510395,3600.8592988379396,24444
2023-04-13,3695.561767578125,3732.9104853320973,3654.2216609403845,3680.730594115805,9992
2023-04-17,3654.3203125,3714.975228880499,3602.830192813322,3695.6601786567494,11080
2023-04-18,3721.232666015625,3762.424809114532,3652.3000097337813,3675.655288195851,15099
2023-04-19,3711.1318359375,3753.4080789373365,3695.36452641925,3744.7360105842895,8937
2023-04-20,3709.55517578125,3838.0093286115343,3687.5794404579465,3730.643855607712,7317
2023-04-21,3742.814453125,3756.46288620132,3702.9527714915503,3720.000982596771,7422
2023-04-24,3725.6181640625,3774.299634919173,3719.1140527898065,3774.299634919173,4314
2023-04-25,3714.3837890625,3763.459586700722,3705.3176344578987,3725.0267708113984,4864
2023-04-26,3707.73193359375,3733.8465391075406,3701.819192722703,3705.317612522748,4280
2023-04-27,3694.72412109375,3715.9114435191727,3685.953651302503,3696.4486705934937,3197
2023-04-28,3697.089111328125,3725.076230345257,3689.0577342013194,3695.463203754494,5771
2023-05-02,3708.9638671875,3720.641626998292,3678.6117483435,3685.362223945527,7973
2023-05-03,3733.55078125,3744.73581208263,3706.302997169151,3709.2593675471107,8733
2023-05-04,3739.118896484375,3753.605063760769,3726.012272533334,3743.750495465257,5177
2023-05-05,3730.643798828125,3768.3375218240544,3720.0994590753767,3744.7358793341537,6355
2023-05-08,3711.870849609375,3744.7359309233652,3697.4340033748595,3720.05018936598,5591
2023-05-09,3729.412109375,3745.622826359121,3705.4163795504955,3705.4163795504955,4331
2023-05-10,3706.894287109375,3734.8811631779145,3693.4919787838585,3734.8811631779145,4016
2023-05-11,3737.04931640625,3763.4596073830876,3710.2942598953573,3715.172223051647,5114
2023-05-12,3717.340087890625,3753.6049462003293,3636.335587156528,3739.8085510187057,6102
2023-05-15,3763.509033203125,3795.339337593834,3683.5390654271287,3720.099610818478,17871
2023-05-16,3761.833740234375,3833.427082964257,3732.9598068899254,3793.0233527839137,34187
2023-05-17,3762.227783203125,3772.2793946722218,3745.721381430182,3761.833696710237,3686
2023-05-18,3764.346435546875,3788.3917264690067,3746.7068545874395,3772.0823678714023,6592
2023-05-19,3768.879638671875,3784.1542195058178,3724.090673957452,3746.7068600419584,8955
2023-05-22,3784.843994140625,3802.8285812656854,3754.6398385748294,3763.2625858265706,4909
2023-05-23,3782.4296875,3842.296190076858,3769.3723844688334,3803.863373607764,6479
2023-05-24,3764.051025390625,3801.8431506808206,3757.0541856220375,3794.008816956025,4730
2023-05-25,3764.888427734375,3774.102545158791,3744.7358840552965,3764.050933798546,3535
2023-05-26,3750.15576171875,3782.084465030677,3665.8992073561294,3761.8335207523896,23476
2023-05-29,3749.909423828125,3774.200837295117,3729.953923970686,3759.517627463188,5290
2023-05-30,3745.42578125,3776.270628604787,3728.2296074292954,3776.270628604787,18984
2023-05-31,3745.42578125,3769.3724306924087,3665.8994620067347,3665.8994620067347,8303
2023-06-01,3754.8369140625,3792.284273877309,3739.710055374973,3745.425753148927,36599
2023-06-02,3794.698486328125,3845.2524687482305,3749.663158274479,3772.3286648816575,22885
2023-06-05,3926.89794921875,3964.493032999864,3818.5467726606144,3825.4449708288967,46434
2023-06-06,3898.0732421875,3942.566523072449,3871.2686231885386,3926.897855272514,9437
2023-06-07,3910.686767578125,3954.687559162598,3874.175784688727,3899.058569516695,8807
2023-06-08,3909.65234375,3941.82741377895,3897.4818553739365,3897.4818553739365,9584
2023-06-09,3892.061767578125,3929.262763077827,3879.8912794369053,3909.652268308705,3395
2023-06-12,3838.05859375,3901.374193857844,3824.5578835570755,3892.55440351725,8525
2023-06-13,3798.640380859375,3881.6651184891116,3795.4376461733614,3858.2605188605507,9768
2023-06-14,3794.60009765625,3878.5609699457113,3785.928029590052,3878.5609699457113,22430
2023-06-15,3786.81494140625,3826.5289000761704,3774.2996876878015,3814.8020599457445,7340
2023-06-16,3800.0693359375,3814.0136947191995,3749.7126352559208,3782.1833903458037,14012
2023-06-19,3786.81494140625,3842.296209476433,3774.2996876878015,3820.369794841693,34926
2023-06-20,3743.7998046875,3817.6104247534663,3735.8668291164736,3786.814898926537,29216
2023-06-21,3739.069580078125,3775.383760527329,3725.026820239919,3775.383760527329,12023
2023-06-22,3753.851318359375,3779.22683097938,3744.686521994142,3758.679960447166,9860
2023-06-23,3692.70361328125,3763.4594584980155,3669.9397059224393,3754.5410264838556,78245
2023-06-26,3703.642578125,3718.1287459001064,3692.7039107043793,3695.413917078942,41970
2023-06-27,3739.512939453125,3774.2996132493854,3700.3903518933266,3723.1545006270103,28380
2023-06-28,3775.531494140625,3789.0815256040987,3734.881399750204,3759.2221354247617,7275
2023-06-30,3722.21826171875,3803.8634583496596,3715.665069872381,3794.008889804712,123435
2023-07-03,3738.724609375,3756.315110206596,3717.1432008130855,3734.8814239346752,70664
2023-07-04,3730.74267578125,3782.1341554426963,3726.012434675552,3755.8225050667015,102204
2023-07-05,3739.907470703125,3764.395929615278,3730.9397169330055,3750.3531691910057,12842
2023-07-06,3726.65283203125,3769.4711249973134,3717.1432695844796,3734.8814930342464,18756
2023-07-07,3745.080810546875,3764.444940246947,3726.652576089867,3726.652576089867,41453
2023-07-10,3737.7392578125,3754.5906664886684,3720.0996761141005,3754.5906664886684,26561
2023-07-11,3736.408935546875,3756.4137575475465,3722.2675336351804,3738.921898610736,48318
2023-07-12,3754.04833984375,3778.9311239191507,3741.1880805501396,3741.1880805501396,14279
2023-07-13,3731.0380859375,3784.1047902524037,3725.0267032227384,3750.6485800173923,10492
2023-07-14,3732.91064453125,3754.590695793047,3723.0560757758876,3750.648868290902,7900
2023-07-17,3809.77587890625,3841.3104955966273,3727.1452323737317,3744.6864110257607,20361
2023-07-18,3804.99658203125,3841.163040536054,3794.008834499822,3823.5725397037168,22781
2023-07-19,3809.677490234375,3833.42709624404,3796.029057394836,3807.016804892267,6413
2023-07-20,3841.2119140625,3853.136037421994,3803.4691115899604,3818.6450498747386,14037
2023-07-21,3831.111083984375,3841.261337279359,3796.0289657849694,3841.2120163206855,10404
2023-07-24,3799.8720703125,3878.215885303676,3785.6815887387925,3857.964700103044,12912
2023-07-25,3794.205810546875,3828.4997560939883,3786.617841130283,3803.8633355271027,6941
2023-07-26,3794.4521484375,3814.210605713123,3760.552530208582,3800.9562596580686,7219
2023-07-27,3838.453125,3878.2654860467346,3790.9048313392823,3795.1421033800075,17698
2023-07-28,3920.196533203125,3939.807027596485,3843.281580631705,3843.281580631705,27101
2023-07-31,3935.668212890625,4010.7599751819466,3921.182045614708,3930.0018361208918,35862
2023-08-01,3964.985595703125,3981.245633562974,3935.865297963386,3935.914618923395,14278
2023-08-02,3954.342529296875,3973.361894020687,3912.263571245567,3961.5364121932444,18963
2023-08-03,3933.056884765625,3969.5678681636527,3912.2636492351817,3961.536491165096,11662
2023-08-04,3906.400146484375,3960.797314705672,3883.7346396763314,3951.6818391415673,7494
2023-08-07,3883.586669921875,3938.1811218820685,3858.605483990407,3907.3855963821998,10762
2023-08-08,3887.627197265625,3959.565545909577,3846.632096870861,3915.219988526319,19858
2023-08-09,3974.19970703125,3996.027479766086,3877.7233381965552,3887.6272275406186,66439
2023-08-10,3980.8515625,4074.174036900961,3942.812832092827,4002.8270576449736,37017
2023-08-11,3941.73486328125,4021.0119215617315,3926.12801758779,4009.083085206048,15037
2023-08-14,3822.098388671875,3883.1344122102496,3788.9463106927283,3883.034908165832,35763
2023-08-16,3840.836669921875,3882.5378438493726,3805.0999139871383,3822.098359650834,10205
2023-08-17,3824.136474609375,3889.69532434129,3817.227738569015,3875.7783482110904,15978
2023-08-18,3889.645751953125,3936.4662895593065,3819.215816101719,3855.002325570658,26376
2023-08-21,3867.6767578125,3914.6465520184092,3848.093632893782,3891.2361616057924,14688
2023-08-22,3881.29541015625,3901.723591127336,3857.238971839961,3881.84219703242,10464
2023-08-23,3874.38671875,3894.91416131167,3849.2864584168537,3892.876512547775,17328
2023-08-24,3832.0390625,3877.3687363953777,3825.1800788743526,3858.9784475546357,32888
2023-08-25,3820.309326171875,3847.0497037799455,3807.286916143977,3832.1386584164575,6307
2023-08-28,3817.426513671875,3837.1091427874285,3806.2929812779958,3837.059390762562,7006
2023-08-29,3816.432373046875,3858.4318181948183,3809.374623738285,3846.9502645329744,6186
2023-08-30,3817.3271484375,3829.3054941569353,3808.38052114596,3816.4323400926673,8584
2023-08-31,3795.90478515625,3836.959911046764,3778.5085659393194,3821.800348586296,9024
2023-09-01,3792.922607421875,3830.150468314507,3777.5642794394216,3806.4915614458464,15069
2023-09-04,3834.971923828125,3852.0201222598453,3792.922726600122,3827.1683795355884,21502
2023-09-05,3844.266357421875,3881.8422412276327,3798.4893984585947,3852.02014974573,128806
2023-09-06,3826.8701171875,3896.7035143722824,3813.102397308387,3847.049780855613,22285
2023-09-07,3827.267822265625,3857.6862092570923,3806.988654911851,3832.5361974845214,199480
2023-09-08,3824.73291015625,3919.467800792291,3819.0667614235012,3838.6996379337347,20739
2023-09-11,3823.390869140625,3876.7723640161807,3819.2158248981927,3827.1683825762734,33702
2023-09-12,3818.91748046875,3866.9808470691273,3782.4351713753836,3864.7939422891513,33305
2023-09-13,3826.770751953125,3847.0496764261607,3812.8040243567402,3827.0687787040392,55192
2023-09-14,3826.373046875,3857.7857465228008,3822.1980026668234,3827.019337796721,12977
2023-09-15,3881.891845703125,3891.7827904634455,3822.1979129838946,3845.0615155843184,31182
2023-09-18,3890.391357421875,3914.596809514031,3871.4045286724863,3881.892012768242,41603
2023-09-20,3867.080078125,3896.454885780103,3837.108974276101,3890.3912063328034,54435
2023-09-21,3809.175537109375,3886.8124767528348,3779.4529505407363,3886.8124767528348,42121
2023-09-22,3835.071044921875,3841.7810152120182,3799.3840407521557,3812.5057118921,8581
2023-09-25,3815.636962890625,3855.051971320943,3802.3165262548496,3835.0710736744863,6108
2023-09-26,3835.766845703125,3852.9642995803633,3817.2275433833406,3817.2275433833406,11228
2023-09-27,3833.82861328125,3843.520792982223,3820.6571895850557,3830.0510998335926,6098
2023-09-28,3826.522216796875,3843.023627856313,3802.068005610855,3833.8284833234934,9667
2023-09-29,3836.760986328125,3881.842143898404,3808.131973377554,3827.1185588626345,21912
2023-10-03,3889.6953125,3892.7770257108555,3827.168424153931,3851.026097447358,15738
2023-10-04,3893.37353515625,3909.1791465164115,3862.0603391955974,3906.69397223382,17232
2023-10-05,3936.71484375,3943.3750623136903,3887.7071581754753,3903.761529716731,23696
2023-10-06,3965.443603515625,3971.3085177663697,3925.5813108033526,3943.7230831310712,15424
2023-10-09,3937.41064453125,3966.3381703697137,3915.044075901346,3960.3737520684062,9805
2023-10-10,3935.12451171875,3971.3085526431832,3915.640648025407,3937.410677932737,24153
2023-10-11,3957.490966796875,3999.2418940602515,3917.6286748801986,3946.4566960858638,91288
2023-10-12,3944.021240234375,4016.0415406109805,3930.551547419757,4016.0415406109805,10042
2023-10-13,3952.5205078125,3978.5153325785795,3927.569262044592,3927.569262044592,9885
2023-10-16,3916.33642578125,3986.1698235833587,3902.767471185791,3955.4034143002073,11317
2023-10-17,3943.722900390625,3966.3379853950705,3930.601229278252,3955.9002538545574,7478
2023-10-18,3948.79296875,4006.1009913128755,3936.764628001691,3943.8226201255425,116240
2023-10-19,3931.794189453125,3965.1452764990236,3906.693929473682,3946.456717559928,10603
2023-10-20,3931.595458984375,3952.520674939247,3904.705824763571,3952.520674939247,5300
2023-10-23,3905.451416015625,4027.2249568268026,3891.782957353146,3901.723654562222,12777
2023-10-25,3962.958251953125,4026.0816761327833,3815.2394015988866,3887.806487663691,20597
2023-10-26,3910.421630859375,3975.0859125310517,3909.0795397049365,3971.308399182257,34360
2023-10-27,3913.205078125,3939.001137985361,3862.109750555393,3911.7139735932706,12196
2023-10-30,3920.71044921875,3951.576119630316,3825.1802527930304,3827.2181442417327,26622
2023-10-31,3911.067626953125,3951.4269527806555,3891.9317857352567,3951.4269527806555,6147
2023-11-01,3860.22119140625,3924.2391834880978,3837.5066015141856,3911.664298766135,15275
2023-11-02,3870.26123046875,3886.8123933274146,3860.966582016286,3860.966582016286,5888
2023-11-03,3863.103759765625,3904.5566592529876,3854.853175640122,3890.589931819214,4218
2023-11-06,3889.148681640625,3927.768143808067,3831.641652510648,3900.72949654995,15837
2023-11-07,3861.264892578125,3886.81243472304,3856.9903444310476,3886.81243472304,4258
2023-11-08,3921.853515625,4027.2249046767074,3827.1683759346683,3876.9216133603786,26667
2023-11-09,3867.974853515625,3926.5254602364935,3851.2246824317845,3921.853381307301,8116
2023-11-10,3866.6328125,3888.3035802124386,3853.3621277958923,3888.3035802124386,6662
2023-11-13,3888.104736328125,3916.634487226982,3872.994925931188,3896.7530938908044,4580
2023-11-15,3895.21240234375,3906.5449426410155,3873.342868747708,3895.21240234375,8451
2023-11-16,3944.219970703125,3988.555575484447,3894.7650041496677,3895.2122869668688,20878
2023-11-17,3962.31201171875,3971.308390905041,3923.642798055891,3964.349903111215,8335
2023-11-20,3963.25634765625,3993.0784383387354,3951.4767674523455,3976.22900564169,8846
2023-11-21,4012.363525390625,4070.7153674675346,3956.844636305433,3958.5842582573423,30630
2023-11-22,4070.71533203125,4106.452331115038,4011.0711513421475,4013.009538675985,64593
2023-11-23,4105.85595703125,4139.306305966563,4025.982358108689,4095.567238372296,25157
2023-11-24,4048.150146484375,4113.41096885033,4030.9526918867173,4076.729408080536,15876
2023-11-28,4036.569091796875,4069.6716618503415,4006.1009521042697,4048.150149594197,11863
2023-11-29,4012.71142578125,4053.5180361999182,3999.4407406758733,4049.8400267858256,11436
2023-11-30,4060.575927734375,4065.7450415958892,4000.1861939258297,4013.059347902837,11369
2023-12-01,4077.077392578125,4099.046430144195,4060.774746486974,4060.824498510803,12531
2023-12-04,4026.976318359375,4116.442590552005,3943.47446431292,4097.55526642245,19824
2023-12-05,4007.989501953125,4047.752289711058,4001.1305181420003,4045.764150323161,10572
2023-12-06,4016.09130859375,4033.9348110305477,3968.226707297658,4008.039247009646,110510
2023-12-07,4019.520751953125,4034.928831996472,3986.7164525059993,4025.9822048745286,10944
2023-12-08,4056.40087890625,4066.7888586405215,4025.9822492790236,4025.9822492790236,16224
2023-12-11,4065.1484375,4071.7093944412068,4036.519424974569,4071.7093944412068,11556
2023-12-12,4071.0634765625,4080.65615216953,4020.9124656294653,4074.4927258244375,16762
2023-12-13,4073.300048828125,4096.859209191974,4026.6780348658253,4090.596764314573,11264
2023-12-14,4134.2861328125,4150.6882819097145,4069.224080572654,4075.6855332473147,80631
2023-12-15,4174.74462890625,4190.053204880493,4100.537424471418,4135.379372554207,22885
2023-12-18,4212.4697265625,4240.651698756642,4125.041105016999,4174.744588468545,20521
2023-12-19,4215.20361328125,4234.736986104825,4161.722371380301,4210.531291466283,33297
2023-12-20,4214.85546875,4229.21996986731,4176.0867509949885,4215.949042481746,25530
2023-12-21,4195.669921875,4214.855271764418,4135.329700599052,4214.855271764418,10446
2023-12-22,4195.27197265625,4239.906088493508,4157.3983070928325,4237.718941097333,10803
2023-12-26,4206.75390625,4224.7961740101255,4178.7709416098505,4224.7961740101255,8034
2023-12-27,4236.42724609375,4261.577016604792,4186.22672373813,4206.803676323814,16121
2023-12-28,4237.22216796875,4285.4345492347875,4219.925451973107,4270.5235034824045,15417
2023-12-29,4243.6337890625,4276.487596550765,4204.914582382552,4264.558760856064,68213
2024-01-01,4242.1923828125,4271.517438534344,4210.233139501235,4271.517438534344,10807
2024-01-02,4265.205078125,4274.499726933941,4230.01510768271,4249.697493666446,13380
2024-01-03,4350.0986328125,4362.972029925855,4266.298749016698,4274.49982426092,21230
2024-01-04,4369.48291015625,4379.6226153304915,4350.745084471884,4350.745084471884,19550
2024-01-05,4372.11767578125,4398.758550361398,4357.305648512223,4364.512654046714,14310
2024-01-08,4368.48876953125,4393.340511823893,4325.4457460346275,4384.841410114046,18559
2024-01-09,4351.9375,4373.857027398358,4329.222911021924,4373.857027398358,11658
2024-01-10,4374.9501953125,4389.960744641001,4324.203132020836,4351.937579169783,15592
2024-01-11,4307.65185546875,4390.109642481392,4294.132411024326,4386.680393387943,15966
2024-01-12,4321.9169921875,4335.286938307744,4300.09696830333,4329.223016112057,10102
2024-01-15,4334.83984375,4348.855837916662,4314.361911283685,4333.547261935835,14053
2024-01-16,4243.53466796875,4339.2138795710125,4205.063975227415,4317.145337390065,22956
2024-01-17,4227.72900390625,4302.333742133505,4177.627501779945,4243.534615354989,15084
2024-01-18,4225.29345703125,4239.707468353907,4165.201746707719,4186.02770204884,16087
2024-01-19,4256.208984375,4269.429917416448,4243.53459552199,4269.429917416448,55932
2024-01-23,4163.85986328125,4230.661054554096,4120.518328150813,4202.380063385977,12155
2024-01-24,4204.56689453125,4227.281484712588,4128.570555661196,4174.049245355634,10799
2024-01-25,4264.111328125,4275.493619918866,4162.169678353939,4204.9146738565,12725
2024-01-29,4317.94091796875,4361.232460933118,4265.553248587158,4265.553248587158,21935
2024-01-30,4316.44970703125,4344.084650930987,4292.442535125518,4321.469564933576,7581
2024-01-31,4297.36328125,4336.778047485757,4274.499678319454,4315.952578656464,7185
2024-02-01,4551.05029296875,4670.139654062849,4299.89818401339,4299.89818401339,249930
2024-02-02,4632.3154296875,4684.951130628043,4542.948172705648,4619.293019155194,50537
2024-02-05,4678.291015625,4770.540489617565,4626.946927318868,4721.781564993778,41680
2024-02-06,4740.76806640625,4811.098500021887,4676.750072672814,4720.837162412176,32514
2024-02-07,4566.70654296875,4775.361669090878,4547.868728616206,4761.842224536345,31059
2024-02-08,4488.57275390625,4609.501236829188,4473.313686808572,4609.501236829188,10495
2024-02-09,4334.93896484375,4528.335516711473,4308.994133914966,4522.023077022989,128731
2024-02-12,4334.83984375,4544.837063457181,4306.607876555454,4334.143800820405,35414
2024-02-13,4303.1787109375,4393.738557537628,4279.470051553863,4375.596785542075,9513
2024-02-14,4479.27783203125,4498.0656512935475,4293.635325344202,4324.202967007532,30478
2024-02-15,4511.68505859375,4585.047211894648,4483.2545667033855,4557.8097978569895,16879
2024-02-16,4561.0400390625,4595.583959153476,4454.923104682306,4530.9694323646,16335
2024-02-19,4578.0390625,4667.157315439742,4523.812268274551,4561.0403732835775,18292
2024-02-20,4583.95361328125,4610.495469582511,4572.024776361243,4578.734747128747,19933
2024-02-21,4483.80078125,4621.380412665393,4449.455868111283,4600.504949477204,17736
2024-02-22,4451.49365234375,4528.63355859858,4404.772376166528,4528.63355859858,34710
2024-02-23,4432.2587890625,4473.313673736106,4418.639839945998,4473.313673736106,12587
2024-02-26,4374.10546875,4471.325286380569,4358.299373004137,4471.12627829631,12626
2024-02-27,4358.20068359375,4436.582693121199,4325.79391347349,4374.105799197744,11326
2024-02-28,4533.703125,4579.927363406512,4350.744801332323,4358.200323655954,46747
2024-02-29,4577.59130859375,4649.263828600543,4533.703229910183,4557.809419314408,36397
2024-03-01,4562.73046875,4570.732535777362,4518.543875897346,4543.892653553354,9560
2024-03-04,4564.51953125,4610.246737312503,4472.91610574756,4522.96761206918,15716
2024-03-05,4603.984375,4651.848734692945,4552.988307396792,4564.519613166181,19456
2024-03-06,4517.30126953125,4612.483444050174,4493.1950791178415,4603.984342202984,13852
2024-03-07,4500.203125,4572.720705119121,4473.512741366648,4562.680503885107,34399
2024-03-11,4378.33056640625,4522.917715750681,4294.480688562074,4498.1159675020435,84424
2024-03-12,4288.3173828125,4434.694153000438,4260.582933959277,4421.6222329096745,19239
2024-03-13,4241.6953125,4362.971813115187,4175.192148174199,4288.76460879129,38858
2024-03-14,4228.275390625,4273.505561137152,4185.0333594760195,4236.973500338875,11311
2024-03-15,4350.1484375,4376.789310854125,4196.067636612098,4259.638101618045,8982
2024-03-18,4312.82080078125,4372.614480130588,4274.450099577205,4354.025183025992,5202
2024-03-19,4321.51904296875,4353.975807209892,4264.559042913446,4264.559042913446,12124
2024-03-20,4340.05859375,4373.906471265451,4259.836978634153,4321.518806421292,8388
2024-03-21,4320.873046875,4423.560740075754,4274.499791562265,4340.0588836824445,7866
2024-03-22,4323.109375,4337.622888870401,4286.925337058234,4333.79562366629,14023
2024-03-26,4246.81494140625,4321.618689319098,3926.575471837207,3926.575471837207,27759
2024-03-27,4179.4169921875,4970.3484428156335,4056.8481510491074,4254.618267050182,102860
2024-03-28,4170.07275390625,4647.226195229977,4150.240869847,4354.025152079009,179513
2024-04-01,4421.97021484375,4453.432424965322,4175.09289840499,4175.09289840499,28241
2024-04-02,4331.8076171875,4421.770922671178,4290.404712348648,4373.906564952283,35586
2024-04-03,4336.87744140625,4379.32441035804,4309.093000048464,4358.697464759695,28100
2024-04-04,4301.88623046875,4343.687153502265,4282.551865610891,4315.25666238135,83880
2024-04-05,4310.68359375,4387.574979334974,4308.297923633594,4314.262341617397,31872
2024-04-08,4270.37451171875,4358.995730345227,4238.464776570002,4358.995730345227,35902
2024-04-09,4202.47900390625,4298.3572169255285,4190.152637179046,4274.499545046201,11429
2024-04-10,4164.15771484375,4236.6752891120495,4149.246670269232,4216.843405673714,21125
2024-04-12,4132.69580078125,4208.841637549215,4116.4426639659405,4145.320194851113,68878
2024-04-15,4083.4892578125,4132.695707282758,4075.5862096524347,4125.389198011572,13909
2024-04-16,4089.95068359375,4117.337109114199,4060.7746414185585,4087.067978599848,14524
2024-04-18,4088.956787109375,4123.550219272641,4050.834116202471,4123.550219272641,57239
2024-04-19,4105.70703125,4124.395348193861,4050.933691539596,4088.9568590663293,12557
2024-04-22,4118.77880859375,4165.400580673262,4073.747159733491,4115.548082053046,17885
2024-04-23,4127.029296875,4165.151966244594,4107.49592470708,4164.157896562913,7554
2024-04-24,4124.09716796875,4159.1876343047015,4088.6086854434125,4155.211355495615,15946
2024-04-25,4118.6298828125,4135.280550722576,4070.715527866277,4121.413083890986,12362
2024-04-26,4168.830078125,4190.202575562912,4104.961103223333,4132.34752787908,10907
2024-04-29,4175.29150390625,4228.126208294143,4116.442386953747,4185.033192242278,31628
2024-04-30,4231.95361328125,4248.156754824605,4175.440655197516,4176.086703408953,25386
2024-05-02,4251.63623046875,4300.693668666665,4207.102100768657,4264.161606129905,64280
2024-05-03,4185.92822265625,4289.4109809422,4170.12261067266,4264.509727802682,10857
2024-05-06,4245.22412109375,4252.630134439565,4150.29046568492,4252.630134439565,15129
2024-05-07,4237.271484375,4273.505518057776,4186.027386960059,4244.677497582392,10886
2024-05-08,4253.8232421875,4262.57086136816,4180.162580551757,4237.27159342152,11603
2024-05-09,4279.27099609375,4334.044332945692,4216.9431179261655,4262.521310169812,14337
2024-05-10,4312.771484375,4344.084680585168,4197.807418223363,4272.511660676213,13575
2024-05-13,4334.09423828125,4354.025140948024,4280.414476269562,4304.272148274757,39325
2024-05-14,4301.787109375,4389.712282944224,4276.288833309204,4334.094374564586,22763
2024-05-15,4288.56591796875,4321.618737180014,4226.784580038955,4301.339811342558,16958
2024-05-16,4309.7890625,4323.855051280196,4262.570753084996,4288.56557792793,14010
2024-05-17,4374.453125,4383.797768276608,4284.440309860073,4331.161584700775,26090
2024-05-21,4356.56005859375,4498.165484406262,4305.315958665972,4473.313741398493,46829
2024-05-22,4468.2939453125,4474.307873049379,4357.007644429111,4421.920203909641,45306
2024-05-23,4547.6201171875,4652.245947524455,4453.432018143068,4468.343062846672,36048
2024-05-24,4476.892578125,4560.245422900823,4461.384993103933,4548.962634274741,31737
2024-05-27,4524.60791015625,4557.760232948767,4441.503583099908,4476.8925627997605,18901
2024-05-28,4548.31640625,4562.779926241035,4486.087545908678,4547.819371399647,12722
2024-05-29,4594.88818359375,4609.4516930181235,4512.131881006831,4545.88074150132,16328
2024-05-30,4549.85693359375,4595.484634911204,4478.830460674982,4594.888096025007,34624
2024-05-31,4582.41259765625,4600.554368881853,4502.439499660934,4506.415778285725,19566
2024-06-03,4720.98583984375,4796.3366114807695,4668.996190657392,4781.723593290082,49037
2024-06-04,4666.1630859375,4791.415865832712,4448.461825643441,4720.985931806581,57373
2024-06-05,4835.453125,4894.7992811947215,4652.2462705100115,4657.216619089616,42540
2024-06-06,4868.5556640625,4929.64095344028,4830.6815129380675,4861.000637569122,23257
2024-06-07,4897.53271484375,4988.390585014155,4835.254347500109,4867.959142353447,77963
2024-06-10,4898.775390625,4955.38785314289,4845.642171992497,4897.532803523076,53385
2024-06-11,4898.52685546875,4930.536093252652,4847.083749635356,4898.775372888235,19697
2024-06-12,4873.67529296875,4922.682735741409,4822.033177144073,4898.52703583229,37228
2024-06-13,4840.42333984375,4899.421472930721,4825.214267764612,4895.693711599012,7243
2024-06-14,4800.4619140625,4870.891846871618,4781.574590436416,4846.089614587345,9661
2024-06-18,4734.90283203125,4800.461920651265,4706.919868013418,4771.733404384012,27387
2024-06-19,4810.849609375,4865.970965952532,4719.395201026147,4768.552139667886,28411
2024-06-20,4758.11474609375,4864.87773764725,4751.653292871227,4854.987035099521,19203
2024-06-21,4584.69873046875,4841.069681251653,4536.585856534763,4767.409023184401,279258
2024-06-24,4580.17626953125,4656.222603686245,4552.6903386425465,4587.58228315549,23555
2024-06-25,4578.0390625,4646.281851409021,4557.909150756091,4620.4360387995575,17769
2024-06-26,4582.2138671875,4637.335227117446,4572.720695549893,4582.6613927141325,7355
2024-06-27,4498.3642578125,4627.245293249592,4474.3075776818405,4588.029050675109,39570
2024-06-28,4501.6943359375,4595.5844172227635,4482.260466635829,4541.904651155268,33030
2024-07-01,4575.0068359375,4606.270522496926,4517.003256619826,4541.904508721544,15259
2024-07-02,4553.0380859375,4618.447675914821,4537.928032834946,4601.548491564724,8284
2024-07-03,4561.537109375,4610.495039669027,4521.525805936733,4591.607716306865,12675
2024-07-04,4592.80078125,4631.967028299022,4552.838987251339,4591.607703518326,12961
2024-07-05,4598.91455078125,4613.825596596106,4565.3147029804095,4597.5724595807915,7561
2024-07-08,4561.78564453125,4608.258400879438,4547.918178696652,4597.920173549684,7177
2024-07-09,4683.75830078125,4721.830975333388,4557.809478295491,4561.785757011562,30704
2024-07-10,4989.03662109375,5020.051788675042,4713.480802261586,4713.530311590412,229239
2024-07-11,4921.8876953125,5003.003881445415,4878.894179973491,4999.971677571648,31982
2024-07-12,4827.64990234375,4965.378062660303,4800.362495412734,4921.887514063428,28498
2024-07-15,4910.95263671875,5002.109018674632,4803.493609419622,4841.168752448097,217710
2024-07-16,4975.0703125,5005.140920812728,4913.288977952787,4913.288977952787,30341
2024-07-18,5053.89990234375,5139.340387859012,4983.470451874703,4990.180422400438,60913
2024-07-19,5029.3466796875,5087.549266999622,5003.202355107458,5069.706006953079,17009
2024-07-22,4981.482421875,5069.755619687072,4940.576064203743,4942.614198380277,12540
2024-07-23,5160.61328125,5198.984468284244,4950.46704628213,4981.48221470223,56381
2024-07-24,5269.71240234375,5312.30838533245,5111.555818719778,5169.162350997144,37538
2024-07-25,5253.80712890625,5353.065080824654,5180.146470549821,5266.630530351445,29244
2024-07-26,5212.25537109375,5296.403272709359,5198.98444374436,5263.54946382999,11444
2024-07-29,5335.91748046875,5403.762735564832,5218.865776621664,5228.806473339039,25170
2024-07-30,5548.59912109375,5615.3008106464285,5471.558718198967,5565.796333005054,182732
2024-07-31,5617.2890625,5641.345744233178,5489.799619029004,5547.9031891745135,38553
2024-08-01,5606.90087890625,5636.3749471169685,5529.06493364329,5596.661670222471,22928
2024-08-02,5624.744140625,5640.301719050508,5518.925716970734,5560.925159938485,11383
2024-08-05,5534.53271484375,5631.70303066571,5481.648496594519,5566.790471641703,27800
2024-08-06,5758.54638671875,6052.841018699612,5514.104739528681,5534.5326781304,151715
2024-08-07,5778.72607421875,5986.28762983357,5651.634168195398,5782.055819347666,95300
2024-08-08,5805.91357421875,5964.269168170195,5771.469156297431,5778.726156316337,48288
2024-08-09,5816.5009765625,5915.162396895768,5798.408713389964,5805.913745669133,17822
2024-08-12,5792.69287109375,5893.143423796774,5721.417876843847,5816.501035433364,35506
2024-08-13,5753.4765625,5838.519518739101,5722.9089184440345,5773.606474439295,35602
2024-08-14,5737.2734375,5812.12669389479,5721.417831177667,5740.752681549424,10499
2024-08-16,5816.25244140625,5913.024740656192,5725.891115254301,5725.891115254301,31119
2024-08-19,5823.45947265625,5935.540834448456,5811.331627824712,5865.011393117654,76638
2024-08-20,5866.89990234375,5887.328326038909,5785.4856904775515,5860.040918447623,14500
2024-08-21,5975.39990234375,6073.75,5870.25,5870.25,52016
2024-08-22,5921.4501953125,6030.0,5904.0,5975.39990234375,106527
2024-08-23,5855.2998046875,5995.0,5824.64990234375,5880.0,21015
2024-08-26,5783.0,5899.9501953125,5725.0,5855.2998046875,19022
2024-08-27,5867.2001953125,6020.0,5771.0,5771.0,186784
2024-08-28,5959.0,6000.0498046875,5840.7001953125,5906.7001953125,123474
2024-08-29,5956.64990234375,6004.9501953125,5932.85009765625,6000.0,37321
2024-08-30,6065.0498046875,6100.0,5920.0498046875,5920.0498046875,36735
2024-09-02,6318.2998046875,6451.14990234375,6080.0,6100.0,100866
2024-09-03,6130.0,6373.89990234375,6100.0,6341.0498046875,43086
2024-09-04,6159.0498046875,6200.0,6050.0498046875,6060.0,205379
2024-09-05,6147.75,6270.39990234375,6100.0498046875,6228.0,123739
2024-09-06,6164.2001953125,6300.0,6130.0,6174.4501953125,156724
2024-09-09,6146.2998046875,6326.14990234375,6122.0498046875,6183.7998046875,33557
2024-09-10,6127.5,6290.2998046875,6098.0,6172.0,24602
2024-09-11,6119.89990234375,6240.0,6100.0498046875,6160.0,20959
2024-09-12,6114.75,6257.89990234375,6095.0,6124.89990234375,20006
2024-09-13,6093.5498046875,6179.89990234375,6077.0,6155.14990234375,29865
2024-09-16,5941.75,6149.85009765625,5925.0,6095.89990234375,19194
2024-09-17,5922.7001953125,6027.5,5907.7998046875,5941.75,14226
2024-09-18,5830.14990234375,5983.7001953125,5806.0,5971.2998046875,10692
2024-09-19,5667.2998046875,5870.0,5642.0,5810.0,18102
2024-09-20,5456.89990234375,5748.0,5397.60009765625,5666.0,223043
2024-09-23,5548.5,5578.85009765625,5448.0498046875,5527.89990234375,23195
2024-09-24,5474.5,5569.25,5431.0,5569.0,31950
2024-09-25,5427.5498046875,5518.89990234375,5409.0,5518.89990234375,14591
2024-09-26,5416.14990234375,5499.0,5380.0,5450.0,19393
2024-09-27,5829.85009765625,5885.60009765625,5417.0498046875,5478.9501953125,95880
2024-09-30,5722.0498046875,5799.7001953125,5553.0,5775.0,67362
2024-10-01,5562.5,5827.85009765625,5536.0,5768.0498046875,40228
2024-10-03,5484.75,5640.0,5424.60009765625,5564.0,61903
2024-10-04,5616.39990234375,5766.0,5560.0,5570.0,186588
2024-10-07,5651.75,5696.14990234375,5500.10009765625,5600.0,41805
2024-10-08,5621.64990234375,5780.0,5611.2001953125,5680.0,141209
2024-10-09,5705.89990234375,5776.89990234375,5656.5498046875,5673.14990234375,38139
2024-10-10,5743.2998046875,5839.85009765625,5710.0,5756.0,19166
2024-10-11,5758.75,5849.4501953125,5656.0498046875,5787.60009765625,17768
2024-10-14,5850.60009765625,5939.0,5758.75,5758.75,49017
2024-10-15,5763.9501953125,6020.0,5745.14990234375,5850.60009765625,47640
2024-10-16,5688.9501953125,5933.89990234375,5650.0,5800.39990234375,33123
2024-10-17,5788.39990234375,5929.0,5729.9501953125,5738.0498046875,52826
2024-10-18,5673.0,5798.60009765625,5612.5,5730.0,26145
2024-10-21,5597.85009765625,5768.9501953125,5581.35009765625,5764.7001953125,17767
2024-10-22,5503.60009765625,5604.2001953125,5420.0498046875,5600.0,33311
2024-10-23,5501.5,5554.35009765625,5366.0,5501.9501953125,17577
2024-10-24,5360.7001953125,5512.25,5225.0,5512.25,15422
2024-10-25,5303.39990234375,5399.0,5229.7998046875,5399.0,24382
2024-10-28,5268.5498046875,5328.0,5187.35009765625,5250.0,24309
2024-10-29,5196.39990234375,5343.0,5162.0,5332.2998046875,20558
2024-10-30,5097.5498046875,5288.0,5085.0,5249.0,25032
2024-10-31,5097.89990234375,5153.64990234375,5052.7001953125,5097.89990234375,20877
2024-11-01,5159.39990234375,5180.0,5104.0,5120.0,4214
2024-11-04,5188.25,5209.0,5036.64990234375,5159.39990234375,61077
2024-11-05,5252.4501953125,5272.0,5161.10009765625,5188.85009765625,12943
2024-11-06,5319.25,5345.0,5281.7001953125,5299.0,15365
2024-11-07,5347.2001953125,5387.85009765625,5297.35009765625,5345.0,14209
2024-11-08,5286.85009765625,5385.0,5264.0498046875,5385.0,8574
2024-11-11,5203.2998046875,5315.0,5192.5,5300.0,17013
2024-11-12,5285.2998046875,5390.0,5218.4501953125,5218.4501953125,16852
2024-11-13,5208.10009765625,5285.2998046875,5128.5,5285.2998046875,26794
2024-11-14,5206.9501953125,5299.0,5180.0,5205.0,17568
2024-11-18,5185.7998046875,5222.2001953125,5112.7998046875,5222.2001953125,14307
2024-11-19,5178.5498046875,5298.9501953125,5135.0,5185.7998046875,18280
2024-11-21,5131.2998046875,5210.64990234375,5100.0,5188.64990234375,10111
2024-11-22,5225.64990234375,5269.25,5131.35009765625,5161.0,12148
2024-11-25,5258.7998046875,5344.10009765625,5225.0,5310.0,14028
2024-11-26,5263.5,5291.4501953125,5208.9501953125,5274.2001953125,9658
2024-11-27,5312.4501953125,5329.0,5225.0,5225.0,27760
2024-11-28,5305.7001953125,5448.0,5258.5498046875,5324.89990234375,12454
2024-11-29,5313.25,5337.0,5281.2001953125,5305.0498046875,4521
2024-12-02,5340.9501953125,5350.0,5282.10009765625,5314.0,9519
2024-12-03,5370.35009765625,5417.89990234375,5340.0,5390.0,15159
2024-12-04,5361.14990234375,5408.0,5301.0,5400.0,11993
2024-12-05,5288.25,5389.89990234375,5280.0,5389.89990234375,25847
2024-12-06,5232.89990234375,5277.0,5182.2998046875,5270.0,34940
2024-12-09,5057.2001953125,5278.0,5049.14990234375,5278.0,39660
2024-12-10,5052.35009765625,5128.75,5040.0,5091.0498046875,22390
2024-12-11,5076.2998046875,5125.0,5045.0,5050.0,10703
2024-12-12,5082.7001953125,5158.0,5060.0,5096.0,13883
2024-12-13,5024.0498046875,5098.0,4984.5,5083.0,12669
2024-12-16,4998.39990234375,5033.2001953125,4900.0498046875,4900.0498046875,12132
2024-12-17,5021.10009765625,5046.7001953125,4972.0,5016.10009765625,17077
2024-12-18,5049.4501953125,5289.9501953125,4960.0,5065.0,94119
2024-12-19,5012.39990234375,5029.9501953125,4975.0,4975.0,9336
2024-12-20,4669.9501953125,5055.5,4601.0,5012.39990234375,337182
2024-12-23,4832.60009765625,4865.0,4695.0498046875,4697.9501953125,41161
2024-12-24,4803.85009765625,4876.10009765625,4774.0498046875,4807.0,21473
2024-12-26,4875.2001953125,4897.0,4775.0498046875,4800.0,14059
2024-12-27,4873.9501953125,4929.5,4808.9501953125,4887.39990234375,8556
2024-12-30,5365.75,5469.0,4780.0,4830.0,307747
2024-12-31,5281.5,5299.0,5180.0,5290.0498046875,37760
2025-01-01,5307.4501953125,5353.0,5173.25,5270.0,30466
2025-01-02,5324.14990234375,5353.0,5230.10009765625,5350.0,27605
2025-01-03,5223.35009765625,5340.0,5204.9501953125,5324.14990234375,39037
2025-01-06,5128.7001953125,5274.75,5108.0,5224.0,28328
2025-01-07,5347.7998046875,5496.9501953125,5091.2998046875,5133.0,117953
2025-01-08,5381.85009765625,5544.0,5265.2001953125,5360.0,78281
2025-01-09,5330.0498046875,5407.14990234375,5300.0,5398.10009765625,18611
2025-01-10,5254.4501953125,5371.89990234375,5200.0,5371.89990234375,12922
2025-01-13,5090.5,5291.60009765625,5061.5498046875,5254.4501953125,17531
2025-01-14,5087.2998046875,5224.9501953125,4987.2998046875,5155.0,24081
2025-01-15,4961.5498046875,5107.14990234375,4941.9501953125,5097.7998046875,47397
2025-01-16,4959.75,5029.4501953125,4930.39990234375,4962.0,10776
2025-01-17,4958.10009765625,5000.9501953125,4921.0,4965.0,8842
2025-01-20,4933.9501953125,4999.4501953125,4907.39990234375,4999.0,23364
2025-01-21,4944.5,4984.0498046875,4900.0498046875,4921.0,12861
2025-01-22,4792.5,4985.0,4763.14990234375,4934.10009765625,19095
2025-01-23,4784.64990234375,4827.9501953125,4770.0,4800.0,14793
2025-01-24,4713.9501953125,4811.10009765625,4700.0,4811.10009765625,18427
2025-01-27,4591.4501953125,4687.10009765625,4540.10009765625,4676.0498046875,13643
2025-01-28,4423.2998046875,4658.5,4413.0498046875,4599.89990234375,22013
2025-01-29,4486.60009765625,4521.25,4425.0498046875,4429.89990234375,13923
2025-01-30,4519.14990234375,4573.5,4494.60009765625,4550.0,10750
2025-01-31,4538.2001953125,4562.85009765625,4450.0498046875,4450.0498046875,13735
2025-02-01,4562.85009765625,4594.89990234375,4461.0,4466.0498046875,12138
2025-02-03,4504.14990234375,4575.0,4376.0498046875,4575.0,24868
2025-02-04,4425.7998046875,4516.39990234375,4411.25,4514.89990234375,16429
2025-02-05,4377.0,4469.0,4351.0,4469.0,39060
2025-02-06,4414.9501953125,4445.9501953125,4370.75,4399.0,26813
2025-02-07,4357.89990234375,4459.7998046875,4329.35009765625,4459.7998046875,17807
2025-02-10,4248.10009765625,4347.0,4230.10009765625,4301.0,16807
2025-02-11,4111.14990234375,4278.75,4060.0,4278.75,21760
2025-02-12,4120.5498046875,4143.85009765625,4010.550048828125,4126.39990234375,20677
2025-02-13,4169.0498046875,4425.4501953125,4089.0,4110.0,116608
2025-02-14,4178.25,4248.7998046875,4062.0,4199.0,23705
2025-02-17,4152.5,4193.35009765625,4050.050048828125,4178.25,27337
2025-02-18,4124.9501953125,4152.7998046875,4070.5,4129.5,18080
2025-02-19,4130.64990234375,4188.0,4075.0,4139.0,13696
2025-02-20,4110.0498046875,4151.39990234375,4070.0,4151.35009765625,203656
2025-02-21,4095.10009765625,4179.5,4080.39990234375,4137.0,16716
2025-02-24,4192.75,4470.0,4095.0,4095.10009765625,1098565
2025-02-25,4125.14990234375,4215.89990234375,4106.0498046875,4189.60009765625,46306
2025-02-27,4050.10009765625,4140.0,4011.89990234375,4118.7001953125,33270
2025-02-28,4050.75,4088.800048828125,3910.0,4000.25,52535
2025-03-03,3940.85009765625,4130.0,3871.10009765625,4130.0,59107
2025-03-04,3986.14990234375,4004.0,3865.0,3910.050048828125,31580
2025-03-05,4072.449951171875,4082.39990234375,3960.199951171875,3970.0,23220
2025-03-06,4111.14990234375,4139.0498046875,4067.800048828125,4125.0,15514
2025-03-07,4138.39990234375,4163.35009765625,4097.7001953125,4111.14990234375,17450
2025-03-10,4148.35009765625,4196.0,4090.5,4138.39990234375,30435
2025-03-11,4091.949951171875,4141.0498046875,4008.14990234375,4053.64990234375,43080
2025-03-12,4075.550048828125,4098.0,4026.0,4055.25,24063
2025-03-13,4065.35009765625,4097.64990234375,4035.14990234375,4082.0,36328
2025-03-17,4093.699951171875,4128.0,4050.949951171875,4085.64990234375,12510
2025-03-18,4093.699951171875,4093.699951171875,4093.699951171875,4093.699951171875,0
2025-03-19,4068.14990234375,4124.0,4060.0,4086.14990234375,23066
2025-03-20,4115.35009765625,4165.7998046875,4065.050048828125,4072.10009765625,30633
